#domain
hospital
#levelname
CBSquad
#colors
red: 0, 7, A, H, O, V
orange: 1, 8, B, I, P, W
green: 2, 9, C, J, Q, X
blue: 3, D, K, R, Y
cyan: 4, E, L, S, Z
purple: 5, F, M, T
pink: 6, G, N, U
#initial
+++++++++++++++++++++++++++++++++++++++++++++
+THE QUICK BROWN FOX JUMPS OVER THE LAZY DOG+
+                                           +
+   0   1   2   3   4   5   6   7   8   9   +
+                                           +
+                                           +
+++++++++++++++++++++++++++++++++++++++++++++
#goal
+++++++++++++++++++++++++++++++++++++++++++++
+                                           +
+                                           +
+                                           +
+                                           +
+ABCDEEEFGHHIJKLMNOOOOPQRRSTTUUVWXZY        +
+++++++++++++++++++++++++++++++++++++++++++++
#end
#clientname
SearchClient
#actions
154000834:NoOp@NoOp|NoOp@NoOp|NoOp@NoOp|NoOp@NoOp|NoOp@NoOp|NoOp@NoOp|NoOp@NoOp|Move(N)@Move(N)|NoOp@NoOp|NoOp@NoOp
154064125:NoOp@NoOp|NoOp@NoOp|NoOp@NoOp|NoOp@NoOp|NoOp@NoOp|NoOp@NoOp|NoOp@NoOp|Move(E)@Move(E)|NoOp@NoOp|NoOp@NoOp
154100542:NoOp@NoOp|NoOp@NoOp|NoOp@NoOp|NoOp@NoOp|NoOp@NoOp|NoOp@NoOp|NoOp@NoOp|Move(E)@Move(E)|NoOp@NoOp|NoOp@NoOp
154131334:NoOp@NoOp|NoOp@NoOp|NoOp@NoOp|NoOp@NoOp|NoOp@NoOp|NoOp@NoOp|NoOp@NoOp|Move(E)@Move(E)|NoOp@NoOp|NoOp@NoOp
154148459:NoOp@NoOp|NoOp@NoOp|NoOp@NoOp|NoOp@NoOp|NoOp@NoOp|NoOp@NoOp|NoOp@NoOp|Move(E)@Move(E)|NoOp@NoOp|NoOp@NoOp
154167459:NoOp@NoOp|NoOp@NoOp|NoOp@NoOp|NoOp@NoOp|NoOp@NoOp|NoOp@NoOp|NoOp@NoOp|Move(E)@Move(E)|NoOp@NoOp|NoOp@NoOp
154184459:NoOp@NoOp|NoOp@NoOp|NoOp@NoOp|NoOp@NoOp|NoOp@NoOp|NoOp@NoOp|NoOp@NoOp|Pull(S,S)@Pull(S,S)|NoOp@NoOp|NoOp@NoOp
154203709:NoOp@NoOp|NoOp@NoOp|NoOp@NoOp|NoOp@NoOp|NoOp@NoOp|NoOp@NoOp|NoOp@NoOp|Push(N,W)@Push(N,W)|NoOp@NoOp|NoOp@NoOp
154219125:NoOp@NoOp|NoOp@NoOp|NoOp@NoOp|NoOp@NoOp|NoOp@NoOp|NoOp@NoOp|NoOp@NoOp|Push(W,W)@Push(W,W)|NoOp@NoOp|NoOp@NoOp
154234250:NoOp@NoOp|NoOp@NoOp|NoOp@NoOp|NoOp@NoOp|NoOp@NoOp|NoOp@NoOp|NoOp@NoOp|Push(W,S)@Push(W,S)|NoOp@NoOp|NoOp@NoOp
154249209:NoOp@NoOp|NoOp@NoOp|NoOp@NoOp|NoOp@NoOp|NoOp@NoOp|NoOp@NoOp|NoOp@NoOp|Push(S,S)@Push(S,S)|NoOp@NoOp|NoOp@NoOp
154263959:NoOp@NoOp|NoOp@NoOp|NoOp@NoOp|NoOp@NoOp|NoOp@NoOp|NoOp@NoOp|NoOp@NoOp|Push(S,S)@Push(S,S)|NoOp@NoOp|NoOp@NoOp
154278042:NoOp@NoOp|NoOp@NoOp|NoOp@NoOp|NoOp@NoOp|NoOp@NoOp|NoOp@NoOp|NoOp@NoOp|Push(S,W)@Push(S,W)|NoOp@NoOp|NoOp@NoOp
154291875:NoOp@NoOp|NoOp@NoOp|NoOp@NoOp|NoOp@NoOp|NoOp@NoOp|NoOp@NoOp|NoOp@NoOp|Push(W,W)@Push(W,W)|NoOp@NoOp|NoOp@NoOp
154305209:NoOp@NoOp|NoOp@NoOp|NoOp@NoOp|NoOp@NoOp|NoOp@NoOp|NoOp@NoOp|NoOp@NoOp|Push(W,W)@Push(W,W)|NoOp@NoOp|NoOp@NoOp
154319042:NoOp@NoOp|NoOp@NoOp|NoOp@NoOp|NoOp@NoOp|NoOp@NoOp|NoOp@NoOp|NoOp@NoOp|Push(W,W)@Push(W,W)|NoOp@NoOp|NoOp@NoOp
154342167:NoOp@NoOp|NoOp@NoOp|NoOp@NoOp|NoOp@NoOp|NoOp@NoOp|NoOp@NoOp|NoOp@NoOp|Push(W,W)@Push(W,W)|NoOp@NoOp|NoOp@NoOp
154355834:NoOp@NoOp|NoOp@NoOp|NoOp@NoOp|NoOp@NoOp|NoOp@NoOp|NoOp@NoOp|NoOp@NoOp|Push(W,W)@Push(W,W)|NoOp@NoOp|NoOp@NoOp
154368875:NoOp@NoOp|NoOp@NoOp|NoOp@NoOp|NoOp@NoOp|NoOp@NoOp|NoOp@NoOp|NoOp@NoOp|Push(W,W)@Push(W,W)|NoOp@NoOp|NoOp@NoOp
154382250:NoOp@NoOp|NoOp@NoOp|NoOp@NoOp|NoOp@NoOp|NoOp@NoOp|NoOp@NoOp|NoOp@NoOp|Push(W,W)@Push(W,W)|NoOp@NoOp|NoOp@NoOp
154395459:NoOp@NoOp|NoOp@NoOp|NoOp@NoOp|NoOp@NoOp|NoOp@NoOp|NoOp@NoOp|NoOp@NoOp|Push(W,W)@Push(W,W)|NoOp@NoOp|NoOp@NoOp
154408584:NoOp@NoOp|NoOp@NoOp|NoOp@NoOp|NoOp@NoOp|NoOp@NoOp|NoOp@NoOp|NoOp@NoOp|Push(W,W)@Push(W,W)|NoOp@NoOp|NoOp@NoOp
154431417:NoOp@NoOp|NoOp@NoOp|NoOp@NoOp|NoOp@NoOp|NoOp@NoOp|NoOp@NoOp|NoOp@NoOp|Push(W,W)@Push(W,W)|NoOp@NoOp|NoOp@NoOp
154453750:NoOp@NoOp|NoOp@NoOp|NoOp@NoOp|NoOp@NoOp|NoOp@NoOp|NoOp@NoOp|NoOp@NoOp|Push(W,W)@Push(W,W)|NoOp@NoOp|NoOp@NoOp
154467209:NoOp@NoOp|NoOp@NoOp|NoOp@NoOp|NoOp@NoOp|NoOp@NoOp|NoOp@NoOp|NoOp@NoOp|Push(W,W)@Push(W,W)|NoOp@NoOp|NoOp@NoOp
154481209:NoOp@NoOp|NoOp@NoOp|NoOp@NoOp|NoOp@NoOp|NoOp@NoOp|NoOp@NoOp|NoOp@NoOp|Push(W,W)@Push(W,W)|NoOp@NoOp|NoOp@NoOp
154497584:NoOp@NoOp|NoOp@NoOp|NoOp@NoOp|NoOp@NoOp|NoOp@NoOp|NoOp@NoOp|NoOp@NoOp|Push(W,W)@Push(W,W)|NoOp@NoOp|NoOp@NoOp
154511375:NoOp@NoOp|NoOp@NoOp|NoOp@NoOp|NoOp@NoOp|NoOp@NoOp|NoOp@NoOp|NoOp@NoOp|Push(W,W)@Push(W,W)|NoOp@NoOp|NoOp@NoOp
154524625:NoOp@NoOp|NoOp@NoOp|NoOp@NoOp|NoOp@NoOp|NoOp@NoOp|NoOp@NoOp|NoOp@NoOp|Push(W,W)@Push(W,W)|NoOp@NoOp|NoOp@NoOp
154537834:NoOp@NoOp|NoOp@NoOp|NoOp@NoOp|NoOp@NoOp|NoOp@NoOp|NoOp@NoOp|NoOp@NoOp|Push(W,W)@Push(W,W)|NoOp@NoOp|NoOp@NoOp
154550292:NoOp@NoOp|NoOp@NoOp|NoOp@NoOp|NoOp@NoOp|NoOp@NoOp|NoOp@NoOp|NoOp@NoOp|Push(W,W)@Push(W,W)|NoOp@NoOp|NoOp@NoOp
154564209:NoOp@NoOp|NoOp@NoOp|NoOp@NoOp|NoOp@NoOp|NoOp@NoOp|NoOp@NoOp|NoOp@NoOp|Push(W,W)@Push(W,W)|NoOp@NoOp|NoOp@NoOp
154576750:NoOp@NoOp|NoOp@NoOp|NoOp@NoOp|NoOp@NoOp|NoOp@NoOp|NoOp@NoOp|NoOp@NoOp|Push(W,W)@Push(W,W)|NoOp@NoOp|NoOp@NoOp
154592292:NoOp@NoOp|NoOp@NoOp|NoOp@NoOp|NoOp@NoOp|NoOp@NoOp|NoOp@NoOp|NoOp@NoOp|Push(W,W)@Push(W,W)|NoOp@NoOp|NoOp@NoOp
154606292:NoOp@NoOp|NoOp@NoOp|NoOp@NoOp|NoOp@NoOp|NoOp@NoOp|NoOp@NoOp|NoOp@NoOp|Push(W,W)@Push(W,W)|NoOp@NoOp|NoOp@NoOp
154618625:NoOp@NoOp|NoOp@NoOp|NoOp@NoOp|NoOp@NoOp|NoOp@NoOp|NoOp@NoOp|NoOp@NoOp|Push(W,W)@Push(W,W)|NoOp@NoOp|NoOp@NoOp
154631125:NoOp@NoOp|NoOp@NoOp|NoOp@NoOp|NoOp@NoOp|NoOp@NoOp|NoOp@NoOp|NoOp@NoOp|Push(W,W)@Push(W,W)|NoOp@NoOp|NoOp@NoOp
154643250:NoOp@NoOp|NoOp@NoOp|NoOp@NoOp|NoOp@NoOp|NoOp@NoOp|NoOp@NoOp|NoOp@NoOp|Push(W,W)@Push(W,W)|NoOp@NoOp|NoOp@NoOp
154655042:NoOp@NoOp|NoOp@NoOp|NoOp@NoOp|NoOp@NoOp|NoOp@NoOp|NoOp@NoOp|NoOp@NoOp|Push(W,W)@Push(W,W)|NoOp@NoOp|NoOp@NoOp
154667209:NoOp@NoOp|NoOp@NoOp|NoOp@NoOp|NoOp@NoOp|NoOp@NoOp|NoOp@NoOp|NoOp@NoOp|Push(W,W)@Push(W,W)|NoOp@NoOp|NoOp@NoOp
154679209:NoOp@NoOp|NoOp@NoOp|NoOp@NoOp|NoOp@NoOp|NoOp@NoOp|NoOp@NoOp|NoOp@NoOp|Push(W,W)@Push(W,W)|NoOp@NoOp|NoOp@NoOp
154691667:NoOp@NoOp|NoOp@NoOp|NoOp@NoOp|NoOp@NoOp|NoOp@NoOp|NoOp@NoOp|NoOp@NoOp|Push(W,W)@Push(W,W)|NoOp@NoOp|NoOp@NoOp
154706084:NoOp@NoOp|NoOp@NoOp|NoOp@NoOp|NoOp@NoOp|NoOp@NoOp|NoOp@NoOp|NoOp@NoOp|Push(W,W)@Push(W,W)|NoOp@NoOp|NoOp@NoOp
154719917:NoOp@NoOp|NoOp@NoOp|NoOp@NoOp|NoOp@NoOp|NoOp@NoOp|NoOp@NoOp|NoOp@NoOp|Push(W,W)@Push(W,W)|NoOp@NoOp|NoOp@NoOp
154732209:NoOp@NoOp|NoOp@NoOp|NoOp@NoOp|NoOp@NoOp|NoOp@NoOp|NoOp@NoOp|NoOp@NoOp|Push(W,W)@Push(W,W)|NoOp@NoOp|NoOp@NoOp
154744250:NoOp@NoOp|NoOp@NoOp|NoOp@NoOp|NoOp@NoOp|NoOp@NoOp|NoOp@NoOp|NoOp@NoOp|Push(W,W)@Push(W,W)|NoOp@NoOp|NoOp@NoOp
154756542:NoOp@NoOp|NoOp@NoOp|NoOp@NoOp|NoOp@NoOp|NoOp@NoOp|NoOp@NoOp|NoOp@NoOp|Move(N)@Move(N)|NoOp@NoOp|NoOp@NoOp
154768584:NoOp@NoOp|NoOp@NoOp|NoOp@NoOp|NoOp@NoOp|NoOp@NoOp|NoOp@NoOp|NoOp@NoOp|Move(N)@Move(N)|NoOp@NoOp|NoOp@NoOp
154781334:NoOp@NoOp|Move(N)@Move(N)|NoOp@NoOp|NoOp@NoOp|NoOp@NoOp|NoOp@NoOp|NoOp@NoOp|NoOp@NoOp|NoOp@NoOp|NoOp@NoOp
154793500:NoOp@NoOp|Move(E)@Move(E)|NoOp@NoOp|NoOp@NoOp|NoOp@NoOp|NoOp@NoOp|NoOp@NoOp|NoOp@NoOp|NoOp@NoOp|NoOp@NoOp
154805125:NoOp@NoOp|Move(E)@Move(E)|NoOp@NoOp|NoOp@NoOp|NoOp@NoOp|NoOp@NoOp|NoOp@NoOp|NoOp@NoOp|NoOp@NoOp|NoOp@NoOp
154817667:NoOp@NoOp|Move(N)@Move(N)|NoOp@NoOp|NoOp@NoOp|NoOp@NoOp|NoOp@NoOp|NoOp@NoOp|NoOp@NoOp|NoOp@NoOp|NoOp@NoOp
154830667:NoOp@NoOp|Push(E,S)@Push(E,S)|NoOp@NoOp|NoOp@NoOp|NoOp@NoOp|NoOp@NoOp|NoOp@NoOp|NoOp@NoOp|NoOp@NoOp|NoOp@NoOp
154844584:NoOp@NoOp|Push(S,S)@Push(S,S)|NoOp@NoOp|NoOp@NoOp|NoOp@NoOp|NoOp@NoOp|NoOp@NoOp|NoOp@NoOp|NoOp@NoOp|NoOp@NoOp
154857209:NoOp@NoOp|Push(S,S)@Push(S,S)|NoOp@NoOp|NoOp@NoOp|NoOp@NoOp|NoOp@NoOp|NoOp@NoOp|NoOp@NoOp|NoOp@NoOp|NoOp@NoOp
154874542:NoOp@NoOp|Push(S,S)@Push(S,S)|NoOp@NoOp|NoOp@NoOp|NoOp@NoOp|NoOp@NoOp|NoOp@NoOp|NoOp@NoOp|NoOp@NoOp|NoOp@NoOp
154892042:NoOp@NoOp|Push(S,W)@Push(S,W)|NoOp@NoOp|NoOp@NoOp|NoOp@NoOp|NoOp@NoOp|NoOp@NoOp|NoOp@NoOp|NoOp@NoOp|NoOp@NoOp
154905750:NoOp@NoOp|Push(W,W)@Push(W,W)|NoOp@NoOp|NoOp@NoOp|NoOp@NoOp|NoOp@NoOp|NoOp@NoOp|NoOp@NoOp|NoOp@NoOp|NoOp@NoOp
154918917:NoOp@NoOp|Push(W,W)@Push(W,W)|NoOp@NoOp|NoOp@NoOp|NoOp@NoOp|NoOp@NoOp|NoOp@NoOp|NoOp@NoOp|NoOp@NoOp|NoOp@NoOp
154931709:NoOp@NoOp|Push(W,W)@Push(W,W)|NoOp@NoOp|NoOp@NoOp|NoOp@NoOp|NoOp@NoOp|NoOp@NoOp|NoOp@NoOp|NoOp@NoOp|NoOp@NoOp
154944292:NoOp@NoOp|Push(W,W)@Push(W,W)|NoOp@NoOp|NoOp@NoOp|NoOp@NoOp|NoOp@NoOp|NoOp@NoOp|NoOp@NoOp|NoOp@NoOp|NoOp@NoOp
154961709:NoOp@NoOp|Push(W,W)@Push(W,W)|NoOp@NoOp|NoOp@NoOp|NoOp@NoOp|NoOp@NoOp|NoOp@NoOp|NoOp@NoOp|NoOp@NoOp|NoOp@NoOp
154975542:NoOp@NoOp|Push(W,W)@Push(W,W)|NoOp@NoOp|NoOp@NoOp|NoOp@NoOp|NoOp@NoOp|NoOp@NoOp|NoOp@NoOp|NoOp@NoOp|NoOp@NoOp
154988250:NoOp@NoOp|Push(W,W)@Push(W,W)|NoOp@NoOp|NoOp@NoOp|NoOp@NoOp|NoOp@NoOp|NoOp@NoOp|NoOp@NoOp|NoOp@NoOp|NoOp@NoOp
155000500:NoOp@NoOp|Push(W,W)@Push(W,W)|NoOp@NoOp|NoOp@NoOp|NoOp@NoOp|NoOp@NoOp|NoOp@NoOp|NoOp@NoOp|NoOp@NoOp|NoOp@NoOp
155013584:NoOp@NoOp|Move(N)@Move(N)|NoOp@NoOp|NoOp@NoOp|NoOp@NoOp|NoOp@NoOp|NoOp@NoOp|NoOp@NoOp|NoOp@NoOp|NoOp@NoOp
155025917:NoOp@NoOp|Move(N)@Move(N)|NoOp@NoOp|NoOp@NoOp|NoOp@NoOp|NoOp@NoOp|NoOp@NoOp|NoOp@NoOp|NoOp@NoOp|NoOp@NoOp
155038792:NoOp@NoOp|NoOp@NoOp|Move(N)@Move(N)|NoOp@NoOp|NoOp@NoOp|NoOp@NoOp|NoOp@NoOp|NoOp@NoOp|NoOp@NoOp|NoOp@NoOp
155052209:NoOp@NoOp|NoOp@NoOp|Move(W)@Move(W)|NoOp@NoOp|NoOp@NoOp|NoOp@NoOp|NoOp@NoOp|NoOp@NoOp|NoOp@NoOp|NoOp@NoOp
155065167:NoOp@NoOp|NoOp@NoOp|Move(W)@Move(W)|NoOp@NoOp|NoOp@NoOp|NoOp@NoOp|NoOp@NoOp|NoOp@NoOp|NoOp@NoOp|NoOp@NoOp
155077334:NoOp@NoOp|NoOp@NoOp|Move(W)@Move(W)|NoOp@NoOp|NoOp@NoOp|NoOp@NoOp|NoOp@NoOp|NoOp@NoOp|NoOp@NoOp|NoOp@NoOp
155094459:NoOp@NoOp|NoOp@NoOp|Move(W)@Move(W)|NoOp@NoOp|NoOp@NoOp|NoOp@NoOp|NoOp@NoOp|NoOp@NoOp|NoOp@NoOp|NoOp@NoOp
155108834:NoOp@NoOp|NoOp@NoOp|Pull(S,S)@Pull(S,S)|NoOp@NoOp|NoOp@NoOp|NoOp@NoOp|NoOp@NoOp|NoOp@NoOp|NoOp@NoOp|NoOp@NoOp
155121834:NoOp@NoOp|NoOp@NoOp|Push(N,W)@Push(N,W)|NoOp@NoOp|NoOp@NoOp|NoOp@NoOp|NoOp@NoOp|NoOp@NoOp|NoOp@NoOp|NoOp@NoOp
155134375:NoOp@NoOp|NoOp@NoOp|Push(W,S)@Push(W,S)|NoOp@NoOp|NoOp@NoOp|NoOp@NoOp|NoOp@NoOp|NoOp@NoOp|NoOp@NoOp|NoOp@NoOp
155147084:NoOp@NoOp|NoOp@NoOp|Push(S,S)@Push(S,S)|NoOp@NoOp|NoOp@NoOp|NoOp@NoOp|NoOp@NoOp|NoOp@NoOp|NoOp@NoOp|NoOp@NoOp
155160334:NoOp@NoOp|NoOp@NoOp|Push(S,S)@Push(S,S)|NoOp@NoOp|NoOp@NoOp|NoOp@NoOp|NoOp@NoOp|NoOp@NoOp|NoOp@NoOp|NoOp@NoOp
155172584:NoOp@NoOp|NoOp@NoOp|Push(S,W)@Push(S,W)|NoOp@NoOp|NoOp@NoOp|NoOp@NoOp|NoOp@NoOp|NoOp@NoOp|NoOp@NoOp|NoOp@NoOp
155185042:NoOp@NoOp|NoOp@NoOp|Push(W,W)@Push(W,W)|NoOp@NoOp|NoOp@NoOp|NoOp@NoOp|NoOp@NoOp|NoOp@NoOp|NoOp@NoOp|NoOp@NoOp
155202125:NoOp@NoOp|NoOp@NoOp|Push(W,W)@Push(W,W)|NoOp@NoOp|NoOp@NoOp|NoOp@NoOp|NoOp@NoOp|NoOp@NoOp|NoOp@NoOp|NoOp@NoOp
155219084:NoOp@NoOp|NoOp@NoOp|Push(W,W)@Push(W,W)|NoOp@NoOp|NoOp@NoOp|NoOp@NoOp|NoOp@NoOp|NoOp@NoOp|NoOp@NoOp|NoOp@NoOp
155234667:NoOp@NoOp|NoOp@NoOp|Move(N)@Move(N)|NoOp@NoOp|NoOp@NoOp|NoOp@NoOp|NoOp@NoOp|NoOp@NoOp|NoOp@NoOp|NoOp@NoOp
155244792:NoOp@NoOp|NoOp@NoOp|Move(E)@Move(E)|NoOp@NoOp|NoOp@NoOp|NoOp@NoOp|NoOp@NoOp|NoOp@NoOp|NoOp@NoOp|NoOp@NoOp
155256084:NoOp@NoOp|NoOp@NoOp|NoOp@NoOp|Move(N)@Move(N)|NoOp@NoOp|NoOp@NoOp|NoOp@NoOp|NoOp@NoOp|NoOp@NoOp|NoOp@NoOp
155273542:NoOp@NoOp|NoOp@NoOp|NoOp@NoOp|Move(E)@Move(E)|NoOp@NoOp|NoOp@NoOp|NoOp@NoOp|NoOp@NoOp|NoOp@NoOp|NoOp@NoOp
155287500:NoOp@NoOp|NoOp@NoOp|NoOp@NoOp|Move(E)@Move(E)|NoOp@NoOp|NoOp@NoOp|NoOp@NoOp|NoOp@NoOp|NoOp@NoOp|NoOp@NoOp
155303792:NoOp@NoOp|NoOp@NoOp|NoOp@NoOp|Move(E)@Move(E)|NoOp@NoOp|NoOp@NoOp|NoOp@NoOp|NoOp@NoOp|NoOp@NoOp|NoOp@NoOp
155318625:NoOp@NoOp|NoOp@NoOp|NoOp@NoOp|Move(E)@Move(E)|NoOp@NoOp|NoOp@NoOp|NoOp@NoOp|NoOp@NoOp|NoOp@NoOp|NoOp@NoOp
155333292:NoOp@NoOp|NoOp@NoOp|NoOp@NoOp|Move(E)@Move(E)|NoOp@NoOp|NoOp@NoOp|NoOp@NoOp|NoOp@NoOp|NoOp@NoOp|NoOp@NoOp
155348375:NoOp@NoOp|NoOp@NoOp|NoOp@NoOp|Move(E)@Move(E)|NoOp@NoOp|NoOp@NoOp|NoOp@NoOp|NoOp@NoOp|NoOp@NoOp|NoOp@NoOp
155361500:NoOp@NoOp|NoOp@NoOp|NoOp@NoOp|Move(E)@Move(E)|NoOp@NoOp|NoOp@NoOp|NoOp@NoOp|NoOp@NoOp|NoOp@NoOp|NoOp@NoOp
155377334:NoOp@NoOp|NoOp@NoOp|NoOp@NoOp|Move(E)@Move(E)|NoOp@NoOp|NoOp@NoOp|NoOp@NoOp|NoOp@NoOp|NoOp@NoOp|NoOp@NoOp
155391667:NoOp@NoOp|NoOp@NoOp|NoOp@NoOp|Move(E)@Move(E)|NoOp@NoOp|NoOp@NoOp|NoOp@NoOp|NoOp@NoOp|NoOp@NoOp|NoOp@NoOp
155405709:NoOp@NoOp|NoOp@NoOp|NoOp@NoOp|Move(E)@Move(E)|NoOp@NoOp|NoOp@NoOp|NoOp@NoOp|NoOp@NoOp|NoOp@NoOp|NoOp@NoOp
155416500:NoOp@NoOp|NoOp@NoOp|NoOp@NoOp|Move(E)@Move(E)|NoOp@NoOp|NoOp@NoOp|NoOp@NoOp|NoOp@NoOp|NoOp@NoOp|NoOp@NoOp
155437125:NoOp@NoOp|NoOp@NoOp|NoOp@NoOp|Move(E)@Move(E)|NoOp@NoOp|NoOp@NoOp|NoOp@NoOp|NoOp@NoOp|NoOp@NoOp|NoOp@NoOp
155453834:NoOp@NoOp|NoOp@NoOp|NoOp@NoOp|Move(E)@Move(E)|NoOp@NoOp|NoOp@NoOp|NoOp@NoOp|NoOp@NoOp|NoOp@NoOp|NoOp@NoOp
155465959:NoOp@NoOp|NoOp@NoOp|NoOp@NoOp|Move(E)@Move(E)|NoOp@NoOp|NoOp@NoOp|NoOp@NoOp|NoOp@NoOp|NoOp@NoOp|NoOp@NoOp
155476084:NoOp@NoOp|NoOp@NoOp|NoOp@NoOp|Move(E)@Move(E)|NoOp@NoOp|NoOp@NoOp|NoOp@NoOp|NoOp@NoOp|NoOp@NoOp|NoOp@NoOp
155486500:NoOp@NoOp|NoOp@NoOp|NoOp@NoOp|Move(E)@Move(E)|NoOp@NoOp|NoOp@NoOp|NoOp@NoOp|NoOp@NoOp|NoOp@NoOp|NoOp@NoOp
155499250:NoOp@NoOp|NoOp@NoOp|NoOp@NoOp|Move(E)@Move(E)|NoOp@NoOp|NoOp@NoOp|NoOp@NoOp|NoOp@NoOp|NoOp@NoOp|NoOp@NoOp
155509542:NoOp@NoOp|NoOp@NoOp|NoOp@NoOp|Move(E)@Move(E)|NoOp@NoOp|NoOp@NoOp|NoOp@NoOp|NoOp@NoOp|NoOp@NoOp|NoOp@NoOp
155520000:NoOp@NoOp|NoOp@NoOp|NoOp@NoOp|Move(E)@Move(E)|NoOp@NoOp|NoOp@NoOp|NoOp@NoOp|NoOp@NoOp|NoOp@NoOp|NoOp@NoOp
155529792:NoOp@NoOp|NoOp@NoOp|NoOp@NoOp|Move(E)@Move(E)|NoOp@NoOp|NoOp@NoOp|NoOp@NoOp|NoOp@NoOp|NoOp@NoOp|NoOp@NoOp
155540459:NoOp@NoOp|NoOp@NoOp|NoOp@NoOp|Move(E)@Move(E)|NoOp@NoOp|NoOp@NoOp|NoOp@NoOp|NoOp@NoOp|NoOp@NoOp|NoOp@NoOp
155550542:NoOp@NoOp|NoOp@NoOp|NoOp@NoOp|Move(E)@Move(E)|NoOp@NoOp|NoOp@NoOp|NoOp@NoOp|NoOp@NoOp|NoOp@NoOp|NoOp@NoOp
155565584:NoOp@NoOp|NoOp@NoOp|NoOp@NoOp|Move(E)@Move(E)|NoOp@NoOp|NoOp@NoOp|NoOp@NoOp|NoOp@NoOp|NoOp@NoOp|NoOp@NoOp
155575667:NoOp@NoOp|NoOp@NoOp|NoOp@NoOp|Move(E)@Move(E)|NoOp@NoOp|NoOp@NoOp|NoOp@NoOp|NoOp@NoOp|NoOp@NoOp|NoOp@NoOp
155588584:NoOp@NoOp|NoOp@NoOp|NoOp@NoOp|Move(N)@Move(N)|NoOp@NoOp|NoOp@NoOp|NoOp@NoOp|NoOp@NoOp|NoOp@NoOp|NoOp@NoOp
155602667:NoOp@NoOp|NoOp@NoOp|NoOp@NoOp|Push(E,S)@Push(E,S)|NoOp@NoOp|NoOp@NoOp|NoOp@NoOp|NoOp@NoOp|NoOp@NoOp|NoOp@NoOp
155621292:NoOp@NoOp|NoOp@NoOp|NoOp@NoOp|Push(S,S)@Push(S,S)|NoOp@NoOp|NoOp@NoOp|NoOp@NoOp|NoOp@NoOp|NoOp@NoOp|NoOp@NoOp
155632667:NoOp@NoOp|NoOp@NoOp|NoOp@NoOp|Push(S,S)@Push(S,S)|NoOp@NoOp|NoOp@NoOp|NoOp@NoOp|NoOp@NoOp|NoOp@NoOp|NoOp@NoOp
155644667:NoOp@NoOp|NoOp@NoOp|NoOp@NoOp|Push(S,S)@Push(S,S)|NoOp@NoOp|NoOp@NoOp|NoOp@NoOp|NoOp@NoOp|NoOp@NoOp|NoOp@NoOp
155662167:NoOp@NoOp|NoOp@NoOp|NoOp@NoOp|Push(S,W)@Push(S,W)|NoOp@NoOp|NoOp@NoOp|NoOp@NoOp|NoOp@NoOp|NoOp@NoOp|NoOp@NoOp
155678875:NoOp@NoOp|NoOp@NoOp|NoOp@NoOp|Push(W,W)@Push(W,W)|NoOp@NoOp|NoOp@NoOp|NoOp@NoOp|NoOp@NoOp|NoOp@NoOp|NoOp@NoOp
155690667:NoOp@NoOp|NoOp@NoOp|NoOp@NoOp|Push(W,W)@Push(W,W)|NoOp@NoOp|NoOp@NoOp|NoOp@NoOp|NoOp@NoOp|NoOp@NoOp|NoOp@NoOp
155702417:NoOp@NoOp|NoOp@NoOp|NoOp@NoOp|Push(W,W)@Push(W,W)|NoOp@NoOp|NoOp@NoOp|NoOp@NoOp|NoOp@NoOp|NoOp@NoOp|NoOp@NoOp
155713375:NoOp@NoOp|NoOp@NoOp|NoOp@NoOp|Push(W,W)@Push(W,W)|NoOp@NoOp|NoOp@NoOp|NoOp@NoOp|NoOp@NoOp|NoOp@NoOp|NoOp@NoOp
155727959:NoOp@NoOp|NoOp@NoOp|NoOp@NoOp|Push(W,W)@Push(W,W)|NoOp@NoOp|NoOp@NoOp|NoOp@NoOp|NoOp@NoOp|NoOp@NoOp|NoOp@NoOp
155738042:NoOp@NoOp|NoOp@NoOp|NoOp@NoOp|Push(W,W)@Push(W,W)|NoOp@NoOp|NoOp@NoOp|NoOp@NoOp|NoOp@NoOp|NoOp@NoOp|NoOp@NoOp
155747709:NoOp@NoOp|NoOp@NoOp|NoOp@NoOp|Push(W,W)@Push(W,W)|NoOp@NoOp|NoOp@NoOp|NoOp@NoOp|NoOp@NoOp|NoOp@NoOp|NoOp@NoOp
155757625:NoOp@NoOp|NoOp@NoOp|NoOp@NoOp|Push(W,W)@Push(W,W)|NoOp@NoOp|NoOp@NoOp|NoOp@NoOp|NoOp@NoOp|NoOp@NoOp|NoOp@NoOp
155775625:NoOp@NoOp|NoOp@NoOp|NoOp@NoOp|Push(W,W)@Push(W,W)|NoOp@NoOp|NoOp@NoOp|NoOp@NoOp|NoOp@NoOp|NoOp@NoOp|NoOp@NoOp
155847292:NoOp@NoOp|NoOp@NoOp|NoOp@NoOp|Push(W,W)@Push(W,W)|NoOp@NoOp|NoOp@NoOp|NoOp@NoOp|NoOp@NoOp|NoOp@NoOp|NoOp@NoOp
155856250:NoOp@NoOp|NoOp@NoOp|NoOp@NoOp|Push(W,W)@Push(W,W)|NoOp@NoOp|NoOp@NoOp|NoOp@NoOp|NoOp@NoOp|NoOp@NoOp|NoOp@NoOp
155866375:NoOp@NoOp|NoOp@NoOp|NoOp@NoOp|Push(W,W)@Push(W,W)|NoOp@NoOp|NoOp@NoOp|NoOp@NoOp|NoOp@NoOp|NoOp@NoOp|NoOp@NoOp
155876084:NoOp@NoOp|NoOp@NoOp|NoOp@NoOp|Push(W,W)@Push(W,W)|NoOp@NoOp|NoOp@NoOp|NoOp@NoOp|NoOp@NoOp|NoOp@NoOp|NoOp@NoOp
155887584:NoOp@NoOp|NoOp@NoOp|NoOp@NoOp|Push(W,W)@Push(W,W)|NoOp@NoOp|NoOp@NoOp|NoOp@NoOp|NoOp@NoOp|NoOp@NoOp|NoOp@NoOp
155900292:NoOp@NoOp|NoOp@NoOp|NoOp@NoOp|Push(W,W)@Push(W,W)|NoOp@NoOp|NoOp@NoOp|NoOp@NoOp|NoOp@NoOp|NoOp@NoOp|NoOp@NoOp
155910417:NoOp@NoOp|NoOp@NoOp|NoOp@NoOp|Push(W,W)@Push(W,W)|NoOp@NoOp|NoOp@NoOp|NoOp@NoOp|NoOp@NoOp|NoOp@NoOp|NoOp@NoOp
155921459:NoOp@NoOp|NoOp@NoOp|NoOp@NoOp|Push(W,W)@Push(W,W)|NoOp@NoOp|NoOp@NoOp|NoOp@NoOp|NoOp@NoOp|NoOp@NoOp|NoOp@NoOp
155931500:NoOp@NoOp|NoOp@NoOp|NoOp@NoOp|Push(W,W)@Push(W,W)|NoOp@NoOp|NoOp@NoOp|NoOp@NoOp|NoOp@NoOp|NoOp@NoOp|NoOp@NoOp
155941334:NoOp@NoOp|NoOp@NoOp|NoOp@NoOp|Push(W,W)@Push(W,W)|NoOp@NoOp|NoOp@NoOp|NoOp@NoOp|NoOp@NoOp|NoOp@NoOp|NoOp@NoOp
155951209:NoOp@NoOp|NoOp@NoOp|NoOp@NoOp|Push(W,W)@Push(W,W)|NoOp@NoOp|NoOp@NoOp|NoOp@NoOp|NoOp@NoOp|NoOp@NoOp|NoOp@NoOp
155961250:NoOp@NoOp|NoOp@NoOp|NoOp@NoOp|Push(W,W)@Push(W,W)|NoOp@NoOp|NoOp@NoOp|NoOp@NoOp|NoOp@NoOp|NoOp@NoOp|NoOp@NoOp
155971917:NoOp@NoOp|NoOp@NoOp|NoOp@NoOp|Push(W,W)@Push(W,W)|NoOp@NoOp|NoOp@NoOp|NoOp@NoOp|NoOp@NoOp|NoOp@NoOp|NoOp@NoOp
155982334:NoOp@NoOp|NoOp@NoOp|NoOp@NoOp|Push(W,W)@Push(W,W)|NoOp@NoOp|NoOp@NoOp|NoOp@NoOp|NoOp@NoOp|NoOp@NoOp|NoOp@NoOp
155992042:NoOp@NoOp|NoOp@NoOp|NoOp@NoOp|Push(W,W)@Push(W,W)|NoOp@NoOp|NoOp@NoOp|NoOp@NoOp|NoOp@NoOp|NoOp@NoOp|NoOp@NoOp
156001709:NoOp@NoOp|NoOp@NoOp|NoOp@NoOp|Push(W,W)@Push(W,W)|NoOp@NoOp|NoOp@NoOp|NoOp@NoOp|NoOp@NoOp|NoOp@NoOp|NoOp@NoOp
156011375:NoOp@NoOp|NoOp@NoOp|NoOp@NoOp|Push(W,W)@Push(W,W)|NoOp@NoOp|NoOp@NoOp|NoOp@NoOp|NoOp@NoOp|NoOp@NoOp|NoOp@NoOp
156020917:NoOp@NoOp|NoOp@NoOp|NoOp@NoOp|Push(W,W)@Push(W,W)|NoOp@NoOp|NoOp@NoOp|NoOp@NoOp|NoOp@NoOp|NoOp@NoOp|NoOp@NoOp
156030834:NoOp@NoOp|NoOp@NoOp|NoOp@NoOp|Push(W,W)@Push(W,W)|NoOp@NoOp|NoOp@NoOp|NoOp@NoOp|NoOp@NoOp|NoOp@NoOp|NoOp@NoOp
156041709:NoOp@NoOp|NoOp@NoOp|NoOp@NoOp|Push(W,W)@Push(W,W)|NoOp@NoOp|NoOp@NoOp|NoOp@NoOp|NoOp@NoOp|NoOp@NoOp|NoOp@NoOp
156051250:NoOp@NoOp|NoOp@NoOp|NoOp@NoOp|Push(W,W)@Push(W,W)|NoOp@NoOp|NoOp@NoOp|NoOp@NoOp|NoOp@NoOp|NoOp@NoOp|NoOp@NoOp
156061167:NoOp@NoOp|NoOp@NoOp|NoOp@NoOp|Push(W,W)@Push(W,W)|NoOp@NoOp|NoOp@NoOp|NoOp@NoOp|NoOp@NoOp|NoOp@NoOp|NoOp@NoOp
156071542:NoOp@NoOp|NoOp@NoOp|NoOp@NoOp|Push(W,W)@Push(W,W)|NoOp@NoOp|NoOp@NoOp|NoOp@NoOp|NoOp@NoOp|NoOp@NoOp|NoOp@NoOp
156081209:NoOp@NoOp|NoOp@NoOp|NoOp@NoOp|Push(W,W)@Push(W,W)|NoOp@NoOp|NoOp@NoOp|NoOp@NoOp|NoOp@NoOp|NoOp@NoOp|NoOp@NoOp
156094000:NoOp@NoOp|NoOp@NoOp|NoOp@NoOp|Push(W,W)@Push(W,W)|NoOp@NoOp|NoOp@NoOp|NoOp@NoOp|NoOp@NoOp|NoOp@NoOp|NoOp@NoOp
156106417:NoOp@NoOp|NoOp@NoOp|NoOp@NoOp|Push(W,W)@Push(W,W)|NoOp@NoOp|NoOp@NoOp|NoOp@NoOp|NoOp@NoOp|NoOp@NoOp|NoOp@NoOp
156116584:NoOp@NoOp|NoOp@NoOp|NoOp@NoOp|Push(W,W)@Push(W,W)|NoOp@NoOp|NoOp@NoOp|NoOp@NoOp|NoOp@NoOp|NoOp@NoOp|NoOp@NoOp
156125042:NoOp@NoOp|Move(N)@Move(N)|NoOp@NoOp|NoOp@NoOp|NoOp@NoOp|NoOp@NoOp|NoOp@NoOp|NoOp@NoOp|NoOp@NoOp|NoOp@NoOp
156135875:NoOp@NoOp|Move(E)@Move(E)|NoOp@NoOp|NoOp@NoOp|NoOp@NoOp|NoOp@NoOp|NoOp@NoOp|NoOp@NoOp|NoOp@NoOp|NoOp@NoOp
156146167:NoOp@NoOp|NoOp@NoOp|Move(N)@Move(N)|NoOp@NoOp|NoOp@NoOp|NoOp@NoOp|NoOp@NoOp|NoOp@NoOp|NoOp@NoOp|NoOp@NoOp
156160625:NoOp@NoOp|NoOp@NoOp|NoOp@NoOp|Move(N)@Move(N)|NoOp@NoOp|NoOp@NoOp|NoOp@NoOp|NoOp@NoOp|NoOp@NoOp|NoOp@NoOp
156172959:NoOp@NoOp|NoOp@NoOp|NoOp@NoOp|Move(E)@Move(E)|NoOp@NoOp|NoOp@NoOp|NoOp@NoOp|NoOp@NoOp|NoOp@NoOp|NoOp@NoOp
156183875:NoOp@NoOp|NoOp@NoOp|NoOp@NoOp|NoOp@NoOp|Move(S)@Move(S)|NoOp@NoOp|NoOp@NoOp|NoOp@NoOp|NoOp@NoOp|NoOp@NoOp
156195209:NoOp@NoOp|NoOp@NoOp|NoOp@NoOp|NoOp@NoOp|Move(S)@Move(S)|NoOp@NoOp|NoOp@NoOp|NoOp@NoOp|NoOp@NoOp|NoOp@NoOp
156205750:NoOp@NoOp|NoOp@NoOp|NoOp@NoOp|NoOp@NoOp|Move(W)@Move(W)|NoOp@NoOp|NoOp@NoOp|NoOp@NoOp|NoOp@NoOp|NoOp@NoOp
156217834:NoOp@NoOp|NoOp@NoOp|NoOp@NoOp|NoOp@NoOp|Move(W)@Move(W)|NoOp@NoOp|NoOp@NoOp|NoOp@NoOp|NoOp@NoOp|NoOp@NoOp
156230334:NoOp@NoOp|NoOp@NoOp|NoOp@NoOp|NoOp@NoOp|Move(W)@Move(W)|NoOp@NoOp|NoOp@NoOp|NoOp@NoOp|NoOp@NoOp|NoOp@NoOp
156240084:NoOp@NoOp|NoOp@NoOp|NoOp@NoOp|NoOp@NoOp|Move(W)@Move(W)|NoOp@NoOp|NoOp@NoOp|NoOp@NoOp|NoOp@NoOp|NoOp@NoOp
156251917:NoOp@NoOp|NoOp@NoOp|NoOp@NoOp|NoOp@NoOp|Move(W)@Move(W)|NoOp@NoOp|NoOp@NoOp|NoOp@NoOp|NoOp@NoOp|NoOp@NoOp
156263709:NoOp@NoOp|NoOp@NoOp|NoOp@NoOp|NoOp@NoOp|Move(W)@Move(W)|NoOp@NoOp|NoOp@NoOp|NoOp@NoOp|NoOp@NoOp|NoOp@NoOp
156275209:NoOp@NoOp|NoOp@NoOp|NoOp@NoOp|NoOp@NoOp|Move(W)@Move(W)|NoOp@NoOp|NoOp@NoOp|NoOp@NoOp|NoOp@NoOp|NoOp@NoOp
156286625:NoOp@NoOp|NoOp@NoOp|NoOp@NoOp|NoOp@NoOp|Move(W)@Move(W)|NoOp@NoOp|NoOp@NoOp|NoOp@NoOp|NoOp@NoOp|NoOp@NoOp
156300500:NoOp@NoOp|NoOp@NoOp|NoOp@NoOp|NoOp@NoOp|Move(W)@Move(W)|NoOp@NoOp|NoOp@NoOp|NoOp@NoOp|NoOp@NoOp|NoOp@NoOp
156309959:NoOp@NoOp|NoOp@NoOp|NoOp@NoOp|NoOp@NoOp|Move(W)@Move(W)|NoOp@NoOp|NoOp@NoOp|NoOp@NoOp|NoOp@NoOp|NoOp@NoOp
156319542:NoOp@NoOp|NoOp@NoOp|NoOp@NoOp|NoOp@NoOp|Move(W)@Move(W)|NoOp@NoOp|NoOp@NoOp|NoOp@NoOp|NoOp@NoOp|NoOp@NoOp
156328917:NoOp@NoOp|NoOp@NoOp|NoOp@NoOp|NoOp@NoOp|Move(W)@Move(W)|NoOp@NoOp|NoOp@NoOp|NoOp@NoOp|NoOp@NoOp|NoOp@NoOp
156338542:NoOp@NoOp|NoOp@NoOp|NoOp@NoOp|NoOp@NoOp|Move(W)@Move(W)|NoOp@NoOp|NoOp@NoOp|NoOp@NoOp|NoOp@NoOp|NoOp@NoOp
156348042:NoOp@NoOp|NoOp@NoOp|NoOp@NoOp|NoOp@NoOp|Move(W)@Move(W)|NoOp@NoOp|NoOp@NoOp|NoOp@NoOp|NoOp@NoOp|NoOp@NoOp
156359375:NoOp@NoOp|NoOp@NoOp|NoOp@NoOp|NoOp@NoOp|Move(W)@Move(W)|NoOp@NoOp|NoOp@NoOp|NoOp@NoOp|NoOp@NoOp|NoOp@NoOp
156368917:NoOp@NoOp|NoOp@NoOp|NoOp@NoOp|NoOp@NoOp|Move(N)@Move(N)|NoOp@NoOp|NoOp@NoOp|NoOp@NoOp|NoOp@NoOp|NoOp@NoOp
156378542:NoOp@NoOp|NoOp@NoOp|NoOp@NoOp|NoOp@NoOp|Move(W)@Move(W)|NoOp@NoOp|NoOp@NoOp|NoOp@NoOp|NoOp@NoOp|NoOp@NoOp
156388042:NoOp@NoOp|NoOp@NoOp|NoOp@NoOp|NoOp@NoOp|Move(W)@Move(W)|NoOp@NoOp|NoOp@NoOp|NoOp@NoOp|NoOp@NoOp|NoOp@NoOp
156397584:NoOp@NoOp|NoOp@NoOp|NoOp@NoOp|NoOp@NoOp|Move(N)@Move(N)|NoOp@NoOp|NoOp@NoOp|NoOp@NoOp|NoOp@NoOp|NoOp@NoOp
156409125:NoOp@NoOp|NoOp@NoOp|NoOp@NoOp|NoOp@NoOp|Move(N)@Move(N)|NoOp@NoOp|NoOp@NoOp|NoOp@NoOp|NoOp@NoOp|NoOp@NoOp
156421875:NoOp@NoOp|NoOp@NoOp|NoOp@NoOp|NoOp@NoOp|Pull(S,S)@Pull(S,S)|NoOp@NoOp|NoOp@NoOp|NoOp@NoOp|NoOp@NoOp|NoOp@NoOp
156435000:NoOp@NoOp|NoOp@NoOp|NoOp@NoOp|NoOp@NoOp|Pull(S,S)@Pull(S,S)|NoOp@NoOp|NoOp@NoOp|NoOp@NoOp|NoOp@NoOp|NoOp@NoOp
156446459:NoOp@NoOp|NoOp@NoOp|NoOp@NoOp|NoOp@NoOp|Pull(E,S)@Pull(E,S)|NoOp@NoOp|NoOp@NoOp|NoOp@NoOp|NoOp@NoOp|NoOp@NoOp
156456375:NoOp@NoOp|NoOp@NoOp|NoOp@NoOp|NoOp@NoOp|Pull(E,E)@Pull(E,E)|NoOp@NoOp|NoOp@NoOp|NoOp@NoOp|NoOp@NoOp|NoOp@NoOp
156471042:NoOp@NoOp|NoOp@NoOp|NoOp@NoOp|NoOp@NoOp|Pull(S,E)@Pull(S,E)|NoOp@NoOp|NoOp@NoOp|NoOp@NoOp|NoOp@NoOp|NoOp@NoOp
156487000:NoOp@NoOp|NoOp@NoOp|NoOp@NoOp|NoOp@NoOp|Pull(E,S)@Pull(E,S)|NoOp@NoOp|NoOp@NoOp|NoOp@NoOp|NoOp@NoOp|NoOp@NoOp
156498459:NoOp@NoOp|NoOp@NoOp|NoOp@NoOp|Move(N)@Move(N)|NoOp@NoOp|NoOp@NoOp|NoOp@NoOp|NoOp@NoOp|NoOp@NoOp|NoOp@NoOp
156508875:NoOp@NoOp|NoOp@NoOp|NoOp@NoOp|NoOp@NoOp|Move(N)@Move(N)|NoOp@NoOp|NoOp@NoOp|NoOp@NoOp|NoOp@NoOp|NoOp@NoOp
156518709:NoOp@NoOp|NoOp@NoOp|NoOp@NoOp|NoOp@NoOp|Move(E)@Move(E)|NoOp@NoOp|NoOp@NoOp|NoOp@NoOp|NoOp@NoOp|NoOp@NoOp
156528375:NoOp@NoOp|NoOp@NoOp|NoOp@NoOp|NoOp@NoOp|Move(N)@Move(N)|NoOp@NoOp|NoOp@NoOp|NoOp@NoOp|NoOp@NoOp|NoOp@NoOp
156538250:NoOp@NoOp|NoOp@NoOp|NoOp@NoOp|NoOp@NoOp|Move(N)@Move(N)|NoOp@NoOp|NoOp@NoOp|NoOp@NoOp|NoOp@NoOp|NoOp@NoOp
156549417:NoOp@NoOp|NoOp@NoOp|NoOp@NoOp|NoOp@NoOp|Move(E)@Move(E)|NoOp@NoOp|NoOp@NoOp|NoOp@NoOp|NoOp@NoOp|NoOp@NoOp
156559459:NoOp@NoOp|NoOp@NoOp|NoOp@NoOp|NoOp@NoOp|Move(E)@Move(E)|NoOp@NoOp|NoOp@NoOp|NoOp@NoOp|NoOp@NoOp|NoOp@NoOp
156568917:NoOp@NoOp|NoOp@NoOp|NoOp@NoOp|NoOp@NoOp|Move(E)@Move(E)|NoOp@NoOp|NoOp@NoOp|NoOp@NoOp|NoOp@NoOp|NoOp@NoOp
156578667:NoOp@NoOp|NoOp@NoOp|NoOp@NoOp|NoOp@NoOp|Move(E)@Move(E)|NoOp@NoOp|NoOp@NoOp|NoOp@NoOp|NoOp@NoOp|NoOp@NoOp
156588417:NoOp@NoOp|NoOp@NoOp|NoOp@NoOp|NoOp@NoOp|Move(E)@Move(E)|NoOp@NoOp|NoOp@NoOp|NoOp@NoOp|NoOp@NoOp|NoOp@NoOp
156597959:NoOp@NoOp|NoOp@NoOp|NoOp@NoOp|NoOp@NoOp|Move(E)@Move(E)|NoOp@NoOp|NoOp@NoOp|NoOp@NoOp|NoOp@NoOp|NoOp@NoOp
156608792:NoOp@NoOp|NoOp@NoOp|NoOp@NoOp|NoOp@NoOp|Move(E)@Move(E)|NoOp@NoOp|NoOp@NoOp|NoOp@NoOp|NoOp@NoOp|NoOp@NoOp
156618250:NoOp@NoOp|NoOp@NoOp|NoOp@NoOp|NoOp@NoOp|Move(E)@Move(E)|NoOp@NoOp|NoOp@NoOp|NoOp@NoOp|NoOp@NoOp|NoOp@NoOp
156627709:NoOp@NoOp|NoOp@NoOp|NoOp@NoOp|NoOp@NoOp|Move(E)@Move(E)|NoOp@NoOp|NoOp@NoOp|NoOp@NoOp|NoOp@NoOp|NoOp@NoOp
156637125:NoOp@NoOp|NoOp@NoOp|NoOp@NoOp|NoOp@NoOp|Move(E)@Move(E)|NoOp@NoOp|NoOp@NoOp|NoOp@NoOp|NoOp@NoOp|NoOp@NoOp
156647625:NoOp@NoOp|NoOp@NoOp|NoOp@NoOp|NoOp@NoOp|Move(E)@Move(E)|NoOp@NoOp|NoOp@NoOp|NoOp@NoOp|NoOp@NoOp|NoOp@NoOp
156657417:NoOp@NoOp|NoOp@NoOp|NoOp@NoOp|NoOp@NoOp|Move(E)@Move(E)|NoOp@NoOp|NoOp@NoOp|NoOp@NoOp|NoOp@NoOp|NoOp@NoOp
156668667:NoOp@NoOp|NoOp@NoOp|NoOp@NoOp|NoOp@NoOp|Move(E)@Move(E)|NoOp@NoOp|NoOp@NoOp|NoOp@NoOp|NoOp@NoOp|NoOp@NoOp
156678167:NoOp@NoOp|NoOp@NoOp|NoOp@NoOp|NoOp@NoOp|Move(E)@Move(E)|NoOp@NoOp|NoOp@NoOp|NoOp@NoOp|NoOp@NoOp|NoOp@NoOp
156687709:NoOp@NoOp|NoOp@NoOp|NoOp@NoOp|NoOp@NoOp|Move(E)@Move(E)|NoOp@NoOp|NoOp@NoOp|NoOp@NoOp|NoOp@NoOp|NoOp@NoOp
156697250:NoOp@NoOp|NoOp@NoOp|NoOp@NoOp|NoOp@NoOp|Move(E)@Move(E)|NoOp@NoOp|NoOp@NoOp|NoOp@NoOp|NoOp@NoOp|NoOp@NoOp
156707209:NoOp@NoOp|NoOp@NoOp|NoOp@NoOp|NoOp@NoOp|Move(E)@Move(E)|NoOp@NoOp|NoOp@NoOp|NoOp@NoOp|NoOp@NoOp|NoOp@NoOp
156718417:NoOp@NoOp|NoOp@NoOp|NoOp@NoOp|NoOp@NoOp|Move(E)@Move(E)|NoOp@NoOp|NoOp@NoOp|NoOp@NoOp|NoOp@NoOp|NoOp@NoOp
156730375:NoOp@NoOp|NoOp@NoOp|NoOp@NoOp|NoOp@NoOp|Move(E)@Move(E)|NoOp@NoOp|NoOp@NoOp|NoOp@NoOp|NoOp@NoOp|NoOp@NoOp
156739959:NoOp@NoOp|NoOp@NoOp|NoOp@NoOp|NoOp@NoOp|Move(E)@Move(E)|NoOp@NoOp|NoOp@NoOp|NoOp@NoOp|NoOp@NoOp|NoOp@NoOp
156750292:NoOp@NoOp|NoOp@NoOp|NoOp@NoOp|NoOp@NoOp|Move(E)@Move(E)|NoOp@NoOp|NoOp@NoOp|NoOp@NoOp|NoOp@NoOp|NoOp@NoOp
156760334:NoOp@NoOp|NoOp@NoOp|NoOp@NoOp|NoOp@NoOp|Move(E)@Move(E)|NoOp@NoOp|NoOp@NoOp|NoOp@NoOp|NoOp@NoOp|NoOp@NoOp
156769917:NoOp@NoOp|NoOp@NoOp|NoOp@NoOp|NoOp@NoOp|Pull(S,S)@Pull(S,S)|NoOp@NoOp|NoOp@NoOp|NoOp@NoOp|NoOp@NoOp|NoOp@NoOp
156780500:NoOp@NoOp|NoOp@NoOp|NoOp@NoOp|NoOp@NoOp|Push(N,W)@Push(N,W)|NoOp@NoOp|NoOp@NoOp|NoOp@NoOp|NoOp@NoOp|NoOp@NoOp
156795584:NoOp@NoOp|NoOp@NoOp|NoOp@NoOp|NoOp@NoOp|Push(W,W)@Push(W,W)|NoOp@NoOp|NoOp@NoOp|NoOp@NoOp|NoOp@NoOp|NoOp@NoOp
156805792:NoOp@NoOp|NoOp@NoOp|NoOp@NoOp|NoOp@NoOp|Push(W,S)@Push(W,S)|NoOp@NoOp|NoOp@NoOp|NoOp@NoOp|NoOp@NoOp|NoOp@NoOp
156817334:NoOp@NoOp|NoOp@NoOp|NoOp@NoOp|NoOp@NoOp|Push(S,S)@Push(S,S)|NoOp@NoOp|NoOp@NoOp|NoOp@NoOp|NoOp@NoOp|NoOp@NoOp
156827875:NoOp@NoOp|NoOp@NoOp|NoOp@NoOp|NoOp@NoOp|Push(S,S)@Push(S,S)|NoOp@NoOp|NoOp@NoOp|NoOp@NoOp|NoOp@NoOp|NoOp@NoOp
156838334:NoOp@NoOp|NoOp@NoOp|NoOp@NoOp|NoOp@NoOp|Push(S,W)@Push(S,W)|NoOp@NoOp|NoOp@NoOp|NoOp@NoOp|NoOp@NoOp|NoOp@NoOp
156848959:NoOp@NoOp|NoOp@NoOp|NoOp@NoOp|NoOp@NoOp|Push(W,W)@Push(W,W)|NoOp@NoOp|NoOp@NoOp|NoOp@NoOp|NoOp@NoOp|NoOp@NoOp
156860125:NoOp@NoOp|NoOp@NoOp|NoOp@NoOp|NoOp@NoOp|Push(W,W)@Push(W,W)|NoOp@NoOp|NoOp@NoOp|NoOp@NoOp|NoOp@NoOp|NoOp@NoOp
156870167:NoOp@NoOp|NoOp@NoOp|NoOp@NoOp|NoOp@NoOp|Push(W,W)@Push(W,W)|NoOp@NoOp|NoOp@NoOp|NoOp@NoOp|NoOp@NoOp|NoOp@NoOp
156880292:NoOp@NoOp|NoOp@NoOp|NoOp@NoOp|NoOp@NoOp|Push(W,W)@Push(W,W)|NoOp@NoOp|NoOp@NoOp|NoOp@NoOp|NoOp@NoOp|NoOp@NoOp
156889667:NoOp@NoOp|NoOp@NoOp|NoOp@NoOp|NoOp@NoOp|Push(W,W)@Push(W,W)|NoOp@NoOp|NoOp@NoOp|NoOp@NoOp|NoOp@NoOp|NoOp@NoOp
156899542:NoOp@NoOp|NoOp@NoOp|NoOp@NoOp|NoOp@NoOp|Push(W,W)@Push(W,W)|NoOp@NoOp|NoOp@NoOp|NoOp@NoOp|NoOp@NoOp|NoOp@NoOp
156909042:NoOp@NoOp|NoOp@NoOp|NoOp@NoOp|NoOp@NoOp|Push(W,W)@Push(W,W)|NoOp@NoOp|NoOp@NoOp|NoOp@NoOp|NoOp@NoOp|NoOp@NoOp
156919875:NoOp@NoOp|NoOp@NoOp|NoOp@NoOp|NoOp@NoOp|Push(W,W)@Push(W,W)|NoOp@NoOp|NoOp@NoOp|NoOp@NoOp|NoOp@NoOp|NoOp@NoOp
156929750:NoOp@NoOp|NoOp@NoOp|NoOp@NoOp|NoOp@NoOp|Push(W,W)@Push(W,W)|NoOp@NoOp|NoOp@NoOp|NoOp@NoOp|NoOp@NoOp|NoOp@NoOp
156939250:NoOp@NoOp|NoOp@NoOp|NoOp@NoOp|NoOp@NoOp|Push(W,W)@Push(W,W)|NoOp@NoOp|NoOp@NoOp|NoOp@NoOp|NoOp@NoOp|NoOp@NoOp
156948959:NoOp@NoOp|NoOp@NoOp|NoOp@NoOp|NoOp@NoOp|Push(W,W)@Push(W,W)|NoOp@NoOp|NoOp@NoOp|NoOp@NoOp|NoOp@NoOp|NoOp@NoOp
156958625:NoOp@NoOp|NoOp@NoOp|NoOp@NoOp|NoOp@NoOp|Push(W,W)@Push(W,W)|NoOp@NoOp|NoOp@NoOp|NoOp@NoOp|NoOp@NoOp|NoOp@NoOp
156968542:NoOp@NoOp|NoOp@NoOp|NoOp@NoOp|NoOp@NoOp|Push(W,W)@Push(W,W)|NoOp@NoOp|NoOp@NoOp|NoOp@NoOp|NoOp@NoOp|NoOp@NoOp
156979334:NoOp@NoOp|NoOp@NoOp|NoOp@NoOp|NoOp@NoOp|Push(W,W)@Push(W,W)|NoOp@NoOp|NoOp@NoOp|NoOp@NoOp|NoOp@NoOp|NoOp@NoOp
156989125:NoOp@NoOp|NoOp@NoOp|NoOp@NoOp|NoOp@NoOp|Push(W,W)@Push(W,W)|NoOp@NoOp|NoOp@NoOp|NoOp@NoOp|NoOp@NoOp|NoOp@NoOp
156998917:NoOp@NoOp|NoOp@NoOp|NoOp@NoOp|NoOp@NoOp|Push(W,W)@Push(W,W)|NoOp@NoOp|NoOp@NoOp|NoOp@NoOp|NoOp@NoOp|NoOp@NoOp
157008709:NoOp@NoOp|NoOp@NoOp|NoOp@NoOp|NoOp@NoOp|Push(W,W)@Push(W,W)|NoOp@NoOp|NoOp@NoOp|NoOp@NoOp|NoOp@NoOp|NoOp@NoOp
157018292:NoOp@NoOp|NoOp@NoOp|NoOp@NoOp|NoOp@NoOp|Push(W,W)@Push(W,W)|NoOp@NoOp|NoOp@NoOp|NoOp@NoOp|NoOp@NoOp|NoOp@NoOp
157028209:NoOp@NoOp|NoOp@NoOp|NoOp@NoOp|NoOp@NoOp|Push(W,W)@Push(W,W)|NoOp@NoOp|NoOp@NoOp|NoOp@NoOp|NoOp@NoOp|NoOp@NoOp
157038875:NoOp@NoOp|NoOp@NoOp|NoOp@NoOp|NoOp@NoOp|Push(W,W)@Push(W,W)|NoOp@NoOp|NoOp@NoOp|NoOp@NoOp|NoOp@NoOp|NoOp@NoOp
157048459:NoOp@NoOp|NoOp@NoOp|NoOp@NoOp|NoOp@NoOp|Move(N)@Move(N)|NoOp@NoOp|NoOp@NoOp|NoOp@NoOp|NoOp@NoOp|NoOp@NoOp
157057709:NoOp@NoOp|NoOp@NoOp|NoOp@NoOp|NoOp@NoOp|Move(N)@Move(N)|NoOp@NoOp|NoOp@NoOp|NoOp@NoOp|NoOp@NoOp|NoOp@NoOp
157067500:NoOp@NoOp|NoOp@NoOp|NoOp@NoOp|NoOp@NoOp|Move(N)@Move(N)|NoOp@NoOp|NoOp@NoOp|NoOp@NoOp|NoOp@NoOp|NoOp@NoOp
157078834:NoOp@NoOp|NoOp@NoOp|NoOp@NoOp|NoOp@NoOp|Move(E)@Move(E)|NoOp@NoOp|NoOp@NoOp|NoOp@NoOp|NoOp@NoOp|NoOp@NoOp
157093042:NoOp@NoOp|NoOp@NoOp|NoOp@NoOp|NoOp@NoOp|Move(E)@Move(E)|NoOp@NoOp|NoOp@NoOp|NoOp@NoOp|NoOp@NoOp|NoOp@NoOp
157103125:NoOp@NoOp|NoOp@NoOp|NoOp@NoOp|NoOp@NoOp|Move(E)@Move(E)|NoOp@NoOp|NoOp@NoOp|NoOp@NoOp|NoOp@NoOp|NoOp@NoOp
157112709:NoOp@NoOp|NoOp@NoOp|NoOp@NoOp|NoOp@NoOp|Move(E)@Move(E)|NoOp@NoOp|NoOp@NoOp|NoOp@NoOp|NoOp@NoOp|NoOp@NoOp
157122375:NoOp@NoOp|NoOp@NoOp|NoOp@NoOp|NoOp@NoOp|Move(E)@Move(E)|NoOp@NoOp|NoOp@NoOp|NoOp@NoOp|NoOp@NoOp|NoOp@NoOp
157132125:NoOp@NoOp|NoOp@NoOp|NoOp@NoOp|NoOp@NoOp|Move(E)@Move(E)|NoOp@NoOp|NoOp@NoOp|NoOp@NoOp|NoOp@NoOp|NoOp@NoOp
157141250:NoOp@NoOp|NoOp@NoOp|NoOp@NoOp|NoOp@NoOp|Move(E)@Move(E)|NoOp@NoOp|NoOp@NoOp|NoOp@NoOp|NoOp@NoOp|NoOp@NoOp
157151875:NoOp@NoOp|NoOp@NoOp|NoOp@NoOp|NoOp@NoOp|Move(E)@Move(E)|NoOp@NoOp|NoOp@NoOp|NoOp@NoOp|NoOp@NoOp|NoOp@NoOp
157161709:NoOp@NoOp|NoOp@NoOp|NoOp@NoOp|NoOp@NoOp|Move(E)@Move(E)|NoOp@NoOp|NoOp@NoOp|NoOp@NoOp|NoOp@NoOp|NoOp@NoOp
157171292:NoOp@NoOp|NoOp@NoOp|NoOp@NoOp|NoOp@NoOp|Move(E)@Move(E)|NoOp@NoOp|NoOp@NoOp|NoOp@NoOp|NoOp@NoOp|NoOp@NoOp
157180667:NoOp@NoOp|NoOp@NoOp|NoOp@NoOp|NoOp@NoOp|Move(E)@Move(E)|NoOp@NoOp|NoOp@NoOp|NoOp@NoOp|NoOp@NoOp|NoOp@NoOp
157190500:NoOp@NoOp|NoOp@NoOp|NoOp@NoOp|NoOp@NoOp|Move(E)@Move(E)|NoOp@NoOp|NoOp@NoOp|NoOp@NoOp|NoOp@NoOp|NoOp@NoOp
157199959:NoOp@NoOp|NoOp@NoOp|NoOp@NoOp|NoOp@NoOp|Move(E)@Move(E)|NoOp@NoOp|NoOp@NoOp|NoOp@NoOp|NoOp@NoOp|NoOp@NoOp
157211292:NoOp@NoOp|NoOp@NoOp|NoOp@NoOp|NoOp@NoOp|Move(E)@Move(E)|NoOp@NoOp|NoOp@NoOp|NoOp@NoOp|NoOp@NoOp|NoOp@NoOp
157220875:NoOp@NoOp|NoOp@NoOp|NoOp@NoOp|NoOp@NoOp|Move(E)@Move(E)|NoOp@NoOp|NoOp@NoOp|NoOp@NoOp|NoOp@NoOp|NoOp@NoOp
157230459:NoOp@NoOp|NoOp@NoOp|NoOp@NoOp|NoOp@NoOp|Move(E)@Move(E)|NoOp@NoOp|NoOp@NoOp|NoOp@NoOp|NoOp@NoOp|NoOp@NoOp
157240000:NoOp@NoOp|NoOp@NoOp|NoOp@NoOp|NoOp@NoOp|Move(E)@Move(E)|NoOp@NoOp|NoOp@NoOp|NoOp@NoOp|NoOp@NoOp|NoOp@NoOp
157249459:NoOp@NoOp|NoOp@NoOp|NoOp@NoOp|NoOp@NoOp|Move(E)@Move(E)|NoOp@NoOp|NoOp@NoOp|NoOp@NoOp|NoOp@NoOp|NoOp@NoOp
157259709:NoOp@NoOp|NoOp@NoOp|NoOp@NoOp|NoOp@NoOp|Move(E)@Move(E)|NoOp@NoOp|NoOp@NoOp|NoOp@NoOp|NoOp@NoOp|NoOp@NoOp
157270709:NoOp@NoOp|NoOp@NoOp|NoOp@NoOp|NoOp@NoOp|Move(E)@Move(E)|NoOp@NoOp|NoOp@NoOp|NoOp@NoOp|NoOp@NoOp|NoOp@NoOp
157280375:NoOp@NoOp|NoOp@NoOp|NoOp@NoOp|NoOp@NoOp|Move(E)@Move(E)|NoOp@NoOp|NoOp@NoOp|NoOp@NoOp|NoOp@NoOp|NoOp@NoOp
157290042:NoOp@NoOp|NoOp@NoOp|NoOp@NoOp|NoOp@NoOp|Move(E)@Move(E)|NoOp@NoOp|NoOp@NoOp|NoOp@NoOp|NoOp@NoOp|NoOp@NoOp
157299709:NoOp@NoOp|NoOp@NoOp|NoOp@NoOp|NoOp@NoOp|Move(E)@Move(E)|NoOp@NoOp|NoOp@NoOp|NoOp@NoOp|NoOp@NoOp|NoOp@NoOp
157309125:NoOp@NoOp|NoOp@NoOp|NoOp@NoOp|NoOp@NoOp|Move(E)@Move(E)|NoOp@NoOp|NoOp@NoOp|NoOp@NoOp|NoOp@NoOp|NoOp@NoOp
157318959:NoOp@NoOp|NoOp@NoOp|NoOp@NoOp|NoOp@NoOp|Move(E)@Move(E)|NoOp@NoOp|NoOp@NoOp|NoOp@NoOp|NoOp@NoOp|NoOp@NoOp
157331750:NoOp@NoOp|NoOp@NoOp|NoOp@NoOp|NoOp@NoOp|Move(E)@Move(E)|NoOp@NoOp|NoOp@NoOp|NoOp@NoOp|NoOp@NoOp|NoOp@NoOp
157341584:NoOp@NoOp|NoOp@NoOp|NoOp@NoOp|NoOp@NoOp|Move(E)@Move(E)|NoOp@NoOp|NoOp@NoOp|NoOp@NoOp|NoOp@NoOp|NoOp@NoOp
157351167:NoOp@NoOp|NoOp@NoOp|NoOp@NoOp|NoOp@NoOp|Pull(S,S)@Pull(S,S)|NoOp@NoOp|NoOp@NoOp|NoOp@NoOp|NoOp@NoOp|NoOp@NoOp
157361292:NoOp@NoOp|NoOp@NoOp|NoOp@NoOp|NoOp@NoOp|Push(N,W)@Push(N,W)|NoOp@NoOp|NoOp@NoOp|NoOp@NoOp|NoOp@NoOp|NoOp@NoOp
157371042:NoOp@NoOp|NoOp@NoOp|NoOp@NoOp|NoOp@NoOp|Push(W,S)@Push(W,S)|NoOp@NoOp|NoOp@NoOp|NoOp@NoOp|NoOp@NoOp|NoOp@NoOp
157380792:NoOp@NoOp|NoOp@NoOp|NoOp@NoOp|NoOp@NoOp|Push(S,S)@Push(S,S)|NoOp@NoOp|NoOp@NoOp|NoOp@NoOp|NoOp@NoOp|NoOp@NoOp
157390792:NoOp@NoOp|NoOp@NoOp|NoOp@NoOp|NoOp@NoOp|Push(S,S)@Push(S,S)|NoOp@NoOp|NoOp@NoOp|NoOp@NoOp|NoOp@NoOp|NoOp@NoOp
157401959:NoOp@NoOp|NoOp@NoOp|NoOp@NoOp|NoOp@NoOp|Push(S,W)@Push(S,W)|NoOp@NoOp|NoOp@NoOp|NoOp@NoOp|NoOp@NoOp|NoOp@NoOp
157413375:NoOp@NoOp|NoOp@NoOp|NoOp@NoOp|NoOp@NoOp|Push(W,W)@Push(W,W)|NoOp@NoOp|NoOp@NoOp|NoOp@NoOp|NoOp@NoOp|NoOp@NoOp
157423084:NoOp@NoOp|NoOp@NoOp|NoOp@NoOp|NoOp@NoOp|Push(W,W)@Push(W,W)|NoOp@NoOp|NoOp@NoOp|NoOp@NoOp|NoOp@NoOp|NoOp@NoOp
157432750:NoOp@NoOp|NoOp@NoOp|NoOp@NoOp|NoOp@NoOp|Push(W,W)@Push(W,W)|NoOp@NoOp|NoOp@NoOp|NoOp@NoOp|NoOp@NoOp|NoOp@NoOp
157443334:NoOp@NoOp|NoOp@NoOp|NoOp@NoOp|NoOp@NoOp|Push(W,W)@Push(W,W)|NoOp@NoOp|NoOp@NoOp|NoOp@NoOp|NoOp@NoOp|NoOp@NoOp
157454000:NoOp@NoOp|NoOp@NoOp|NoOp@NoOp|NoOp@NoOp|Push(W,W)@Push(W,W)|NoOp@NoOp|NoOp@NoOp|NoOp@NoOp|NoOp@NoOp|NoOp@NoOp
157464209:NoOp@NoOp|NoOp@NoOp|NoOp@NoOp|NoOp@NoOp|Push(W,W)@Push(W,W)|NoOp@NoOp|NoOp@NoOp|NoOp@NoOp|NoOp@NoOp|NoOp@NoOp
157473917:NoOp@NoOp|NoOp@NoOp|NoOp@NoOp|NoOp@NoOp|Push(W,W)@Push(W,W)|NoOp@NoOp|NoOp@NoOp|NoOp@NoOp|NoOp@NoOp|NoOp@NoOp
157485292:NoOp@NoOp|NoOp@NoOp|NoOp@NoOp|NoOp@NoOp|Push(W,W)@Push(W,W)|NoOp@NoOp|NoOp@NoOp|NoOp@NoOp|NoOp@NoOp|NoOp@NoOp
157496750:NoOp@NoOp|NoOp@NoOp|NoOp@NoOp|NoOp@NoOp|Push(W,W)@Push(W,W)|NoOp@NoOp|NoOp@NoOp|NoOp@NoOp|NoOp@NoOp|NoOp@NoOp
157508542:NoOp@NoOp|NoOp@NoOp|NoOp@NoOp|NoOp@NoOp|Push(W,W)@Push(W,W)|NoOp@NoOp|NoOp@NoOp|NoOp@NoOp|NoOp@NoOp|NoOp@NoOp
157520750:NoOp@NoOp|NoOp@NoOp|NoOp@NoOp|NoOp@NoOp|Push(W,W)@Push(W,W)|NoOp@NoOp|NoOp@NoOp|NoOp@NoOp|NoOp@NoOp|NoOp@NoOp
157532084:NoOp@NoOp|NoOp@NoOp|NoOp@NoOp|NoOp@NoOp|Push(W,W)@Push(W,W)|NoOp@NoOp|NoOp@NoOp|NoOp@NoOp|NoOp@NoOp|NoOp@NoOp
157541792:NoOp@NoOp|NoOp@NoOp|NoOp@NoOp|NoOp@NoOp|Push(W,W)@Push(W,W)|NoOp@NoOp|NoOp@NoOp|NoOp@NoOp|NoOp@NoOp|NoOp@NoOp
157551334:NoOp@NoOp|NoOp@NoOp|NoOp@NoOp|NoOp@NoOp|Push(W,W)@Push(W,W)|NoOp@NoOp|NoOp@NoOp|NoOp@NoOp|NoOp@NoOp|NoOp@NoOp
157561042:NoOp@NoOp|NoOp@NoOp|NoOp@NoOp|NoOp@NoOp|Push(W,W)@Push(W,W)|NoOp@NoOp|NoOp@NoOp|NoOp@NoOp|NoOp@NoOp|NoOp@NoOp
157573584:NoOp@NoOp|NoOp@NoOp|NoOp@NoOp|NoOp@NoOp|Push(W,W)@Push(W,W)|NoOp@NoOp|NoOp@NoOp|NoOp@NoOp|NoOp@NoOp|NoOp@NoOp
157584959:NoOp@NoOp|NoOp@NoOp|NoOp@NoOp|NoOp@NoOp|Push(W,W)@Push(W,W)|NoOp@NoOp|NoOp@NoOp|NoOp@NoOp|NoOp@NoOp|NoOp@NoOp
157595167:NoOp@NoOp|NoOp@NoOp|NoOp@NoOp|NoOp@NoOp|Push(W,W)@Push(W,W)|NoOp@NoOp|NoOp@NoOp|NoOp@NoOp|NoOp@NoOp|NoOp@NoOp
157605000:NoOp@NoOp|NoOp@NoOp|NoOp@NoOp|NoOp@NoOp|Push(W,W)@Push(W,W)|NoOp@NoOp|NoOp@NoOp|NoOp@NoOp|NoOp@NoOp|NoOp@NoOp
157614709:NoOp@NoOp|NoOp@NoOp|NoOp@NoOp|NoOp@NoOp|Push(W,W)@Push(W,W)|NoOp@NoOp|NoOp@NoOp|NoOp@NoOp|NoOp@NoOp|NoOp@NoOp
157624417:NoOp@NoOp|NoOp@NoOp|NoOp@NoOp|NoOp@NoOp|Push(W,W)@Push(W,W)|NoOp@NoOp|NoOp@NoOp|NoOp@NoOp|NoOp@NoOp|NoOp@NoOp
157637417:NoOp@NoOp|NoOp@NoOp|NoOp@NoOp|NoOp@NoOp|Push(W,W)@Push(W,W)|NoOp@NoOp|NoOp@NoOp|NoOp@NoOp|NoOp@NoOp|NoOp@NoOp
157648875:NoOp@NoOp|NoOp@NoOp|NoOp@NoOp|NoOp@NoOp|Push(W,W)@Push(W,W)|NoOp@NoOp|NoOp@NoOp|NoOp@NoOp|NoOp@NoOp|NoOp@NoOp
157660334:NoOp@NoOp|NoOp@NoOp|NoOp@NoOp|NoOp@NoOp|Push(W,W)@Push(W,W)|NoOp@NoOp|NoOp@NoOp|NoOp@NoOp|NoOp@NoOp|NoOp@NoOp
157671292:NoOp@NoOp|NoOp@NoOp|NoOp@NoOp|NoOp@NoOp|Push(W,W)@Push(W,W)|NoOp@NoOp|NoOp@NoOp|NoOp@NoOp|NoOp@NoOp|NoOp@NoOp
157681209:NoOp@NoOp|NoOp@NoOp|NoOp@NoOp|NoOp@NoOp|Move(N)@Move(N)|NoOp@NoOp|NoOp@NoOp|NoOp@NoOp|NoOp@NoOp|NoOp@NoOp
157691334:NoOp@NoOp|NoOp@NoOp|NoOp@NoOp|NoOp@NoOp|Move(N)@Move(N)|NoOp@NoOp|NoOp@NoOp|NoOp@NoOp|NoOp@NoOp|NoOp@NoOp
157702792:NoOp@NoOp|NoOp@NoOp|NoOp@NoOp|NoOp@NoOp|NoOp@NoOp|Move(N)@Move(N)|NoOp@NoOp|NoOp@NoOp|NoOp@NoOp|NoOp@NoOp
157713375:NoOp@NoOp|NoOp@NoOp|NoOp@NoOp|NoOp@NoOp|NoOp@NoOp|Move(W)@Move(W)|NoOp@NoOp|NoOp@NoOp|NoOp@NoOp|NoOp@NoOp
157722875:NoOp@NoOp|NoOp@NoOp|NoOp@NoOp|NoOp@NoOp|NoOp@NoOp|Move(W)@Move(W)|NoOp@NoOp|NoOp@NoOp|NoOp@NoOp|NoOp@NoOp
157732667:NoOp@NoOp|NoOp@NoOp|NoOp@NoOp|NoOp@NoOp|NoOp@NoOp|Move(W)@Move(W)|NoOp@NoOp|NoOp@NoOp|NoOp@NoOp|NoOp@NoOp
157741167:NoOp@NoOp|NoOp@NoOp|NoOp@NoOp|NoOp@NoOp|NoOp@NoOp|Move(W)@Move(W)|NoOp@NoOp|NoOp@NoOp|NoOp@NoOp|NoOp@NoOp
157752584:NoOp@NoOp|NoOp@NoOp|NoOp@NoOp|NoOp@NoOp|NoOp@NoOp|Move(W)@Move(W)|NoOp@NoOp|NoOp@NoOp|NoOp@NoOp|NoOp@NoOp
157766834:NoOp@NoOp|NoOp@NoOp|NoOp@NoOp|NoOp@NoOp|NoOp@NoOp|Move(W)@Move(W)|NoOp@NoOp|NoOp@NoOp|NoOp@NoOp|NoOp@NoOp
157777250:NoOp@NoOp|NoOp@NoOp|NoOp@NoOp|NoOp@NoOp|NoOp@NoOp|Move(W)@Move(W)|NoOp@NoOp|NoOp@NoOp|NoOp@NoOp|NoOp@NoOp
157787084:NoOp@NoOp|NoOp@NoOp|NoOp@NoOp|NoOp@NoOp|NoOp@NoOp|Push(N,W)@Push(N,W)|NoOp@NoOp|NoOp@NoOp|NoOp@NoOp|NoOp@NoOp
157797375:NoOp@NoOp|NoOp@NoOp|NoOp@NoOp|NoOp@NoOp|NoOp@NoOp|Push(W,S)@Push(W,S)|NoOp@NoOp|NoOp@NoOp|NoOp@NoOp|NoOp@NoOp
157807500:NoOp@NoOp|NoOp@NoOp|NoOp@NoOp|NoOp@NoOp|NoOp@NoOp|Push(S,S)@Push(S,S)|NoOp@NoOp|NoOp@NoOp|NoOp@NoOp|NoOp@NoOp
157820917:NoOp@NoOp|NoOp@NoOp|NoOp@NoOp|NoOp@NoOp|NoOp@NoOp|Push(S,S)@Push(S,S)|NoOp@NoOp|NoOp@NoOp|NoOp@NoOp|NoOp@NoOp
157835459:NoOp@NoOp|NoOp@NoOp|NoOp@NoOp|NoOp@NoOp|NoOp@NoOp|Push(S,S)@Push(S,S)|NoOp@NoOp|NoOp@NoOp|NoOp@NoOp|NoOp@NoOp
157848459:NoOp@NoOp|NoOp@NoOp|NoOp@NoOp|NoOp@NoOp|NoOp@NoOp|Push(S,W)@Push(S,W)|NoOp@NoOp|NoOp@NoOp|NoOp@NoOp|NoOp@NoOp
157860084:NoOp@NoOp|NoOp@NoOp|NoOp@NoOp|NoOp@NoOp|NoOp@NoOp|Push(W,W)@Push(W,W)|NoOp@NoOp|NoOp@NoOp|NoOp@NoOp|NoOp@NoOp
157870209:NoOp@NoOp|NoOp@NoOp|NoOp@NoOp|NoOp@NoOp|NoOp@NoOp|Push(W,W)@Push(W,W)|NoOp@NoOp|NoOp@NoOp|NoOp@NoOp|NoOp@NoOp
157881250:NoOp@NoOp|NoOp@NoOp|NoOp@NoOp|NoOp@NoOp|NoOp@NoOp|Push(W,W)@Push(W,W)|NoOp@NoOp|NoOp@NoOp|NoOp@NoOp|NoOp@NoOp
157892584:NoOp@NoOp|NoOp@NoOp|NoOp@NoOp|NoOp@NoOp|NoOp@NoOp|Push(W,W)@Push(W,W)|NoOp@NoOp|NoOp@NoOp|NoOp@NoOp|NoOp@NoOp
157904334:NoOp@NoOp|NoOp@NoOp|NoOp@NoOp|NoOp@NoOp|NoOp@NoOp|Push(W,W)@Push(W,W)|NoOp@NoOp|NoOp@NoOp|NoOp@NoOp|NoOp@NoOp
157915500:NoOp@NoOp|NoOp@NoOp|NoOp@NoOp|NoOp@NoOp|NoOp@NoOp|Push(W,W)@Push(W,W)|NoOp@NoOp|NoOp@NoOp|NoOp@NoOp|NoOp@NoOp
157926667:NoOp@NoOp|NoOp@NoOp|NoOp@NoOp|NoOp@NoOp|NoOp@NoOp|Push(W,W)@Push(W,W)|NoOp@NoOp|NoOp@NoOp|NoOp@NoOp|NoOp@NoOp
157936584:NoOp@NoOp|NoOp@NoOp|NoOp@NoOp|NoOp@NoOp|NoOp@NoOp|Move(N)@Move(N)|NoOp@NoOp|NoOp@NoOp|NoOp@NoOp|NoOp@NoOp
157947584:NoOp@NoOp|NoOp@NoOp|NoOp@NoOp|NoOp@NoOp|NoOp@NoOp|Move(N)@Move(N)|NoOp@NoOp|NoOp@NoOp|NoOp@NoOp|NoOp@NoOp
157959375:NoOp@NoOp|NoOp@NoOp|NoOp@NoOp|NoOp@NoOp|NoOp@NoOp|NoOp@NoOp|Move(N)@Move(N)|NoOp@NoOp|NoOp@NoOp|NoOp@NoOp
157972625:NoOp@NoOp|NoOp@NoOp|NoOp@NoOp|NoOp@NoOp|NoOp@NoOp|NoOp@NoOp|Move(E)@Move(E)|NoOp@NoOp|NoOp@NoOp|NoOp@NoOp
157982584:NoOp@NoOp|NoOp@NoOp|NoOp@NoOp|NoOp@NoOp|NoOp@NoOp|NoOp@NoOp|Move(E)@Move(E)|NoOp@NoOp|NoOp@NoOp|NoOp@NoOp
157993209:NoOp@NoOp|NoOp@NoOp|NoOp@NoOp|NoOp@NoOp|NoOp@NoOp|NoOp@NoOp|Move(E)@Move(E)|NoOp@NoOp|NoOp@NoOp|NoOp@NoOp
158005750:NoOp@NoOp|NoOp@NoOp|NoOp@NoOp|NoOp@NoOp|NoOp@NoOp|NoOp@NoOp|Move(E)@Move(E)|NoOp@NoOp|NoOp@NoOp|NoOp@NoOp
158018375:NoOp@NoOp|NoOp@NoOp|NoOp@NoOp|NoOp@NoOp|NoOp@NoOp|NoOp@NoOp|Move(E)@Move(E)|NoOp@NoOp|NoOp@NoOp|NoOp@NoOp
158030292:NoOp@NoOp|NoOp@NoOp|NoOp@NoOp|NoOp@NoOp|NoOp@NoOp|NoOp@NoOp|Move(E)@Move(E)|NoOp@NoOp|NoOp@NoOp|NoOp@NoOp
158041834:NoOp@NoOp|NoOp@NoOp|NoOp@NoOp|NoOp@NoOp|NoOp@NoOp|NoOp@NoOp|Move(E)@Move(E)|NoOp@NoOp|NoOp@NoOp|NoOp@NoOp
158051834:NoOp@NoOp|NoOp@NoOp|NoOp@NoOp|NoOp@NoOp|NoOp@NoOp|NoOp@NoOp|Move(E)@Move(E)|NoOp@NoOp|NoOp@NoOp|NoOp@NoOp
158062000:NoOp@NoOp|NoOp@NoOp|NoOp@NoOp|NoOp@NoOp|NoOp@NoOp|NoOp@NoOp|Move(E)@Move(E)|NoOp@NoOp|NoOp@NoOp|NoOp@NoOp
158071417:NoOp@NoOp|NoOp@NoOp|NoOp@NoOp|NoOp@NoOp|NoOp@NoOp|NoOp@NoOp|Move(E)@Move(E)|NoOp@NoOp|NoOp@NoOp|NoOp@NoOp
158080959:NoOp@NoOp|NoOp@NoOp|NoOp@NoOp|NoOp@NoOp|NoOp@NoOp|NoOp@NoOp|Move(E)@Move(E)|NoOp@NoOp|NoOp@NoOp|NoOp@NoOp
158092292:NoOp@NoOp|NoOp@NoOp|NoOp@NoOp|NoOp@NoOp|NoOp@NoOp|NoOp@NoOp|Move(E)@Move(E)|NoOp@NoOp|NoOp@NoOp|NoOp@NoOp
158101709:NoOp@NoOp|NoOp@NoOp|NoOp@NoOp|NoOp@NoOp|NoOp@NoOp|NoOp@NoOp|Move(E)@Move(E)|NoOp@NoOp|NoOp@NoOp|NoOp@NoOp
158113417:NoOp@NoOp|NoOp@NoOp|NoOp@NoOp|NoOp@NoOp|NoOp@NoOp|NoOp@NoOp|Move(E)@Move(E)|NoOp@NoOp|NoOp@NoOp|NoOp@NoOp
158128792:NoOp@NoOp|NoOp@NoOp|NoOp@NoOp|NoOp@NoOp|NoOp@NoOp|NoOp@NoOp|Move(E)@Move(E)|NoOp@NoOp|NoOp@NoOp|NoOp@NoOp
158141209:NoOp@NoOp|NoOp@NoOp|NoOp@NoOp|NoOp@NoOp|NoOp@NoOp|NoOp@NoOp|Pull(S,S)@Pull(S,S)|NoOp@NoOp|NoOp@NoOp|NoOp@NoOp
158151709:NoOp@NoOp|NoOp@NoOp|NoOp@NoOp|NoOp@NoOp|NoOp@NoOp|NoOp@NoOp|Push(N,W)@Push(N,W)|NoOp@NoOp|NoOp@NoOp|NoOp@NoOp
158166125:NoOp@NoOp|NoOp@NoOp|NoOp@NoOp|NoOp@NoOp|NoOp@NoOp|NoOp@NoOp|Push(W,S)@Push(W,S)|NoOp@NoOp|NoOp@NoOp|NoOp@NoOp
158176542:NoOp@NoOp|NoOp@NoOp|NoOp@NoOp|NoOp@NoOp|NoOp@NoOp|NoOp@NoOp|Push(S,S)@Push(S,S)|NoOp@NoOp|NoOp@NoOp|NoOp@NoOp
158187584:NoOp@NoOp|NoOp@NoOp|NoOp@NoOp|NoOp@NoOp|NoOp@NoOp|NoOp@NoOp|Push(S,S)@Push(S,S)|NoOp@NoOp|NoOp@NoOp|NoOp@NoOp
158199959:NoOp@NoOp|NoOp@NoOp|NoOp@NoOp|NoOp@NoOp|NoOp@NoOp|NoOp@NoOp|Push(S,W)@Push(S,W)|NoOp@NoOp|NoOp@NoOp|NoOp@NoOp
158213834:NoOp@NoOp|NoOp@NoOp|NoOp@NoOp|NoOp@NoOp|NoOp@NoOp|NoOp@NoOp|Push(W,W)@Push(W,W)|NoOp@NoOp|NoOp@NoOp|NoOp@NoOp
158226542:NoOp@NoOp|NoOp@NoOp|NoOp@NoOp|NoOp@NoOp|NoOp@NoOp|NoOp@NoOp|Push(W,W)@Push(W,W)|NoOp@NoOp|NoOp@NoOp|NoOp@NoOp
158241667:NoOp@NoOp|NoOp@NoOp|NoOp@NoOp|NoOp@NoOp|NoOp@NoOp|NoOp@NoOp|Push(W,W)@Push(W,W)|NoOp@NoOp|NoOp@NoOp|NoOp@NoOp
158252834:NoOp@NoOp|NoOp@NoOp|NoOp@NoOp|NoOp@NoOp|NoOp@NoOp|NoOp@NoOp|Push(W,W)@Push(W,W)|NoOp@NoOp|NoOp@NoOp|NoOp@NoOp
158264709:NoOp@NoOp|NoOp@NoOp|NoOp@NoOp|NoOp@NoOp|NoOp@NoOp|NoOp@NoOp|Push(W,W)@Push(W,W)|NoOp@NoOp|NoOp@NoOp|NoOp@NoOp
158274625:NoOp@NoOp|NoOp@NoOp|NoOp@NoOp|NoOp@NoOp|NoOp@NoOp|NoOp@NoOp|Push(W,W)@Push(W,W)|NoOp@NoOp|NoOp@NoOp|NoOp@NoOp
158285500:NoOp@NoOp|NoOp@NoOp|NoOp@NoOp|NoOp@NoOp|NoOp@NoOp|NoOp@NoOp|Push(W,W)@Push(W,W)|NoOp@NoOp|NoOp@NoOp|NoOp@NoOp
158296084:NoOp@NoOp|NoOp@NoOp|NoOp@NoOp|NoOp@NoOp|NoOp@NoOp|NoOp@NoOp|Push(W,W)@Push(W,W)|NoOp@NoOp|NoOp@NoOp|NoOp@NoOp
158311000:NoOp@NoOp|NoOp@NoOp|NoOp@NoOp|NoOp@NoOp|NoOp@NoOp|NoOp@NoOp|Push(W,W)@Push(W,W)|NoOp@NoOp|NoOp@NoOp|NoOp@NoOp
158321792:NoOp@NoOp|NoOp@NoOp|NoOp@NoOp|NoOp@NoOp|NoOp@NoOp|NoOp@NoOp|Push(W,W)@Push(W,W)|NoOp@NoOp|NoOp@NoOp|NoOp@NoOp
158332334:NoOp@NoOp|NoOp@NoOp|NoOp@NoOp|NoOp@NoOp|NoOp@NoOp|NoOp@NoOp|Push(W,W)@Push(W,W)|NoOp@NoOp|NoOp@NoOp|NoOp@NoOp
158344334:NoOp@NoOp|NoOp@NoOp|NoOp@NoOp|NoOp@NoOp|NoOp@NoOp|NoOp@NoOp|Push(W,W)@Push(W,W)|NoOp@NoOp|NoOp@NoOp|NoOp@NoOp
158363167:NoOp@NoOp|NoOp@NoOp|NoOp@NoOp|NoOp@NoOp|NoOp@NoOp|NoOp@NoOp|Push(W,W)@Push(W,W)|NoOp@NoOp|NoOp@NoOp|NoOp@NoOp
158382084:NoOp@NoOp|NoOp@NoOp|NoOp@NoOp|NoOp@NoOp|NoOp@NoOp|NoOp@NoOp|Push(W,W)@Push(W,W)|NoOp@NoOp|NoOp@NoOp|NoOp@NoOp
158395959:NoOp@NoOp|NoOp@NoOp|NoOp@NoOp|NoOp@NoOp|NoOp@NoOp|NoOp@NoOp|Push(W,W)@Push(W,W)|NoOp@NoOp|NoOp@NoOp|NoOp@NoOp
158407709:NoOp@NoOp|NoOp@NoOp|NoOp@NoOp|NoOp@NoOp|NoOp@NoOp|NoOp@NoOp|Push(W,W)@Push(W,W)|NoOp@NoOp|NoOp@NoOp|NoOp@NoOp
158418167:NoOp@NoOp|NoOp@NoOp|NoOp@NoOp|NoOp@NoOp|NoOp@NoOp|NoOp@NoOp|Push(W,W)@Push(W,W)|NoOp@NoOp|NoOp@NoOp|NoOp@NoOp
158428709:NoOp@NoOp|NoOp@NoOp|NoOp@NoOp|NoOp@NoOp|NoOp@NoOp|NoOp@NoOp|Push(W,W)@Push(W,W)|NoOp@NoOp|NoOp@NoOp|NoOp@NoOp
158439209:NoOp@NoOp|NoOp@NoOp|NoOp@NoOp|NoOp@NoOp|NoOp@NoOp|NoOp@NoOp|Push(W,W)@Push(W,W)|NoOp@NoOp|NoOp@NoOp|NoOp@NoOp
158453500:NoOp@NoOp|NoOp@NoOp|NoOp@NoOp|NoOp@NoOp|NoOp@NoOp|NoOp@NoOp|Push(W,W)@Push(W,W)|NoOp@NoOp|NoOp@NoOp|NoOp@NoOp
158465125:NoOp@NoOp|NoOp@NoOp|NoOp@NoOp|NoOp@NoOp|NoOp@NoOp|NoOp@NoOp|Push(W,W)@Push(W,W)|NoOp@NoOp|NoOp@NoOp|NoOp@NoOp
158477917:NoOp@NoOp|NoOp@NoOp|NoOp@NoOp|NoOp@NoOp|NoOp@NoOp|NoOp@NoOp|Push(W,W)@Push(W,W)|NoOp@NoOp|NoOp@NoOp|NoOp@NoOp
158490042:NoOp@NoOp|NoOp@NoOp|NoOp@NoOp|NoOp@NoOp|NoOp@NoOp|NoOp@NoOp|Push(W,W)@Push(W,W)|NoOp@NoOp|NoOp@NoOp|NoOp@NoOp
158500834:NoOp@NoOp|NoOp@NoOp|NoOp@NoOp|NoOp@NoOp|NoOp@NoOp|NoOp@NoOp|Push(W,W)@Push(W,W)|NoOp@NoOp|NoOp@NoOp|NoOp@NoOp
158511334:NoOp@NoOp|NoOp@NoOp|NoOp@NoOp|NoOp@NoOp|NoOp@NoOp|NoOp@NoOp|Push(W,W)@Push(W,W)|NoOp@NoOp|NoOp@NoOp|NoOp@NoOp
158523875:NoOp@NoOp|NoOp@NoOp|NoOp@NoOp|NoOp@NoOp|NoOp@NoOp|NoOp@NoOp|Push(W,W)@Push(W,W)|NoOp@NoOp|NoOp@NoOp|NoOp@NoOp
158536542:NoOp@NoOp|NoOp@NoOp|NoOp@NoOp|NoOp@NoOp|NoOp@NoOp|NoOp@NoOp|Push(W,W)@Push(W,W)|NoOp@NoOp|NoOp@NoOp|NoOp@NoOp
158547750:NoOp@NoOp|NoOp@NoOp|NoOp@NoOp|NoOp@NoOp|NoOp@NoOp|NoOp@NoOp|Push(W,W)@Push(W,W)|NoOp@NoOp|NoOp@NoOp|NoOp@NoOp
158558375:NoOp@NoOp|NoOp@NoOp|NoOp@NoOp|NoOp@NoOp|NoOp@NoOp|NoOp@NoOp|Push(W,W)@Push(W,W)|NoOp@NoOp|NoOp@NoOp|NoOp@NoOp
158569334:NoOp@NoOp|NoOp@NoOp|NoOp@NoOp|NoOp@NoOp|NoOp@NoOp|NoOp@NoOp|Push(W,W)@Push(W,W)|NoOp@NoOp|NoOp@NoOp|NoOp@NoOp
158586625:NoOp@NoOp|NoOp@NoOp|NoOp@NoOp|NoOp@NoOp|NoOp@NoOp|NoOp@NoOp|Push(W,W)@Push(W,W)|NoOp@NoOp|NoOp@NoOp|NoOp@NoOp
158602250:NoOp@NoOp|NoOp@NoOp|NoOp@NoOp|NoOp@NoOp|NoOp@NoOp|NoOp@NoOp|Push(W,W)@Push(W,W)|NoOp@NoOp|NoOp@NoOp|NoOp@NoOp
158613792:NoOp@NoOp|NoOp@NoOp|NoOp@NoOp|NoOp@NoOp|NoOp@NoOp|NoOp@NoOp|Move(N)@Move(N)|NoOp@NoOp|NoOp@NoOp|NoOp@NoOp
158624709:NoOp@NoOp|NoOp@NoOp|NoOp@NoOp|NoOp@NoOp|NoOp@NoOp|NoOp@NoOp|Move(N)@Move(N)|NoOp@NoOp|NoOp@NoOp|NoOp@NoOp
158638584:NoOp@NoOp|NoOp@NoOp|NoOp@NoOp|NoOp@NoOp|NoOp@NoOp|NoOp@NoOp|NoOp@NoOp|Move(E)@Move(E)|NoOp@NoOp|NoOp@NoOp
158652959:Move(S)@Move(S)|NoOp@NoOp|NoOp@NoOp|NoOp@NoOp|NoOp@NoOp|NoOp@NoOp|NoOp@NoOp|NoOp@NoOp|NoOp@NoOp|NoOp@NoOp
158664959:Move(W)@Move(W)|NoOp@NoOp|NoOp@NoOp|NoOp@NoOp|NoOp@NoOp|NoOp@NoOp|NoOp@NoOp|NoOp@NoOp|NoOp@NoOp|NoOp@NoOp
158678834:Move(W)@Move(W)|NoOp@NoOp|NoOp@NoOp|NoOp@NoOp|NoOp@NoOp|NoOp@NoOp|NoOp@NoOp|NoOp@NoOp|NoOp@NoOp|NoOp@NoOp
158689750:Move(N)@Move(N)|NoOp@NoOp|NoOp@NoOp|NoOp@NoOp|NoOp@NoOp|NoOp@NoOp|NoOp@NoOp|NoOp@NoOp|NoOp@NoOp|NoOp@NoOp
158702667:Move(N)@Move(N)|NoOp@NoOp|NoOp@NoOp|NoOp@NoOp|NoOp@NoOp|NoOp@NoOp|NoOp@NoOp|NoOp@NoOp|NoOp@NoOp|NoOp@NoOp
158714500:Pull(S,S)@Pull(S,S)|NoOp@NoOp|NoOp@NoOp|NoOp@NoOp|NoOp@NoOp|NoOp@NoOp|NoOp@NoOp|NoOp@NoOp|NoOp@NoOp|NoOp@NoOp
158727417:Pull(S,S)@Pull(S,S)|NoOp@NoOp|NoOp@NoOp|NoOp@NoOp|NoOp@NoOp|NoOp@NoOp|NoOp@NoOp|NoOp@NoOp|NoOp@NoOp|NoOp@NoOp
158741084:Pull(E,S)@Pull(E,S)|NoOp@NoOp|NoOp@NoOp|NoOp@NoOp|NoOp@NoOp|NoOp@NoOp|NoOp@NoOp|NoOp@NoOp|NoOp@NoOp|NoOp@NoOp
158752917:Pull(E,E)@Pull(E,E)|NoOp@NoOp|NoOp@NoOp|NoOp@NoOp|NoOp@NoOp|NoOp@NoOp|NoOp@NoOp|NoOp@NoOp|NoOp@NoOp|NoOp@NoOp
158763625:Pull(E,E)@Pull(E,E)|NoOp@NoOp|NoOp@NoOp|NoOp@NoOp|NoOp@NoOp|NoOp@NoOp|NoOp@NoOp|NoOp@NoOp|NoOp@NoOp|NoOp@NoOp
158773125:Pull(E,E)@Pull(E,E)|NoOp@NoOp|NoOp@NoOp|NoOp@NoOp|NoOp@NoOp|NoOp@NoOp|NoOp@NoOp|NoOp@NoOp|NoOp@NoOp|NoOp@NoOp
158783459:Pull(E,E)@Pull(E,E)|NoOp@NoOp|NoOp@NoOp|NoOp@NoOp|NoOp@NoOp|NoOp@NoOp|NoOp@NoOp|NoOp@NoOp|NoOp@NoOp|NoOp@NoOp
158793625:Pull(E,E)@Pull(E,E)|NoOp@NoOp|NoOp@NoOp|NoOp@NoOp|NoOp@NoOp|NoOp@NoOp|NoOp@NoOp|NoOp@NoOp|NoOp@NoOp|NoOp@NoOp
158804292:Pull(E,E)@Pull(E,E)|NoOp@NoOp|NoOp@NoOp|NoOp@NoOp|NoOp@NoOp|NoOp@NoOp|NoOp@NoOp|NoOp@NoOp|NoOp@NoOp|NoOp@NoOp
158817417:Pull(E,E)@Pull(E,E)|NoOp@NoOp|NoOp@NoOp|NoOp@NoOp|NoOp@NoOp|NoOp@NoOp|NoOp@NoOp|NoOp@NoOp|NoOp@NoOp|NoOp@NoOp
158829875:Pull(E,E)@Pull(E,E)|NoOp@NoOp|NoOp@NoOp|NoOp@NoOp|NoOp@NoOp|NoOp@NoOp|NoOp@NoOp|NoOp@NoOp|NoOp@NoOp|NoOp@NoOp
158841834:Push(W,S)@Push(W,S)|NoOp@NoOp|NoOp@NoOp|NoOp@NoOp|NoOp@NoOp|NoOp@NoOp|NoOp@NoOp|NoOp@NoOp|NoOp@NoOp|NoOp@NoOp
158853917:NoOp@NoOp|NoOp@NoOp|NoOp@NoOp|NoOp@NoOp|NoOp@NoOp|NoOp@NoOp|NoOp@NoOp|Move(S)@Move(S)|NoOp@NoOp|NoOp@NoOp
158868042:NoOp@NoOp|NoOp@NoOp|NoOp@NoOp|NoOp@NoOp|NoOp@NoOp|NoOp@NoOp|NoOp@NoOp|Move(E)@Move(E)|NoOp@NoOp|NoOp@NoOp
158880625:NoOp@NoOp|NoOp@NoOp|NoOp@NoOp|NoOp@NoOp|NoOp@NoOp|NoOp@NoOp|NoOp@NoOp|Move(E)@Move(E)|NoOp@NoOp|NoOp@NoOp
158893667:NoOp@NoOp|NoOp@NoOp|NoOp@NoOp|NoOp@NoOp|NoOp@NoOp|NoOp@NoOp|NoOp@NoOp|Move(E)@Move(E)|NoOp@NoOp|NoOp@NoOp
158905875:NoOp@NoOp|NoOp@NoOp|NoOp@NoOp|NoOp@NoOp|NoOp@NoOp|NoOp@NoOp|NoOp@NoOp|Move(E)@Move(E)|NoOp@NoOp|NoOp@NoOp
158916000:NoOp@NoOp|NoOp@NoOp|NoOp@NoOp|NoOp@NoOp|NoOp@NoOp|NoOp@NoOp|NoOp@NoOp|Move(N)@Move(N)|NoOp@NoOp|NoOp@NoOp
158925792:NoOp@NoOp|NoOp@NoOp|NoOp@NoOp|NoOp@NoOp|NoOp@NoOp|NoOp@NoOp|NoOp@NoOp|Move(N)@Move(N)|NoOp@NoOp|NoOp@NoOp
158938292:NoOp@NoOp|NoOp@NoOp|NoOp@NoOp|NoOp@NoOp|NoOp@NoOp|NoOp@NoOp|NoOp@NoOp|Move(E)@Move(E)|NoOp@NoOp|NoOp@NoOp
158949459:NoOp@NoOp|NoOp@NoOp|NoOp@NoOp|NoOp@NoOp|NoOp@NoOp|NoOp@NoOp|NoOp@NoOp|Move(E)@Move(E)|NoOp@NoOp|NoOp@NoOp
158958834:NoOp@NoOp|NoOp@NoOp|NoOp@NoOp|NoOp@NoOp|NoOp@NoOp|NoOp@NoOp|NoOp@NoOp|Move(E)@Move(E)|NoOp@NoOp|NoOp@NoOp
158971875:NoOp@NoOp|NoOp@NoOp|NoOp@NoOp|NoOp@NoOp|NoOp@NoOp|NoOp@NoOp|NoOp@NoOp|Move(E)@Move(E)|NoOp@NoOp|NoOp@NoOp
158983000:NoOp@NoOp|NoOp@NoOp|NoOp@NoOp|NoOp@NoOp|NoOp@NoOp|NoOp@NoOp|NoOp@NoOp|Move(E)@Move(E)|NoOp@NoOp|NoOp@NoOp
158991875:NoOp@NoOp|NoOp@NoOp|NoOp@NoOp|NoOp@NoOp|NoOp@NoOp|NoOp@NoOp|NoOp@NoOp|Move(E)@Move(E)|NoOp@NoOp|NoOp@NoOp
159002125:NoOp@NoOp|NoOp@NoOp|NoOp@NoOp|NoOp@NoOp|NoOp@NoOp|NoOp@NoOp|NoOp@NoOp|Move(E)@Move(E)|NoOp@NoOp|NoOp@NoOp
159014542:NoOp@NoOp|NoOp@NoOp|NoOp@NoOp|NoOp@NoOp|NoOp@NoOp|NoOp@NoOp|NoOp@NoOp|Move(E)@Move(E)|NoOp@NoOp|NoOp@NoOp
159028667:NoOp@NoOp|NoOp@NoOp|NoOp@NoOp|NoOp@NoOp|NoOp@NoOp|NoOp@NoOp|NoOp@NoOp|Move(E)@Move(E)|NoOp@NoOp|NoOp@NoOp
159039125:NoOp@NoOp|NoOp@NoOp|NoOp@NoOp|NoOp@NoOp|NoOp@NoOp|NoOp@NoOp|NoOp@NoOp|Move(E)@Move(E)|NoOp@NoOp|NoOp@NoOp
159049917:NoOp@NoOp|NoOp@NoOp|NoOp@NoOp|NoOp@NoOp|NoOp@NoOp|NoOp@NoOp|NoOp@NoOp|Move(E)@Move(E)|NoOp@NoOp|NoOp@NoOp
159060334:NoOp@NoOp|NoOp@NoOp|NoOp@NoOp|NoOp@NoOp|NoOp@NoOp|NoOp@NoOp|NoOp@NoOp|Move(E)@Move(E)|NoOp@NoOp|NoOp@NoOp
159070625:NoOp@NoOp|NoOp@NoOp|NoOp@NoOp|NoOp@NoOp|NoOp@NoOp|NoOp@NoOp|NoOp@NoOp|Move(E)@Move(E)|NoOp@NoOp|NoOp@NoOp
159081084:NoOp@NoOp|NoOp@NoOp|NoOp@NoOp|NoOp@NoOp|NoOp@NoOp|NoOp@NoOp|NoOp@NoOp|Move(E)@Move(E)|NoOp@NoOp|NoOp@NoOp
159092125:NoOp@NoOp|NoOp@NoOp|NoOp@NoOp|NoOp@NoOp|NoOp@NoOp|NoOp@NoOp|NoOp@NoOp|Move(E)@Move(E)|NoOp@NoOp|NoOp@NoOp
159101917:NoOp@NoOp|NoOp@NoOp|NoOp@NoOp|NoOp@NoOp|NoOp@NoOp|NoOp@NoOp|NoOp@NoOp|Move(E)@Move(E)|NoOp@NoOp|NoOp@NoOp
159111625:NoOp@NoOp|NoOp@NoOp|NoOp@NoOp|NoOp@NoOp|NoOp@NoOp|NoOp@NoOp|NoOp@NoOp|Move(E)@Move(E)|NoOp@NoOp|NoOp@NoOp
159121917:NoOp@NoOp|NoOp@NoOp|NoOp@NoOp|NoOp@NoOp|NoOp@NoOp|NoOp@NoOp|NoOp@NoOp|Move(E)@Move(E)|NoOp@NoOp|NoOp@NoOp
159131542:NoOp@NoOp|NoOp@NoOp|NoOp@NoOp|NoOp@NoOp|NoOp@NoOp|NoOp@NoOp|NoOp@NoOp|Move(E)@Move(E)|NoOp@NoOp|NoOp@NoOp
159142959:NoOp@NoOp|NoOp@NoOp|NoOp@NoOp|NoOp@NoOp|NoOp@NoOp|NoOp@NoOp|NoOp@NoOp|Move(E)@Move(E)|NoOp@NoOp|NoOp@NoOp
159162542:NoOp@NoOp|NoOp@NoOp|NoOp@NoOp|NoOp@NoOp|NoOp@NoOp|NoOp@NoOp|NoOp@NoOp|Move(E)@Move(E)|NoOp@NoOp|NoOp@NoOp
159172959:NoOp@NoOp|NoOp@NoOp|NoOp@NoOp|NoOp@NoOp|NoOp@NoOp|NoOp@NoOp|NoOp@NoOp|Move(E)@Move(E)|NoOp@NoOp|NoOp@NoOp
159183209:NoOp@NoOp|NoOp@NoOp|NoOp@NoOp|NoOp@NoOp|NoOp@NoOp|NoOp@NoOp|NoOp@NoOp|Move(E)@Move(E)|NoOp@NoOp|NoOp@NoOp
159192875:NoOp@NoOp|NoOp@NoOp|NoOp@NoOp|NoOp@NoOp|NoOp@NoOp|NoOp@NoOp|NoOp@NoOp|Move(E)@Move(E)|NoOp@NoOp|NoOp@NoOp
159202084:NoOp@NoOp|NoOp@NoOp|NoOp@NoOp|NoOp@NoOp|NoOp@NoOp|NoOp@NoOp|NoOp@NoOp|Move(E)@Move(E)|NoOp@NoOp|NoOp@NoOp
159213292:NoOp@NoOp|NoOp@NoOp|NoOp@NoOp|NoOp@NoOp|NoOp@NoOp|NoOp@NoOp|NoOp@NoOp|Move(E)@Move(E)|NoOp@NoOp|NoOp@NoOp
159223834:NoOp@NoOp|NoOp@NoOp|NoOp@NoOp|NoOp@NoOp|NoOp@NoOp|NoOp@NoOp|NoOp@NoOp|Pull(S,S)@Pull(S,S)|NoOp@NoOp|NoOp@NoOp
159234375:NoOp@NoOp|NoOp@NoOp|NoOp@NoOp|NoOp@NoOp|NoOp@NoOp|NoOp@NoOp|NoOp@NoOp|Push(N,W)@Push(N,W)|NoOp@NoOp|NoOp@NoOp
159244667:NoOp@NoOp|NoOp@NoOp|NoOp@NoOp|NoOp@NoOp|NoOp@NoOp|NoOp@NoOp|NoOp@NoOp|Push(W,S)@Push(W,S)|NoOp@NoOp|NoOp@NoOp
159254417:NoOp@NoOp|NoOp@NoOp|NoOp@NoOp|NoOp@NoOp|NoOp@NoOp|NoOp@NoOp|NoOp@NoOp|Push(S,S)@Push(S,S)|NoOp@NoOp|NoOp@NoOp
159262709:NoOp@NoOp|NoOp@NoOp|NoOp@NoOp|NoOp@NoOp|NoOp@NoOp|NoOp@NoOp|NoOp@NoOp|Push(S,S)@Push(S,S)|NoOp@NoOp|NoOp@NoOp
159274375:NoOp@NoOp|NoOp@NoOp|NoOp@NoOp|NoOp@NoOp|NoOp@NoOp|NoOp@NoOp|NoOp@NoOp|Push(S,W)@Push(S,W)|NoOp@NoOp|NoOp@NoOp
159288375:NoOp@NoOp|NoOp@NoOp|NoOp@NoOp|NoOp@NoOp|NoOp@NoOp|NoOp@NoOp|NoOp@NoOp|Push(W,W)@Push(W,W)|NoOp@NoOp|NoOp@NoOp
159299917:NoOp@NoOp|NoOp@NoOp|NoOp@NoOp|NoOp@NoOp|NoOp@NoOp|NoOp@NoOp|NoOp@NoOp|Push(W,W)@Push(W,W)|NoOp@NoOp|NoOp@NoOp
159311292:NoOp@NoOp|NoOp@NoOp|NoOp@NoOp|NoOp@NoOp|NoOp@NoOp|NoOp@NoOp|NoOp@NoOp|Push(W,W)@Push(W,W)|NoOp@NoOp|NoOp@NoOp
159323667:NoOp@NoOp|NoOp@NoOp|NoOp@NoOp|NoOp@NoOp|NoOp@NoOp|NoOp@NoOp|NoOp@NoOp|Push(W,W)@Push(W,W)|NoOp@NoOp|NoOp@NoOp
159344000:NoOp@NoOp|NoOp@NoOp|NoOp@NoOp|NoOp@NoOp|NoOp@NoOp|NoOp@NoOp|NoOp@NoOp|Push(W,W)@Push(W,W)|NoOp@NoOp|NoOp@NoOp
159363125:NoOp@NoOp|NoOp@NoOp|NoOp@NoOp|NoOp@NoOp|NoOp@NoOp|NoOp@NoOp|NoOp@NoOp|Push(W,W)@Push(W,W)|NoOp@NoOp|NoOp@NoOp
159379875:NoOp@NoOp|NoOp@NoOp|NoOp@NoOp|NoOp@NoOp|NoOp@NoOp|NoOp@NoOp|NoOp@NoOp|Push(W,W)@Push(W,W)|NoOp@NoOp|NoOp@NoOp
159395959:NoOp@NoOp|NoOp@NoOp|NoOp@NoOp|NoOp@NoOp|NoOp@NoOp|NoOp@NoOp|NoOp@NoOp|Push(W,W)@Push(W,W)|NoOp@NoOp|NoOp@NoOp
159410042:NoOp@NoOp|NoOp@NoOp|NoOp@NoOp|NoOp@NoOp|NoOp@NoOp|NoOp@NoOp|NoOp@NoOp|Push(W,W)@Push(W,W)|NoOp@NoOp|NoOp@NoOp
159424709:NoOp@NoOp|NoOp@NoOp|NoOp@NoOp|NoOp@NoOp|NoOp@NoOp|NoOp@NoOp|NoOp@NoOp|Push(W,W)@Push(W,W)|NoOp@NoOp|NoOp@NoOp
159449209:NoOp@NoOp|NoOp@NoOp|NoOp@NoOp|NoOp@NoOp|NoOp@NoOp|NoOp@NoOp|NoOp@NoOp|Push(W,W)@Push(W,W)|NoOp@NoOp|NoOp@NoOp
159467709:NoOp@NoOp|NoOp@NoOp|NoOp@NoOp|NoOp@NoOp|NoOp@NoOp|NoOp@NoOp|NoOp@NoOp|Push(W,W)@Push(W,W)|NoOp@NoOp|NoOp@NoOp
159482167:NoOp@NoOp|NoOp@NoOp|NoOp@NoOp|NoOp@NoOp|NoOp@NoOp|NoOp@NoOp|NoOp@NoOp|Push(W,W)@Push(W,W)|NoOp@NoOp|NoOp@NoOp
159498000:NoOp@NoOp|NoOp@NoOp|NoOp@NoOp|NoOp@NoOp|NoOp@NoOp|NoOp@NoOp|NoOp@NoOp|Push(W,W)@Push(W,W)|NoOp@NoOp|NoOp@NoOp
159514000:NoOp@NoOp|NoOp@NoOp|NoOp@NoOp|NoOp@NoOp|NoOp@NoOp|NoOp@NoOp|NoOp@NoOp|Push(W,W)@Push(W,W)|NoOp@NoOp|NoOp@NoOp
159530084:NoOp@NoOp|NoOp@NoOp|NoOp@NoOp|NoOp@NoOp|NoOp@NoOp|NoOp@NoOp|NoOp@NoOp|Push(W,W)@Push(W,W)|NoOp@NoOp|NoOp@NoOp
159545959:NoOp@NoOp|NoOp@NoOp|NoOp@NoOp|NoOp@NoOp|NoOp@NoOp|NoOp@NoOp|NoOp@NoOp|Push(W,W)@Push(W,W)|NoOp@NoOp|NoOp@NoOp
159561250:NoOp@NoOp|NoOp@NoOp|NoOp@NoOp|NoOp@NoOp|NoOp@NoOp|NoOp@NoOp|NoOp@NoOp|Push(W,W)@Push(W,W)|NoOp@NoOp|NoOp@NoOp
159576542:NoOp@NoOp|NoOp@NoOp|NoOp@NoOp|NoOp@NoOp|NoOp@NoOp|NoOp@NoOp|NoOp@NoOp|Push(W,W)@Push(W,W)|NoOp@NoOp|NoOp@NoOp
159592292:NoOp@NoOp|NoOp@NoOp|NoOp@NoOp|NoOp@NoOp|NoOp@NoOp|NoOp@NoOp|NoOp@NoOp|Push(W,W)@Push(W,W)|NoOp@NoOp|NoOp@NoOp
159607250:NoOp@NoOp|NoOp@NoOp|NoOp@NoOp|NoOp@NoOp|NoOp@NoOp|NoOp@NoOp|NoOp@NoOp|Move(N)@Move(N)|NoOp@NoOp|NoOp@NoOp
159623334:NoOp@NoOp|NoOp@NoOp|NoOp@NoOp|NoOp@NoOp|NoOp@NoOp|NoOp@NoOp|NoOp@NoOp|Move(N)@Move(N)|NoOp@NoOp|NoOp@NoOp
159639625:NoOp@NoOp|Move(E)@Move(E)|NoOp@NoOp|NoOp@NoOp|NoOp@NoOp|NoOp@NoOp|NoOp@NoOp|NoOp@NoOp|NoOp@NoOp|NoOp@NoOp
159653875:NoOp@NoOp|Move(E)@Move(E)|NoOp@NoOp|NoOp@NoOp|NoOp@NoOp|NoOp@NoOp|NoOp@NoOp|NoOp@NoOp|NoOp@NoOp|NoOp@NoOp
159668167:NoOp@NoOp|Move(E)@Move(E)|NoOp@NoOp|NoOp@NoOp|NoOp@NoOp|NoOp@NoOp|NoOp@NoOp|NoOp@NoOp|NoOp@NoOp|NoOp@NoOp
159686834:NoOp@NoOp|Push(N,E)@Push(N,E)|NoOp@NoOp|NoOp@NoOp|NoOp@NoOp|NoOp@NoOp|NoOp@NoOp|NoOp@NoOp|NoOp@NoOp|NoOp@NoOp
159705542:NoOp@NoOp|Push(E,S)@Push(E,S)|NoOp@NoOp|NoOp@NoOp|NoOp@NoOp|NoOp@NoOp|NoOp@NoOp|NoOp@NoOp|NoOp@NoOp|NoOp@NoOp
159724375:NoOp@NoOp|Push(S,E)@Push(S,E)|NoOp@NoOp|NoOp@NoOp|NoOp@NoOp|NoOp@NoOp|NoOp@NoOp|NoOp@NoOp|NoOp@NoOp|NoOp@NoOp
159744584:NoOp@NoOp|Push(E,E)@Push(E,E)|NoOp@NoOp|NoOp@NoOp|NoOp@NoOp|NoOp@NoOp|NoOp@NoOp|NoOp@NoOp|NoOp@NoOp|NoOp@NoOp
159762375:NoOp@NoOp|Push(E,E)@Push(E,E)|NoOp@NoOp|NoOp@NoOp|NoOp@NoOp|NoOp@NoOp|NoOp@NoOp|NoOp@NoOp|NoOp@NoOp|NoOp@NoOp
159780875:NoOp@NoOp|Push(E,S)@Push(E,S)|NoOp@NoOp|NoOp@NoOp|NoOp@NoOp|NoOp@NoOp|NoOp@NoOp|NoOp@NoOp|NoOp@NoOp|NoOp@NoOp
159798584:NoOp@NoOp|Push(S,S)@Push(S,S)|NoOp@NoOp|NoOp@NoOp|NoOp@NoOp|NoOp@NoOp|NoOp@NoOp|NoOp@NoOp|NoOp@NoOp|NoOp@NoOp
159813625:NoOp@NoOp|Push(S,E)@Push(S,E)|NoOp@NoOp|NoOp@NoOp|NoOp@NoOp|NoOp@NoOp|NoOp@NoOp|NoOp@NoOp|NoOp@NoOp|NoOp@NoOp
159828584:NoOp@NoOp|Push(E,S)@Push(E,S)|NoOp@NoOp|NoOp@NoOp|NoOp@NoOp|NoOp@NoOp|NoOp@NoOp|NoOp@NoOp|NoOp@NoOp|NoOp@NoOp
159844709:NoOp@NoOp|NoOp@NoOp|Move(N)@Move(N)|NoOp@NoOp|NoOp@NoOp|NoOp@NoOp|NoOp@NoOp|NoOp@NoOp|NoOp@NoOp|NoOp@NoOp
159860250:NoOp@NoOp|NoOp@NoOp|Move(E)@Move(E)|NoOp@NoOp|NoOp@NoOp|NoOp@NoOp|NoOp@NoOp|NoOp@NoOp|NoOp@NoOp|NoOp@NoOp
159873709:NoOp@NoOp|NoOp@NoOp|Move(E)@Move(E)|NoOp@NoOp|NoOp@NoOp|NoOp@NoOp|NoOp@NoOp|NoOp@NoOp|NoOp@NoOp|NoOp@NoOp
159888250:NoOp@NoOp|NoOp@NoOp|Move(E)@Move(E)|NoOp@NoOp|NoOp@NoOp|NoOp@NoOp|NoOp@NoOp|NoOp@NoOp|NoOp@NoOp|NoOp@NoOp
159906417:NoOp@NoOp|NoOp@NoOp|Move(E)@Move(E)|NoOp@NoOp|NoOp@NoOp|NoOp@NoOp|NoOp@NoOp|NoOp@NoOp|NoOp@NoOp|NoOp@NoOp
159925125:NoOp@NoOp|NoOp@NoOp|Move(E)@Move(E)|NoOp@NoOp|NoOp@NoOp|NoOp@NoOp|NoOp@NoOp|NoOp@NoOp|NoOp@NoOp|NoOp@NoOp
159941000:NoOp@NoOp|NoOp@NoOp|Move(E)@Move(E)|NoOp@NoOp|NoOp@NoOp|NoOp@NoOp|NoOp@NoOp|NoOp@NoOp|NoOp@NoOp|NoOp@NoOp
159955584:NoOp@NoOp|NoOp@NoOp|Move(E)@Move(E)|NoOp@NoOp|NoOp@NoOp|NoOp@NoOp|NoOp@NoOp|NoOp@NoOp|NoOp@NoOp|NoOp@NoOp
159969542:NoOp@NoOp|NoOp@NoOp|Move(E)@Move(E)|NoOp@NoOp|NoOp@NoOp|NoOp@NoOp|NoOp@NoOp|NoOp@NoOp|NoOp@NoOp|NoOp@NoOp
159983375:NoOp@NoOp|NoOp@NoOp|Move(E)@Move(E)|NoOp@NoOp|NoOp@NoOp|NoOp@NoOp|NoOp@NoOp|NoOp@NoOp|NoOp@NoOp|NoOp@NoOp
159997209:NoOp@NoOp|NoOp@NoOp|Move(E)@Move(E)|NoOp@NoOp|NoOp@NoOp|NoOp@NoOp|NoOp@NoOp|NoOp@NoOp|NoOp@NoOp|NoOp@NoOp
160011542:NoOp@NoOp|NoOp@NoOp|Move(E)@Move(E)|NoOp@NoOp|NoOp@NoOp|NoOp@NoOp|NoOp@NoOp|NoOp@NoOp|NoOp@NoOp|NoOp@NoOp
160026417:NoOp@NoOp|NoOp@NoOp|Move(E)@Move(E)|NoOp@NoOp|NoOp@NoOp|NoOp@NoOp|NoOp@NoOp|NoOp@NoOp|NoOp@NoOp|NoOp@NoOp
160039917:NoOp@NoOp|NoOp@NoOp|Move(E)@Move(E)|NoOp@NoOp|NoOp@NoOp|NoOp@NoOp|NoOp@NoOp|NoOp@NoOp|NoOp@NoOp|NoOp@NoOp
160054459:NoOp@NoOp|NoOp@NoOp|Move(E)@Move(E)|NoOp@NoOp|NoOp@NoOp|NoOp@NoOp|NoOp@NoOp|NoOp@NoOp|NoOp@NoOp|NoOp@NoOp
160067792:NoOp@NoOp|NoOp@NoOp|Move(E)@Move(E)|NoOp@NoOp|NoOp@NoOp|NoOp@NoOp|NoOp@NoOp|NoOp@NoOp|NoOp@NoOp|NoOp@NoOp
160082000:NoOp@NoOp|NoOp@NoOp|Move(N)@Move(N)|NoOp@NoOp|NoOp@NoOp|NoOp@NoOp|NoOp@NoOp|NoOp@NoOp|NoOp@NoOp|NoOp@NoOp
160095667:NoOp@NoOp|NoOp@NoOp|Push(E,S)@Push(E,S)|NoOp@NoOp|NoOp@NoOp|NoOp@NoOp|NoOp@NoOp|NoOp@NoOp|NoOp@NoOp|NoOp@NoOp
160115250:NoOp@NoOp|NoOp@NoOp|Push(S,S)@Push(S,S)|NoOp@NoOp|NoOp@NoOp|NoOp@NoOp|NoOp@NoOp|NoOp@NoOp|NoOp@NoOp|NoOp@NoOp
160130209:NoOp@NoOp|NoOp@NoOp|Push(S,S)@Push(S,S)|NoOp@NoOp|NoOp@NoOp|NoOp@NoOp|NoOp@NoOp|NoOp@NoOp|NoOp@NoOp|NoOp@NoOp
160148875:NoOp@NoOp|NoOp@NoOp|Push(S,S)@Push(S,S)|NoOp@NoOp|NoOp@NoOp|NoOp@NoOp|NoOp@NoOp|NoOp@NoOp|NoOp@NoOp|NoOp@NoOp
160168417:NoOp@NoOp|NoOp@NoOp|Push(S,W)@Push(S,W)|NoOp@NoOp|NoOp@NoOp|NoOp@NoOp|NoOp@NoOp|NoOp@NoOp|NoOp@NoOp|NoOp@NoOp
160186375:NoOp@NoOp|NoOp@NoOp|Push(W,W)@Push(W,W)|NoOp@NoOp|NoOp@NoOp|NoOp@NoOp|NoOp@NoOp|NoOp@NoOp|NoOp@NoOp|NoOp@NoOp
160203667:NoOp@NoOp|NoOp@NoOp|Push(W,W)@Push(W,W)|NoOp@NoOp|NoOp@NoOp|NoOp@NoOp|NoOp@NoOp|NoOp@NoOp|NoOp@NoOp|NoOp@NoOp
160221209:NoOp@NoOp|NoOp@NoOp|Push(W,W)@Push(W,W)|NoOp@NoOp|NoOp@NoOp|NoOp@NoOp|NoOp@NoOp|NoOp@NoOp|NoOp@NoOp|NoOp@NoOp
160237209:NoOp@NoOp|NoOp@NoOp|Push(W,W)@Push(W,W)|NoOp@NoOp|NoOp@NoOp|NoOp@NoOp|NoOp@NoOp|NoOp@NoOp|NoOp@NoOp|NoOp@NoOp
160249959:NoOp@NoOp|NoOp@NoOp|Push(W,W)@Push(W,W)|NoOp@NoOp|NoOp@NoOp|NoOp@NoOp|NoOp@NoOp|NoOp@NoOp|NoOp@NoOp|NoOp@NoOp
160262459:NoOp@NoOp|NoOp@NoOp|Push(W,W)@Push(W,W)|NoOp@NoOp|NoOp@NoOp|NoOp@NoOp|NoOp@NoOp|NoOp@NoOp|NoOp@NoOp|NoOp@NoOp
160274792:NoOp@NoOp|NoOp@NoOp|Push(W,W)@Push(W,W)|NoOp@NoOp|NoOp@NoOp|NoOp@NoOp|NoOp@NoOp|NoOp@NoOp|NoOp@NoOp|NoOp@NoOp
160287625:NoOp@NoOp|NoOp@NoOp|Move(N)@Move(N)|NoOp@NoOp|NoOp@NoOp|NoOp@NoOp|NoOp@NoOp|NoOp@NoOp|NoOp@NoOp|NoOp@NoOp
160304250:NoOp@NoOp|NoOp@NoOp|Move(N)@Move(N)|NoOp@NoOp|NoOp@NoOp|NoOp@NoOp|NoOp@NoOp|NoOp@NoOp|NoOp@NoOp|NoOp@NoOp
160318917:NoOp@NoOp|NoOp@NoOp|NoOp@NoOp|NoOp@NoOp|NoOp@NoOp|Move(N)@Move(N)|NoOp@NoOp|NoOp@NoOp|NoOp@NoOp|NoOp@NoOp
160331875:NoOp@NoOp|NoOp@NoOp|NoOp@NoOp|NoOp@NoOp|NoOp@NoOp|Move(E)@Move(E)|NoOp@NoOp|NoOp@NoOp|NoOp@NoOp|NoOp@NoOp
160359750:NoOp@NoOp|NoOp@NoOp|NoOp@NoOp|Move(N)@Move(N)|NoOp@NoOp|NoOp@NoOp|NoOp@NoOp|NoOp@NoOp|NoOp@NoOp|NoOp@NoOp
160377125:NoOp@NoOp|NoOp@NoOp|NoOp@NoOp|Move(E)@Move(E)|NoOp@NoOp|NoOp@NoOp|NoOp@NoOp|NoOp@NoOp|NoOp@NoOp|NoOp@NoOp
160394292:NoOp@NoOp|NoOp@NoOp|NoOp@NoOp|Move(N)@Move(N)|NoOp@NoOp|NoOp@NoOp|NoOp@NoOp|NoOp@NoOp|NoOp@NoOp|NoOp@NoOp
160409834:NoOp@NoOp|NoOp@NoOp|NoOp@NoOp|Move(E)@Move(E)|NoOp@NoOp|NoOp@NoOp|NoOp@NoOp|NoOp@NoOp|NoOp@NoOp|NoOp@NoOp
160424584:NoOp@NoOp|NoOp@NoOp|NoOp@NoOp|Push(E,E)@Push(E,E)|NoOp@NoOp|NoOp@NoOp|NoOp@NoOp|NoOp@NoOp|NoOp@NoOp|NoOp@NoOp
160439042:NoOp@NoOp|NoOp@NoOp|NoOp@NoOp|Push(E,E)@Push(E,E)|NoOp@NoOp|NoOp@NoOp|NoOp@NoOp|NoOp@NoOp|NoOp@NoOp|NoOp@NoOp
160453500:NoOp@NoOp|NoOp@NoOp|NoOp@NoOp|Push(E,S)@Push(E,S)|NoOp@NoOp|NoOp@NoOp|NoOp@NoOp|NoOp@NoOp|NoOp@NoOp|NoOp@NoOp
160468334:NoOp@NoOp|NoOp@NoOp|NoOp@NoOp|Push(S,E)@Push(S,E)|NoOp@NoOp|NoOp@NoOp|NoOp@NoOp|NoOp@NoOp|NoOp@NoOp|NoOp@NoOp
160487667:NoOp@NoOp|NoOp@NoOp|NoOp@NoOp|Push(E,E)@Push(E,E)|NoOp@NoOp|NoOp@NoOp|NoOp@NoOp|NoOp@NoOp|NoOp@NoOp|NoOp@NoOp
160501750:NoOp@NoOp|NoOp@NoOp|NoOp@NoOp|Push(E,S)@Push(E,S)|NoOp@NoOp|NoOp@NoOp|NoOp@NoOp|NoOp@NoOp|NoOp@NoOp|NoOp@NoOp
160515792:NoOp@NoOp|NoOp@NoOp|NoOp@NoOp|Push(S,S)@Push(S,S)|NoOp@NoOp|NoOp@NoOp|NoOp@NoOp|NoOp@NoOp|NoOp@NoOp|NoOp@NoOp
160530792:NoOp@NoOp|NoOp@NoOp|NoOp@NoOp|Push(S,E)@Push(S,E)|NoOp@NoOp|NoOp@NoOp|NoOp@NoOp|NoOp@NoOp|NoOp@NoOp|NoOp@NoOp
160544459:NoOp@NoOp|NoOp@NoOp|NoOp@NoOp|Push(E,S)@Push(E,S)|NoOp@NoOp|NoOp@NoOp|NoOp@NoOp|NoOp@NoOp|NoOp@NoOp|NoOp@NoOp
160566167:NoOp@NoOp|NoOp@NoOp|NoOp@NoOp|NoOp@NoOp|NoOp@NoOp|NoOp@NoOp|NoOp@NoOp|NoOp@NoOp|Move(E)@Move(E)|NoOp@NoOp
160586334:NoOp@NoOp|NoOp@NoOp|NoOp@NoOp|NoOp@NoOp|Move(N)@Move(N)|NoOp@NoOp|NoOp@NoOp|NoOp@NoOp|NoOp@NoOp|NoOp@NoOp
160601584:NoOp@NoOp|NoOp@NoOp|NoOp@NoOp|NoOp@NoOp|Move(N)@Move(N)|NoOp@NoOp|NoOp@NoOp|NoOp@NoOp|NoOp@NoOp|NoOp@NoOp
160615792:NoOp@NoOp|NoOp@NoOp|NoOp@NoOp|NoOp@NoOp|Move(E)@Move(E)|NoOp@NoOp|NoOp@NoOp|NoOp@NoOp|NoOp@NoOp|NoOp@NoOp
160634750:NoOp@NoOp|NoOp@NoOp|NoOp@NoOp|NoOp@NoOp|Move(E)@Move(E)|NoOp@NoOp|NoOp@NoOp|NoOp@NoOp|NoOp@NoOp|NoOp@NoOp
160649625:NoOp@NoOp|NoOp@NoOp|NoOp@NoOp|NoOp@NoOp|Move(E)@Move(E)|NoOp@NoOp|NoOp@NoOp|NoOp@NoOp|NoOp@NoOp|NoOp@NoOp
160668292:NoOp@NoOp|NoOp@NoOp|NoOp@NoOp|NoOp@NoOp|Move(S)@Move(S)|NoOp@NoOp|NoOp@NoOp|NoOp@NoOp|NoOp@NoOp|NoOp@NoOp
160684834:NoOp@NoOp|NoOp@NoOp|NoOp@NoOp|NoOp@NoOp|Move(E)@Move(E)|NoOp@NoOp|NoOp@NoOp|NoOp@NoOp|NoOp@NoOp|NoOp@NoOp
160699834:NoOp@NoOp|NoOp@NoOp|NoOp@NoOp|NoOp@NoOp|Move(E)@Move(E)|NoOp@NoOp|NoOp@NoOp|NoOp@NoOp|NoOp@NoOp|NoOp@NoOp
160716459:NoOp@NoOp|NoOp@NoOp|NoOp@NoOp|NoOp@NoOp|Move(E)@Move(E)|NoOp@NoOp|NoOp@NoOp|NoOp@NoOp|NoOp@NoOp|NoOp@NoOp
160731959:NoOp@NoOp|NoOp@NoOp|NoOp@NoOp|NoOp@NoOp|Move(E)@Move(E)|NoOp@NoOp|NoOp@NoOp|NoOp@NoOp|NoOp@NoOp|NoOp@NoOp
160745625:NoOp@NoOp|NoOp@NoOp|NoOp@NoOp|NoOp@NoOp|Move(E)@Move(E)|NoOp@NoOp|NoOp@NoOp|NoOp@NoOp|NoOp@NoOp|NoOp@NoOp
160759959:NoOp@NoOp|NoOp@NoOp|NoOp@NoOp|NoOp@NoOp|Move(E)@Move(E)|NoOp@NoOp|NoOp@NoOp|NoOp@NoOp|NoOp@NoOp|NoOp@NoOp
160777667:NoOp@NoOp|NoOp@NoOp|NoOp@NoOp|NoOp@NoOp|Move(E)@Move(E)|NoOp@NoOp|NoOp@NoOp|NoOp@NoOp|NoOp@NoOp|NoOp@NoOp
160790709:NoOp@NoOp|NoOp@NoOp|NoOp@NoOp|NoOp@NoOp|Move(E)@Move(E)|NoOp@NoOp|NoOp@NoOp|NoOp@NoOp|NoOp@NoOp|NoOp@NoOp
160804334:NoOp@NoOp|NoOp@NoOp|NoOp@NoOp|NoOp@NoOp|Move(E)@Move(E)|NoOp@NoOp|NoOp@NoOp|NoOp@NoOp|NoOp@NoOp|NoOp@NoOp
160817459:NoOp@NoOp|NoOp@NoOp|NoOp@NoOp|NoOp@NoOp|Move(E)@Move(E)|NoOp@NoOp|NoOp@NoOp|NoOp@NoOp|NoOp@NoOp|NoOp@NoOp
160830500:NoOp@NoOp|NoOp@NoOp|NoOp@NoOp|NoOp@NoOp|Move(E)@Move(E)|NoOp@NoOp|NoOp@NoOp|NoOp@NoOp|NoOp@NoOp|NoOp@NoOp
160849125:NoOp@NoOp|NoOp@NoOp|NoOp@NoOp|NoOp@NoOp|Move(E)@Move(E)|NoOp@NoOp|NoOp@NoOp|NoOp@NoOp|NoOp@NoOp|NoOp@NoOp
160865167:NoOp@NoOp|NoOp@NoOp|NoOp@NoOp|NoOp@NoOp|Move(E)@Move(E)|NoOp@NoOp|NoOp@NoOp|NoOp@NoOp|NoOp@NoOp|NoOp@NoOp
160879625:NoOp@NoOp|NoOp@NoOp|NoOp@NoOp|NoOp@NoOp|Move(E)@Move(E)|NoOp@NoOp|NoOp@NoOp|NoOp@NoOp|NoOp@NoOp|NoOp@NoOp
160893334:NoOp@NoOp|NoOp@NoOp|NoOp@NoOp|NoOp@NoOp|Move(E)@Move(E)|NoOp@NoOp|NoOp@NoOp|NoOp@NoOp|NoOp@NoOp|NoOp@NoOp
160907250:NoOp@NoOp|NoOp@NoOp|NoOp@NoOp|NoOp@NoOp|Move(E)@Move(E)|NoOp@NoOp|NoOp@NoOp|NoOp@NoOp|NoOp@NoOp|NoOp@NoOp
160921250:NoOp@NoOp|NoOp@NoOp|NoOp@NoOp|NoOp@NoOp|Move(E)@Move(E)|NoOp@NoOp|NoOp@NoOp|NoOp@NoOp|NoOp@NoOp|NoOp@NoOp
160936459:NoOp@NoOp|NoOp@NoOp|NoOp@NoOp|NoOp@NoOp|Move(E)@Move(E)|NoOp@NoOp|NoOp@NoOp|NoOp@NoOp|NoOp@NoOp|NoOp@NoOp
160952625:NoOp@NoOp|NoOp@NoOp|NoOp@NoOp|NoOp@NoOp|Move(E)@Move(E)|NoOp@NoOp|NoOp@NoOp|NoOp@NoOp|NoOp@NoOp|NoOp@NoOp
160967209:NoOp@NoOp|NoOp@NoOp|NoOp@NoOp|NoOp@NoOp|Move(E)@Move(E)|NoOp@NoOp|NoOp@NoOp|NoOp@NoOp|NoOp@NoOp|NoOp@NoOp
160980917:NoOp@NoOp|NoOp@NoOp|NoOp@NoOp|NoOp@NoOp|Move(E)@Move(E)|NoOp@NoOp|NoOp@NoOp|NoOp@NoOp|NoOp@NoOp|NoOp@NoOp
160995209:NoOp@NoOp|NoOp@NoOp|NoOp@NoOp|NoOp@NoOp|Move(E)@Move(E)|NoOp@NoOp|NoOp@NoOp|NoOp@NoOp|NoOp@NoOp|NoOp@NoOp
161009500:NoOp@NoOp|NoOp@NoOp|NoOp@NoOp|NoOp@NoOp|Move(N)@Move(N)|NoOp@NoOp|NoOp@NoOp|NoOp@NoOp|NoOp@NoOp|NoOp@NoOp
161023584:NoOp@NoOp|NoOp@NoOp|NoOp@NoOp|NoOp@NoOp|Move(E)@Move(E)|NoOp@NoOp|NoOp@NoOp|NoOp@NoOp|NoOp@NoOp|NoOp@NoOp
161038209:NoOp@NoOp|NoOp@NoOp|NoOp@NoOp|NoOp@NoOp|Move(E)@Move(E)|NoOp@NoOp|NoOp@NoOp|NoOp@NoOp|NoOp@NoOp|NoOp@NoOp
161055459:NoOp@NoOp|NoOp@NoOp|NoOp@NoOp|NoOp@NoOp|Push(E,S)@Push(E,S)|NoOp@NoOp|NoOp@NoOp|NoOp@NoOp|NoOp@NoOp|NoOp@NoOp
161070500:NoOp@NoOp|NoOp@NoOp|NoOp@NoOp|NoOp@NoOp|Push(S,S)@Push(S,S)|NoOp@NoOp|NoOp@NoOp|NoOp@NoOp|NoOp@NoOp|NoOp@NoOp
161084542:NoOp@NoOp|NoOp@NoOp|NoOp@NoOp|NoOp@NoOp|Push(S,S)@Push(S,S)|NoOp@NoOp|NoOp@NoOp|NoOp@NoOp|NoOp@NoOp|NoOp@NoOp
161099250:NoOp@NoOp|NoOp@NoOp|NoOp@NoOp|NoOp@NoOp|Push(S,S)@Push(S,S)|NoOp@NoOp|NoOp@NoOp|NoOp@NoOp|NoOp@NoOp|NoOp@NoOp
161115375:NoOp@NoOp|NoOp@NoOp|NoOp@NoOp|NoOp@NoOp|Push(S,W)@Push(S,W)|NoOp@NoOp|NoOp@NoOp|NoOp@NoOp|NoOp@NoOp|NoOp@NoOp
161129834:NoOp@NoOp|NoOp@NoOp|NoOp@NoOp|NoOp@NoOp|Push(W,W)@Push(W,W)|NoOp@NoOp|NoOp@NoOp|NoOp@NoOp|NoOp@NoOp|NoOp@NoOp
161143375:NoOp@NoOp|NoOp@NoOp|NoOp@NoOp|NoOp@NoOp|Push(W,W)@Push(W,W)|NoOp@NoOp|NoOp@NoOp|NoOp@NoOp|NoOp@NoOp|NoOp@NoOp
161157709:NoOp@NoOp|NoOp@NoOp|NoOp@NoOp|NoOp@NoOp|Push(W,W)@Push(W,W)|NoOp@NoOp|NoOp@NoOp|NoOp@NoOp|NoOp@NoOp|NoOp@NoOp
161172084:NoOp@NoOp|NoOp@NoOp|NoOp@NoOp|NoOp@NoOp|Push(W,W)@Push(W,W)|NoOp@NoOp|NoOp@NoOp|NoOp@NoOp|NoOp@NoOp|NoOp@NoOp
161186000:NoOp@NoOp|NoOp@NoOp|NoOp@NoOp|NoOp@NoOp|Push(W,W)@Push(W,W)|NoOp@NoOp|NoOp@NoOp|NoOp@NoOp|NoOp@NoOp|NoOp@NoOp
161201209:NoOp@NoOp|NoOp@NoOp|NoOp@NoOp|NoOp@NoOp|Push(W,W)@Push(W,W)|NoOp@NoOp|NoOp@NoOp|NoOp@NoOp|NoOp@NoOp|NoOp@NoOp
161214500:NoOp@NoOp|NoOp@NoOp|NoOp@NoOp|NoOp@NoOp|Push(W,W)@Push(W,W)|NoOp@NoOp|NoOp@NoOp|NoOp@NoOp|NoOp@NoOp|NoOp@NoOp
161228417:NoOp@NoOp|NoOp@NoOp|NoOp@NoOp|NoOp@NoOp|Push(W,W)@Push(W,W)|NoOp@NoOp|NoOp@NoOp|NoOp@NoOp|NoOp@NoOp|NoOp@NoOp
161242417:NoOp@NoOp|NoOp@NoOp|NoOp@NoOp|NoOp@NoOp|Push(W,W)@Push(W,W)|NoOp@NoOp|NoOp@NoOp|NoOp@NoOp|NoOp@NoOp|NoOp@NoOp
161258667:NoOp@NoOp|NoOp@NoOp|NoOp@NoOp|NoOp@NoOp|Push(W,W)@Push(W,W)|NoOp@NoOp|NoOp@NoOp|NoOp@NoOp|NoOp@NoOp|NoOp@NoOp
161274334:NoOp@NoOp|NoOp@NoOp|NoOp@NoOp|NoOp@NoOp|Push(W,W)@Push(W,W)|NoOp@NoOp|NoOp@NoOp|NoOp@NoOp|NoOp@NoOp|NoOp@NoOp
161289834:NoOp@NoOp|NoOp@NoOp|NoOp@NoOp|NoOp@NoOp|Push(W,W)@Push(W,W)|NoOp@NoOp|NoOp@NoOp|NoOp@NoOp|NoOp@NoOp|NoOp@NoOp
161305584:NoOp@NoOp|NoOp@NoOp|NoOp@NoOp|NoOp@NoOp|Push(W,W)@Push(W,W)|NoOp@NoOp|NoOp@NoOp|NoOp@NoOp|NoOp@NoOp|NoOp@NoOp
161319625:NoOp@NoOp|NoOp@NoOp|NoOp@NoOp|NoOp@NoOp|Push(W,W)@Push(W,W)|NoOp@NoOp|NoOp@NoOp|NoOp@NoOp|NoOp@NoOp|NoOp@NoOp
161333959:NoOp@NoOp|NoOp@NoOp|NoOp@NoOp|NoOp@NoOp|Push(W,W)@Push(W,W)|NoOp@NoOp|NoOp@NoOp|NoOp@NoOp|NoOp@NoOp|NoOp@NoOp
161347667:NoOp@NoOp|NoOp@NoOp|NoOp@NoOp|NoOp@NoOp|Push(W,W)@Push(W,W)|NoOp@NoOp|NoOp@NoOp|NoOp@NoOp|NoOp@NoOp|NoOp@NoOp
161361459:NoOp@NoOp|NoOp@NoOp|NoOp@NoOp|NoOp@NoOp|Push(W,W)@Push(W,W)|NoOp@NoOp|NoOp@NoOp|NoOp@NoOp|NoOp@NoOp|NoOp@NoOp
161376875:NoOp@NoOp|NoOp@NoOp|NoOp@NoOp|NoOp@NoOp|Push(W,W)@Push(W,W)|NoOp@NoOp|NoOp@NoOp|NoOp@NoOp|NoOp@NoOp|NoOp@NoOp
161390375:NoOp@NoOp|NoOp@NoOp|NoOp@NoOp|NoOp@NoOp|Push(W,W)@Push(W,W)|NoOp@NoOp|NoOp@NoOp|NoOp@NoOp|NoOp@NoOp|NoOp@NoOp
161405584:NoOp@NoOp|NoOp@NoOp|NoOp@NoOp|NoOp@NoOp|Push(W,W)@Push(W,W)|NoOp@NoOp|NoOp@NoOp|NoOp@NoOp|NoOp@NoOp|NoOp@NoOp
161419084:NoOp@NoOp|NoOp@NoOp|NoOp@NoOp|NoOp@NoOp|Move(N)@Move(N)|NoOp@NoOp|NoOp@NoOp|NoOp@NoOp|NoOp@NoOp|NoOp@NoOp
161432667:NoOp@NoOp|NoOp@NoOp|NoOp@NoOp|NoOp@NoOp|Move(N)@Move(N)|NoOp@NoOp|NoOp@NoOp|NoOp@NoOp|NoOp@NoOp|NoOp@NoOp
161445542:NoOp@NoOp|NoOp@NoOp|NoOp@NoOp|NoOp@NoOp|NoOp@NoOp|Move(E)@Move(E)|NoOp@NoOp|NoOp@NoOp|NoOp@NoOp|NoOp@NoOp
161464459:NoOp@NoOp|NoOp@NoOp|NoOp@NoOp|NoOp@NoOp|NoOp@NoOp|Move(E)@Move(E)|NoOp@NoOp|NoOp@NoOp|NoOp@NoOp|NoOp@NoOp
161479459:NoOp@NoOp|NoOp@NoOp|NoOp@NoOp|NoOp@NoOp|NoOp@NoOp|Move(E)@Move(E)|NoOp@NoOp|NoOp@NoOp|NoOp@NoOp|NoOp@NoOp
161493125:NoOp@NoOp|NoOp@NoOp|NoOp@NoOp|NoOp@NoOp|NoOp@NoOp|Move(E)@Move(E)|NoOp@NoOp|NoOp@NoOp|NoOp@NoOp|NoOp@NoOp
161506875:NoOp@NoOp|NoOp@NoOp|NoOp@NoOp|NoOp@NoOp|NoOp@NoOp|Move(E)@Move(E)|NoOp@NoOp|NoOp@NoOp|NoOp@NoOp|NoOp@NoOp
161521250:NoOp@NoOp|NoOp@NoOp|NoOp@NoOp|NoOp@NoOp|NoOp@NoOp|Move(E)@Move(E)|NoOp@NoOp|NoOp@NoOp|NoOp@NoOp|NoOp@NoOp
161535292:NoOp@NoOp|NoOp@NoOp|NoOp@NoOp|NoOp@NoOp|NoOp@NoOp|Move(E)@Move(E)|NoOp@NoOp|NoOp@NoOp|NoOp@NoOp|NoOp@NoOp
161550209:NoOp@NoOp|NoOp@NoOp|NoOp@NoOp|NoOp@NoOp|NoOp@NoOp|Move(E)@Move(E)|NoOp@NoOp|NoOp@NoOp|NoOp@NoOp|NoOp@NoOp
161563834:NoOp@NoOp|NoOp@NoOp|NoOp@NoOp|NoOp@NoOp|NoOp@NoOp|Move(E)@Move(E)|NoOp@NoOp|NoOp@NoOp|NoOp@NoOp|NoOp@NoOp
161578375:NoOp@NoOp|NoOp@NoOp|NoOp@NoOp|NoOp@NoOp|NoOp@NoOp|Move(E)@Move(E)|NoOp@NoOp|NoOp@NoOp|NoOp@NoOp|NoOp@NoOp
161591750:NoOp@NoOp|NoOp@NoOp|NoOp@NoOp|NoOp@NoOp|NoOp@NoOp|Move(E)@Move(E)|NoOp@NoOp|NoOp@NoOp|NoOp@NoOp|NoOp@NoOp
161605292:NoOp@NoOp|NoOp@NoOp|NoOp@NoOp|NoOp@NoOp|NoOp@NoOp|Move(E)@Move(E)|NoOp@NoOp|NoOp@NoOp|NoOp@NoOp|NoOp@NoOp
161618875:NoOp@NoOp|NoOp@NoOp|NoOp@NoOp|NoOp@NoOp|NoOp@NoOp|Move(E)@Move(E)|NoOp@NoOp|NoOp@NoOp|NoOp@NoOp|NoOp@NoOp
161634209:NoOp@NoOp|NoOp@NoOp|NoOp@NoOp|NoOp@NoOp|NoOp@NoOp|Pull(S,S)@Pull(S,S)|NoOp@NoOp|NoOp@NoOp|NoOp@NoOp|NoOp@NoOp
161650084:NoOp@NoOp|NoOp@NoOp|NoOp@NoOp|NoOp@NoOp|NoOp@NoOp|Push(N,W)@Push(N,W)|NoOp@NoOp|NoOp@NoOp|NoOp@NoOp|NoOp@NoOp
161664084:NoOp@NoOp|NoOp@NoOp|NoOp@NoOp|NoOp@NoOp|NoOp@NoOp|Push(W,S)@Push(W,S)|NoOp@NoOp|NoOp@NoOp|NoOp@NoOp|NoOp@NoOp
161678459:NoOp@NoOp|NoOp@NoOp|NoOp@NoOp|NoOp@NoOp|NoOp@NoOp|Push(S,S)@Push(S,S)|NoOp@NoOp|NoOp@NoOp|NoOp@NoOp|NoOp@NoOp
161696709:NoOp@NoOp|NoOp@NoOp|NoOp@NoOp|NoOp@NoOp|NoOp@NoOp|Push(S,S)@Push(S,S)|NoOp@NoOp|NoOp@NoOp|NoOp@NoOp|NoOp@NoOp
161712250:NoOp@NoOp|NoOp@NoOp|NoOp@NoOp|NoOp@NoOp|NoOp@NoOp|Push(S,W)@Push(S,W)|NoOp@NoOp|NoOp@NoOp|NoOp@NoOp|NoOp@NoOp
161730792:NoOp@NoOp|NoOp@NoOp|NoOp@NoOp|NoOp@NoOp|NoOp@NoOp|Push(W,W)@Push(W,W)|NoOp@NoOp|NoOp@NoOp|NoOp@NoOp|NoOp@NoOp
161749834:NoOp@NoOp|NoOp@NoOp|NoOp@NoOp|NoOp@NoOp|NoOp@NoOp|Push(W,W)@Push(W,W)|NoOp@NoOp|NoOp@NoOp|NoOp@NoOp|NoOp@NoOp
161766167:NoOp@NoOp|NoOp@NoOp|NoOp@NoOp|NoOp@NoOp|NoOp@NoOp|Push(W,W)@Push(W,W)|NoOp@NoOp|NoOp@NoOp|NoOp@NoOp|NoOp@NoOp
161783834:NoOp@NoOp|NoOp@NoOp|NoOp@NoOp|NoOp@NoOp|NoOp@NoOp|Push(W,W)@Push(W,W)|NoOp@NoOp|NoOp@NoOp|NoOp@NoOp|NoOp@NoOp
161798334:NoOp@NoOp|NoOp@NoOp|NoOp@NoOp|NoOp@NoOp|NoOp@NoOp|Push(W,W)@Push(W,W)|NoOp@NoOp|NoOp@NoOp|NoOp@NoOp|NoOp@NoOp
161813667:NoOp@NoOp|NoOp@NoOp|NoOp@NoOp|NoOp@NoOp|NoOp@NoOp|Move(N)@Move(N)|NoOp@NoOp|NoOp@NoOp|NoOp@NoOp|NoOp@NoOp
161829125:NoOp@NoOp|NoOp@NoOp|NoOp@NoOp|NoOp@NoOp|NoOp@NoOp|Move(N)@Move(N)|NoOp@NoOp|NoOp@NoOp|NoOp@NoOp|NoOp@NoOp
161845584:NoOp@NoOp|NoOp@NoOp|NoOp@NoOp|NoOp@NoOp|NoOp@NoOp|NoOp@NoOp|Move(N)@Move(N)|NoOp@NoOp|NoOp@NoOp|NoOp@NoOp
161864500:NoOp@NoOp|NoOp@NoOp|NoOp@NoOp|NoOp@NoOp|NoOp@NoOp|NoOp@NoOp|Move(E)@Move(E)|NoOp@NoOp|NoOp@NoOp|NoOp@NoOp
161881292:NoOp@NoOp|NoOp@NoOp|NoOp@NoOp|NoOp@NoOp|NoOp@NoOp|NoOp@NoOp|Move(E)@Move(E)|NoOp@NoOp|NoOp@NoOp|NoOp@NoOp
161894584:NoOp@NoOp|NoOp@NoOp|NoOp@NoOp|NoOp@NoOp|NoOp@NoOp|NoOp@NoOp|Move(E)@Move(E)|NoOp@NoOp|NoOp@NoOp|NoOp@NoOp
161919917:NoOp@NoOp|NoOp@NoOp|NoOp@NoOp|NoOp@NoOp|NoOp@NoOp|NoOp@NoOp|Move(E)@Move(E)|NoOp@NoOp|NoOp@NoOp|NoOp@NoOp
161936084:NoOp@NoOp|NoOp@NoOp|NoOp@NoOp|NoOp@NoOp|NoOp@NoOp|NoOp@NoOp|Move(E)@Move(E)|NoOp@NoOp|NoOp@NoOp|NoOp@NoOp
161950667:NoOp@NoOp|NoOp@NoOp|NoOp@NoOp|NoOp@NoOp|NoOp@NoOp|NoOp@NoOp|Pull(S,S)@Pull(S,S)|NoOp@NoOp|NoOp@NoOp|NoOp@NoOp
161970667:NoOp@NoOp|NoOp@NoOp|NoOp@NoOp|NoOp@NoOp|NoOp@NoOp|NoOp@NoOp|Pull(S,S)@Pull(S,S)|NoOp@NoOp|NoOp@NoOp|NoOp@NoOp
161986375:NoOp@NoOp|NoOp@NoOp|NoOp@NoOp|NoOp@NoOp|NoOp@NoOp|NoOp@NoOp|Pull(E,S)@Pull(E,S)|NoOp@NoOp|NoOp@NoOp|NoOp@NoOp
162000917:NoOp@NoOp|NoOp@NoOp|NoOp@NoOp|NoOp@NoOp|NoOp@NoOp|NoOp@NoOp|Pull(E,E)@Pull(E,E)|NoOp@NoOp|NoOp@NoOp|NoOp@NoOp
162017292:NoOp@NoOp|NoOp@NoOp|NoOp@NoOp|NoOp@NoOp|NoOp@NoOp|NoOp@NoOp|Pull(E,E)@Pull(E,E)|NoOp@NoOp|NoOp@NoOp|NoOp@NoOp
162032084:NoOp@NoOp|NoOp@NoOp|NoOp@NoOp|NoOp@NoOp|NoOp@NoOp|NoOp@NoOp|Push(W,S)@Push(W,S)|NoOp@NoOp|NoOp@NoOp|NoOp@NoOp
162050584:Move(N)@Move(N)|NoOp@NoOp|NoOp@NoOp|NoOp@NoOp|NoOp@NoOp|NoOp@NoOp|NoOp@NoOp|NoOp@NoOp|NoOp@NoOp|NoOp@NoOp
162069250:Move(N)@Move(N)|NoOp@NoOp|NoOp@NoOp|NoOp@NoOp|NoOp@NoOp|NoOp@NoOp|NoOp@NoOp|NoOp@NoOp|NoOp@NoOp|NoOp@NoOp
162084292:Move(E)@Move(E)|NoOp@NoOp|NoOp@NoOp|NoOp@NoOp|NoOp@NoOp|NoOp@NoOp|NoOp@NoOp|NoOp@NoOp|NoOp@NoOp|NoOp@NoOp
162103042:Move(E)@Move(E)|NoOp@NoOp|NoOp@NoOp|NoOp@NoOp|NoOp@NoOp|NoOp@NoOp|NoOp@NoOp|NoOp@NoOp|NoOp@NoOp|NoOp@NoOp
162123292:Move(E)@Move(E)|NoOp@NoOp|NoOp@NoOp|NoOp@NoOp|NoOp@NoOp|NoOp@NoOp|NoOp@NoOp|NoOp@NoOp|NoOp@NoOp|NoOp@NoOp
162142209:Pull(S,S)@Pull(S,S)|NoOp@NoOp|NoOp@NoOp|NoOp@NoOp|NoOp@NoOp|NoOp@NoOp|NoOp@NoOp|NoOp@NoOp|NoOp@NoOp|NoOp@NoOp
162157792:Push(N,E)@Push(N,E)|NoOp@NoOp|NoOp@NoOp|NoOp@NoOp|NoOp@NoOp|NoOp@NoOp|NoOp@NoOp|NoOp@NoOp|NoOp@NoOp|NoOp@NoOp
162171625:Push(E,E)@Push(E,E)|NoOp@NoOp|NoOp@NoOp|NoOp@NoOp|NoOp@NoOp|NoOp@NoOp|NoOp@NoOp|NoOp@NoOp|NoOp@NoOp|NoOp@NoOp
162194042:Push(E,E)@Push(E,E)|NoOp@NoOp|NoOp@NoOp|NoOp@NoOp|NoOp@NoOp|NoOp@NoOp|NoOp@NoOp|NoOp@NoOp|NoOp@NoOp|NoOp@NoOp
162213292:Push(E,E)@Push(E,E)|NoOp@NoOp|NoOp@NoOp|NoOp@NoOp|NoOp@NoOp|NoOp@NoOp|NoOp@NoOp|NoOp@NoOp|NoOp@NoOp|NoOp@NoOp
162234709:Push(E,E)@Push(E,E)|NoOp@NoOp|NoOp@NoOp|NoOp@NoOp|NoOp@NoOp|NoOp@NoOp|NoOp@NoOp|NoOp@NoOp|NoOp@NoOp|NoOp@NoOp
162256500:Push(E,S)@Push(E,S)|NoOp@NoOp|NoOp@NoOp|NoOp@NoOp|NoOp@NoOp|NoOp@NoOp|NoOp@NoOp|NoOp@NoOp|NoOp@NoOp|NoOp@NoOp
162283500:Push(S,S)@Push(S,S)|NoOp@NoOp|NoOp@NoOp|NoOp@NoOp|NoOp@NoOp|NoOp@NoOp|NoOp@NoOp|NoOp@NoOp|NoOp@NoOp|NoOp@NoOp
162298709:Push(S,S)@Push(S,S)|NoOp@NoOp|NoOp@NoOp|NoOp@NoOp|NoOp@NoOp|NoOp@NoOp|NoOp@NoOp|NoOp@NoOp|NoOp@NoOp|NoOp@NoOp
162314542:NoOp@NoOp|NoOp@NoOp|NoOp@NoOp|NoOp@NoOp|NoOp@NoOp|NoOp@NoOp|NoOp@NoOp|Move(N)@Move(N)|NoOp@NoOp|NoOp@NoOp
162330375:NoOp@NoOp|NoOp@NoOp|NoOp@NoOp|NoOp@NoOp|NoOp@NoOp|NoOp@NoOp|NoOp@NoOp|Move(E)@Move(E)|NoOp@NoOp|NoOp@NoOp
162347500:NoOp@NoOp|NoOp@NoOp|NoOp@NoOp|NoOp@NoOp|NoOp@NoOp|NoOp@NoOp|NoOp@NoOp|Move(E)@Move(E)|NoOp@NoOp|NoOp@NoOp
162362334:NoOp@NoOp|NoOp@NoOp|NoOp@NoOp|NoOp@NoOp|NoOp@NoOp|NoOp@NoOp|NoOp@NoOp|Move(E)@Move(E)|NoOp@NoOp|NoOp@NoOp
162382084:NoOp@NoOp|NoOp@NoOp|NoOp@NoOp|NoOp@NoOp|NoOp@NoOp|NoOp@NoOp|NoOp@NoOp|Move(E)@Move(E)|NoOp@NoOp|NoOp@NoOp
162399709:NoOp@NoOp|NoOp@NoOp|NoOp@NoOp|NoOp@NoOp|NoOp@NoOp|NoOp@NoOp|NoOp@NoOp|Move(E)@Move(E)|NoOp@NoOp|NoOp@NoOp
162415625:NoOp@NoOp|NoOp@NoOp|NoOp@NoOp|NoOp@NoOp|NoOp@NoOp|NoOp@NoOp|NoOp@NoOp|Move(E)@Move(E)|NoOp@NoOp|NoOp@NoOp
162430250:NoOp@NoOp|NoOp@NoOp|NoOp@NoOp|NoOp@NoOp|NoOp@NoOp|NoOp@NoOp|NoOp@NoOp|Move(E)@Move(E)|NoOp@NoOp|NoOp@NoOp
162446709:NoOp@NoOp|NoOp@NoOp|NoOp@NoOp|NoOp@NoOp|NoOp@NoOp|NoOp@NoOp|NoOp@NoOp|Move(E)@Move(E)|NoOp@NoOp|NoOp@NoOp
162459875:NoOp@NoOp|NoOp@NoOp|NoOp@NoOp|NoOp@NoOp|NoOp@NoOp|NoOp@NoOp|NoOp@NoOp|Move(E)@Move(E)|NoOp@NoOp|NoOp@NoOp
162476709:NoOp@NoOp|NoOp@NoOp|NoOp@NoOp|NoOp@NoOp|NoOp@NoOp|NoOp@NoOp|NoOp@NoOp|Move(E)@Move(E)|NoOp@NoOp|NoOp@NoOp
162492250:NoOp@NoOp|NoOp@NoOp|NoOp@NoOp|NoOp@NoOp|NoOp@NoOp|NoOp@NoOp|NoOp@NoOp|Move(E)@Move(E)|NoOp@NoOp|NoOp@NoOp
162506542:NoOp@NoOp|NoOp@NoOp|NoOp@NoOp|NoOp@NoOp|NoOp@NoOp|NoOp@NoOp|NoOp@NoOp|Move(E)@Move(E)|NoOp@NoOp|NoOp@NoOp
162521584:NoOp@NoOp|NoOp@NoOp|NoOp@NoOp|NoOp@NoOp|NoOp@NoOp|NoOp@NoOp|NoOp@NoOp|Move(E)@Move(E)|NoOp@NoOp|NoOp@NoOp
162535250:NoOp@NoOp|NoOp@NoOp|NoOp@NoOp|NoOp@NoOp|NoOp@NoOp|NoOp@NoOp|NoOp@NoOp|Move(E)@Move(E)|NoOp@NoOp|NoOp@NoOp
162549084:NoOp@NoOp|NoOp@NoOp|NoOp@NoOp|NoOp@NoOp|NoOp@NoOp|NoOp@NoOp|NoOp@NoOp|Move(N)@Move(N)|NoOp@NoOp|NoOp@NoOp
162563584:NoOp@NoOp|NoOp@NoOp|NoOp@NoOp|NoOp@NoOp|NoOp@NoOp|NoOp@NoOp|NoOp@NoOp|Push(E,S)@Push(E,S)|NoOp@NoOp|NoOp@NoOp
162578000:NoOp@NoOp|NoOp@NoOp|NoOp@NoOp|NoOp@NoOp|NoOp@NoOp|NoOp@NoOp|NoOp@NoOp|Push(S,S)@Push(S,S)|NoOp@NoOp|NoOp@NoOp
162593167:NoOp@NoOp|NoOp@NoOp|NoOp@NoOp|NoOp@NoOp|NoOp@NoOp|NoOp@NoOp|NoOp@NoOp|Push(S,S)@Push(S,S)|NoOp@NoOp|NoOp@NoOp
162609167:NoOp@NoOp|NoOp@NoOp|NoOp@NoOp|NoOp@NoOp|NoOp@NoOp|NoOp@NoOp|NoOp@NoOp|Push(S,S)@Push(S,S)|NoOp@NoOp|NoOp@NoOp
162628459:NoOp@NoOp|NoOp@NoOp|NoOp@NoOp|NoOp@NoOp|NoOp@NoOp|NoOp@NoOp|NoOp@NoOp|Push(S,W)@Push(S,W)|NoOp@NoOp|NoOp@NoOp
162643792:NoOp@NoOp|NoOp@NoOp|NoOp@NoOp|NoOp@NoOp|NoOp@NoOp|NoOp@NoOp|NoOp@NoOp|Push(W,W)@Push(W,W)|NoOp@NoOp|NoOp@NoOp
162657459:NoOp@NoOp|NoOp@NoOp|NoOp@NoOp|NoOp@NoOp|NoOp@NoOp|NoOp@NoOp|NoOp@NoOp|Push(W,W)@Push(W,W)|NoOp@NoOp|NoOp@NoOp
162672334:NoOp@NoOp|NoOp@NoOp|NoOp@NoOp|NoOp@NoOp|NoOp@NoOp|NoOp@NoOp|NoOp@NoOp|Push(W,W)@Push(W,W)|NoOp@NoOp|NoOp@NoOp
162686542:NoOp@NoOp|NoOp@NoOp|NoOp@NoOp|NoOp@NoOp|NoOp@NoOp|NoOp@NoOp|NoOp@NoOp|Push(W,W)@Push(W,W)|NoOp@NoOp|NoOp@NoOp
162701792:NoOp@NoOp|NoOp@NoOp|NoOp@NoOp|NoOp@NoOp|NoOp@NoOp|NoOp@NoOp|NoOp@NoOp|Push(W,W)@Push(W,W)|NoOp@NoOp|NoOp@NoOp
162715875:NoOp@NoOp|NoOp@NoOp|NoOp@NoOp|NoOp@NoOp|NoOp@NoOp|NoOp@NoOp|NoOp@NoOp|Push(W,W)@Push(W,W)|NoOp@NoOp|NoOp@NoOp
162729375:NoOp@NoOp|NoOp@NoOp|NoOp@NoOp|NoOp@NoOp|NoOp@NoOp|NoOp@NoOp|NoOp@NoOp|Push(W,W)@Push(W,W)|NoOp@NoOp|NoOp@NoOp
162742584:NoOp@NoOp|NoOp@NoOp|NoOp@NoOp|NoOp@NoOp|NoOp@NoOp|NoOp@NoOp|NoOp@NoOp|Move(N)@Move(N)|NoOp@NoOp|NoOp@NoOp
162756917:NoOp@NoOp|NoOp@NoOp|NoOp@NoOp|NoOp@NoOp|NoOp@NoOp|NoOp@NoOp|NoOp@NoOp|Move(N)@Move(N)|NoOp@NoOp|NoOp@NoOp
162771000:Move(N)@Move(N)|NoOp@NoOp|NoOp@NoOp|NoOp@NoOp|NoOp@NoOp|NoOp@NoOp|NoOp@NoOp|NoOp@NoOp|NoOp@NoOp|NoOp@NoOp
162786959:Move(N)@Move(N)|NoOp@NoOp|NoOp@NoOp|NoOp@NoOp|NoOp@NoOp|NoOp@NoOp|NoOp@NoOp|NoOp@NoOp|NoOp@NoOp|NoOp@NoOp
162801042:Pull(S,S)@Pull(S,S)|NoOp@NoOp|NoOp@NoOp|NoOp@NoOp|NoOp@NoOp|NoOp@NoOp|NoOp@NoOp|NoOp@NoOp|NoOp@NoOp|NoOp@NoOp
162815792:Push(N,E)@Push(N,E)|NoOp@NoOp|NoOp@NoOp|NoOp@NoOp|NoOp@NoOp|NoOp@NoOp|NoOp@NoOp|NoOp@NoOp|NoOp@NoOp|NoOp@NoOp
162830417:Push(E,S)@Push(E,S)|NoOp@NoOp|NoOp@NoOp|NoOp@NoOp|NoOp@NoOp|NoOp@NoOp|NoOp@NoOp|NoOp@NoOp|NoOp@NoOp|NoOp@NoOp
162845834:Push(S,S)@Push(S,S)|NoOp@NoOp|NoOp@NoOp|NoOp@NoOp|NoOp@NoOp|NoOp@NoOp|NoOp@NoOp|NoOp@NoOp|NoOp@NoOp|NoOp@NoOp
162859917:Push(S,E)@Push(S,E)|NoOp@NoOp|NoOp@NoOp|NoOp@NoOp|NoOp@NoOp|NoOp@NoOp|NoOp@NoOp|NoOp@NoOp|NoOp@NoOp|NoOp@NoOp
162875334:Push(E,S)@Push(E,S)|NoOp@NoOp|NoOp@NoOp|NoOp@NoOp|NoOp@NoOp|NoOp@NoOp|NoOp@NoOp|NoOp@NoOp|NoOp@NoOp|NoOp@NoOp
162889250:NoOp@NoOp|NoOp@NoOp|NoOp@NoOp|NoOp@NoOp|NoOp@NoOp|NoOp@NoOp|NoOp@NoOp|NoOp@NoOp|Move(N)@Move(N)|NoOp@NoOp
162903625:NoOp@NoOp|NoOp@NoOp|NoOp@NoOp|NoOp@NoOp|NoOp@NoOp|NoOp@NoOp|NoOp@NoOp|NoOp@NoOp|Move(W)@Move(W)|NoOp@NoOp
162918084:NoOp@NoOp|NoOp@NoOp|NoOp@NoOp|NoOp@NoOp|NoOp@NoOp|NoOp@NoOp|NoOp@NoOp|NoOp@NoOp|Move(W)@Move(W)|NoOp@NoOp
162932209:NoOp@NoOp|NoOp@NoOp|NoOp@NoOp|NoOp@NoOp|NoOp@NoOp|NoOp@NoOp|NoOp@NoOp|NoOp@NoOp|Move(W)@Move(W)|NoOp@NoOp
162950959:NoOp@NoOp|NoOp@NoOp|NoOp@NoOp|NoOp@NoOp|NoOp@NoOp|NoOp@NoOp|NoOp@NoOp|NoOp@NoOp|Move(W)@Move(W)|NoOp@NoOp
162971125:NoOp@NoOp|NoOp@NoOp|NoOp@NoOp|NoOp@NoOp|NoOp@NoOp|NoOp@NoOp|NoOp@NoOp|NoOp@NoOp|Move(W)@Move(W)|NoOp@NoOp
162985459:NoOp@NoOp|NoOp@NoOp|NoOp@NoOp|NoOp@NoOp|NoOp@NoOp|NoOp@NoOp|NoOp@NoOp|NoOp@NoOp|Move(W)@Move(W)|NoOp@NoOp
162999125:NoOp@NoOp|NoOp@NoOp|NoOp@NoOp|NoOp@NoOp|NoOp@NoOp|NoOp@NoOp|NoOp@NoOp|NoOp@NoOp|Move(W)@Move(W)|NoOp@NoOp
163012917:NoOp@NoOp|NoOp@NoOp|NoOp@NoOp|NoOp@NoOp|NoOp@NoOp|NoOp@NoOp|NoOp@NoOp|NoOp@NoOp|Move(W)@Move(W)|NoOp@NoOp
163026542:NoOp@NoOp|NoOp@NoOp|NoOp@NoOp|NoOp@NoOp|NoOp@NoOp|NoOp@NoOp|NoOp@NoOp|NoOp@NoOp|Move(W)@Move(W)|NoOp@NoOp
163040125:NoOp@NoOp|NoOp@NoOp|NoOp@NoOp|NoOp@NoOp|NoOp@NoOp|NoOp@NoOp|NoOp@NoOp|NoOp@NoOp|Move(W)@Move(W)|NoOp@NoOp
163055167:NoOp@NoOp|NoOp@NoOp|NoOp@NoOp|NoOp@NoOp|NoOp@NoOp|NoOp@NoOp|NoOp@NoOp|NoOp@NoOp|Move(W)@Move(W)|NoOp@NoOp
163068459:NoOp@NoOp|NoOp@NoOp|NoOp@NoOp|NoOp@NoOp|NoOp@NoOp|NoOp@NoOp|NoOp@NoOp|NoOp@NoOp|Move(W)@Move(W)|NoOp@NoOp
163081792:NoOp@NoOp|NoOp@NoOp|NoOp@NoOp|NoOp@NoOp|NoOp@NoOp|NoOp@NoOp|NoOp@NoOp|NoOp@NoOp|Move(W)@Move(W)|NoOp@NoOp
163095000:NoOp@NoOp|NoOp@NoOp|NoOp@NoOp|NoOp@NoOp|NoOp@NoOp|NoOp@NoOp|NoOp@NoOp|NoOp@NoOp|Push(N,W)@Push(N,W)|NoOp@NoOp
163109292:NoOp@NoOp|NoOp@NoOp|NoOp@NoOp|NoOp@NoOp|NoOp@NoOp|NoOp@NoOp|NoOp@NoOp|NoOp@NoOp|Push(W,S)@Push(W,S)|NoOp@NoOp
163126125:NoOp@NoOp|NoOp@NoOp|NoOp@NoOp|NoOp@NoOp|NoOp@NoOp|NoOp@NoOp|NoOp@NoOp|NoOp@NoOp|Push(S,S)@Push(S,S)|NoOp@NoOp
163146209:NoOp@NoOp|NoOp@NoOp|NoOp@NoOp|NoOp@NoOp|NoOp@NoOp|NoOp@NoOp|NoOp@NoOp|NoOp@NoOp|Push(S,S)@Push(S,S)|NoOp@NoOp
163164917:NoOp@NoOp|NoOp@NoOp|NoOp@NoOp|NoOp@NoOp|NoOp@NoOp|NoOp@NoOp|NoOp@NoOp|NoOp@NoOp|Push(S,S)@Push(S,S)|NoOp@NoOp
163180875:NoOp@NoOp|NoOp@NoOp|NoOp@NoOp|NoOp@NoOp|NoOp@NoOp|NoOp@NoOp|NoOp@NoOp|NoOp@NoOp|Push(S,W)@Push(S,W)|NoOp@NoOp
163196084:NoOp@NoOp|NoOp@NoOp|NoOp@NoOp|NoOp@NoOp|NoOp@NoOp|NoOp@NoOp|NoOp@NoOp|NoOp@NoOp|Move(N)@Move(N)|NoOp@NoOp
163210417:NoOp@NoOp|NoOp@NoOp|NoOp@NoOp|NoOp@NoOp|NoOp@NoOp|NoOp@NoOp|NoOp@NoOp|NoOp@NoOp|Move(N)@Move(N)|NoOp@NoOp
163224125:NoOp@NoOp|NoOp@NoOp|Move(N)@Move(N)|NoOp@NoOp|NoOp@NoOp|NoOp@NoOp|NoOp@NoOp|NoOp@NoOp|NoOp@NoOp|NoOp@NoOp
163243542:NoOp@NoOp|NoOp@NoOp|Move(W)@Move(W)|NoOp@NoOp|NoOp@NoOp|NoOp@NoOp|NoOp@NoOp|NoOp@NoOp|NoOp@NoOp|NoOp@NoOp
163259125:NoOp@NoOp|NoOp@NoOp|Move(W)@Move(W)|NoOp@NoOp|NoOp@NoOp|NoOp@NoOp|NoOp@NoOp|NoOp@NoOp|NoOp@NoOp|NoOp@NoOp
163274625:NoOp@NoOp|NoOp@NoOp|Move(W)@Move(W)|NoOp@NoOp|NoOp@NoOp|NoOp@NoOp|NoOp@NoOp|NoOp@NoOp|NoOp@NoOp|NoOp@NoOp
163294792:NoOp@NoOp|NoOp@NoOp|Move(W)@Move(W)|NoOp@NoOp|NoOp@NoOp|NoOp@NoOp|NoOp@NoOp|NoOp@NoOp|NoOp@NoOp|NoOp@NoOp
163310959:NoOp@NoOp|NoOp@NoOp|Move(W)@Move(W)|NoOp@NoOp|NoOp@NoOp|NoOp@NoOp|NoOp@NoOp|NoOp@NoOp|NoOp@NoOp|NoOp@NoOp
163327334:NoOp@NoOp|NoOp@NoOp|Move(W)@Move(W)|NoOp@NoOp|NoOp@NoOp|NoOp@NoOp|NoOp@NoOp|NoOp@NoOp|NoOp@NoOp|NoOp@NoOp
163341625:NoOp@NoOp|NoOp@NoOp|Move(W)@Move(W)|NoOp@NoOp|NoOp@NoOp|NoOp@NoOp|NoOp@NoOp|NoOp@NoOp|NoOp@NoOp|NoOp@NoOp
163355959:NoOp@NoOp|NoOp@NoOp|Move(W)@Move(W)|NoOp@NoOp|NoOp@NoOp|NoOp@NoOp|NoOp@NoOp|NoOp@NoOp|NoOp@NoOp|NoOp@NoOp
163370750:NoOp@NoOp|NoOp@NoOp|Move(W)@Move(W)|NoOp@NoOp|NoOp@NoOp|NoOp@NoOp|NoOp@NoOp|NoOp@NoOp|NoOp@NoOp|NoOp@NoOp
163384834:NoOp@NoOp|NoOp@NoOp|Pull(S,S)@Pull(S,S)|NoOp@NoOp|NoOp@NoOp|NoOp@NoOp|NoOp@NoOp|NoOp@NoOp|NoOp@NoOp|NoOp@NoOp
163399459:NoOp@NoOp|NoOp@NoOp|Push(N,E)@Push(N,E)|NoOp@NoOp|NoOp@NoOp|NoOp@NoOp|NoOp@NoOp|NoOp@NoOp|NoOp@NoOp|NoOp@NoOp
163414959:NoOp@NoOp|NoOp@NoOp|Push(E,E)@Push(E,E)|NoOp@NoOp|NoOp@NoOp|NoOp@NoOp|NoOp@NoOp|NoOp@NoOp|NoOp@NoOp|NoOp@NoOp
163428125:NoOp@NoOp|NoOp@NoOp|Push(E,E)@Push(E,E)|NoOp@NoOp|NoOp@NoOp|NoOp@NoOp|NoOp@NoOp|NoOp@NoOp|NoOp@NoOp|NoOp@NoOp
163446792:NoOp@NoOp|NoOp@NoOp|Push(E,E)@Push(E,E)|NoOp@NoOp|NoOp@NoOp|NoOp@NoOp|NoOp@NoOp|NoOp@NoOp|NoOp@NoOp|NoOp@NoOp
163465667:NoOp@NoOp|NoOp@NoOp|Push(E,E)@Push(E,E)|NoOp@NoOp|NoOp@NoOp|NoOp@NoOp|NoOp@NoOp|NoOp@NoOp|NoOp@NoOp|NoOp@NoOp
163484125:NoOp@NoOp|NoOp@NoOp|Push(E,E)@Push(E,E)|NoOp@NoOp|NoOp@NoOp|NoOp@NoOp|NoOp@NoOp|NoOp@NoOp|NoOp@NoOp|NoOp@NoOp
163498875:NoOp@NoOp|NoOp@NoOp|Push(E,E)@Push(E,E)|NoOp@NoOp|NoOp@NoOp|NoOp@NoOp|NoOp@NoOp|NoOp@NoOp|NoOp@NoOp|NoOp@NoOp
163514917:NoOp@NoOp|NoOp@NoOp|Push(E,E)@Push(E,E)|NoOp@NoOp|NoOp@NoOp|NoOp@NoOp|NoOp@NoOp|NoOp@NoOp|NoOp@NoOp|NoOp@NoOp
163529375:NoOp@NoOp|NoOp@NoOp|Push(E,E)@Push(E,E)|NoOp@NoOp|NoOp@NoOp|NoOp@NoOp|NoOp@NoOp|NoOp@NoOp|NoOp@NoOp|NoOp@NoOp
163543000:NoOp@NoOp|NoOp@NoOp|Push(E,E)@Push(E,E)|NoOp@NoOp|NoOp@NoOp|NoOp@NoOp|NoOp@NoOp|NoOp@NoOp|NoOp@NoOp|NoOp@NoOp
163556625:NoOp@NoOp|NoOp@NoOp|Push(E,E)@Push(E,E)|NoOp@NoOp|NoOp@NoOp|NoOp@NoOp|NoOp@NoOp|NoOp@NoOp|NoOp@NoOp|NoOp@NoOp
163569584:NoOp@NoOp|NoOp@NoOp|Push(E,E)@Push(E,E)|NoOp@NoOp|NoOp@NoOp|NoOp@NoOp|NoOp@NoOp|NoOp@NoOp|NoOp@NoOp|NoOp@NoOp
163590167:NoOp@NoOp|NoOp@NoOp|Push(E,E)@Push(E,E)|NoOp@NoOp|NoOp@NoOp|NoOp@NoOp|NoOp@NoOp|NoOp@NoOp|NoOp@NoOp|NoOp@NoOp
163605917:NoOp@NoOp|NoOp@NoOp|Push(E,E)@Push(E,E)|NoOp@NoOp|NoOp@NoOp|NoOp@NoOp|NoOp@NoOp|NoOp@NoOp|NoOp@NoOp|NoOp@NoOp
163620000:NoOp@NoOp|NoOp@NoOp|Push(E,E)@Push(E,E)|NoOp@NoOp|NoOp@NoOp|NoOp@NoOp|NoOp@NoOp|NoOp@NoOp|NoOp@NoOp|NoOp@NoOp
163633500:NoOp@NoOp|NoOp@NoOp|Push(E,E)@Push(E,E)|NoOp@NoOp|NoOp@NoOp|NoOp@NoOp|NoOp@NoOp|NoOp@NoOp|NoOp@NoOp|NoOp@NoOp
163646834:NoOp@NoOp|NoOp@NoOp|Push(E,S)@Push(E,S)|NoOp@NoOp|NoOp@NoOp|NoOp@NoOp|NoOp@NoOp|NoOp@NoOp|NoOp@NoOp|NoOp@NoOp
163660459:NoOp@NoOp|NoOp@NoOp|Push(S,S)@Push(S,S)|NoOp@NoOp|NoOp@NoOp|NoOp@NoOp|NoOp@NoOp|NoOp@NoOp|NoOp@NoOp|NoOp@NoOp
163673625:NoOp@NoOp|NoOp@NoOp|Push(S,E)@Push(S,E)|NoOp@NoOp|NoOp@NoOp|NoOp@NoOp|NoOp@NoOp|NoOp@NoOp|NoOp@NoOp|NoOp@NoOp
163691792:NoOp@NoOp|NoOp@NoOp|Push(E,E)@Push(E,E)|NoOp@NoOp|NoOp@NoOp|NoOp@NoOp|NoOp@NoOp|NoOp@NoOp|NoOp@NoOp|NoOp@NoOp
163710125:NoOp@NoOp|NoOp@NoOp|Push(E,S)@Push(E,S)|NoOp@NoOp|NoOp@NoOp|NoOp@NoOp|NoOp@NoOp|NoOp@NoOp|NoOp@NoOp|NoOp@NoOp
163728334:NoOp@NoOp|Move(E)@Move(E)|NoOp@NoOp|NoOp@NoOp|NoOp@NoOp|NoOp@NoOp|NoOp@NoOp|NoOp@NoOp|NoOp@NoOp|NoOp@NoOp
163749709:NoOp@NoOp|NoOp@NoOp|NoOp@NoOp|Move(N)@Move(N)|NoOp@NoOp|NoOp@NoOp|NoOp@NoOp|NoOp@NoOp|NoOp@NoOp|NoOp@NoOp
163765750:NoOp@NoOp|NoOp@NoOp|NoOp@NoOp|Move(N)@Move(N)|NoOp@NoOp|NoOp@NoOp|NoOp@NoOp|NoOp@NoOp|NoOp@NoOp|NoOp@NoOp
163780875:NoOp@NoOp|NoOp@NoOp|NoOp@NoOp|Move(W)@Move(W)|NoOp@NoOp|NoOp@NoOp|NoOp@NoOp|NoOp@NoOp|NoOp@NoOp|NoOp@NoOp
163801375:NoOp@NoOp|NoOp@NoOp|NoOp@NoOp|Move(N)@Move(N)|NoOp@NoOp|NoOp@NoOp|NoOp@NoOp|NoOp@NoOp|NoOp@NoOp|NoOp@NoOp
163821625:NoOp@NoOp|NoOp@NoOp|NoOp@NoOp|Push(W,S)@Push(W,S)|NoOp@NoOp|NoOp@NoOp|NoOp@NoOp|NoOp@NoOp|NoOp@NoOp|NoOp@NoOp
163838292:NoOp@NoOp|NoOp@NoOp|NoOp@NoOp|Push(S,E)@Push(S,E)|NoOp@NoOp|NoOp@NoOp|NoOp@NoOp|NoOp@NoOp|NoOp@NoOp|NoOp@NoOp
163856875:NoOp@NoOp|NoOp@NoOp|NoOp@NoOp|Push(E,E)@Push(E,E)|NoOp@NoOp|NoOp@NoOp|NoOp@NoOp|NoOp@NoOp|NoOp@NoOp|NoOp@NoOp
163875209:NoOp@NoOp|NoOp@NoOp|NoOp@NoOp|Push(E,E)@Push(E,E)|NoOp@NoOp|NoOp@NoOp|NoOp@NoOp|NoOp@NoOp|NoOp@NoOp|NoOp@NoOp
163895875:NoOp@NoOp|NoOp@NoOp|NoOp@NoOp|Push(E,E)@Push(E,E)|NoOp@NoOp|NoOp@NoOp|NoOp@NoOp|NoOp@NoOp|NoOp@NoOp|NoOp@NoOp
163914459:NoOp@NoOp|NoOp@NoOp|NoOp@NoOp|Push(E,E)@Push(E,E)|NoOp@NoOp|NoOp@NoOp|NoOp@NoOp|NoOp@NoOp|NoOp@NoOp|NoOp@NoOp
163932917:NoOp@NoOp|NoOp@NoOp|NoOp@NoOp|Push(E,E)@Push(E,E)|NoOp@NoOp|NoOp@NoOp|NoOp@NoOp|NoOp@NoOp|NoOp@NoOp|NoOp@NoOp
163948000:NoOp@NoOp|NoOp@NoOp|NoOp@NoOp|Push(E,E)@Push(E,E)|NoOp@NoOp|NoOp@NoOp|NoOp@NoOp|NoOp@NoOp|NoOp@NoOp|NoOp@NoOp
163962625:NoOp@NoOp|NoOp@NoOp|NoOp@NoOp|Push(E,E)@Push(E,E)|NoOp@NoOp|NoOp@NoOp|NoOp@NoOp|NoOp@NoOp|NoOp@NoOp|NoOp@NoOp
163976792:NoOp@NoOp|NoOp@NoOp|NoOp@NoOp|Push(E,E)@Push(E,E)|NoOp@NoOp|NoOp@NoOp|NoOp@NoOp|NoOp@NoOp|NoOp@NoOp|NoOp@NoOp
163992417:NoOp@NoOp|NoOp@NoOp|NoOp@NoOp|Push(E,E)@Push(E,E)|NoOp@NoOp|NoOp@NoOp|NoOp@NoOp|NoOp@NoOp|NoOp@NoOp|NoOp@NoOp
164006625:NoOp@NoOp|NoOp@NoOp|NoOp@NoOp|Push(E,E)@Push(E,E)|NoOp@NoOp|NoOp@NoOp|NoOp@NoOp|NoOp@NoOp|NoOp@NoOp|NoOp@NoOp
164020125:NoOp@NoOp|NoOp@NoOp|NoOp@NoOp|Push(E,E)@Push(E,E)|NoOp@NoOp|NoOp@NoOp|NoOp@NoOp|NoOp@NoOp|NoOp@NoOp|NoOp@NoOp
164034084:NoOp@NoOp|NoOp@NoOp|NoOp@NoOp|Push(E,S)@Push(E,S)|NoOp@NoOp|NoOp@NoOp|NoOp@NoOp|NoOp@NoOp|NoOp@NoOp|NoOp@NoOp
164048042:NoOp@NoOp|NoOp@NoOp|NoOp@NoOp|Push(S,S)@Push(S,S)|NoOp@NoOp|NoOp@NoOp|NoOp@NoOp|NoOp@NoOp|NoOp@NoOp|NoOp@NoOp
164061709:NoOp@NoOp|NoOp@NoOp|NoOp@NoOp|Push(S,S)@Push(S,S)|NoOp@NoOp|NoOp@NoOp|NoOp@NoOp|NoOp@NoOp|NoOp@NoOp|NoOp@NoOp
164077500:NoOp@NoOp|NoOp@NoOp|NoOp@NoOp|Move(N)@Move(N)|NoOp@NoOp|NoOp@NoOp|NoOp@NoOp|NoOp@NoOp|NoOp@NoOp|NoOp@NoOp
164095667:NoOp@NoOp|NoOp@NoOp|NoOp@NoOp|Move(N)@Move(N)|NoOp@NoOp|NoOp@NoOp|NoOp@NoOp|NoOp@NoOp|NoOp@NoOp|NoOp@NoOp
164114209:NoOp@NoOp|NoOp@NoOp|NoOp@NoOp|Move(E)@Move(E)|NoOp@NoOp|NoOp@NoOp|NoOp@NoOp|NoOp@NoOp|NoOp@NoOp|NoOp@NoOp
164133584:NoOp@NoOp|NoOp@NoOp|NoOp@NoOp|Move(E)@Move(E)|NoOp@NoOp|NoOp@NoOp|NoOp@NoOp|NoOp@NoOp|NoOp@NoOp|NoOp@NoOp
164147417:NoOp@NoOp|NoOp@NoOp|NoOp@NoOp|Move(E)@Move(E)|NoOp@NoOp|NoOp@NoOp|NoOp@NoOp|NoOp@NoOp|NoOp@NoOp|NoOp@NoOp
164162042:NoOp@NoOp|NoOp@NoOp|NoOp@NoOp|Move(E)@Move(E)|NoOp@NoOp|NoOp@NoOp|NoOp@NoOp|NoOp@NoOp|NoOp@NoOp|NoOp@NoOp
164181667:NoOp@NoOp|NoOp@NoOp|NoOp@NoOp|Move(E)@Move(E)|NoOp@NoOp|NoOp@NoOp|NoOp@NoOp|NoOp@NoOp|NoOp@NoOp|NoOp@NoOp
164200125:NoOp@NoOp|NoOp@NoOp|NoOp@NoOp|Move(N)@Move(N)|NoOp@NoOp|NoOp@NoOp|NoOp@NoOp|NoOp@NoOp|NoOp@NoOp|NoOp@NoOp
164218750:NoOp@NoOp|NoOp@NoOp|NoOp@NoOp|Push(E,S)@Push(E,S)|NoOp@NoOp|NoOp@NoOp|NoOp@NoOp|NoOp@NoOp|NoOp@NoOp|NoOp@NoOp
164237750:NoOp@NoOp|NoOp@NoOp|NoOp@NoOp|Push(S,S)@Push(S,S)|NoOp@NoOp|NoOp@NoOp|NoOp@NoOp|NoOp@NoOp|NoOp@NoOp|NoOp@NoOp
164252625:NoOp@NoOp|NoOp@NoOp|NoOp@NoOp|Push(S,S)@Push(S,S)|NoOp@NoOp|NoOp@NoOp|NoOp@NoOp|NoOp@NoOp|NoOp@NoOp|NoOp@NoOp
164267125:NoOp@NoOp|NoOp@NoOp|NoOp@NoOp|Push(S,S)@Push(S,S)|NoOp@NoOp|NoOp@NoOp|NoOp@NoOp|NoOp@NoOp|NoOp@NoOp|NoOp@NoOp
164282792:NoOp@NoOp|NoOp@NoOp|NoOp@NoOp|Push(S,W)@Push(S,W)|NoOp@NoOp|NoOp@NoOp|NoOp@NoOp|NoOp@NoOp|NoOp@NoOp|NoOp@NoOp
164297625:NoOp@NoOp|NoOp@NoOp|NoOp@NoOp|Push(W,W)@Push(W,W)|NoOp@NoOp|NoOp@NoOp|NoOp@NoOp|NoOp@NoOp|NoOp@NoOp|NoOp@NoOp
164311125:NoOp@NoOp|NoOp@NoOp|NoOp@NoOp|Push(W,W)@Push(W,W)|NoOp@NoOp|NoOp@NoOp|NoOp@NoOp|NoOp@NoOp|NoOp@NoOp|NoOp@NoOp
164325125:NoOp@NoOp|NoOp@NoOp|NoOp@NoOp|Push(W,W)@Push(W,W)|NoOp@NoOp|NoOp@NoOp|NoOp@NoOp|NoOp@NoOp|NoOp@NoOp|NoOp@NoOp
164343625:NoOp@NoOp|NoOp@NoOp|NoOp@NoOp|Push(W,W)@Push(W,W)|NoOp@NoOp|NoOp@NoOp|NoOp@NoOp|NoOp@NoOp|NoOp@NoOp|NoOp@NoOp
164361167:NoOp@NoOp|NoOp@NoOp|NoOp@NoOp|Move(N)@Move(N)|NoOp@NoOp|NoOp@NoOp|NoOp@NoOp|NoOp@NoOp|NoOp@NoOp|NoOp@NoOp
164380167:NoOp@NoOp|NoOp@NoOp|NoOp@NoOp|Move(N)@Move(N)|NoOp@NoOp|NoOp@NoOp|NoOp@NoOp|NoOp@NoOp|NoOp@NoOp|NoOp@NoOp
164395667:NoOp@NoOp|NoOp@NoOp|NoOp@NoOp|NoOp@NoOp|Move(N)@Move(N)|NoOp@NoOp|NoOp@NoOp|NoOp@NoOp|NoOp@NoOp|NoOp@NoOp
164410584:NoOp@NoOp|NoOp@NoOp|NoOp@NoOp|NoOp@NoOp|Move(E)@Move(E)|NoOp@NoOp|NoOp@NoOp|NoOp@NoOp|NoOp@NoOp|NoOp@NoOp
164424459:NoOp@NoOp|NoOp@NoOp|NoOp@NoOp|NoOp@NoOp|Move(E)@Move(E)|NoOp@NoOp|NoOp@NoOp|NoOp@NoOp|NoOp@NoOp|NoOp@NoOp
164437959:NoOp@NoOp|NoOp@NoOp|NoOp@NoOp|NoOp@NoOp|Move(E)@Move(E)|NoOp@NoOp|NoOp@NoOp|NoOp@NoOp|NoOp@NoOp|NoOp@NoOp
164455959:NoOp@NoOp|NoOp@NoOp|NoOp@NoOp|NoOp@NoOp|Move(E)@Move(E)|NoOp@NoOp|NoOp@NoOp|NoOp@NoOp|NoOp@NoOp|NoOp@NoOp
164474417:NoOp@NoOp|NoOp@NoOp|NoOp@NoOp|NoOp@NoOp|Move(E)@Move(E)|NoOp@NoOp|NoOp@NoOp|NoOp@NoOp|NoOp@NoOp|NoOp@NoOp
164488334:NoOp@NoOp|NoOp@NoOp|NoOp@NoOp|NoOp@NoOp|Move(E)@Move(E)|NoOp@NoOp|NoOp@NoOp|NoOp@NoOp|NoOp@NoOp|NoOp@NoOp
164502125:NoOp@NoOp|NoOp@NoOp|NoOp@NoOp|NoOp@NoOp|Move(E)@Move(E)|NoOp@NoOp|NoOp@NoOp|NoOp@NoOp|NoOp@NoOp|NoOp@NoOp
164515542:NoOp@NoOp|NoOp@NoOp|NoOp@NoOp|NoOp@NoOp|Move(N)@Move(N)|NoOp@NoOp|NoOp@NoOp|NoOp@NoOp|NoOp@NoOp|NoOp@NoOp
164530292:NoOp@NoOp|NoOp@NoOp|NoOp@NoOp|NoOp@NoOp|Move(E)@Move(E)|NoOp@NoOp|NoOp@NoOp|NoOp@NoOp|NoOp@NoOp|NoOp@NoOp
164546417:NoOp@NoOp|NoOp@NoOp|NoOp@NoOp|NoOp@NoOp|Push(E,S)@Push(E,S)|NoOp@NoOp|NoOp@NoOp|NoOp@NoOp|NoOp@NoOp|NoOp@NoOp
164565292:NoOp@NoOp|NoOp@NoOp|NoOp@NoOp|NoOp@NoOp|Push(S,S)@Push(S,S)|NoOp@NoOp|NoOp@NoOp|NoOp@NoOp|NoOp@NoOp|NoOp@NoOp
164582584:NoOp@NoOp|NoOp@NoOp|NoOp@NoOp|NoOp@NoOp|Push(S,S)@Push(S,S)|NoOp@NoOp|NoOp@NoOp|NoOp@NoOp|NoOp@NoOp|NoOp@NoOp
164596167:NoOp@NoOp|NoOp@NoOp|NoOp@NoOp|NoOp@NoOp|Push(S,E)@Push(S,E)|NoOp@NoOp|NoOp@NoOp|NoOp@NoOp|NoOp@NoOp|NoOp@NoOp
164613167:NoOp@NoOp|NoOp@NoOp|NoOp@NoOp|NoOp@NoOp|Push(E,S)@Push(E,S)|NoOp@NoOp|NoOp@NoOp|NoOp@NoOp|NoOp@NoOp|NoOp@NoOp
164632292:NoOp@NoOp|NoOp@NoOp|NoOp@NoOp|NoOp@NoOp|NoOp@NoOp|Move(N)@Move(N)|NoOp@NoOp|NoOp@NoOp|NoOp@NoOp|NoOp@NoOp
164647375:NoOp@NoOp|NoOp@NoOp|NoOp@NoOp|NoOp@NoOp|NoOp@NoOp|Move(E)@Move(E)|NoOp@NoOp|NoOp@NoOp|NoOp@NoOp|NoOp@NoOp
164666792:NoOp@NoOp|NoOp@NoOp|NoOp@NoOp|NoOp@NoOp|NoOp@NoOp|Move(E)@Move(E)|NoOp@NoOp|NoOp@NoOp|NoOp@NoOp|NoOp@NoOp
164681584:NoOp@NoOp|NoOp@NoOp|NoOp@NoOp|NoOp@NoOp|NoOp@NoOp|Move(E)@Move(E)|NoOp@NoOp|NoOp@NoOp|NoOp@NoOp|NoOp@NoOp
164695042:NoOp@NoOp|NoOp@NoOp|NoOp@NoOp|NoOp@NoOp|NoOp@NoOp|Move(E)@Move(E)|NoOp@NoOp|NoOp@NoOp|NoOp@NoOp|NoOp@NoOp
164708834:NoOp@NoOp|NoOp@NoOp|NoOp@NoOp|NoOp@NoOp|NoOp@NoOp|Move(E)@Move(E)|NoOp@NoOp|NoOp@NoOp|NoOp@NoOp|NoOp@NoOp
164723125:NoOp@NoOp|NoOp@NoOp|NoOp@NoOp|NoOp@NoOp|NoOp@NoOp|Move(E)@Move(E)|NoOp@NoOp|NoOp@NoOp|NoOp@NoOp|NoOp@NoOp
164737125:NoOp@NoOp|NoOp@NoOp|NoOp@NoOp|NoOp@NoOp|NoOp@NoOp|Move(E)@Move(E)|NoOp@NoOp|NoOp@NoOp|NoOp@NoOp|NoOp@NoOp
164752000:NoOp@NoOp|NoOp@NoOp|NoOp@NoOp|NoOp@NoOp|NoOp@NoOp|Move(E)@Move(E)|NoOp@NoOp|NoOp@NoOp|NoOp@NoOp|NoOp@NoOp
164766417:NoOp@NoOp|NoOp@NoOp|NoOp@NoOp|NoOp@NoOp|NoOp@NoOp|Move(E)@Move(E)|NoOp@NoOp|NoOp@NoOp|NoOp@NoOp|NoOp@NoOp
164783125:NoOp@NoOp|NoOp@NoOp|NoOp@NoOp|NoOp@NoOp|NoOp@NoOp|Move(E)@Move(E)|NoOp@NoOp|NoOp@NoOp|NoOp@NoOp|NoOp@NoOp
164801084:NoOp@NoOp|NoOp@NoOp|NoOp@NoOp|NoOp@NoOp|NoOp@NoOp|Move(E)@Move(E)|NoOp@NoOp|NoOp@NoOp|NoOp@NoOp|NoOp@NoOp
164815417:NoOp@NoOp|NoOp@NoOp|NoOp@NoOp|NoOp@NoOp|NoOp@NoOp|Move(E)@Move(E)|NoOp@NoOp|NoOp@NoOp|NoOp@NoOp|NoOp@NoOp
164830667:NoOp@NoOp|NoOp@NoOp|NoOp@NoOp|NoOp@NoOp|NoOp@NoOp|Move(N)@Move(N)|NoOp@NoOp|NoOp@NoOp|NoOp@NoOp|NoOp@NoOp
164844292:NoOp@NoOp|NoOp@NoOp|NoOp@NoOp|NoOp@NoOp|NoOp@NoOp|Move(E)@Move(E)|NoOp@NoOp|NoOp@NoOp|NoOp@NoOp|NoOp@NoOp
164857334:NoOp@NoOp|NoOp@NoOp|NoOp@NoOp|NoOp@NoOp|NoOp@NoOp|Move(E)@Move(E)|NoOp@NoOp|NoOp@NoOp|NoOp@NoOp|NoOp@NoOp
164875584:NoOp@NoOp|NoOp@NoOp|NoOp@NoOp|NoOp@NoOp|NoOp@NoOp|Push(E,S)@Push(E,S)|NoOp@NoOp|NoOp@NoOp|NoOp@NoOp|NoOp@NoOp
164890042:NoOp@NoOp|NoOp@NoOp|NoOp@NoOp|NoOp@NoOp|NoOp@NoOp|Push(S,S)@Push(S,S)|NoOp@NoOp|NoOp@NoOp|NoOp@NoOp|NoOp@NoOp
164903625:NoOp@NoOp|NoOp@NoOp|NoOp@NoOp|NoOp@NoOp|NoOp@NoOp|Push(S,S)@Push(S,S)|NoOp@NoOp|NoOp@NoOp|NoOp@NoOp|NoOp@NoOp
164919542:NoOp@NoOp|NoOp@NoOp|NoOp@NoOp|NoOp@NoOp|NoOp@NoOp|Push(S,S)@Push(S,S)|NoOp@NoOp|NoOp@NoOp|NoOp@NoOp|NoOp@NoOp
164938167:NoOp@NoOp|NoOp@NoOp|NoOp@NoOp|NoOp@NoOp|NoOp@NoOp|Push(S,W)@Push(S,W)|NoOp@NoOp|NoOp@NoOp|NoOp@NoOp|NoOp@NoOp
164957125:NoOp@NoOp|NoOp@NoOp|NoOp@NoOp|NoOp@NoOp|NoOp@NoOp|Push(W,W)@Push(W,W)|NoOp@NoOp|NoOp@NoOp|NoOp@NoOp|NoOp@NoOp
164972084:NoOp@NoOp|NoOp@NoOp|NoOp@NoOp|NoOp@NoOp|NoOp@NoOp|Push(W,W)@Push(W,W)|NoOp@NoOp|NoOp@NoOp|NoOp@NoOp|NoOp@NoOp
164985667:NoOp@NoOp|NoOp@NoOp|NoOp@NoOp|NoOp@NoOp|NoOp@NoOp|Push(W,W)@Push(W,W)|NoOp@NoOp|NoOp@NoOp|NoOp@NoOp|NoOp@NoOp
164999584:NoOp@NoOp|NoOp@NoOp|NoOp@NoOp|NoOp@NoOp|NoOp@NoOp|Push(W,W)@Push(W,W)|NoOp@NoOp|NoOp@NoOp|NoOp@NoOp|NoOp@NoOp
165020000:NoOp@NoOp|NoOp@NoOp|NoOp@NoOp|NoOp@NoOp|NoOp@NoOp|Move(N)@Move(N)|NoOp@NoOp|NoOp@NoOp|NoOp@NoOp|NoOp@NoOp
165034500:NoOp@NoOp|NoOp@NoOp|NoOp@NoOp|NoOp@NoOp|NoOp@NoOp|Move(N)@Move(N)|NoOp@NoOp|NoOp@NoOp|NoOp@NoOp|NoOp@NoOp
165050084:NoOp@NoOp|NoOp@NoOp|NoOp@NoOp|NoOp@NoOp|NoOp@NoOp|Move(N)@Move(N)|NoOp@NoOp|NoOp@NoOp|NoOp@NoOp|NoOp@NoOp
165064334:NoOp@NoOp|NoOp@NoOp|NoOp@NoOp|NoOp@NoOp|NoOp@NoOp|Move(W)@Move(W)|NoOp@NoOp|NoOp@NoOp|NoOp@NoOp|NoOp@NoOp
165078334:NoOp@NoOp|NoOp@NoOp|NoOp@NoOp|NoOp@NoOp|NoOp@NoOp|Move(W)@Move(W)|NoOp@NoOp|NoOp@NoOp|NoOp@NoOp|NoOp@NoOp
165092042:NoOp@NoOp|NoOp@NoOp|NoOp@NoOp|NoOp@NoOp|NoOp@NoOp|Move(W)@Move(W)|NoOp@NoOp|NoOp@NoOp|NoOp@NoOp|NoOp@NoOp
165108042:NoOp@NoOp|NoOp@NoOp|NoOp@NoOp|NoOp@NoOp|NoOp@NoOp|Move(W)@Move(W)|NoOp@NoOp|NoOp@NoOp|NoOp@NoOp|NoOp@NoOp
165125209:NoOp@NoOp|NoOp@NoOp|NoOp@NoOp|NoOp@NoOp|NoOp@NoOp|Move(W)@Move(W)|NoOp@NoOp|NoOp@NoOp|NoOp@NoOp|NoOp@NoOp
165139209:NoOp@NoOp|NoOp@NoOp|NoOp@NoOp|NoOp@NoOp|NoOp@NoOp|Move(W)@Move(W)|NoOp@NoOp|NoOp@NoOp|NoOp@NoOp|NoOp@NoOp
165152667:NoOp@NoOp|NoOp@NoOp|NoOp@NoOp|NoOp@NoOp|NoOp@NoOp|Move(W)@Move(W)|NoOp@NoOp|NoOp@NoOp|NoOp@NoOp|NoOp@NoOp
165166375:NoOp@NoOp|NoOp@NoOp|NoOp@NoOp|NoOp@NoOp|NoOp@NoOp|Move(W)@Move(W)|NoOp@NoOp|NoOp@NoOp|NoOp@NoOp|NoOp@NoOp
165180084:NoOp@NoOp|NoOp@NoOp|NoOp@NoOp|NoOp@NoOp|NoOp@NoOp|Move(W)@Move(W)|NoOp@NoOp|NoOp@NoOp|NoOp@NoOp|NoOp@NoOp
165195459:NoOp@NoOp|NoOp@NoOp|NoOp@NoOp|NoOp@NoOp|NoOp@NoOp|Move(W)@Move(W)|NoOp@NoOp|NoOp@NoOp|NoOp@NoOp|NoOp@NoOp
165210084:NoOp@NoOp|NoOp@NoOp|NoOp@NoOp|NoOp@NoOp|NoOp@NoOp|Move(W)@Move(W)|NoOp@NoOp|NoOp@NoOp|NoOp@NoOp|NoOp@NoOp
165225250:NoOp@NoOp|NoOp@NoOp|NoOp@NoOp|NoOp@NoOp|NoOp@NoOp|Move(W)@Move(W)|NoOp@NoOp|NoOp@NoOp|NoOp@NoOp|NoOp@NoOp
165240167:NoOp@NoOp|NoOp@NoOp|NoOp@NoOp|NoOp@NoOp|NoOp@NoOp|Move(W)@Move(W)|NoOp@NoOp|NoOp@NoOp|NoOp@NoOp|NoOp@NoOp
165253125:NoOp@NoOp|NoOp@NoOp|NoOp@NoOp|NoOp@NoOp|NoOp@NoOp|Move(W)@Move(W)|NoOp@NoOp|NoOp@NoOp|NoOp@NoOp|NoOp@NoOp
165266792:NoOp@NoOp|NoOp@NoOp|NoOp@NoOp|NoOp@NoOp|NoOp@NoOp|Move(W)@Move(W)|NoOp@NoOp|NoOp@NoOp|NoOp@NoOp|NoOp@NoOp
165281250:NoOp@NoOp|NoOp@NoOp|NoOp@NoOp|NoOp@NoOp|NoOp@NoOp|Move(W)@Move(W)|NoOp@NoOp|NoOp@NoOp|NoOp@NoOp|NoOp@NoOp
165295292:NoOp@NoOp|NoOp@NoOp|NoOp@NoOp|NoOp@NoOp|NoOp@NoOp|Move(W)@Move(W)|NoOp@NoOp|NoOp@NoOp|NoOp@NoOp|NoOp@NoOp
165308292:NoOp@NoOp|NoOp@NoOp|NoOp@NoOp|NoOp@NoOp|NoOp@NoOp|Move(W)@Move(W)|NoOp@NoOp|NoOp@NoOp|NoOp@NoOp|NoOp@NoOp
165322209:NoOp@NoOp|NoOp@NoOp|NoOp@NoOp|NoOp@NoOp|NoOp@NoOp|Move(W)@Move(W)|NoOp@NoOp|NoOp@NoOp|NoOp@NoOp|NoOp@NoOp
165336875:NoOp@NoOp|NoOp@NoOp|NoOp@NoOp|NoOp@NoOp|NoOp@NoOp|Move(W)@Move(W)|NoOp@NoOp|NoOp@NoOp|NoOp@NoOp|NoOp@NoOp
165350500:NoOp@NoOp|NoOp@NoOp|NoOp@NoOp|NoOp@NoOp|NoOp@NoOp|Move(W)@Move(W)|NoOp@NoOp|NoOp@NoOp|NoOp@NoOp|NoOp@NoOp
165365542:NoOp@NoOp|NoOp@NoOp|NoOp@NoOp|NoOp@NoOp|NoOp@NoOp|Move(W)@Move(W)|NoOp@NoOp|NoOp@NoOp|NoOp@NoOp|NoOp@NoOp
165379459:NoOp@NoOp|NoOp@NoOp|NoOp@NoOp|NoOp@NoOp|NoOp@NoOp|Move(W)@Move(W)|NoOp@NoOp|NoOp@NoOp|NoOp@NoOp|NoOp@NoOp
165397292:NoOp@NoOp|NoOp@NoOp|NoOp@NoOp|NoOp@NoOp|NoOp@NoOp|Move(N)@Move(N)|NoOp@NoOp|NoOp@NoOp|NoOp@NoOp|NoOp@NoOp
165411917:NoOp@NoOp|NoOp@NoOp|NoOp@NoOp|NoOp@NoOp|NoOp@NoOp|Move(W)@Move(W)|NoOp@NoOp|NoOp@NoOp|NoOp@NoOp|NoOp@NoOp
165425792:NoOp@NoOp|NoOp@NoOp|NoOp@NoOp|NoOp@NoOp|NoOp@NoOp|Move(W)@Move(W)|NoOp@NoOp|NoOp@NoOp|NoOp@NoOp|NoOp@NoOp
165440292:NoOp@NoOp|NoOp@NoOp|NoOp@NoOp|NoOp@NoOp|NoOp@NoOp|Move(W)@Move(W)|NoOp@NoOp|NoOp@NoOp|NoOp@NoOp|NoOp@NoOp
165455167:NoOp@NoOp|NoOp@NoOp|NoOp@NoOp|NoOp@NoOp|NoOp@NoOp|Push(W,S)@Push(W,S)|NoOp@NoOp|NoOp@NoOp|NoOp@NoOp|NoOp@NoOp
165469000:NoOp@NoOp|NoOp@NoOp|NoOp@NoOp|NoOp@NoOp|NoOp@NoOp|Push(S,E)@Push(S,E)|NoOp@NoOp|NoOp@NoOp|NoOp@NoOp|NoOp@NoOp
165482959:NoOp@NoOp|NoOp@NoOp|NoOp@NoOp|NoOp@NoOp|NoOp@NoOp|Push(E,E)@Push(E,E)|NoOp@NoOp|NoOp@NoOp|NoOp@NoOp|NoOp@NoOp
165497584:NoOp@NoOp|NoOp@NoOp|NoOp@NoOp|NoOp@NoOp|NoOp@NoOp|Push(E,E)@Push(E,E)|NoOp@NoOp|NoOp@NoOp|NoOp@NoOp|NoOp@NoOp
165515875:NoOp@NoOp|NoOp@NoOp|NoOp@NoOp|NoOp@NoOp|NoOp@NoOp|Push(E,E)@Push(E,E)|NoOp@NoOp|NoOp@NoOp|NoOp@NoOp|NoOp@NoOp
165535959:NoOp@NoOp|NoOp@NoOp|NoOp@NoOp|NoOp@NoOp|NoOp@NoOp|Push(E,E)@Push(E,E)|NoOp@NoOp|NoOp@NoOp|NoOp@NoOp|NoOp@NoOp
165554375:NoOp@NoOp|NoOp@NoOp|NoOp@NoOp|NoOp@NoOp|NoOp@NoOp|Push(E,E)@Push(E,E)|NoOp@NoOp|NoOp@NoOp|NoOp@NoOp|NoOp@NoOp
165573375:NoOp@NoOp|NoOp@NoOp|NoOp@NoOp|NoOp@NoOp|NoOp@NoOp|Push(E,E)@Push(E,E)|NoOp@NoOp|NoOp@NoOp|NoOp@NoOp|NoOp@NoOp
165588500:NoOp@NoOp|NoOp@NoOp|NoOp@NoOp|NoOp@NoOp|NoOp@NoOp|Push(E,E)@Push(E,E)|NoOp@NoOp|NoOp@NoOp|NoOp@NoOp|NoOp@NoOp
165602959:NoOp@NoOp|NoOp@NoOp|NoOp@NoOp|NoOp@NoOp|NoOp@NoOp|Push(E,E)@Push(E,E)|NoOp@NoOp|NoOp@NoOp|NoOp@NoOp|NoOp@NoOp
165616292:NoOp@NoOp|NoOp@NoOp|NoOp@NoOp|NoOp@NoOp|NoOp@NoOp|Push(E,E)@Push(E,E)|NoOp@NoOp|NoOp@NoOp|NoOp@NoOp|NoOp@NoOp
165632125:NoOp@NoOp|NoOp@NoOp|NoOp@NoOp|NoOp@NoOp|NoOp@NoOp|Push(E,E)@Push(E,E)|NoOp@NoOp|NoOp@NoOp|NoOp@NoOp|NoOp@NoOp
165645584:NoOp@NoOp|NoOp@NoOp|NoOp@NoOp|NoOp@NoOp|NoOp@NoOp|Push(E,E)@Push(E,E)|NoOp@NoOp|NoOp@NoOp|NoOp@NoOp|NoOp@NoOp
165664209:NoOp@NoOp|NoOp@NoOp|NoOp@NoOp|NoOp@NoOp|NoOp@NoOp|Push(E,E)@Push(E,E)|NoOp@NoOp|NoOp@NoOp|NoOp@NoOp|NoOp@NoOp
165677917:NoOp@NoOp|NoOp@NoOp|NoOp@NoOp|NoOp@NoOp|NoOp@NoOp|Push(E,E)@Push(E,E)|NoOp@NoOp|NoOp@NoOp|NoOp@NoOp|NoOp@NoOp
165696167:NoOp@NoOp|NoOp@NoOp|NoOp@NoOp|NoOp@NoOp|NoOp@NoOp|Push(E,E)@Push(E,E)|NoOp@NoOp|NoOp@NoOp|NoOp@NoOp|NoOp@NoOp
165711000:NoOp@NoOp|NoOp@NoOp|NoOp@NoOp|NoOp@NoOp|NoOp@NoOp|Push(E,E)@Push(E,E)|NoOp@NoOp|NoOp@NoOp|NoOp@NoOp|NoOp@NoOp
165726875:NoOp@NoOp|NoOp@NoOp|NoOp@NoOp|NoOp@NoOp|NoOp@NoOp|Push(E,E)@Push(E,E)|NoOp@NoOp|NoOp@NoOp|NoOp@NoOp|NoOp@NoOp
165741334:NoOp@NoOp|NoOp@NoOp|NoOp@NoOp|NoOp@NoOp|NoOp@NoOp|Push(E,E)@Push(E,E)|NoOp@NoOp|NoOp@NoOp|NoOp@NoOp|NoOp@NoOp
165754875:NoOp@NoOp|NoOp@NoOp|NoOp@NoOp|NoOp@NoOp|NoOp@NoOp|Push(E,E)@Push(E,E)|NoOp@NoOp|NoOp@NoOp|NoOp@NoOp|NoOp@NoOp
165768417:NoOp@NoOp|NoOp@NoOp|NoOp@NoOp|NoOp@NoOp|NoOp@NoOp|Push(E,E)@Push(E,E)|NoOp@NoOp|NoOp@NoOp|NoOp@NoOp|NoOp@NoOp
165782334:NoOp@NoOp|NoOp@NoOp|NoOp@NoOp|NoOp@NoOp|NoOp@NoOp|Push(E,E)@Push(E,E)|NoOp@NoOp|NoOp@NoOp|NoOp@NoOp|NoOp@NoOp
165796917:NoOp@NoOp|NoOp@NoOp|NoOp@NoOp|NoOp@NoOp|NoOp@NoOp|Push(E,E)@Push(E,E)|NoOp@NoOp|NoOp@NoOp|NoOp@NoOp|NoOp@NoOp
165812042:NoOp@NoOp|NoOp@NoOp|NoOp@NoOp|NoOp@NoOp|NoOp@NoOp|Push(E,E)@Push(E,E)|NoOp@NoOp|NoOp@NoOp|NoOp@NoOp|NoOp@NoOp
165825917:NoOp@NoOp|NoOp@NoOp|NoOp@NoOp|NoOp@NoOp|NoOp@NoOp|Push(E,E)@Push(E,E)|NoOp@NoOp|NoOp@NoOp|NoOp@NoOp|NoOp@NoOp
165839417:NoOp@NoOp|NoOp@NoOp|NoOp@NoOp|NoOp@NoOp|NoOp@NoOp|Push(E,E)@Push(E,E)|NoOp@NoOp|NoOp@NoOp|NoOp@NoOp|NoOp@NoOp
165853042:NoOp@NoOp|NoOp@NoOp|NoOp@NoOp|NoOp@NoOp|NoOp@NoOp|Push(E,E)@Push(E,E)|NoOp@NoOp|NoOp@NoOp|NoOp@NoOp|NoOp@NoOp
165867125:NoOp@NoOp|NoOp@NoOp|NoOp@NoOp|NoOp@NoOp|NoOp@NoOp|Push(E,S)@Push(E,S)|NoOp@NoOp|NoOp@NoOp|NoOp@NoOp|NoOp@NoOp
165882584:NoOp@NoOp|NoOp@NoOp|NoOp@NoOp|NoOp@NoOp|NoOp@NoOp|Push(S,S)@Push(S,S)|NoOp@NoOp|NoOp@NoOp|NoOp@NoOp|NoOp@NoOp
165897417:NoOp@NoOp|NoOp@NoOp|NoOp@NoOp|NoOp@NoOp|NoOp@NoOp|Push(S,E)@Push(S,E)|NoOp@NoOp|NoOp@NoOp|NoOp@NoOp|NoOp@NoOp
165911084:NoOp@NoOp|NoOp@NoOp|NoOp@NoOp|NoOp@NoOp|NoOp@NoOp|Push(E,S)@Push(E,S)|NoOp@NoOp|NoOp@NoOp|NoOp@NoOp|NoOp@NoOp
165925500:NoOp@NoOp|NoOp@NoOp|NoOp@NoOp|NoOp@NoOp|NoOp@NoOp|NoOp@NoOp|Move(N)@Move(N)|NoOp@NoOp|NoOp@NoOp|NoOp@NoOp
165944292:NoOp@NoOp|NoOp@NoOp|NoOp@NoOp|NoOp@NoOp|NoOp@NoOp|NoOp@NoOp|Move(N)@Move(N)|NoOp@NoOp|NoOp@NoOp|NoOp@NoOp
165959209:NoOp@NoOp|NoOp@NoOp|NoOp@NoOp|NoOp@NoOp|NoOp@NoOp|NoOp@NoOp|Move(E)@Move(E)|NoOp@NoOp|NoOp@NoOp|NoOp@NoOp
165973750:NoOp@NoOp|NoOp@NoOp|NoOp@NoOp|NoOp@NoOp|NoOp@NoOp|NoOp@NoOp|Move(E)@Move(E)|NoOp@NoOp|NoOp@NoOp|NoOp@NoOp
165988792:NoOp@NoOp|NoOp@NoOp|NoOp@NoOp|NoOp@NoOp|NoOp@NoOp|NoOp@NoOp|Move(E)@Move(E)|NoOp@NoOp|NoOp@NoOp|NoOp@NoOp
166008375:NoOp@NoOp|NoOp@NoOp|NoOp@NoOp|NoOp@NoOp|NoOp@NoOp|NoOp@NoOp|Move(N)@Move(N)|NoOp@NoOp|NoOp@NoOp|NoOp@NoOp
166023375:NoOp@NoOp|NoOp@NoOp|NoOp@NoOp|NoOp@NoOp|NoOp@NoOp|NoOp@NoOp|Move(E)@Move(E)|NoOp@NoOp|NoOp@NoOp|NoOp@NoOp
166037542:NoOp@NoOp|NoOp@NoOp|NoOp@NoOp|NoOp@NoOp|NoOp@NoOp|NoOp@NoOp|Push(E,S)@Push(E,S)|NoOp@NoOp|NoOp@NoOp|NoOp@NoOp
166052292:NoOp@NoOp|NoOp@NoOp|NoOp@NoOp|NoOp@NoOp|NoOp@NoOp|NoOp@NoOp|Push(S,E)@Push(S,E)|NoOp@NoOp|NoOp@NoOp|NoOp@NoOp
166066500:NoOp@NoOp|NoOp@NoOp|NoOp@NoOp|NoOp@NoOp|NoOp@NoOp|NoOp@NoOp|Push(E,E)@Push(E,E)|NoOp@NoOp|NoOp@NoOp|NoOp@NoOp
166082084:NoOp@NoOp|NoOp@NoOp|NoOp@NoOp|NoOp@NoOp|NoOp@NoOp|NoOp@NoOp|Push(E,E)@Push(E,E)|NoOp@NoOp|NoOp@NoOp|NoOp@NoOp
166100167:NoOp@NoOp|NoOp@NoOp|NoOp@NoOp|NoOp@NoOp|NoOp@NoOp|NoOp@NoOp|Push(E,E)@Push(E,E)|NoOp@NoOp|NoOp@NoOp|NoOp@NoOp
166120375:NoOp@NoOp|NoOp@NoOp|NoOp@NoOp|NoOp@NoOp|NoOp@NoOp|NoOp@NoOp|Push(E,E)@Push(E,E)|NoOp@NoOp|NoOp@NoOp|NoOp@NoOp
166137875:NoOp@NoOp|NoOp@NoOp|NoOp@NoOp|NoOp@NoOp|NoOp@NoOp|NoOp@NoOp|Push(E,S)@Push(E,S)|NoOp@NoOp|NoOp@NoOp|NoOp@NoOp
166156750:NoOp@NoOp|NoOp@NoOp|NoOp@NoOp|NoOp@NoOp|NoOp@NoOp|NoOp@NoOp|Push(S,E)@Push(S,E)|NoOp@NoOp|NoOp@NoOp|NoOp@NoOp
166175209:NoOp@NoOp|NoOp@NoOp|NoOp@NoOp|NoOp@NoOp|NoOp@NoOp|NoOp@NoOp|Push(E,E)@Push(E,E)|NoOp@NoOp|NoOp@NoOp|NoOp@NoOp
166189750:NoOp@NoOp|NoOp@NoOp|NoOp@NoOp|NoOp@NoOp|NoOp@NoOp|NoOp@NoOp|Push(E,S)@Push(E,S)|NoOp@NoOp|NoOp@NoOp|NoOp@NoOp
166204209:NoOp@NoOp|NoOp@NoOp|NoOp@NoOp|NoOp@NoOp|NoOp@NoOp|NoOp@NoOp|Push(S,S)@Push(S,S)|NoOp@NoOp|NoOp@NoOp|NoOp@NoOp
166217875:NoOp@NoOp|NoOp@NoOp|NoOp@NoOp|NoOp@NoOp|NoOp@NoOp|NoOp@NoOp|Move(N)@Move(N)|NoOp@NoOp|NoOp@NoOp|NoOp@NoOp
166231542:NoOp@NoOp|NoOp@NoOp|NoOp@NoOp|NoOp@NoOp|NoOp@NoOp|NoOp@NoOp|Move(N)@Move(N)|NoOp@NoOp|NoOp@NoOp|NoOp@NoOp
166245834:NoOp@NoOp|NoOp@NoOp|NoOp@NoOp|NoOp@NoOp|NoOp@NoOp|NoOp@NoOp|Move(W)@Move(W)|NoOp@NoOp|NoOp@NoOp|NoOp@NoOp
166268167:NoOp@NoOp|NoOp@NoOp|NoOp@NoOp|NoOp@NoOp|NoOp@NoOp|NoOp@NoOp|Move(W)@Move(W)|NoOp@NoOp|NoOp@NoOp|NoOp@NoOp
166283459:NoOp@NoOp|NoOp@NoOp|NoOp@NoOp|NoOp@NoOp|NoOp@NoOp|NoOp@NoOp|Move(W)@Move(W)|NoOp@NoOp|NoOp@NoOp|NoOp@NoOp
166297834:NoOp@NoOp|NoOp@NoOp|NoOp@NoOp|NoOp@NoOp|NoOp@NoOp|NoOp@NoOp|Move(W)@Move(W)|NoOp@NoOp|NoOp@NoOp|NoOp@NoOp
166316125:NoOp@NoOp|NoOp@NoOp|NoOp@NoOp|NoOp@NoOp|NoOp@NoOp|NoOp@NoOp|Move(W)@Move(W)|NoOp@NoOp|NoOp@NoOp|NoOp@NoOp
166334625:NoOp@NoOp|NoOp@NoOp|NoOp@NoOp|NoOp@NoOp|NoOp@NoOp|NoOp@NoOp|Move(W)@Move(W)|NoOp@NoOp|NoOp@NoOp|NoOp@NoOp
166348334:NoOp@NoOp|NoOp@NoOp|NoOp@NoOp|NoOp@NoOp|NoOp@NoOp|NoOp@NoOp|Move(W)@Move(W)|NoOp@NoOp|NoOp@NoOp|NoOp@NoOp
166364125:NoOp@NoOp|NoOp@NoOp|NoOp@NoOp|NoOp@NoOp|NoOp@NoOp|NoOp@NoOp|Move(W)@Move(W)|NoOp@NoOp|NoOp@NoOp|NoOp@NoOp
166378042:NoOp@NoOp|NoOp@NoOp|NoOp@NoOp|NoOp@NoOp|NoOp@NoOp|NoOp@NoOp|Move(W)@Move(W)|NoOp@NoOp|NoOp@NoOp|NoOp@NoOp
166391042:NoOp@NoOp|NoOp@NoOp|NoOp@NoOp|NoOp@NoOp|NoOp@NoOp|NoOp@NoOp|Move(W)@Move(W)|NoOp@NoOp|NoOp@NoOp|NoOp@NoOp
166404709:NoOp@NoOp|NoOp@NoOp|NoOp@NoOp|NoOp@NoOp|NoOp@NoOp|NoOp@NoOp|Move(W)@Move(W)|NoOp@NoOp|NoOp@NoOp|NoOp@NoOp
166418000:NoOp@NoOp|NoOp@NoOp|NoOp@NoOp|NoOp@NoOp|NoOp@NoOp|NoOp@NoOp|Move(W)@Move(W)|NoOp@NoOp|NoOp@NoOp|NoOp@NoOp
166431209:NoOp@NoOp|NoOp@NoOp|NoOp@NoOp|NoOp@NoOp|NoOp@NoOp|NoOp@NoOp|Move(W)@Move(W)|NoOp@NoOp|NoOp@NoOp|NoOp@NoOp
166446084:NoOp@NoOp|NoOp@NoOp|NoOp@NoOp|NoOp@NoOp|NoOp@NoOp|NoOp@NoOp|Move(W)@Move(W)|NoOp@NoOp|NoOp@NoOp|NoOp@NoOp
166459584:NoOp@NoOp|NoOp@NoOp|NoOp@NoOp|NoOp@NoOp|NoOp@NoOp|NoOp@NoOp|Move(W)@Move(W)|NoOp@NoOp|NoOp@NoOp|NoOp@NoOp
166473334:NoOp@NoOp|NoOp@NoOp|NoOp@NoOp|NoOp@NoOp|NoOp@NoOp|NoOp@NoOp|Move(W)@Move(W)|NoOp@NoOp|NoOp@NoOp|NoOp@NoOp
166487167:NoOp@NoOp|NoOp@NoOp|NoOp@NoOp|NoOp@NoOp|NoOp@NoOp|NoOp@NoOp|Move(N)@Move(N)|NoOp@NoOp|NoOp@NoOp|NoOp@NoOp
166500709:NoOp@NoOp|NoOp@NoOp|NoOp@NoOp|NoOp@NoOp|NoOp@NoOp|NoOp@NoOp|Move(W)@Move(W)|NoOp@NoOp|NoOp@NoOp|NoOp@NoOp
166513917:NoOp@NoOp|NoOp@NoOp|NoOp@NoOp|NoOp@NoOp|NoOp@NoOp|NoOp@NoOp|Move(W)@Move(W)|NoOp@NoOp|NoOp@NoOp|NoOp@NoOp
166529917:NoOp@NoOp|NoOp@NoOp|NoOp@NoOp|NoOp@NoOp|NoOp@NoOp|NoOp@NoOp|Move(W)@Move(W)|NoOp@NoOp|NoOp@NoOp|NoOp@NoOp
166544250:NoOp@NoOp|NoOp@NoOp|NoOp@NoOp|NoOp@NoOp|NoOp@NoOp|NoOp@NoOp|Move(W)@Move(W)|NoOp@NoOp|NoOp@NoOp|NoOp@NoOp
166558625:NoOp@NoOp|NoOp@NoOp|NoOp@NoOp|NoOp@NoOp|NoOp@NoOp|NoOp@NoOp|Move(W)@Move(W)|NoOp@NoOp|NoOp@NoOp|NoOp@NoOp
166571834:NoOp@NoOp|NoOp@NoOp|NoOp@NoOp|NoOp@NoOp|NoOp@NoOp|NoOp@NoOp|Move(W)@Move(W)|NoOp@NoOp|NoOp@NoOp|NoOp@NoOp
166586834:NoOp@NoOp|NoOp@NoOp|NoOp@NoOp|NoOp@NoOp|NoOp@NoOp|NoOp@NoOp|Push(W,S)@Push(W,S)|NoOp@NoOp|NoOp@NoOp|NoOp@NoOp
166600709:NoOp@NoOp|NoOp@NoOp|NoOp@NoOp|NoOp@NoOp|NoOp@NoOp|NoOp@NoOp|Push(S,E)@Push(S,E)|NoOp@NoOp|NoOp@NoOp|NoOp@NoOp
166615584:NoOp@NoOp|NoOp@NoOp|NoOp@NoOp|NoOp@NoOp|NoOp@NoOp|NoOp@NoOp|Push(E,E)@Push(E,E)|NoOp@NoOp|NoOp@NoOp|NoOp@NoOp
166630334:NoOp@NoOp|NoOp@NoOp|NoOp@NoOp|NoOp@NoOp|NoOp@NoOp|NoOp@NoOp|Push(E,E)@Push(E,E)|NoOp@NoOp|NoOp@NoOp|NoOp@NoOp
166648917:NoOp@NoOp|NoOp@NoOp|NoOp@NoOp|NoOp@NoOp|NoOp@NoOp|NoOp@NoOp|Push(E,E)@Push(E,E)|NoOp@NoOp|NoOp@NoOp|NoOp@NoOp
166664417:NoOp@NoOp|NoOp@NoOp|NoOp@NoOp|NoOp@NoOp|NoOp@NoOp|NoOp@NoOp|Push(E,E)@Push(E,E)|NoOp@NoOp|NoOp@NoOp|NoOp@NoOp
166678084:NoOp@NoOp|NoOp@NoOp|NoOp@NoOp|NoOp@NoOp|NoOp@NoOp|NoOp@NoOp|Push(E,E)@Push(E,E)|NoOp@NoOp|NoOp@NoOp|NoOp@NoOp
166692375:NoOp@NoOp|NoOp@NoOp|NoOp@NoOp|NoOp@NoOp|NoOp@NoOp|NoOp@NoOp|Push(E,E)@Push(E,E)|NoOp@NoOp|NoOp@NoOp|NoOp@NoOp
166707000:NoOp@NoOp|NoOp@NoOp|NoOp@NoOp|NoOp@NoOp|NoOp@NoOp|NoOp@NoOp|Push(E,E)@Push(E,E)|NoOp@NoOp|NoOp@NoOp|NoOp@NoOp
166720792:NoOp@NoOp|NoOp@NoOp|NoOp@NoOp|NoOp@NoOp|NoOp@NoOp|NoOp@NoOp|Push(E,E)@Push(E,E)|NoOp@NoOp|NoOp@NoOp|NoOp@NoOp
166734292:NoOp@NoOp|NoOp@NoOp|NoOp@NoOp|NoOp@NoOp|NoOp@NoOp|NoOp@NoOp|Push(E,E)@Push(E,E)|NoOp@NoOp|NoOp@NoOp|NoOp@NoOp
166747625:NoOp@NoOp|NoOp@NoOp|NoOp@NoOp|NoOp@NoOp|NoOp@NoOp|NoOp@NoOp|Push(E,E)@Push(E,E)|NoOp@NoOp|NoOp@NoOp|NoOp@NoOp
166761417:NoOp@NoOp|NoOp@NoOp|NoOp@NoOp|NoOp@NoOp|NoOp@NoOp|NoOp@NoOp|Push(E,E)@Push(E,E)|NoOp@NoOp|NoOp@NoOp|NoOp@NoOp
166775334:NoOp@NoOp|NoOp@NoOp|NoOp@NoOp|NoOp@NoOp|NoOp@NoOp|NoOp@NoOp|Push(E,E)@Push(E,E)|NoOp@NoOp|NoOp@NoOp|NoOp@NoOp
166790167:NoOp@NoOp|NoOp@NoOp|NoOp@NoOp|NoOp@NoOp|NoOp@NoOp|NoOp@NoOp|Push(E,E)@Push(E,E)|NoOp@NoOp|NoOp@NoOp|NoOp@NoOp
166808459:NoOp@NoOp|NoOp@NoOp|NoOp@NoOp|NoOp@NoOp|NoOp@NoOp|NoOp@NoOp|Push(E,E)@Push(E,E)|NoOp@NoOp|NoOp@NoOp|NoOp@NoOp
166822959:NoOp@NoOp|NoOp@NoOp|NoOp@NoOp|NoOp@NoOp|NoOp@NoOp|NoOp@NoOp|Push(E,E)@Push(E,E)|NoOp@NoOp|NoOp@NoOp|NoOp@NoOp
166837334:NoOp@NoOp|NoOp@NoOp|NoOp@NoOp|NoOp@NoOp|NoOp@NoOp|NoOp@NoOp|Push(E,E)@Push(E,E)|NoOp@NoOp|NoOp@NoOp|NoOp@NoOp
166852542:NoOp@NoOp|NoOp@NoOp|NoOp@NoOp|NoOp@NoOp|NoOp@NoOp|NoOp@NoOp|Push(E,E)@Push(E,E)|NoOp@NoOp|NoOp@NoOp|NoOp@NoOp
166868000:NoOp@NoOp|NoOp@NoOp|NoOp@NoOp|NoOp@NoOp|NoOp@NoOp|NoOp@NoOp|Push(E,E)@Push(E,E)|NoOp@NoOp|NoOp@NoOp|NoOp@NoOp
166887125:NoOp@NoOp|NoOp@NoOp|NoOp@NoOp|NoOp@NoOp|NoOp@NoOp|NoOp@NoOp|Push(E,E)@Push(E,E)|NoOp@NoOp|NoOp@NoOp|NoOp@NoOp
166903584:NoOp@NoOp|NoOp@NoOp|NoOp@NoOp|NoOp@NoOp|NoOp@NoOp|NoOp@NoOp|Push(E,E)@Push(E,E)|NoOp@NoOp|NoOp@NoOp|NoOp@NoOp
166917625:NoOp@NoOp|NoOp@NoOp|NoOp@NoOp|NoOp@NoOp|NoOp@NoOp|NoOp@NoOp|Push(E,S)@Push(E,S)|NoOp@NoOp|NoOp@NoOp|NoOp@NoOp
166931500:NoOp@NoOp|NoOp@NoOp|NoOp@NoOp|NoOp@NoOp|NoOp@NoOp|NoOp@NoOp|Push(S,E)@Push(S,E)|NoOp@NoOp|NoOp@NoOp|NoOp@NoOp
166945000:NoOp@NoOp|NoOp@NoOp|NoOp@NoOp|NoOp@NoOp|NoOp@NoOp|NoOp@NoOp|Push(E,E)@Push(E,E)|NoOp@NoOp|NoOp@NoOp|NoOp@NoOp
166960584:NoOp@NoOp|NoOp@NoOp|NoOp@NoOp|NoOp@NoOp|NoOp@NoOp|NoOp@NoOp|Push(E,S)@Push(E,S)|NoOp@NoOp|NoOp@NoOp|NoOp@NoOp
166974084:NoOp@NoOp|NoOp@NoOp|NoOp@NoOp|NoOp@NoOp|NoOp@NoOp|NoOp@NoOp|Push(S,E)@Push(S,E)|NoOp@NoOp|NoOp@NoOp|NoOp@NoOp
166988417:NoOp@NoOp|NoOp@NoOp|NoOp@NoOp|NoOp@NoOp|NoOp@NoOp|NoOp@NoOp|Push(E,S)@Push(E,S)|NoOp@NoOp|NoOp@NoOp|NoOp@NoOp
167002167:NoOp@NoOp|NoOp@NoOp|NoOp@NoOp|NoOp@NoOp|NoOp@NoOp|Move(E)@Move(E)|NoOp@NoOp|NoOp@NoOp|NoOp@NoOp|NoOp@NoOp
167015709:NoOp@NoOp|NoOp@NoOp|NoOp@NoOp|NoOp@NoOp|NoOp@NoOp|NoOp@NoOp|NoOp@NoOp|Move(N)@Move(N)|NoOp@NoOp|NoOp@NoOp
167029834:NoOp@NoOp|NoOp@NoOp|NoOp@NoOp|NoOp@NoOp|NoOp@NoOp|NoOp@NoOp|NoOp@NoOp|Move(N)@Move(N)|NoOp@NoOp|NoOp@NoOp
167045834:NoOp@NoOp|NoOp@NoOp|NoOp@NoOp|NoOp@NoOp|NoOp@NoOp|NoOp@NoOp|NoOp@NoOp|Move(E)@Move(E)|NoOp@NoOp|NoOp@NoOp
167059834:NoOp@NoOp|NoOp@NoOp|NoOp@NoOp|NoOp@NoOp|NoOp@NoOp|NoOp@NoOp|NoOp@NoOp|Move(E)@Move(E)|NoOp@NoOp|NoOp@NoOp
167078042:NoOp@NoOp|NoOp@NoOp|NoOp@NoOp|NoOp@NoOp|NoOp@NoOp|NoOp@NoOp|NoOp@NoOp|Move(E)@Move(E)|NoOp@NoOp|NoOp@NoOp
167095459:NoOp@NoOp|NoOp@NoOp|NoOp@NoOp|NoOp@NoOp|NoOp@NoOp|NoOp@NoOp|NoOp@NoOp|Move(E)@Move(E)|NoOp@NoOp|NoOp@NoOp
167113000:NoOp@NoOp|NoOp@NoOp|NoOp@NoOp|NoOp@NoOp|NoOp@NoOp|NoOp@NoOp|NoOp@NoOp|Move(E)@Move(E)|NoOp@NoOp|NoOp@NoOp
167127209:NoOp@NoOp|NoOp@NoOp|NoOp@NoOp|NoOp@NoOp|NoOp@NoOp|NoOp@NoOp|NoOp@NoOp|Move(E)@Move(E)|NoOp@NoOp|NoOp@NoOp
167141625:NoOp@NoOp|NoOp@NoOp|NoOp@NoOp|NoOp@NoOp|NoOp@NoOp|NoOp@NoOp|NoOp@NoOp|Move(E)@Move(E)|NoOp@NoOp|NoOp@NoOp
167155250:NoOp@NoOp|NoOp@NoOp|NoOp@NoOp|NoOp@NoOp|NoOp@NoOp|NoOp@NoOp|NoOp@NoOp|Push(E,S)@Push(E,S)|NoOp@NoOp|NoOp@NoOp
167169959:NoOp@NoOp|NoOp@NoOp|NoOp@NoOp|NoOp@NoOp|NoOp@NoOp|NoOp@NoOp|NoOp@NoOp|Push(S,S)@Push(S,S)|NoOp@NoOp|NoOp@NoOp
167183709:NoOp@NoOp|NoOp@NoOp|NoOp@NoOp|NoOp@NoOp|NoOp@NoOp|NoOp@NoOp|NoOp@NoOp|Push(S,E)@Push(S,E)|NoOp@NoOp|NoOp@NoOp
167203959:NoOp@NoOp|NoOp@NoOp|NoOp@NoOp|NoOp@NoOp|NoOp@NoOp|NoOp@NoOp|NoOp@NoOp|Push(E,E)@Push(E,E)|NoOp@NoOp|NoOp@NoOp
167224375:NoOp@NoOp|NoOp@NoOp|NoOp@NoOp|NoOp@NoOp|NoOp@NoOp|NoOp@NoOp|NoOp@NoOp|Push(E,E)@Push(E,E)|NoOp@NoOp|NoOp@NoOp
167243584:NoOp@NoOp|NoOp@NoOp|NoOp@NoOp|NoOp@NoOp|NoOp@NoOp|NoOp@NoOp|NoOp@NoOp|Push(E,S)@Push(E,S)|NoOp@NoOp|NoOp@NoOp
167262375:NoOp@NoOp|NoOp@NoOp|NoOp@NoOp|NoOp@NoOp|NoOp@NoOp|NoOp@NoOp|NoOp@NoOp|Push(S,S)@Push(S,S)|NoOp@NoOp|NoOp@NoOp
167281167:NoOp@NoOp|Move(N)@Move(N)|NoOp@NoOp|NoOp@NoOp|NoOp@NoOp|NoOp@NoOp|NoOp@NoOp|NoOp@NoOp|NoOp@NoOp|NoOp@NoOp
167298959:NoOp@NoOp|Move(N)@Move(N)|NoOp@NoOp|NoOp@NoOp|NoOp@NoOp|NoOp@NoOp|NoOp@NoOp|NoOp@NoOp|NoOp@NoOp|NoOp@NoOp
167312750:NoOp@NoOp|Move(N)@Move(N)|NoOp@NoOp|NoOp@NoOp|NoOp@NoOp|NoOp@NoOp|NoOp@NoOp|NoOp@NoOp|NoOp@NoOp|NoOp@NoOp
167330834:NoOp@NoOp|Push(E,S)@Push(E,S)|NoOp@NoOp|NoOp@NoOp|NoOp@NoOp|NoOp@NoOp|NoOp@NoOp|NoOp@NoOp|NoOp@NoOp|NoOp@NoOp
167349959:NoOp@NoOp|Push(S,E)@Push(S,E)|NoOp@NoOp|NoOp@NoOp|NoOp@NoOp|NoOp@NoOp|NoOp@NoOp|NoOp@NoOp|NoOp@NoOp|NoOp@NoOp
167367709:NoOp@NoOp|Push(E,E)@Push(E,E)|NoOp@NoOp|NoOp@NoOp|NoOp@NoOp|NoOp@NoOp|NoOp@NoOp|NoOp@NoOp|NoOp@NoOp|NoOp@NoOp
167386375:NoOp@NoOp|Push(E,E)@Push(E,E)|NoOp@NoOp|NoOp@NoOp|NoOp@NoOp|NoOp@NoOp|NoOp@NoOp|NoOp@NoOp|NoOp@NoOp|NoOp@NoOp
167405042:NoOp@NoOp|Push(E,E)@Push(E,E)|NoOp@NoOp|NoOp@NoOp|NoOp@NoOp|NoOp@NoOp|NoOp@NoOp|NoOp@NoOp|NoOp@NoOp|NoOp@NoOp
167422667:NoOp@NoOp|Push(E,E)@Push(E,E)|NoOp@NoOp|NoOp@NoOp|NoOp@NoOp|NoOp@NoOp|NoOp@NoOp|NoOp@NoOp|NoOp@NoOp|NoOp@NoOp
167441459:NoOp@NoOp|Push(E,E)@Push(E,E)|NoOp@NoOp|NoOp@NoOp|NoOp@NoOp|NoOp@NoOp|NoOp@NoOp|NoOp@NoOp|NoOp@NoOp|NoOp@NoOp
167461250:NoOp@NoOp|Push(E,E)@Push(E,E)|NoOp@NoOp|NoOp@NoOp|NoOp@NoOp|NoOp@NoOp|NoOp@NoOp|NoOp@NoOp|NoOp@NoOp|NoOp@NoOp
167478792:NoOp@NoOp|Push(E,E)@Push(E,E)|NoOp@NoOp|NoOp@NoOp|NoOp@NoOp|NoOp@NoOp|NoOp@NoOp|NoOp@NoOp|NoOp@NoOp|NoOp@NoOp
167497292:NoOp@NoOp|Push(E,E)@Push(E,E)|NoOp@NoOp|NoOp@NoOp|NoOp@NoOp|NoOp@NoOp|NoOp@NoOp|NoOp@NoOp|NoOp@NoOp|NoOp@NoOp
167516167:NoOp@NoOp|Push(E,E)@Push(E,E)|NoOp@NoOp|NoOp@NoOp|NoOp@NoOp|NoOp@NoOp|NoOp@NoOp|NoOp@NoOp|NoOp@NoOp|NoOp@NoOp
167530917:NoOp@NoOp|Push(E,E)@Push(E,E)|NoOp@NoOp|NoOp@NoOp|NoOp@NoOp|NoOp@NoOp|NoOp@NoOp|NoOp@NoOp|NoOp@NoOp|NoOp@NoOp
167546750:NoOp@NoOp|Push(E,E)@Push(E,E)|NoOp@NoOp|NoOp@NoOp|NoOp@NoOp|NoOp@NoOp|NoOp@NoOp|NoOp@NoOp|NoOp@NoOp|NoOp@NoOp
167560834:NoOp@NoOp|Push(E,E)@Push(E,E)|NoOp@NoOp|NoOp@NoOp|NoOp@NoOp|NoOp@NoOp|NoOp@NoOp|NoOp@NoOp|NoOp@NoOp|NoOp@NoOp
167575000:NoOp@NoOp|Push(E,S)@Push(E,S)|NoOp@NoOp|NoOp@NoOp|NoOp@NoOp|NoOp@NoOp|NoOp@NoOp|NoOp@NoOp|NoOp@NoOp|NoOp@NoOp
167588792:NoOp@NoOp|Push(S,E)@Push(S,E)|NoOp@NoOp|NoOp@NoOp|NoOp@NoOp|NoOp@NoOp|NoOp@NoOp|NoOp@NoOp|NoOp@NoOp|NoOp@NoOp
167603125:NoOp@NoOp|Push(E,E)@Push(E,E)|NoOp@NoOp|NoOp@NoOp|NoOp@NoOp|NoOp@NoOp|NoOp@NoOp|NoOp@NoOp|NoOp@NoOp|NoOp@NoOp
167617584:NoOp@NoOp|Push(E,E)@Push(E,E)|NoOp@NoOp|NoOp@NoOp|NoOp@NoOp|NoOp@NoOp|NoOp@NoOp|NoOp@NoOp|NoOp@NoOp|NoOp@NoOp
167633417:NoOp@NoOp|Push(E,E)@Push(E,E)|NoOp@NoOp|NoOp@NoOp|NoOp@NoOp|NoOp@NoOp|NoOp@NoOp|NoOp@NoOp|NoOp@NoOp|NoOp@NoOp
167647500:NoOp@NoOp|Push(E,E)@Push(E,E)|NoOp@NoOp|NoOp@NoOp|NoOp@NoOp|NoOp@NoOp|NoOp@NoOp|NoOp@NoOp|NoOp@NoOp|NoOp@NoOp
167660875:NoOp@NoOp|Push(E,S)@Push(E,S)|NoOp@NoOp|NoOp@NoOp|NoOp@NoOp|NoOp@NoOp|NoOp@NoOp|NoOp@NoOp|NoOp@NoOp|NoOp@NoOp
167674750:NoOp@NoOp|Push(S,S)@Push(S,S)|NoOp@NoOp|NoOp@NoOp|NoOp@NoOp|NoOp@NoOp|NoOp@NoOp|NoOp@NoOp|NoOp@NoOp|NoOp@NoOp
167693417:NoOp@NoOp|NoOp@NoOp|Move(W)@Move(W)|NoOp@NoOp|NoOp@NoOp|NoOp@NoOp|NoOp@NoOp|NoOp@NoOp|NoOp@NoOp|NoOp@NoOp
167709334:NoOp@NoOp|NoOp@NoOp|Move(N)@Move(N)|NoOp@NoOp|NoOp@NoOp|NoOp@NoOp|NoOp@NoOp|NoOp@NoOp|NoOp@NoOp|NoOp@NoOp
167728417:NoOp@NoOp|NoOp@NoOp|Move(N)@Move(N)|NoOp@NoOp|NoOp@NoOp|NoOp@NoOp|NoOp@NoOp|NoOp@NoOp|NoOp@NoOp|NoOp@NoOp
167747042:NoOp@NoOp|NoOp@NoOp|Move(N)@Move(N)|NoOp@NoOp|NoOp@NoOp|NoOp@NoOp|NoOp@NoOp|NoOp@NoOp|NoOp@NoOp|NoOp@NoOp
167765625:NoOp@NoOp|NoOp@NoOp|Move(W)@Move(W)|NoOp@NoOp|NoOp@NoOp|NoOp@NoOp|NoOp@NoOp|NoOp@NoOp|NoOp@NoOp|NoOp@NoOp
167784417:NoOp@NoOp|NoOp@NoOp|Move(W)@Move(W)|NoOp@NoOp|NoOp@NoOp|NoOp@NoOp|NoOp@NoOp|NoOp@NoOp|NoOp@NoOp|NoOp@NoOp
167804125:NoOp@NoOp|NoOp@NoOp|Push(W,S)@Push(W,S)|NoOp@NoOp|NoOp@NoOp|NoOp@NoOp|NoOp@NoOp|NoOp@NoOp|NoOp@NoOp|NoOp@NoOp
167823125:NoOp@NoOp|NoOp@NoOp|Push(S,E)@Push(S,E)|NoOp@NoOp|NoOp@NoOp|NoOp@NoOp|NoOp@NoOp|NoOp@NoOp|NoOp@NoOp|NoOp@NoOp
167840209:NoOp@NoOp|NoOp@NoOp|Push(E,E)@Push(E,E)|NoOp@NoOp|NoOp@NoOp|NoOp@NoOp|NoOp@NoOp|NoOp@NoOp|NoOp@NoOp|NoOp@NoOp
167855542:NoOp@NoOp|NoOp@NoOp|Push(E,E)@Push(E,E)|NoOp@NoOp|NoOp@NoOp|NoOp@NoOp|NoOp@NoOp|NoOp@NoOp|NoOp@NoOp|NoOp@NoOp
167869500:NoOp@NoOp|NoOp@NoOp|Push(E,E)@Push(E,E)|NoOp@NoOp|NoOp@NoOp|NoOp@NoOp|NoOp@NoOp|NoOp@NoOp|NoOp@NoOp|NoOp@NoOp
167887500:NoOp@NoOp|NoOp@NoOp|Push(E,E)@Push(E,E)|NoOp@NoOp|NoOp@NoOp|NoOp@NoOp|NoOp@NoOp|NoOp@NoOp|NoOp@NoOp|NoOp@NoOp
167905875:NoOp@NoOp|NoOp@NoOp|Push(E,E)@Push(E,E)|NoOp@NoOp|NoOp@NoOp|NoOp@NoOp|NoOp@NoOp|NoOp@NoOp|NoOp@NoOp|NoOp@NoOp
167920250:NoOp@NoOp|NoOp@NoOp|Push(E,E)@Push(E,E)|NoOp@NoOp|NoOp@NoOp|NoOp@NoOp|NoOp@NoOp|NoOp@NoOp|NoOp@NoOp|NoOp@NoOp
167938959:NoOp@NoOp|NoOp@NoOp|Push(E,E)@Push(E,E)|NoOp@NoOp|NoOp@NoOp|NoOp@NoOp|NoOp@NoOp|NoOp@NoOp|NoOp@NoOp|NoOp@NoOp
167954042:NoOp@NoOp|NoOp@NoOp|Push(E,S)@Push(E,S)|NoOp@NoOp|NoOp@NoOp|NoOp@NoOp|NoOp@NoOp|NoOp@NoOp|NoOp@NoOp|NoOp@NoOp
167967959:NoOp@NoOp|NoOp@NoOp|Push(S,E)@Push(S,E)|NoOp@NoOp|NoOp@NoOp|NoOp@NoOp|NoOp@NoOp|NoOp@NoOp|NoOp@NoOp|NoOp@NoOp
167982042:NoOp@NoOp|NoOp@NoOp|Push(E,E)@Push(E,E)|NoOp@NoOp|NoOp@NoOp|NoOp@NoOp|NoOp@NoOp|NoOp@NoOp|NoOp@NoOp|NoOp@NoOp
167995625:NoOp@NoOp|NoOp@NoOp|Push(E,E)@Push(E,E)|NoOp@NoOp|NoOp@NoOp|NoOp@NoOp|NoOp@NoOp|NoOp@NoOp|NoOp@NoOp|NoOp@NoOp
168013750:NoOp@NoOp|NoOp@NoOp|Push(E,E)@Push(E,E)|NoOp@NoOp|NoOp@NoOp|NoOp@NoOp|NoOp@NoOp|NoOp@NoOp|NoOp@NoOp|NoOp@NoOp
168030500:NoOp@NoOp|NoOp@NoOp|Push(E,E)@Push(E,E)|NoOp@NoOp|NoOp@NoOp|NoOp@NoOp|NoOp@NoOp|NoOp@NoOp|NoOp@NoOp|NoOp@NoOp
168044209:NoOp@NoOp|NoOp@NoOp|Push(E,E)@Push(E,E)|NoOp@NoOp|NoOp@NoOp|NoOp@NoOp|NoOp@NoOp|NoOp@NoOp|NoOp@NoOp|NoOp@NoOp
168058167:NoOp@NoOp|NoOp@NoOp|Push(E,S)@Push(E,S)|NoOp@NoOp|NoOp@NoOp|NoOp@NoOp|NoOp@NoOp|NoOp@NoOp|NoOp@NoOp|NoOp@NoOp
168072459:NoOp@NoOp|NoOp@NoOp|Push(S,S)@Push(S,S)|NoOp@NoOp|NoOp@NoOp|NoOp@NoOp|NoOp@NoOp|NoOp@NoOp|NoOp@NoOp|NoOp@NoOp
168086625:NoOp@NoOp|NoOp@NoOp|NoOp@NoOp|NoOp@NoOp|Move(E)@Move(E)|NoOp@NoOp|NoOp@NoOp|NoOp@NoOp|NoOp@NoOp|NoOp@NoOp
168102500:NoOp@NoOp|NoOp@NoOp|NoOp@NoOp|NoOp@NoOp|Move(N)@Move(N)|NoOp@NoOp|NoOp@NoOp|NoOp@NoOp|NoOp@NoOp|NoOp@NoOp
168116250:NoOp@NoOp|NoOp@NoOp|NoOp@NoOp|NoOp@NoOp|Move(N)@Move(N)|NoOp@NoOp|NoOp@NoOp|NoOp@NoOp|NoOp@NoOp|NoOp@NoOp
168134834:NoOp@NoOp|NoOp@NoOp|NoOp@NoOp|NoOp@NoOp|Move(N)@Move(N)|NoOp@NoOp|NoOp@NoOp|NoOp@NoOp|NoOp@NoOp|NoOp@NoOp
168153500:NoOp@NoOp|NoOp@NoOp|NoOp@NoOp|NoOp@NoOp|Move(E)@Move(E)|NoOp@NoOp|NoOp@NoOp|NoOp@NoOp|NoOp@NoOp|NoOp@NoOp
168171875:NoOp@NoOp|NoOp@NoOp|NoOp@NoOp|NoOp@NoOp|Move(E)@Move(E)|NoOp@NoOp|NoOp@NoOp|NoOp@NoOp|NoOp@NoOp|NoOp@NoOp
168187167:NoOp@NoOp|NoOp@NoOp|NoOp@NoOp|NoOp@NoOp|Move(E)@Move(E)|NoOp@NoOp|NoOp@NoOp|NoOp@NoOp|NoOp@NoOp|NoOp@NoOp
168206959:NoOp@NoOp|NoOp@NoOp|NoOp@NoOp|NoOp@NoOp|Move(E)@Move(E)|NoOp@NoOp|NoOp@NoOp|NoOp@NoOp|NoOp@NoOp|NoOp@NoOp
168222125:NoOp@NoOp|NoOp@NoOp|NoOp@NoOp|NoOp@NoOp|Move(E)@Move(E)|NoOp@NoOp|NoOp@NoOp|NoOp@NoOp|NoOp@NoOp|NoOp@NoOp
168235875:NoOp@NoOp|NoOp@NoOp|NoOp@NoOp|NoOp@NoOp|Move(E)@Move(E)|NoOp@NoOp|NoOp@NoOp|NoOp@NoOp|NoOp@NoOp|NoOp@NoOp
168249375:NoOp@NoOp|NoOp@NoOp|NoOp@NoOp|NoOp@NoOp|Move(E)@Move(E)|NoOp@NoOp|NoOp@NoOp|NoOp@NoOp|NoOp@NoOp|NoOp@NoOp
168262459:NoOp@NoOp|NoOp@NoOp|NoOp@NoOp|NoOp@NoOp|Move(E)@Move(E)|NoOp@NoOp|NoOp@NoOp|NoOp@NoOp|NoOp@NoOp|NoOp@NoOp
168276584:NoOp@NoOp|NoOp@NoOp|NoOp@NoOp|NoOp@NoOp|Move(E)@Move(E)|NoOp@NoOp|NoOp@NoOp|NoOp@NoOp|NoOp@NoOp|NoOp@NoOp
168292167:NoOp@NoOp|NoOp@NoOp|NoOp@NoOp|NoOp@NoOp|Move(E)@Move(E)|NoOp@NoOp|NoOp@NoOp|NoOp@NoOp|NoOp@NoOp|NoOp@NoOp
168305834:NoOp@NoOp|NoOp@NoOp|NoOp@NoOp|NoOp@NoOp|Push(E,S)@Push(E,S)|NoOp@NoOp|NoOp@NoOp|NoOp@NoOp|NoOp@NoOp|NoOp@NoOp
168319625:NoOp@NoOp|NoOp@NoOp|NoOp@NoOp|NoOp@NoOp|Push(S,S)@Push(S,S)|NoOp@NoOp|NoOp@NoOp|NoOp@NoOp|NoOp@NoOp|NoOp@NoOp
168334292:NoOp@NoOp|NoOp@NoOp|NoOp@NoOp|NoOp@NoOp|Push(S,S)@Push(S,S)|NoOp@NoOp|NoOp@NoOp|NoOp@NoOp|NoOp@NoOp|NoOp@NoOp
168349000:NoOp@NoOp|NoOp@NoOp|NoOp@NoOp|NoOp@NoOp|Push(S,S)@Push(S,S)|NoOp@NoOp|NoOp@NoOp|NoOp@NoOp|NoOp@NoOp|NoOp@NoOp
168367542:NoOp@NoOp|NoOp@NoOp|NoOp@NoOp|NoOp@NoOp|Push(S,W)@Push(S,W)|NoOp@NoOp|NoOp@NoOp|NoOp@NoOp|NoOp@NoOp|NoOp@NoOp
168387334:NoOp@NoOp|NoOp@NoOp|NoOp@NoOp|NoOp@NoOp|Push(W,W)@Push(W,W)|NoOp@NoOp|NoOp@NoOp|NoOp@NoOp|NoOp@NoOp|NoOp@NoOp
168402542:NoOp@NoOp|NoOp@NoOp|NoOp@NoOp|NoOp@NoOp|Push(W,W)@Push(W,W)|NoOp@NoOp|NoOp@NoOp|NoOp@NoOp|NoOp@NoOp|NoOp@NoOp
168421000:NoOp@NoOp|NoOp@NoOp|NoOp@NoOp|NoOp@NoOp|Push(W,W)@Push(W,W)|NoOp@NoOp|NoOp@NoOp|NoOp@NoOp|NoOp@NoOp|NoOp@NoOp
168439000:NoOp@NoOp|NoOp@NoOp|NoOp@NoOp|NoOp@NoOp|Move(N)@Move(N)|NoOp@NoOp|NoOp@NoOp|NoOp@NoOp|NoOp@NoOp|NoOp@NoOp
168457500:NoOp@NoOp|NoOp@NoOp|NoOp@NoOp|NoOp@NoOp|Move(N)@Move(N)|NoOp@NoOp|NoOp@NoOp|NoOp@NoOp|NoOp@NoOp|NoOp@NoOp
168472709:NoOp@NoOp|NoOp@NoOp|NoOp@NoOp|Move(N)@Move(N)|NoOp@NoOp|NoOp@NoOp|NoOp@NoOp|NoOp@NoOp|NoOp@NoOp|NoOp@NoOp
168498250:NoOp@NoOp|NoOp@NoOp|NoOp@NoOp|Move(N)@Move(N)|NoOp@NoOp|NoOp@NoOp|NoOp@NoOp|NoOp@NoOp|NoOp@NoOp|NoOp@NoOp
168513250:NoOp@NoOp|NoOp@NoOp|NoOp@NoOp|Move(E)@Move(E)|NoOp@NoOp|NoOp@NoOp|NoOp@NoOp|NoOp@NoOp|NoOp@NoOp|NoOp@NoOp
168527542:NoOp@NoOp|NoOp@NoOp|NoOp@NoOp|Move(E)@Move(E)|NoOp@NoOp|NoOp@NoOp|NoOp@NoOp|NoOp@NoOp|NoOp@NoOp|NoOp@NoOp
168545750:NoOp@NoOp|NoOp@NoOp|NoOp@NoOp|Move(E)@Move(E)|NoOp@NoOp|NoOp@NoOp|NoOp@NoOp|NoOp@NoOp|NoOp@NoOp|NoOp@NoOp
168564625:NoOp@NoOp|NoOp@NoOp|NoOp@NoOp|Move(E)@Move(E)|NoOp@NoOp|NoOp@NoOp|NoOp@NoOp|NoOp@NoOp|NoOp@NoOp|NoOp@NoOp
168583459:NoOp@NoOp|NoOp@NoOp|NoOp@NoOp|Move(E)@Move(E)|NoOp@NoOp|NoOp@NoOp|NoOp@NoOp|NoOp@NoOp|NoOp@NoOp|NoOp@NoOp
168606459:NoOp@NoOp|NoOp@NoOp|NoOp@NoOp|Move(E)@Move(E)|NoOp@NoOp|NoOp@NoOp|NoOp@NoOp|NoOp@NoOp|NoOp@NoOp|NoOp@NoOp
168621584:NoOp@NoOp|NoOp@NoOp|NoOp@NoOp|Move(E)@Move(E)|NoOp@NoOp|NoOp@NoOp|NoOp@NoOp|NoOp@NoOp|NoOp@NoOp|NoOp@NoOp
168635875:NoOp@NoOp|NoOp@NoOp|NoOp@NoOp|Move(E)@Move(E)|NoOp@NoOp|NoOp@NoOp|NoOp@NoOp|NoOp@NoOp|NoOp@NoOp|NoOp@NoOp
168649417:NoOp@NoOp|NoOp@NoOp|NoOp@NoOp|Move(E)@Move(E)|NoOp@NoOp|NoOp@NoOp|NoOp@NoOp|NoOp@NoOp|NoOp@NoOp|NoOp@NoOp
168663917:NoOp@NoOp|NoOp@NoOp|NoOp@NoOp|Move(E)@Move(E)|NoOp@NoOp|NoOp@NoOp|NoOp@NoOp|NoOp@NoOp|NoOp@NoOp|NoOp@NoOp
168677417:NoOp@NoOp|NoOp@NoOp|NoOp@NoOp|Move(E)@Move(E)|NoOp@NoOp|NoOp@NoOp|NoOp@NoOp|NoOp@NoOp|NoOp@NoOp|NoOp@NoOp
168693125:NoOp@NoOp|NoOp@NoOp|NoOp@NoOp|Move(E)@Move(E)|NoOp@NoOp|NoOp@NoOp|NoOp@NoOp|NoOp@NoOp|NoOp@NoOp|NoOp@NoOp
168707250:NoOp@NoOp|NoOp@NoOp|NoOp@NoOp|Push(E,S)@Push(E,S)|NoOp@NoOp|NoOp@NoOp|NoOp@NoOp|NoOp@NoOp|NoOp@NoOp|NoOp@NoOp
168720709:NoOp@NoOp|NoOp@NoOp|NoOp@NoOp|Push(S,S)@Push(S,S)|NoOp@NoOp|NoOp@NoOp|NoOp@NoOp|NoOp@NoOp|NoOp@NoOp|NoOp@NoOp
168734334:NoOp@NoOp|NoOp@NoOp|NoOp@NoOp|Push(S,S)@Push(S,S)|NoOp@NoOp|NoOp@NoOp|NoOp@NoOp|NoOp@NoOp|NoOp@NoOp|NoOp@NoOp
168749042:NoOp@NoOp|NoOp@NoOp|NoOp@NoOp|Push(S,S)@Push(S,S)|NoOp@NoOp|NoOp@NoOp|NoOp@NoOp|NoOp@NoOp|NoOp@NoOp|NoOp@NoOp
168767292:NoOp@NoOp|NoOp@NoOp|NoOp@NoOp|Push(S,W)@Push(S,W)|NoOp@NoOp|NoOp@NoOp|NoOp@NoOp|NoOp@NoOp|NoOp@NoOp|NoOp@NoOp
168788625:NoOp@NoOp|NoOp@NoOp|NoOp@NoOp|Push(W,W)@Push(W,W)|NoOp@NoOp|NoOp@NoOp|NoOp@NoOp|NoOp@NoOp|NoOp@NoOp|NoOp@NoOp
168807542:NoOp@NoOp|NoOp@NoOp|NoOp@NoOp|Push(W,W)@Push(W,W)|NoOp@NoOp|NoOp@NoOp|NoOp@NoOp|NoOp@NoOp|NoOp@NoOp|NoOp@NoOp
168826125:NoOp@NoOp|NoOp@NoOp|NoOp@NoOp|Push(W,W)@Push(W,W)|NoOp@NoOp|NoOp@NoOp|NoOp@NoOp|NoOp@NoOp|NoOp@NoOp|NoOp@NoOp
168841709:NoOp@NoOp|NoOp@NoOp|NoOp@NoOp|Move(N)@Move(N)|NoOp@NoOp|NoOp@NoOp|NoOp@NoOp|NoOp@NoOp|NoOp@NoOp|NoOp@NoOp
168856167:NoOp@NoOp|NoOp@NoOp|NoOp@NoOp|NoOp@NoOp|NoOp@NoOp|NoOp@NoOp|NoOp@NoOp|Move(N)@Move(N)|NoOp@NoOp|NoOp@NoOp
168870042:NoOp@NoOp|NoOp@NoOp|NoOp@NoOp|NoOp@NoOp|NoOp@NoOp|NoOp@NoOp|NoOp@NoOp|Move(N)@Move(N)|NoOp@NoOp|NoOp@NoOp
168890292:NoOp@NoOp|NoOp@NoOp|NoOp@NoOp|NoOp@NoOp|NoOp@NoOp|NoOp@NoOp|NoOp@NoOp|Move(N)@Move(N)|NoOp@NoOp|NoOp@NoOp
168904417:NoOp@NoOp|NoOp@NoOp|NoOp@NoOp|NoOp@NoOp|NoOp@NoOp|NoOp@NoOp|NoOp@NoOp|Move(E)@Move(E)|NoOp@NoOp|NoOp@NoOp
168922292:NoOp@NoOp|NoOp@NoOp|NoOp@NoOp|NoOp@NoOp|NoOp@NoOp|NoOp@NoOp|NoOp@NoOp|Move(E)@Move(E)|NoOp@NoOp|NoOp@NoOp
168936917:NoOp@NoOp|NoOp@NoOp|NoOp@NoOp|NoOp@NoOp|NoOp@NoOp|NoOp@NoOp|NoOp@NoOp|Move(E)@Move(E)|NoOp@NoOp|NoOp@NoOp
168954459:NoOp@NoOp|NoOp@NoOp|NoOp@NoOp|NoOp@NoOp|NoOp@NoOp|NoOp@NoOp|NoOp@NoOp|Move(E)@Move(E)|NoOp@NoOp|NoOp@NoOp
168968959:NoOp@NoOp|NoOp@NoOp|NoOp@NoOp|NoOp@NoOp|NoOp@NoOp|NoOp@NoOp|NoOp@NoOp|Move(E)@Move(E)|NoOp@NoOp|NoOp@NoOp
168986792:NoOp@NoOp|NoOp@NoOp|NoOp@NoOp|NoOp@NoOp|NoOp@NoOp|NoOp@NoOp|NoOp@NoOp|Move(E)@Move(E)|NoOp@NoOp|NoOp@NoOp
169000667:NoOp@NoOp|NoOp@NoOp|NoOp@NoOp|NoOp@NoOp|NoOp@NoOp|NoOp@NoOp|NoOp@NoOp|Move(E)@Move(E)|NoOp@NoOp|NoOp@NoOp
169014417:NoOp@NoOp|NoOp@NoOp|NoOp@NoOp|NoOp@NoOp|NoOp@NoOp|NoOp@NoOp|NoOp@NoOp|Move(E)@Move(E)|NoOp@NoOp|NoOp@NoOp
169027834:NoOp@NoOp|NoOp@NoOp|NoOp@NoOp|NoOp@NoOp|NoOp@NoOp|NoOp@NoOp|NoOp@NoOp|Move(E)@Move(E)|NoOp@NoOp|NoOp@NoOp
169041917:NoOp@NoOp|NoOp@NoOp|NoOp@NoOp|NoOp@NoOp|NoOp@NoOp|NoOp@NoOp|NoOp@NoOp|Move(E)@Move(E)|NoOp@NoOp|NoOp@NoOp
169060584:NoOp@NoOp|NoOp@NoOp|NoOp@NoOp|NoOp@NoOp|NoOp@NoOp|NoOp@NoOp|NoOp@NoOp|Push(E,S)@Push(E,S)|NoOp@NoOp|NoOp@NoOp
169074709:NoOp@NoOp|NoOp@NoOp|NoOp@NoOp|NoOp@NoOp|NoOp@NoOp|NoOp@NoOp|NoOp@NoOp|Push(S,W)@Push(S,W)|NoOp@NoOp|NoOp@NoOp
169088917:NoOp@NoOp|NoOp@NoOp|NoOp@NoOp|NoOp@NoOp|NoOp@NoOp|NoOp@NoOp|NoOp@NoOp|Push(W,W)@Push(W,W)|NoOp@NoOp|NoOp@NoOp
169105792:NoOp@NoOp|NoOp@NoOp|NoOp@NoOp|NoOp@NoOp|NoOp@NoOp|NoOp@NoOp|NoOp@NoOp|Push(W,W)@Push(W,W)|NoOp@NoOp|NoOp@NoOp
169121584:NoOp@NoOp|NoOp@NoOp|NoOp@NoOp|NoOp@NoOp|NoOp@NoOp|NoOp@NoOp|NoOp@NoOp|Push(W,W)@Push(W,W)|NoOp@NoOp|NoOp@NoOp
169137500:NoOp@NoOp|NoOp@NoOp|NoOp@NoOp|NoOp@NoOp|NoOp@NoOp|NoOp@NoOp|NoOp@NoOp|Push(W,W)@Push(W,W)|NoOp@NoOp|NoOp@NoOp
169153250:NoOp@NoOp|NoOp@NoOp|NoOp@NoOp|NoOp@NoOp|NoOp@NoOp|NoOp@NoOp|NoOp@NoOp|Push(W,W)@Push(W,W)|NoOp@NoOp|NoOp@NoOp
169166667:NoOp@NoOp|NoOp@NoOp|NoOp@NoOp|NoOp@NoOp|NoOp@NoOp|NoOp@NoOp|NoOp@NoOp|Push(W,W)@Push(W,W)|NoOp@NoOp|NoOp@NoOp
169179625:NoOp@NoOp|NoOp@NoOp|NoOp@NoOp|NoOp@NoOp|NoOp@NoOp|NoOp@NoOp|NoOp@NoOp|Push(W,W)@Push(W,W)|NoOp@NoOp|NoOp@NoOp
169195042:NoOp@NoOp|NoOp@NoOp|NoOp@NoOp|NoOp@NoOp|NoOp@NoOp|NoOp@NoOp|NoOp@NoOp|Push(W,S)@Push(W,S)|NoOp@NoOp|NoOp@NoOp
169208625:NoOp@NoOp|NoOp@NoOp|NoOp@NoOp|NoOp@NoOp|NoOp@NoOp|NoOp@NoOp|NoOp@NoOp|Push(S,W)@Push(S,W)|NoOp@NoOp|NoOp@NoOp
169221875:NoOp@NoOp|NoOp@NoOp|NoOp@NoOp|NoOp@NoOp|NoOp@NoOp|NoOp@NoOp|NoOp@NoOp|Push(W,W)@Push(W,W)|NoOp@NoOp|NoOp@NoOp
169238250:NoOp@NoOp|NoOp@NoOp|NoOp@NoOp|NoOp@NoOp|NoOp@NoOp|NoOp@NoOp|NoOp@NoOp|Push(W,W)@Push(W,W)|NoOp@NoOp|NoOp@NoOp
169255959:NoOp@NoOp|NoOp@NoOp|NoOp@NoOp|NoOp@NoOp|NoOp@NoOp|NoOp@NoOp|NoOp@NoOp|Push(W,W)@Push(W,W)|NoOp@NoOp|NoOp@NoOp
169270334:NoOp@NoOp|NoOp@NoOp|NoOp@NoOp|NoOp@NoOp|NoOp@NoOp|NoOp@NoOp|NoOp@NoOp|Push(W,W)@Push(W,W)|NoOp@NoOp|NoOp@NoOp
169283750:NoOp@NoOp|NoOp@NoOp|NoOp@NoOp|NoOp@NoOp|NoOp@NoOp|NoOp@NoOp|NoOp@NoOp|Push(W,W)@Push(W,W)|NoOp@NoOp|NoOp@NoOp
169297375:NoOp@NoOp|NoOp@NoOp|NoOp@NoOp|NoOp@NoOp|NoOp@NoOp|NoOp@NoOp|NoOp@NoOp|Push(W,S)@Push(W,S)|NoOp@NoOp|NoOp@NoOp
169310834:NoOp@NoOp|NoOp@NoOp|NoOp@NoOp|NoOp@NoOp|NoOp@NoOp|NoOp@NoOp|NoOp@NoOp|Push(S,W)@Push(S,W)|NoOp@NoOp|NoOp@NoOp
169329709:NoOp@NoOp|NoOp@NoOp|NoOp@NoOp|NoOp@NoOp|NoOp@NoOp|NoOp@NoOp|NoOp@NoOp|Push(W,W)@Push(W,W)|NoOp@NoOp|NoOp@NoOp
169344125:NoOp@NoOp|NoOp@NoOp|NoOp@NoOp|NoOp@NoOp|NoOp@NoOp|NoOp@NoOp|NoOp@NoOp|Push(W,W)@Push(W,W)|NoOp@NoOp|NoOp@NoOp
169358667:NoOp@NoOp|NoOp@NoOp|NoOp@NoOp|NoOp@NoOp|NoOp@NoOp|NoOp@NoOp|NoOp@NoOp|Push(W,W)@Push(W,W)|NoOp@NoOp|NoOp@NoOp
169371917:NoOp@NoOp|NoOp@NoOp|NoOp@NoOp|NoOp@NoOp|NoOp@NoOp|NoOp@NoOp|NoOp@NoOp|Push(W,W)@Push(W,W)|NoOp@NoOp|NoOp@NoOp
169385084:NoOp@NoOp|NoOp@NoOp|NoOp@NoOp|NoOp@NoOp|NoOp@NoOp|NoOp@NoOp|NoOp@NoOp|Push(W,W)@Push(W,W)|NoOp@NoOp|NoOp@NoOp
169398167:NoOp@NoOp|NoOp@NoOp|NoOp@NoOp|NoOp@NoOp|NoOp@NoOp|NoOp@NoOp|NoOp@NoOp|Push(W,W)@Push(W,W)|NoOp@NoOp|NoOp@NoOp
169415834:NoOp@NoOp|NoOp@NoOp|NoOp@NoOp|NoOp@NoOp|NoOp@NoOp|NoOp@NoOp|NoOp@NoOp|Push(W,S)@Push(W,S)|NoOp@NoOp|NoOp@NoOp
#end
#solved
true
#numactions
1082
#time
169415834
#end
