#domain
hospital
#levelname
MAuseCat
#colors
red: 3,B,O, C
blue: 1, A
brown: G,E
pink: 0, P,I
green: 4, Y,R, S
grey: 2, M, T
orange: W, U
#initial
++++++++++++++++++++++++++++++++++++++++++++++
+0     MM     ++++++++++++GG     GG         1+
+2    MIMMMM  ++++++++++++GPG   GPG         4+
+3            ++++++++++++GPPGGGPPG          +
+             ++++++++++++G   G   G          +
+   MM        +++++++++++G YY   YY G         +
+  MIMMMM              WWG YB   BY G         +
+          WWWWWWWWWW  WWWG       G          +
+  WWW    WW           WWW G     G           +
+  W      W   WWWWWWWWWWWW  GG GG            +
+   WWWWWWW   W    WW   WW                   +
+       SSA     WW    W                      +
+++++++ ++WW    WW WW W             ++++++++++
+GROUP+  +WWWWW    WW   WWWW        +MAUSECAT+
++++++++++++++++++++++++++++++++++++++++++++++
#goal
++++++++++++++++++++++++++++++++++++++++++++++
+             ++++++++++++                   +
+             ++++++++++++            MMMMIM +
+             ++++++++++++               MM  +
+             ++++++++++++                   +
+             +++++++++++             MMMMIM +
+                                        MM  +
+                             0              +
+                             2              +
+                             3              +
+                                            +
+ASS                                         +
+++++++ ++                          ++++++++++
+GROUP+41+                          +MAUSECAT+
++++++++++++++++++++++++++++++++++++++++++++++
#end
#clientname
Dracarys
#actions
2866474300:NoOp@NoOp|NoOp@NoOp|Move(E)@Move(E)|NoOp@NoOp|NoOp@NoOp
2866607700:NoOp@NoOp|NoOp@NoOp|Move(E)@Move(E)|NoOp@NoOp|NoOp@NoOp
2866740600:NoOp@NoOp|NoOp@NoOp|Move(E)@Move(E)|NoOp@NoOp|NoOp@NoOp
2866854900:NoOp@NoOp|NoOp@NoOp|Move(E)@Move(E)|NoOp@NoOp|NoOp@NoOp
2866975800:NoOp@NoOp|NoOp@NoOp|Push(E,S)@Push(E,S)|NoOp@NoOp|NoOp@NoOp
2867067100:NoOp@NoOp|NoOp@NoOp|Push(S,S)@Push(S,S)|NoOp@NoOp|NoOp@NoOp
2867153300:NoOp@NoOp|NoOp@NoOp|Push(S,S)@Push(S,S)|NoOp@NoOp|NoOp@NoOp
2867269100:NoOp@NoOp|NoOp@NoOp|Push(S,E)@Push(S,E)|NoOp@NoOp|NoOp@NoOp
2867354900:NoOp@NoOp|NoOp@NoOp|Push(E,E)@Push(E,E)|NoOp@NoOp|NoOp@NoOp
2867437800:NoOp@NoOp|NoOp@NoOp|Push(E,E)@Push(E,E)|NoOp@NoOp|NoOp@NoOp
2867523400:NoOp@NoOp|NoOp@NoOp|Push(E,S)@Push(E,S)|NoOp@NoOp|NoOp@NoOp
2867627400:NoOp@NoOp|NoOp@NoOp|Push(S,E)@Push(S,E)|NoOp@NoOp|NoOp@NoOp
2867715800:NoOp@NoOp|NoOp@NoOp|Push(E,E)@Push(E,E)|NoOp@NoOp|NoOp@NoOp
2867802900:NoOp@NoOp|NoOp@NoOp|Push(E,E)@Push(E,E)|NoOp@NoOp|NoOp@NoOp
2867889600:NoOp@NoOp|NoOp@NoOp|Push(E,E)@Push(E,E)|NoOp@NoOp|NoOp@NoOp
2867975000:NoOp@NoOp|NoOp@NoOp|Push(E,E)@Push(E,E)|NoOp@NoOp|NoOp@NoOp
2868060800:NoOp@NoOp|NoOp@NoOp|Push(E,E)@Push(E,E)|NoOp@NoOp|NoOp@NoOp
2868146200:NoOp@NoOp|NoOp@NoOp|Push(E,E)@Push(E,E)|NoOp@NoOp|NoOp@NoOp
2868231900:NoOp@NoOp|NoOp@NoOp|Push(E,E)@Push(E,E)|NoOp@NoOp|NoOp@NoOp
2868317700:NoOp@NoOp|NoOp@NoOp|Push(E,E)@Push(E,E)|NoOp@NoOp|NoOp@NoOp
2868403200:NoOp@NoOp|NoOp@NoOp|Push(E,E)@Push(E,E)|NoOp@NoOp|NoOp@NoOp
2868488700:NoOp@NoOp|NoOp@NoOp|Push(E,E)@Push(E,E)|NoOp@NoOp|NoOp@NoOp
2868574200:NoOp@NoOp|NoOp@NoOp|Push(E,E)@Push(E,E)|NoOp@NoOp|NoOp@NoOp
2868669400:NoOp@NoOp|NoOp@NoOp|Push(E,S)@Push(E,S)|NoOp@NoOp|NoOp@NoOp
2868744400:NoOp@NoOp|NoOp@NoOp|Push(S,S)@Push(S,S)|NoOp@NoOp|NoOp@NoOp
2868819600:NoOp@NoOp|NoOp@NoOp|Push(S,W)@Push(S,W)|NoOp@NoOp|NoOp@NoOp
2868894300:NoOp@NoOp|NoOp@NoOp|Push(W,W)@Push(W,W)|NoOp@NoOp|NoOp@NoOp
2868969600:NoOp@NoOp|NoOp@NoOp|Push(W,W)@Push(W,W)|NoOp@NoOp|NoOp@NoOp
2869044200:NoOp@NoOp|NoOp@NoOp|Push(W,W)@Push(W,W)|NoOp@NoOp|NoOp@NoOp
2869118900:NoOp@NoOp|NoOp@NoOp|Push(W,W)@Push(W,W)|NoOp@NoOp|NoOp@NoOp
2869193500:NoOp@NoOp|NoOp@NoOp|Push(W,W)@Push(W,W)|NoOp@NoOp|NoOp@NoOp
2869264700:NoOp@NoOp|NoOp@NoOp|Push(W,W)@Push(W,W)|NoOp@NoOp|NoOp@NoOp
2869316900:NoOp@NoOp|NoOp@NoOp|Push(W,W)@Push(W,W)|NoOp@NoOp|NoOp@NoOp
2869366800:NoOp@NoOp|NoOp@NoOp|Push(W,S)@Push(W,S)|NoOp@NoOp|NoOp@NoOp
2869418400:NoOp@NoOp|NoOp@NoOp|Push(S,S)@Push(S,S)|NoOp@NoOp|NoOp@NoOp
2869477400:NoOp@NoOp|NoOp@NoOp|Push(S,S)@Push(S,S)|NoOp@NoOp|NoOp@NoOp
2869548500:NoOp@NoOp|NoOp@NoOp|Push(S,E)@Push(S,E)|NoOp@NoOp|NoOp@NoOp
2869618500:NoOp@NoOp|NoOp@NoOp|Push(E,E)@Push(E,E)|NoOp@NoOp|NoOp@NoOp
2869687900:NoOp@NoOp|NoOp@NoOp|Push(E,N)@Push(E,N)|NoOp@NoOp|NoOp@NoOp
2869765200:NoOp@NoOp|NoOp@NoOp|Push(N,E)@Push(N,E)|NoOp@NoOp|NoOp@NoOp
2869858700:NoOp@NoOp|NoOp@NoOp|Push(E,E)@Push(E,E)|NoOp@NoOp|NoOp@NoOp
2869940100:NoOp@NoOp|NoOp@NoOp|Push(E,E)@Push(E,E)|NoOp@NoOp|NoOp@NoOp
2870019800:NoOp@NoOp|NoOp@NoOp|Push(E,S)@Push(E,S)|NoOp@NoOp|NoOp@NoOp
2870099800:NoOp@NoOp|NoOp@NoOp|Push(S,E)@Push(S,E)|NoOp@NoOp|NoOp@NoOp
2870178800:NoOp@NoOp|NoOp@NoOp|Push(E,E)@Push(E,E)|NoOp@NoOp|NoOp@NoOp
2870257700:NoOp@NoOp|NoOp@NoOp|Push(E,E)@Push(E,E)|NoOp@NoOp|NoOp@NoOp
2870336600:NoOp@NoOp|NoOp@NoOp|Push(E,N)@Push(E,N)|NoOp@NoOp|NoOp@NoOp
2870419000:NoOp@NoOp|NoOp@NoOp|Push(N,E)@Push(N,E)|NoOp@NoOp|NoOp@NoOp
2870498000:NoOp@NoOp|NoOp@NoOp|Push(E,E)@Push(E,E)|NoOp@NoOp|NoOp@NoOp
2870576700:NoOp@NoOp|NoOp@NoOp|Push(E,S)@Push(E,S)|NoOp@NoOp|NoOp@NoOp
2870655300:NoOp@NoOp|NoOp@NoOp|Push(S,E)@Push(S,E)|NoOp@NoOp|NoOp@NoOp
2870734000:NoOp@NoOp|NoOp@NoOp|Push(E,E)@Push(E,E)|NoOp@NoOp|NoOp@NoOp
2870812600:NoOp@NoOp|NoOp@NoOp|Push(E,E)@Push(E,E)|NoOp@NoOp|NoOp@NoOp
2870891300:NoOp@NoOp|NoOp@NoOp|Push(E,N)@Push(E,N)|NoOp@NoOp|NoOp@NoOp
2870981300:NoOp@NoOp|NoOp@NoOp|Push(N,E)@Push(N,E)|NoOp@NoOp|NoOp@NoOp
2871066600:NoOp@NoOp|NoOp@NoOp|Push(E,E)@Push(E,E)|NoOp@NoOp|NoOp@NoOp
2871232700:NoOp@NoOp|NoOp@NoOp|Push(E,E)@Push(E,E)|NoOp@NoOp|NoOp@NoOp
2871322700:NoOp@NoOp|NoOp@NoOp|Push(E,E)@Push(E,E)|NoOp@NoOp|NoOp@NoOp
2871421500:NoOp@NoOp|NoOp@NoOp|Push(E,E)@Push(E,E)|NoOp@NoOp|NoOp@NoOp
2871511200:NoOp@NoOp|NoOp@NoOp|Push(E,E)@Push(E,E)|NoOp@NoOp|NoOp@NoOp
2871633000:NoOp@NoOp|NoOp@NoOp|Push(E,E)@Push(E,E)|NoOp@NoOp|NoOp@NoOp
2871730500:NoOp@NoOp|NoOp@NoOp|Push(E,N)@Push(E,N)|NoOp@NoOp|NoOp@NoOp
2871821000:NoOp@NoOp|NoOp@NoOp|Push(N,E)@Push(N,E)|NoOp@NoOp|NoOp@NoOp
2871909200:NoOp@NoOp|NoOp@NoOp|Push(E,N)@Push(E,N)|NoOp@NoOp|NoOp@NoOp
2871997200:NoOp@NoOp|NoOp@NoOp|Push(N,E)@Push(N,E)|NoOp@NoOp|NoOp@NoOp
2872085200:NoOp@NoOp|NoOp@NoOp|Push(E,N)@Push(E,N)|NoOp@NoOp|NoOp@NoOp
2872181300:NoOp@NoOp|NoOp@NoOp|Push(N,E)@Push(N,E)|NoOp@NoOp|NoOp@NoOp
2872274100:NoOp@NoOp|NoOp@NoOp|Push(E,N)@Push(E,N)|NoOp@NoOp|NoOp@NoOp
2872370200:NoOp@NoOp|NoOp@NoOp|Push(N,N)@Push(N,N)|NoOp@NoOp|NoOp@NoOp
2872469000:NoOp@NoOp|NoOp@NoOp|Push(N,N)@Push(N,N)|NoOp@NoOp|NoOp@NoOp
2872553900:NoOp@NoOp|NoOp@NoOp|Push(N,N)@Push(N,N)|NoOp@NoOp|NoOp@NoOp
2872658100:NoOp@NoOp|NoOp@NoOp|Push(N,N)@Push(N,N)|NoOp@NoOp|NoOp@NoOp
2872743700:NoOp@NoOp|NoOp@NoOp|Push(N,E)@Push(N,E)|NoOp@NoOp|NoOp@NoOp
2872825600:NoOp@NoOp|NoOp@NoOp|Push(E,E)@Push(E,E)|NoOp@NoOp|NoOp@NoOp
2872907100:NoOp@NoOp|NoOp@NoOp|Move(S)@Move(S)|NoOp@NoOp|NoOp@NoOp
2872992000:NoOp@NoOp|NoOp@NoOp|Move(S)@Move(S)|NoOp@NoOp|NoOp@NoOp
2873078300:NoOp@NoOp|NoOp@NoOp|Move(S)@Move(S)|NoOp@NoOp|NoOp@NoOp
2873160700:NoOp@NoOp|NoOp@NoOp|Move(S)@Move(S)|NoOp@NoOp|NoOp@NoOp
2873243600:NoOp@NoOp|NoOp@NoOp|Move(S)@Move(S)|NoOp@NoOp|NoOp@NoOp
2873325000:NoOp@NoOp|NoOp@NoOp|Move(S)@Move(S)|NoOp@NoOp|NoOp@NoOp
2873404700:NoOp@NoOp|NoOp@NoOp|Move(S)@Move(S)|NoOp@NoOp|NoOp@NoOp
2873480900:NoOp@NoOp|NoOp@NoOp|Move(S)@Move(S)|NoOp@NoOp|NoOp@NoOp
2873572700:NoOp@NoOp|NoOp@NoOp|Move(S)@Move(S)|NoOp@NoOp|NoOp@NoOp
2873659200:NoOp@NoOp|NoOp@NoOp|Move(W)@Move(W)|NoOp@NoOp|NoOp@NoOp
2873744400:NoOp@NoOp|NoOp@NoOp|Move(W)@Move(W)|NoOp@NoOp|NoOp@NoOp
2873833200:NoOp@NoOp|NoOp@NoOp|Move(W)@Move(W)|NoOp@NoOp|NoOp@NoOp
2873925900:NoOp@NoOp|NoOp@NoOp|Move(W)@Move(W)|NoOp@NoOp|NoOp@NoOp
2874025900:NoOp@NoOp|NoOp@NoOp|Move(W)@Move(W)|NoOp@NoOp|NoOp@NoOp
2874118500:NoOp@NoOp|NoOp@NoOp|Move(W)@Move(W)|NoOp@NoOp|NoOp@NoOp
2874203400:NoOp@NoOp|NoOp@NoOp|Move(W)@Move(W)|NoOp@NoOp|NoOp@NoOp
2874282900:NoOp@NoOp|NoOp@NoOp|Move(W)@Move(W)|NoOp@NoOp|NoOp@NoOp
2874367200:NoOp@NoOp|NoOp@NoOp|Move(W)@Move(W)|NoOp@NoOp|NoOp@NoOp
2874454900:NoOp@NoOp|NoOp@NoOp|Move(W)@Move(W)|NoOp@NoOp|NoOp@NoOp
2874545000:NoOp@NoOp|NoOp@NoOp|Move(W)@Move(W)|NoOp@NoOp|NoOp@NoOp
2874642200:NoOp@NoOp|NoOp@NoOp|Move(W)@Move(W)|NoOp@NoOp|NoOp@NoOp
2874701400:NoOp@NoOp|NoOp@NoOp|Move(W)@Move(W)|NoOp@NoOp|NoOp@NoOp
2874760900:NoOp@NoOp|NoOp@NoOp|Move(W)@Move(W)|NoOp@NoOp|NoOp@NoOp
2874825100:NoOp@NoOp|NoOp@NoOp|Move(N)@Move(N)|NoOp@NoOp|NoOp@NoOp
2874886300:NoOp@NoOp|NoOp@NoOp|Move(W)@Move(W)|NoOp@NoOp|NoOp@NoOp
2874945700:NoOp@NoOp|NoOp@NoOp|Move(W)@Move(W)|NoOp@NoOp|NoOp@NoOp
2875013600:NoOp@NoOp|NoOp@NoOp|Move(S)@Move(S)|NoOp@NoOp|NoOp@NoOp
2875143400:NoOp@NoOp|NoOp@NoOp|Move(W)@Move(W)|NoOp@NoOp|NoOp@NoOp
2875225900:NoOp@NoOp|NoOp@NoOp|Move(W)@Move(W)|NoOp@NoOp|NoOp@NoOp
2875306600:NoOp@NoOp|NoOp@NoOp|Move(W)@Move(W)|NoOp@NoOp|NoOp@NoOp
2875380400:NoOp@NoOp|NoOp@NoOp|Move(N)@Move(N)|NoOp@NoOp|NoOp@NoOp
2875455100:NoOp@NoOp|NoOp@NoOp|Move(W)@Move(W)|NoOp@NoOp|NoOp@NoOp
2875534800:NoOp@NoOp|NoOp@NoOp|Move(W)@Move(W)|NoOp@NoOp|NoOp@NoOp
2875689700:NoOp@NoOp|NoOp@NoOp|Move(W)@Move(W)|NoOp@NoOp|NoOp@NoOp
2875789400:NoOp@NoOp|NoOp@NoOp|Move(S)@Move(S)|NoOp@NoOp|NoOp@NoOp
2875891600:NoOp@NoOp|NoOp@NoOp|Move(W)@Move(W)|NoOp@NoOp|NoOp@NoOp
2875988300:NoOp@NoOp|NoOp@NoOp|Move(W)@Move(W)|NoOp@NoOp|NoOp@NoOp
2876089700:NoOp@NoOp|NoOp@NoOp|Move(N)@Move(N)|NoOp@NoOp|NoOp@NoOp
2876188000:NoOp@NoOp|NoOp@NoOp|Move(N)@Move(N)|NoOp@NoOp|NoOp@NoOp
2876262200:NoOp@NoOp|NoOp@NoOp|Move(N)@Move(N)|NoOp@NoOp|NoOp@NoOp
2876356400:NoOp@NoOp|NoOp@NoOp|Move(E)@Move(E)|NoOp@NoOp|NoOp@NoOp
2876454800:NoOp@NoOp|NoOp@NoOp|Move(E)@Move(E)|NoOp@NoOp|NoOp@NoOp
2876555400:NoOp@NoOp|NoOp@NoOp|Move(E)@Move(E)|NoOp@NoOp|NoOp@NoOp
2876657100:NoOp@NoOp|NoOp@NoOp|Move(E)@Move(E)|NoOp@NoOp|NoOp@NoOp
2876721400:NoOp@NoOp|NoOp@NoOp|Move(E)@Move(E)|NoOp@NoOp|NoOp@NoOp
2876776200:NoOp@NoOp|NoOp@NoOp|Move(E)@Move(E)|NoOp@NoOp|NoOp@NoOp
2876842200:NoOp@NoOp|NoOp@NoOp|Move(E)@Move(E)|NoOp@NoOp|NoOp@NoOp
2876909500:NoOp@NoOp|NoOp@NoOp|Move(E)@Move(E)|NoOp@NoOp|NoOp@NoOp
2876993700:NoOp@NoOp|NoOp@NoOp|Move(N)@Move(N)|NoOp@NoOp|NoOp@NoOp
2877083000:NoOp@NoOp|NoOp@NoOp|Move(N)@Move(N)|NoOp@NoOp|NoOp@NoOp
2877173000:NoOp@NoOp|NoOp@NoOp|Move(W)@Move(W)|NoOp@NoOp|NoOp@NoOp
2877261300:NoOp@NoOp|NoOp@NoOp|Move(W)@Move(W)|NoOp@NoOp|NoOp@NoOp
2877348900:NoOp@NoOp|NoOp@NoOp|Move(W)@Move(W)|NoOp@NoOp|NoOp@NoOp
2877436500:NoOp@NoOp|NoOp@NoOp|Move(W)@Move(W)|NoOp@NoOp|NoOp@NoOp
2877524000:NoOp@NoOp|NoOp@NoOp|Move(W)@Move(W)|NoOp@NoOp|NoOp@NoOp
2877642400:NoOp@NoOp|NoOp@NoOp|Move(W)@Move(W)|NoOp@NoOp|NoOp@NoOp
2877749500:NoOp@NoOp|NoOp@NoOp|Move(W)@Move(W)|NoOp@NoOp|NoOp@NoOp
2877876000:NoOp@NoOp|NoOp@NoOp|Move(W)@Move(W)|NoOp@NoOp|NoOp@NoOp
2878159500:NoOp@NoOp|NoOp@NoOp|Move(N)@Move(N)|NoOp@NoOp|NoOp@NoOp
2878403100:NoOp@NoOp|NoOp@NoOp|Move(N)@Move(N)|NoOp@NoOp|NoOp@NoOp
2878651900:NoOp@NoOp|NoOp@NoOp|Move(N)@Move(N)|NoOp@NoOp|NoOp@NoOp
2878859100:NoOp@NoOp|NoOp@NoOp|Move(W)@Move(W)|NoOp@NoOp|NoOp@NoOp
2879272700:NoOp@NoOp|NoOp@NoOp|Move(W)@Move(W)|NoOp@NoOp|NoOp@NoOp
2879484700:NoOp@NoOp|NoOp@NoOp|Move(W)@Move(W)|NoOp@NoOp|NoOp@NoOp
2879577900:NoOp@NoOp|NoOp@NoOp|Move(W)@Move(W)|NoOp@NoOp|NoOp@NoOp
2879657600:NoOp@NoOp|NoOp@NoOp|Move(W)@Move(W)|NoOp@NoOp|NoOp@NoOp
2879732700:NoOp@NoOp|NoOp@NoOp|Pull(S,S)@Pull(S,S)|NoOp@NoOp|NoOp@NoOp
2879852900:NoOp@NoOp|NoOp@NoOp|Push(N,E)@Push(N,E)|NoOp@NoOp|NoOp@NoOp
2879942000:NoOp@NoOp|NoOp@NoOp|Push(E,S)@Push(E,S)|NoOp@NoOp|NoOp@NoOp
2880024000:NoOp@NoOp|NoOp@NoOp|Push(S,S)@Push(S,S)|NoOp@NoOp|NoOp@NoOp
2880105000:NoOp@NoOp|NoOp@NoOp|Push(S,S)@Push(S,S)|NoOp@NoOp|NoOp@NoOp
2880190400:NoOp@NoOp|NoOp@NoOp|Push(S,E)@Push(S,E)|NoOp@NoOp|NoOp@NoOp
2880369100:NoOp@NoOp|NoOp@NoOp|Push(E,E)@Push(E,E)|NoOp@NoOp|NoOp@NoOp
2880469800:NoOp@NoOp|NoOp@NoOp|Push(E,E)@Push(E,E)|NoOp@NoOp|NoOp@NoOp
2880570300:NoOp@NoOp|NoOp@NoOp|Push(E,E)@Push(E,E)|NoOp@NoOp|NoOp@NoOp
2880681800:NoOp@NoOp|NoOp@NoOp|Push(E,E)@Push(E,E)|NoOp@NoOp|NoOp@NoOp
2880791300:NoOp@NoOp|NoOp@NoOp|Push(E,E)@Push(E,E)|NoOp@NoOp|NoOp@NoOp
2880889400:NoOp@NoOp|NoOp@NoOp|Push(E,E)@Push(E,E)|NoOp@NoOp|NoOp@NoOp
2881060500:NoOp@NoOp|NoOp@NoOp|Push(E,E)@Push(E,E)|NoOp@NoOp|NoOp@NoOp
2881223000:NoOp@NoOp|NoOp@NoOp|Push(E,E)@Push(E,E)|NoOp@NoOp|NoOp@NoOp
2881335900:NoOp@NoOp|NoOp@NoOp|Push(E,E)@Push(E,E)|NoOp@NoOp|NoOp@NoOp
2881433100:NoOp@NoOp|NoOp@NoOp|Push(E,E)@Push(E,E)|NoOp@NoOp|NoOp@NoOp
2881533100:NoOp@NoOp|NoOp@NoOp|Push(E,E)@Push(E,E)|NoOp@NoOp|NoOp@NoOp
2881613500:NoOp@NoOp|NoOp@NoOp|Push(E,S)@Push(E,S)|NoOp@NoOp|NoOp@NoOp
2881714800:NoOp@NoOp|NoOp@NoOp|Push(S,S)@Push(S,S)|NoOp@NoOp|NoOp@NoOp
2881794300:NoOp@NoOp|NoOp@NoOp|Push(S,W)@Push(S,W)|NoOp@NoOp|NoOp@NoOp
2881874400:NoOp@NoOp|NoOp@NoOp|Push(W,W)@Push(W,W)|NoOp@NoOp|NoOp@NoOp
2881948300:NoOp@NoOp|NoOp@NoOp|Push(W,W)@Push(W,W)|NoOp@NoOp|NoOp@NoOp
2882022300:NoOp@NoOp|NoOp@NoOp|Push(W,W)@Push(W,W)|NoOp@NoOp|NoOp@NoOp
2882107200:NoOp@NoOp|NoOp@NoOp|Push(W,W)@Push(W,W)|NoOp@NoOp|NoOp@NoOp
2882191300:NoOp@NoOp|NoOp@NoOp|Push(W,W)@Push(W,W)|NoOp@NoOp|NoOp@NoOp
2882271700:NoOp@NoOp|NoOp@NoOp|Push(W,W)@Push(W,W)|NoOp@NoOp|NoOp@NoOp
2882347100:NoOp@NoOp|NoOp@NoOp|Push(W,W)@Push(W,W)|NoOp@NoOp|NoOp@NoOp
2882428300:NoOp@NoOp|NoOp@NoOp|Push(W,S)@Push(W,S)|NoOp@NoOp|NoOp@NoOp
2882503300:NoOp@NoOp|NoOp@NoOp|Push(S,S)@Push(S,S)|NoOp@NoOp|NoOp@NoOp
2882592600:NoOp@NoOp|NoOp@NoOp|Push(S,S)@Push(S,S)|NoOp@NoOp|NoOp@NoOp
2882698500:NoOp@NoOp|NoOp@NoOp|Push(S,E)@Push(S,E)|NoOp@NoOp|NoOp@NoOp
2882798500:NoOp@NoOp|NoOp@NoOp|Push(E,E)@Push(E,E)|NoOp@NoOp|NoOp@NoOp
2882891300:NoOp@NoOp|NoOp@NoOp|Push(E,N)@Push(E,N)|NoOp@NoOp|NoOp@NoOp
2882987600:NoOp@NoOp|NoOp@NoOp|Push(N,E)@Push(N,E)|NoOp@NoOp|NoOp@NoOp
2883081500:NoOp@NoOp|NoOp@NoOp|Push(E,E)@Push(E,E)|NoOp@NoOp|NoOp@NoOp
2883181000:NoOp@NoOp|NoOp@NoOp|Push(E,E)@Push(E,E)|NoOp@NoOp|NoOp@NoOp
2883275500:NoOp@NoOp|NoOp@NoOp|Push(E,S)@Push(E,S)|NoOp@NoOp|NoOp@NoOp
2883363500:NoOp@NoOp|NoOp@NoOp|Push(S,E)@Push(S,E)|NoOp@NoOp|NoOp@NoOp
2883450300:NoOp@NoOp|NoOp@NoOp|Push(E,E)@Push(E,E)|NoOp@NoOp|NoOp@NoOp
2883535100:NoOp@NoOp|NoOp@NoOp|Push(E,E)@Push(E,E)|NoOp@NoOp|NoOp@NoOp
2883616100:NoOp@NoOp|NoOp@NoOp|Push(E,N)@Push(E,N)|NoOp@NoOp|NoOp@NoOp
2883700400:NoOp@NoOp|NoOp@NoOp|Push(N,E)@Push(N,E)|NoOp@NoOp|NoOp@NoOp
2883786200:NoOp@NoOp|NoOp@NoOp|Push(E,E)@Push(E,E)|NoOp@NoOp|NoOp@NoOp
2883871500:NoOp@NoOp|NoOp@NoOp|Push(E,S)@Push(E,S)|NoOp@NoOp|NoOp@NoOp
2883942700:NoOp@NoOp|NoOp@NoOp|Push(S,E)@Push(S,E)|NoOp@NoOp|NoOp@NoOp
2884016700:NoOp@NoOp|NoOp@NoOp|Push(E,E)@Push(E,E)|NoOp@NoOp|NoOp@NoOp
2884094300:NoOp@NoOp|NoOp@NoOp|Push(E,E)@Push(E,E)|NoOp@NoOp|NoOp@NoOp
2884184700:NoOp@NoOp|NoOp@NoOp|Push(E,N)@Push(E,N)|NoOp@NoOp|NoOp@NoOp
2884266300:NoOp@NoOp|NoOp@NoOp|Push(N,E)@Push(N,E)|NoOp@NoOp|NoOp@NoOp
2884339400:NoOp@NoOp|NoOp@NoOp|Push(E,E)@Push(E,E)|NoOp@NoOp|NoOp@NoOp
2884419700:NoOp@NoOp|NoOp@NoOp|Push(E,E)@Push(E,E)|NoOp@NoOp|NoOp@NoOp
2884506000:NoOp@NoOp|NoOp@NoOp|Push(E,E)@Push(E,E)|NoOp@NoOp|NoOp@NoOp
2884595400:NoOp@NoOp|NoOp@NoOp|Push(E,E)@Push(E,E)|NoOp@NoOp|NoOp@NoOp
2884695000:NoOp@NoOp|NoOp@NoOp|Push(E,E)@Push(E,E)|NoOp@NoOp|NoOp@NoOp
2884784900:NoOp@NoOp|NoOp@NoOp|Push(E,E)@Push(E,E)|NoOp@NoOp|NoOp@NoOp
2884862300:NoOp@NoOp|NoOp@NoOp|Push(E,N)@Push(E,N)|NoOp@NoOp|NoOp@NoOp
2884932000:NoOp@NoOp|NoOp@NoOp|Push(N,E)@Push(N,E)|NoOp@NoOp|NoOp@NoOp
2885061800:NoOp@NoOp|NoOp@NoOp|Push(E,N)@Push(E,N)|NoOp@NoOp|NoOp@NoOp
2885148400:NoOp@NoOp|NoOp@NoOp|Push(N,E)@Push(N,E)|NoOp@NoOp|NoOp@NoOp
2885236200:NoOp@NoOp|NoOp@NoOp|Push(E,N)@Push(E,N)|NoOp@NoOp|NoOp@NoOp
2885332600:NoOp@NoOp|NoOp@NoOp|Push(N,E)@Push(N,E)|NoOp@NoOp|NoOp@NoOp
2885408800:NoOp@NoOp|NoOp@NoOp|Push(E,N)@Push(E,N)|NoOp@NoOp|NoOp@NoOp
2885491100:NoOp@NoOp|NoOp@NoOp|Push(N,N)@Push(N,N)|NoOp@NoOp|NoOp@NoOp
2885624900:NoOp@NoOp|NoOp@NoOp|Push(N,N)@Push(N,N)|NoOp@NoOp|NoOp@NoOp
2885789200:NoOp@NoOp|NoOp@NoOp|Push(N,N)@Push(N,N)|NoOp@NoOp|NoOp@NoOp
2885984700:NoOp@NoOp|NoOp@NoOp|Push(N,E)@Push(N,E)|NoOp@NoOp|NoOp@NoOp
2886167600:NoOp@NoOp|NoOp@NoOp|Push(E,E)@Push(E,E)|NoOp@NoOp|NoOp@NoOp
2886352900:NoOp@NoOp|NoOp@NoOp|Push(E,E)@Push(E,E)|NoOp@NoOp|NoOp@NoOp
2886550800:NoOp@NoOp|NoOp@NoOp|Push(E,N)@Push(E,N)|NoOp@NoOp|NoOp@NoOp
2886767100:NoOp@NoOp|NoOp@NoOp|Move(S)@Move(S)|NoOp@NoOp|NoOp@NoOp
2886958500:NoOp@NoOp|NoOp@NoOp|Move(S)@Move(S)|NoOp@NoOp|NoOp@NoOp
2887137000:NoOp@NoOp|NoOp@NoOp|Move(S)@Move(S)|NoOp@NoOp|NoOp@NoOp
2887206100:NoOp@NoOp|NoOp@NoOp|Move(S)@Move(S)|NoOp@NoOp|NoOp@NoOp
2887278600:NoOp@NoOp|NoOp@NoOp|Move(S)@Move(S)|NoOp@NoOp|NoOp@NoOp
2887366400:NoOp@NoOp|NoOp@NoOp|Move(S)@Move(S)|NoOp@NoOp|NoOp@NoOp
2887447700:NoOp@NoOp|NoOp@NoOp|Move(S)@Move(S)|NoOp@NoOp|NoOp@NoOp
2887525800:NoOp@NoOp|NoOp@NoOp|Move(S)@Move(S)|NoOp@NoOp|NoOp@NoOp
2887619600:NoOp@NoOp|NoOp@NoOp|Move(W)@Move(W)|NoOp@NoOp|NoOp@NoOp
2887705400:NoOp@NoOp|NoOp@NoOp|Move(W)@Move(W)|NoOp@NoOp|NoOp@NoOp
2887807700:NoOp@NoOp|NoOp@NoOp|Move(W)@Move(W)|NoOp@NoOp|NoOp@NoOp
2887901000:NoOp@NoOp|NoOp@NoOp|Move(W)@Move(W)|NoOp@NoOp|NoOp@NoOp
2887992600:NoOp@NoOp|NoOp@NoOp|Move(W)@Move(W)|NoOp@NoOp|NoOp@NoOp
2888096500:NoOp@NoOp|NoOp@NoOp|Move(W)@Move(W)|NoOp@NoOp|NoOp@NoOp
2888193400:NoOp@NoOp|NoOp@NoOp|Move(W)@Move(W)|NoOp@NoOp|NoOp@NoOp
2888288700:NoOp@NoOp|NoOp@NoOp|Move(W)@Move(W)|NoOp@NoOp|NoOp@NoOp
2888381200:NoOp@NoOp|NoOp@NoOp|Move(W)@Move(W)|NoOp@NoOp|NoOp@NoOp
2888481100:NoOp@NoOp|NoOp@NoOp|Move(W)@Move(W)|NoOp@NoOp|NoOp@NoOp
2888585400:NoOp@NoOp|NoOp@NoOp|Move(W)@Move(W)|NoOp@NoOp|NoOp@NoOp
2888681000:NoOp@NoOp|NoOp@NoOp|Move(W)@Move(W)|NoOp@NoOp|NoOp@NoOp
2888876000:NoOp@NoOp|NoOp@NoOp|Move(W)@Move(W)|NoOp@NoOp|NoOp@NoOp
2888959300:NoOp@NoOp|NoOp@NoOp|Move(W)@Move(W)|NoOp@NoOp|NoOp@NoOp
2889050800:NoOp@NoOp|NoOp@NoOp|Move(W)@Move(W)|NoOp@NoOp|NoOp@NoOp
2889137500:NoOp@NoOp|NoOp@NoOp|Move(W)@Move(W)|NoOp@NoOp|NoOp@NoOp
2889221200:NoOp@NoOp|NoOp@NoOp|Move(N)@Move(N)|NoOp@NoOp|NoOp@NoOp
2889322200:NoOp@NoOp|NoOp@NoOp|Move(W)@Move(W)|NoOp@NoOp|NoOp@NoOp
2889401000:NoOp@NoOp|NoOp@NoOp|Move(W)@Move(W)|NoOp@NoOp|NoOp@NoOp
2889480800:NoOp@NoOp|NoOp@NoOp|Move(S)@Move(S)|NoOp@NoOp|NoOp@NoOp
2889563300:NoOp@NoOp|NoOp@NoOp|Move(W)@Move(W)|NoOp@NoOp|NoOp@NoOp
2889667800:NoOp@NoOp|NoOp@NoOp|Move(W)@Move(W)|NoOp@NoOp|NoOp@NoOp
2889744400:NoOp@NoOp|NoOp@NoOp|Move(W)@Move(W)|NoOp@NoOp|NoOp@NoOp
2889836000:NoOp@NoOp|NoOp@NoOp|Move(N)@Move(N)|NoOp@NoOp|NoOp@NoOp
2889906700:NoOp@NoOp|NoOp@NoOp|Move(W)@Move(W)|NoOp@NoOp|NoOp@NoOp
2889973300:NoOp@NoOp|NoOp@NoOp|Move(W)@Move(W)|NoOp@NoOp|NoOp@NoOp
2890030600:NoOp@NoOp|NoOp@NoOp|Move(W)@Move(W)|NoOp@NoOp|NoOp@NoOp
2890133400:NoOp@NoOp|NoOp@NoOp|Move(S)@Move(S)|NoOp@NoOp|NoOp@NoOp
2890216500:NoOp@NoOp|NoOp@NoOp|Move(W)@Move(W)|NoOp@NoOp|NoOp@NoOp
2890287100:NoOp@NoOp|NoOp@NoOp|Move(W)@Move(W)|NoOp@NoOp|NoOp@NoOp
2890359600:NoOp@NoOp|NoOp@NoOp|Move(N)@Move(N)|NoOp@NoOp|NoOp@NoOp
2890433300:NoOp@NoOp|NoOp@NoOp|Move(N)@Move(N)|NoOp@NoOp|NoOp@NoOp
2890514000:NoOp@NoOp|NoOp@NoOp|Move(N)@Move(N)|NoOp@NoOp|NoOp@NoOp
2890594800:NoOp@NoOp|NoOp@NoOp|Move(E)@Move(E)|NoOp@NoOp|NoOp@NoOp
2890680600:NoOp@NoOp|NoOp@NoOp|Move(E)@Move(E)|NoOp@NoOp|NoOp@NoOp
2890765500:NoOp@NoOp|NoOp@NoOp|Move(E)@Move(E)|NoOp@NoOp|NoOp@NoOp
2890831700:NoOp@NoOp|NoOp@NoOp|Move(E)@Move(E)|NoOp@NoOp|NoOp@NoOp
2890893800:NoOp@NoOp|NoOp@NoOp|Move(E)@Move(E)|NoOp@NoOp|NoOp@NoOp
2890999100:NoOp@NoOp|NoOp@NoOp|Move(E)@Move(E)|NoOp@NoOp|NoOp@NoOp
2891072100:NoOp@NoOp|NoOp@NoOp|Move(E)@Move(E)|NoOp@NoOp|NoOp@NoOp
2891151800:NoOp@NoOp|NoOp@NoOp|Move(E)@Move(E)|NoOp@NoOp|NoOp@NoOp
2891223400:NoOp@NoOp|NoOp@NoOp|Move(N)@Move(N)|NoOp@NoOp|NoOp@NoOp
2891279700:NoOp@NoOp|NoOp@NoOp|Move(N)@Move(N)|NoOp@NoOp|NoOp@NoOp
2891355200:NoOp@NoOp|NoOp@NoOp|Move(W)@Move(W)|NoOp@NoOp|NoOp@NoOp
2891432000:NoOp@NoOp|NoOp@NoOp|Move(W)@Move(W)|NoOp@NoOp|NoOp@NoOp
2891506100:NoOp@NoOp|NoOp@NoOp|Move(W)@Move(W)|NoOp@NoOp|NoOp@NoOp
2891604700:NoOp@NoOp|NoOp@NoOp|Move(W)@Move(W)|NoOp@NoOp|NoOp@NoOp
2891702600:NoOp@NoOp|NoOp@NoOp|Move(W)@Move(W)|NoOp@NoOp|NoOp@NoOp
2891802700:NoOp@NoOp|NoOp@NoOp|Move(W)@Move(W)|NoOp@NoOp|NoOp@NoOp
2891906100:NoOp@NoOp|NoOp@NoOp|Move(W)@Move(W)|NoOp@NoOp|NoOp@NoOp
2892014400:NoOp@NoOp|NoOp@NoOp|Move(W)@Move(W)|NoOp@NoOp|NoOp@NoOp
2892109400:NoOp@NoOp|NoOp@NoOp|Move(N)@Move(N)|NoOp@NoOp|NoOp@NoOp
2892213100:NoOp@NoOp|NoOp@NoOp|Move(N)@Move(N)|NoOp@NoOp|NoOp@NoOp
2892319200:NoOp@NoOp|NoOp@NoOp|Move(N)@Move(N)|NoOp@NoOp|NoOp@NoOp
2892418600:NoOp@NoOp|NoOp@NoOp|Move(W)@Move(W)|NoOp@NoOp|NoOp@NoOp
2892501700:NoOp@NoOp|NoOp@NoOp|Move(W)@Move(W)|NoOp@NoOp|NoOp@NoOp
2892574400:NoOp@NoOp|NoOp@NoOp|Move(W)@Move(W)|NoOp@NoOp|NoOp@NoOp
2892674100:NoOp@NoOp|NoOp@NoOp|Move(W)@Move(W)|NoOp@NoOp|NoOp@NoOp
2892769600:NoOp@NoOp|NoOp@NoOp|Pull(S,S)@Pull(S,S)|NoOp@NoOp|NoOp@NoOp
2892873800:NoOp@NoOp|NoOp@NoOp|Push(N,E)@Push(N,E)|NoOp@NoOp|NoOp@NoOp
2892994600:NoOp@NoOp|NoOp@NoOp|Push(E,S)@Push(E,S)|NoOp@NoOp|NoOp@NoOp
2893078100:NoOp@NoOp|NoOp@NoOp|Push(S,S)@Push(S,S)|NoOp@NoOp|NoOp@NoOp
2893162500:NoOp@NoOp|NoOp@NoOp|Push(S,S)@Push(S,S)|NoOp@NoOp|NoOp@NoOp
2893344300:NoOp@NoOp|NoOp@NoOp|Push(S,E)@Push(S,E)|NoOp@NoOp|NoOp@NoOp
2893577400:NoOp@NoOp|NoOp@NoOp|Push(E,E)@Push(E,E)|NoOp@NoOp|NoOp@NoOp
2893834500:NoOp@NoOp|NoOp@NoOp|Push(E,E)@Push(E,E)|NoOp@NoOp|NoOp@NoOp
2894079700:NoOp@NoOp|NoOp@NoOp|Push(E,E)@Push(E,E)|NoOp@NoOp|NoOp@NoOp
2894281700:NoOp@NoOp|NoOp@NoOp|Push(E,E)@Push(E,E)|NoOp@NoOp|NoOp@NoOp
2894475100:NoOp@NoOp|NoOp@NoOp|Push(E,E)@Push(E,E)|NoOp@NoOp|NoOp@NoOp
2894697000:NoOp@NoOp|NoOp@NoOp|Push(E,E)@Push(E,E)|NoOp@NoOp|NoOp@NoOp
2894879700:NoOp@NoOp|NoOp@NoOp|Push(E,E)@Push(E,E)|NoOp@NoOp|NoOp@NoOp
2895051900:NoOp@NoOp|NoOp@NoOp|Push(E,E)@Push(E,E)|NoOp@NoOp|NoOp@NoOp
2895141900:NoOp@NoOp|NoOp@NoOp|Push(E,E)@Push(E,E)|NoOp@NoOp|NoOp@NoOp
2895222900:NoOp@NoOp|NoOp@NoOp|Push(E,E)@Push(E,E)|NoOp@NoOp|NoOp@NoOp
2895320400:NoOp@NoOp|NoOp@NoOp|Push(E,S)@Push(E,S)|NoOp@NoOp|NoOp@NoOp
2895413600:NoOp@NoOp|NoOp@NoOp|Push(S,S)@Push(S,S)|NoOp@NoOp|NoOp@NoOp
2895496600:NoOp@NoOp|NoOp@NoOp|Push(S,W)@Push(S,W)|NoOp@NoOp|NoOp@NoOp
2895588600:NoOp@NoOp|NoOp@NoOp|Push(W,W)@Push(W,W)|NoOp@NoOp|NoOp@NoOp
2895671900:NoOp@NoOp|NoOp@NoOp|Push(W,W)@Push(W,W)|NoOp@NoOp|NoOp@NoOp
2895749300:NoOp@NoOp|NoOp@NoOp|Push(W,W)@Push(W,W)|NoOp@NoOp|NoOp@NoOp
2895836000:NoOp@NoOp|NoOp@NoOp|Push(W,W)@Push(W,W)|NoOp@NoOp|NoOp@NoOp
2895927800:NoOp@NoOp|NoOp@NoOp|Push(W,W)@Push(W,W)|NoOp@NoOp|NoOp@NoOp
2896013500:NoOp@NoOp|NoOp@NoOp|Push(W,W)@Push(W,W)|NoOp@NoOp|NoOp@NoOp
2896099200:NoOp@NoOp|NoOp@NoOp|Push(W,W)@Push(W,W)|NoOp@NoOp|NoOp@NoOp
2896192800:NoOp@NoOp|NoOp@NoOp|Push(W,S)@Push(W,S)|NoOp@NoOp|NoOp@NoOp
2896373500:NoOp@NoOp|NoOp@NoOp|Push(S,S)@Push(S,S)|NoOp@NoOp|NoOp@NoOp
2896498300:NoOp@NoOp|NoOp@NoOp|Push(S,S)@Push(S,S)|NoOp@NoOp|NoOp@NoOp
2896629600:NoOp@NoOp|NoOp@NoOp|Push(S,E)@Push(S,E)|NoOp@NoOp|NoOp@NoOp
2896723500:NoOp@NoOp|NoOp@NoOp|Push(E,E)@Push(E,E)|NoOp@NoOp|NoOp@NoOp
2896820700:NoOp@NoOp|NoOp@NoOp|Push(E,N)@Push(E,N)|NoOp@NoOp|NoOp@NoOp
2896911500:NoOp@NoOp|NoOp@NoOp|Push(N,E)@Push(N,E)|NoOp@NoOp|NoOp@NoOp
2897005900:NoOp@NoOp|NoOp@NoOp|Push(E,E)@Push(E,E)|NoOp@NoOp|NoOp@NoOp
2897101000:NoOp@NoOp|NoOp@NoOp|Push(E,E)@Push(E,E)|NoOp@NoOp|NoOp@NoOp
2897192100:NoOp@NoOp|NoOp@NoOp|Push(E,S)@Push(E,S)|NoOp@NoOp|NoOp@NoOp
2897284300:NoOp@NoOp|NoOp@NoOp|Push(S,E)@Push(S,E)|NoOp@NoOp|NoOp@NoOp
2897383100:NoOp@NoOp|NoOp@NoOp|Push(E,E)@Push(E,E)|NoOp@NoOp|NoOp@NoOp
2897476400:NoOp@NoOp|NoOp@NoOp|Push(E,E)@Push(E,E)|NoOp@NoOp|NoOp@NoOp
2897551500:NoOp@NoOp|NoOp@NoOp|Push(E,N)@Push(E,N)|NoOp@NoOp|NoOp@NoOp
2897671400:NoOp@NoOp|NoOp@NoOp|Push(N,E)@Push(N,E)|NoOp@NoOp|NoOp@NoOp
2897774400:NoOp@NoOp|NoOp@NoOp|Push(E,E)@Push(E,E)|NoOp@NoOp|NoOp@NoOp
2897875300:NoOp@NoOp|NoOp@NoOp|Push(E,S)@Push(E,S)|NoOp@NoOp|NoOp@NoOp
2897977300:NoOp@NoOp|NoOp@NoOp|Push(S,E)@Push(S,E)|NoOp@NoOp|NoOp@NoOp
2898078600:NoOp@NoOp|NoOp@NoOp|Push(E,E)@Push(E,E)|NoOp@NoOp|NoOp@NoOp
2898179500:NoOp@NoOp|NoOp@NoOp|Push(E,E)@Push(E,E)|NoOp@NoOp|NoOp@NoOp
2898280100:NoOp@NoOp|NoOp@NoOp|Push(E,N)@Push(E,N)|NoOp@NoOp|NoOp@NoOp
2898380900:NoOp@NoOp|NoOp@NoOp|Push(N,E)@Push(N,E)|NoOp@NoOp|NoOp@NoOp
2898480600:NoOp@NoOp|NoOp@NoOp|Push(E,E)@Push(E,E)|NoOp@NoOp|NoOp@NoOp
2898585300:NoOp@NoOp|NoOp@NoOp|Push(E,E)@Push(E,E)|NoOp@NoOp|NoOp@NoOp
2898687000:NoOp@NoOp|NoOp@NoOp|Push(E,E)@Push(E,E)|NoOp@NoOp|NoOp@NoOp
2898774000:NoOp@NoOp|NoOp@NoOp|Push(E,E)@Push(E,E)|NoOp@NoOp|NoOp@NoOp
2898873300:NoOp@NoOp|NoOp@NoOp|Push(E,E)@Push(E,E)|NoOp@NoOp|NoOp@NoOp
2899018300:NoOp@NoOp|NoOp@NoOp|Push(E,E)@Push(E,E)|NoOp@NoOp|NoOp@NoOp
2899126100:NoOp@NoOp|NoOp@NoOp|Push(E,N)@Push(E,N)|NoOp@NoOp|NoOp@NoOp
2899240400:NoOp@NoOp|NoOp@NoOp|Push(N,E)@Push(N,E)|NoOp@NoOp|NoOp@NoOp
2899344600:NoOp@NoOp|NoOp@NoOp|Push(E,N)@Push(E,N)|NoOp@NoOp|NoOp@NoOp
2899518200:NoOp@NoOp|NoOp@NoOp|Push(N,E)@Push(N,E)|NoOp@NoOp|NoOp@NoOp
2899703500:NoOp@NoOp|NoOp@NoOp|Push(E,N)@Push(E,N)|NoOp@NoOp|NoOp@NoOp
2899854500:NoOp@NoOp|NoOp@NoOp|Push(N,E)@Push(N,E)|NoOp@NoOp|NoOp@NoOp
2900029000:NoOp@NoOp|NoOp@NoOp|Push(E,N)@Push(E,N)|NoOp@NoOp|NoOp@NoOp
2900228900:NoOp@NoOp|NoOp@NoOp|Push(N,N)@Push(N,N)|NoOp@NoOp|NoOp@NoOp
2900458200:NoOp@NoOp|NoOp@NoOp|Push(N,N)@Push(N,N)|NoOp@NoOp|NoOp@NoOp
2900662500:NoOp@NoOp|NoOp@NoOp|Push(N,N)@Push(N,N)|NoOp@NoOp|NoOp@NoOp
2900846200:NoOp@NoOp|NoOp@NoOp|Push(N,E)@Push(N,E)|NoOp@NoOp|NoOp@NoOp
2900920700:NoOp@NoOp|NoOp@NoOp|Push(E,E)@Push(E,E)|NoOp@NoOp|NoOp@NoOp
2901005500:NoOp@NoOp|NoOp@NoOp|Push(E,E)@Push(E,E)|NoOp@NoOp|NoOp@NoOp
2901094900:NoOp@NoOp|NoOp@NoOp|Push(E,E)@Push(E,E)|NoOp@NoOp|NoOp@NoOp
2901180700:NoOp@NoOp|NoOp@NoOp|Push(E,N)@Push(E,N)|NoOp@NoOp|NoOp@NoOp
2901260000:NoOp@NoOp|NoOp@NoOp|Move(S)@Move(S)|NoOp@NoOp|NoOp@NoOp
2901336900:NoOp@NoOp|NoOp@NoOp|Move(S)@Move(S)|NoOp@NoOp|NoOp@NoOp
2901425400:NoOp@NoOp|NoOp@NoOp|Move(S)@Move(S)|NoOp@NoOp|NoOp@NoOp
2901500800:NoOp@NoOp|NoOp@NoOp|Move(S)@Move(S)|NoOp@NoOp|NoOp@NoOp
2901591200:NoOp@NoOp|NoOp@NoOp|Move(S)@Move(S)|NoOp@NoOp|NoOp@NoOp
2901663000:NoOp@NoOp|NoOp@NoOp|Move(S)@Move(S)|NoOp@NoOp|NoOp@NoOp
2901735300:NoOp@NoOp|NoOp@NoOp|Move(S)@Move(S)|NoOp@NoOp|NoOp@NoOp
2901825500:NoOp@NoOp|NoOp@NoOp|Move(S)@Move(S)|NoOp@NoOp|NoOp@NoOp
2901898900:NoOp@NoOp|NoOp@NoOp|Move(W)@Move(W)|NoOp@NoOp|NoOp@NoOp
2902050500:NoOp@NoOp|NoOp@NoOp|Move(W)@Move(W)|NoOp@NoOp|NoOp@NoOp
2902125900:NoOp@NoOp|NoOp@NoOp|Move(W)@Move(W)|NoOp@NoOp|NoOp@NoOp
2902182300:NoOp@NoOp|NoOp@NoOp|Move(W)@Move(W)|NoOp@NoOp|NoOp@NoOp
2902245300:NoOp@NoOp|NoOp@NoOp|Move(W)@Move(W)|NoOp@NoOp|NoOp@NoOp
2902316000:NoOp@NoOp|NoOp@NoOp|Move(W)@Move(W)|NoOp@NoOp|NoOp@NoOp
2902378100:NoOp@NoOp|NoOp@NoOp|Move(W)@Move(W)|NoOp@NoOp|NoOp@NoOp
2902453600:NoOp@NoOp|NoOp@NoOp|Move(W)@Move(W)|NoOp@NoOp|NoOp@NoOp
2902526600:NoOp@NoOp|NoOp@NoOp|Move(W)@Move(W)|NoOp@NoOp|NoOp@NoOp
2902623000:NoOp@NoOp|NoOp@NoOp|Move(W)@Move(W)|NoOp@NoOp|NoOp@NoOp
2902701200:NoOp@NoOp|NoOp@NoOp|Move(W)@Move(W)|NoOp@NoOp|NoOp@NoOp
2902783800:NoOp@NoOp|NoOp@NoOp|Move(W)@Move(W)|NoOp@NoOp|NoOp@NoOp
2902872400:NoOp@NoOp|NoOp@NoOp|Move(W)@Move(W)|NoOp@NoOp|NoOp@NoOp
2902947500:NoOp@NoOp|NoOp@NoOp|Move(W)@Move(W)|NoOp@NoOp|NoOp@NoOp
2903029600:NoOp@NoOp|NoOp@NoOp|Move(W)@Move(W)|NoOp@NoOp|NoOp@NoOp
2903107900:NoOp@NoOp|NoOp@NoOp|Move(W)@Move(W)|NoOp@NoOp|NoOp@NoOp
2903185100:NoOp@NoOp|NoOp@NoOp|Move(W)@Move(W)|NoOp@NoOp|NoOp@NoOp
2903247600:NoOp@NoOp|NoOp@NoOp|Move(N)@Move(N)|NoOp@NoOp|NoOp@NoOp
2903320000:NoOp@NoOp|NoOp@NoOp|Move(W)@Move(W)|NoOp@NoOp|NoOp@NoOp
2903391900:NoOp@NoOp|NoOp@NoOp|Move(W)@Move(W)|NoOp@NoOp|NoOp@NoOp
2903467100:NoOp@NoOp|NoOp@NoOp|Move(S)@Move(S)|NoOp@NoOp|NoOp@NoOp
2903540700:NoOp@NoOp|NoOp@NoOp|Move(W)@Move(W)|NoOp@NoOp|NoOp@NoOp
2903633500:NoOp@NoOp|NoOp@NoOp|Move(W)@Move(W)|NoOp@NoOp|NoOp@NoOp
2903714200:NoOp@NoOp|NoOp@NoOp|Move(W)@Move(W)|NoOp@NoOp|NoOp@NoOp
2903795400:NoOp@NoOp|NoOp@NoOp|Move(N)@Move(N)|NoOp@NoOp|NoOp@NoOp
2903868700:NoOp@NoOp|NoOp@NoOp|Move(W)@Move(W)|NoOp@NoOp|NoOp@NoOp
2903942400:NoOp@NoOp|NoOp@NoOp|Move(W)@Move(W)|NoOp@NoOp|NoOp@NoOp
2904016300:NoOp@NoOp|NoOp@NoOp|Move(W)@Move(W)|NoOp@NoOp|NoOp@NoOp
2904093600:NoOp@NoOp|NoOp@NoOp|Move(S)@Move(S)|NoOp@NoOp|NoOp@NoOp
2904173400:NoOp@NoOp|NoOp@NoOp|Move(W)@Move(W)|NoOp@NoOp|NoOp@NoOp
2904245500:NoOp@NoOp|NoOp@NoOp|Move(W)@Move(W)|NoOp@NoOp|NoOp@NoOp
2904304300:NoOp@NoOp|NoOp@NoOp|Move(N)@Move(N)|NoOp@NoOp|NoOp@NoOp
2904370500:NoOp@NoOp|NoOp@NoOp|Move(N)@Move(N)|NoOp@NoOp|NoOp@NoOp
2904434600:NoOp@NoOp|NoOp@NoOp|Move(N)@Move(N)|NoOp@NoOp|NoOp@NoOp
2904495000:NoOp@NoOp|NoOp@NoOp|Move(E)@Move(E)|NoOp@NoOp|NoOp@NoOp
2904569200:NoOp@NoOp|NoOp@NoOp|Move(E)@Move(E)|NoOp@NoOp|NoOp@NoOp
2904657600:NoOp@NoOp|NoOp@NoOp|Move(E)@Move(E)|NoOp@NoOp|NoOp@NoOp
2904734100:NoOp@NoOp|NoOp@NoOp|Move(E)@Move(E)|NoOp@NoOp|NoOp@NoOp
2904810500:NoOp@NoOp|NoOp@NoOp|Move(E)@Move(E)|NoOp@NoOp|NoOp@NoOp
2904880800:NoOp@NoOp|NoOp@NoOp|Move(E)@Move(E)|NoOp@NoOp|NoOp@NoOp
2904943500:NoOp@NoOp|NoOp@NoOp|Move(E)@Move(E)|NoOp@NoOp|NoOp@NoOp
2905005100:NoOp@NoOp|NoOp@NoOp|Move(E)@Move(E)|NoOp@NoOp|NoOp@NoOp
2905080000:NoOp@NoOp|NoOp@NoOp|Move(N)@Move(N)|NoOp@NoOp|NoOp@NoOp
2905152900:NoOp@NoOp|NoOp@NoOp|Move(N)@Move(N)|NoOp@NoOp|NoOp@NoOp
2905213800:NoOp@NoOp|NoOp@NoOp|Move(W)@Move(W)|NoOp@NoOp|NoOp@NoOp
2905268800:NoOp@NoOp|NoOp@NoOp|Move(W)@Move(W)|NoOp@NoOp|NoOp@NoOp
2905339000:NoOp@NoOp|NoOp@NoOp|Move(W)@Move(W)|NoOp@NoOp|NoOp@NoOp
2905409800:NoOp@NoOp|NoOp@NoOp|Move(W)@Move(W)|NoOp@NoOp|NoOp@NoOp
2905489200:NoOp@NoOp|NoOp@NoOp|Move(W)@Move(W)|NoOp@NoOp|NoOp@NoOp
2905567100:NoOp@NoOp|NoOp@NoOp|Move(W)@Move(W)|NoOp@NoOp|NoOp@NoOp
2905662400:NoOp@NoOp|NoOp@NoOp|Move(W)@Move(W)|NoOp@NoOp|NoOp@NoOp
2905741000:NoOp@NoOp|NoOp@NoOp|Move(W)@Move(W)|NoOp@NoOp|NoOp@NoOp
2905814300:NoOp@NoOp|NoOp@NoOp|Move(N)@Move(N)|NoOp@NoOp|NoOp@NoOp
2905913700:NoOp@NoOp|NoOp@NoOp|Move(N)@Move(N)|NoOp@NoOp|NoOp@NoOp
2905999600:NoOp@NoOp|NoOp@NoOp|Move(N)@Move(N)|NoOp@NoOp|NoOp@NoOp
2906083900:NoOp@NoOp|NoOp@NoOp|Move(W)@Move(W)|NoOp@NoOp|NoOp@NoOp
2906184000:NoOp@NoOp|NoOp@NoOp|Move(W)@Move(W)|NoOp@NoOp|NoOp@NoOp
2906276300:NoOp@NoOp|NoOp@NoOp|Move(W)@Move(W)|NoOp@NoOp|NoOp@NoOp
2906357000:NoOp@NoOp|NoOp@NoOp|Pull(S,S)@Pull(S,S)|NoOp@NoOp|NoOp@NoOp
2906437500:NoOp@NoOp|NoOp@NoOp|Push(N,E)@Push(N,E)|NoOp@NoOp|NoOp@NoOp
2906519300:NoOp@NoOp|NoOp@NoOp|Push(E,S)@Push(E,S)|NoOp@NoOp|NoOp@NoOp
2906618000:NoOp@NoOp|NoOp@NoOp|Push(S,S)@Push(S,S)|NoOp@NoOp|NoOp@NoOp
2906679200:NoOp@NoOp|NoOp@NoOp|Push(S,S)@Push(S,S)|NoOp@NoOp|NoOp@NoOp
2906750400:NoOp@NoOp|NoOp@NoOp|Push(S,E)@Push(S,E)|NoOp@NoOp|NoOp@NoOp
2906820200:NoOp@NoOp|NoOp@NoOp|Push(E,E)@Push(E,E)|NoOp@NoOp|NoOp@NoOp
2906889000:NoOp@NoOp|NoOp@NoOp|Push(E,E)@Push(E,E)|NoOp@NoOp|NoOp@NoOp
2906962800:NoOp@NoOp|NoOp@NoOp|Push(E,E)@Push(E,E)|NoOp@NoOp|NoOp@NoOp
2907024400:NoOp@NoOp|NoOp@NoOp|Push(E,E)@Push(E,E)|NoOp@NoOp|NoOp@NoOp
2907078000:NoOp@NoOp|NoOp@NoOp|Push(E,E)@Push(E,E)|NoOp@NoOp|NoOp@NoOp
2907132200:NoOp@NoOp|NoOp@NoOp|Push(E,E)@Push(E,E)|NoOp@NoOp|NoOp@NoOp
2907183000:NoOp@NoOp|NoOp@NoOp|Push(E,E)@Push(E,E)|NoOp@NoOp|NoOp@NoOp
2907234300:NoOp@NoOp|NoOp@NoOp|Push(E,E)@Push(E,E)|NoOp@NoOp|NoOp@NoOp
2907291700:NoOp@NoOp|NoOp@NoOp|Push(E,E)@Push(E,E)|NoOp@NoOp|NoOp@NoOp
2907380000:NoOp@NoOp|NoOp@NoOp|Push(E,S)@Push(E,S)|NoOp@NoOp|NoOp@NoOp
2907444600:NoOp@NoOp|NoOp@NoOp|Push(S,S)@Push(S,S)|NoOp@NoOp|NoOp@NoOp
2907518400:NoOp@NoOp|NoOp@NoOp|Push(S,W)@Push(S,W)|NoOp@NoOp|NoOp@NoOp
2907583200:NoOp@NoOp|NoOp@NoOp|Push(W,W)@Push(W,W)|NoOp@NoOp|NoOp@NoOp
2907657900:NoOp@NoOp|NoOp@NoOp|Push(W,W)@Push(W,W)|NoOp@NoOp|NoOp@NoOp
2907720900:NoOp@NoOp|NoOp@NoOp|Push(W,W)@Push(W,W)|NoOp@NoOp|NoOp@NoOp
2907783400:NoOp@NoOp|NoOp@NoOp|Push(W,W)@Push(W,W)|NoOp@NoOp|NoOp@NoOp
2907847300:NoOp@NoOp|NoOp@NoOp|Push(W,W)@Push(W,W)|NoOp@NoOp|NoOp@NoOp
2907905100:NoOp@NoOp|NoOp@NoOp|Push(W,W)@Push(W,W)|NoOp@NoOp|NoOp@NoOp
2907972400:NoOp@NoOp|NoOp@NoOp|Push(W,W)@Push(W,W)|NoOp@NoOp|NoOp@NoOp
2908036100:NoOp@NoOp|NoOp@NoOp|Push(W,S)@Push(W,S)|NoOp@NoOp|NoOp@NoOp
2908098000:NoOp@NoOp|NoOp@NoOp|Push(S,S)@Push(S,S)|NoOp@NoOp|NoOp@NoOp
2908156900:NoOp@NoOp|NoOp@NoOp|Push(S,S)@Push(S,S)|NoOp@NoOp|NoOp@NoOp
2908219700:NoOp@NoOp|NoOp@NoOp|Push(S,E)@Push(S,E)|NoOp@NoOp|NoOp@NoOp
2908281200:NoOp@NoOp|NoOp@NoOp|Push(E,E)@Push(E,E)|NoOp@NoOp|NoOp@NoOp
2908344300:NoOp@NoOp|NoOp@NoOp|Push(E,N)@Push(E,N)|NoOp@NoOp|NoOp@NoOp
2908403500:NoOp@NoOp|NoOp@NoOp|Push(N,E)@Push(N,E)|NoOp@NoOp|NoOp@NoOp
2908475100:NoOp@NoOp|NoOp@NoOp|Push(E,E)@Push(E,E)|NoOp@NoOp|NoOp@NoOp
2908536100:NoOp@NoOp|NoOp@NoOp|Push(E,E)@Push(E,E)|NoOp@NoOp|NoOp@NoOp
2908616000:NoOp@NoOp|NoOp@NoOp|Push(E,S)@Push(E,S)|NoOp@NoOp|NoOp@NoOp
2908681900:NoOp@NoOp|NoOp@NoOp|Push(S,E)@Push(S,E)|NoOp@NoOp|NoOp@NoOp
2908747000:NoOp@NoOp|NoOp@NoOp|Push(E,E)@Push(E,E)|NoOp@NoOp|NoOp@NoOp
2908812100:NoOp@NoOp|NoOp@NoOp|Push(E,E)@Push(E,E)|NoOp@NoOp|NoOp@NoOp
2908877100:NoOp@NoOp|NoOp@NoOp|Push(E,N)@Push(E,N)|NoOp@NoOp|NoOp@NoOp
2908942200:NoOp@NoOp|NoOp@NoOp|Push(N,E)@Push(N,E)|NoOp@NoOp|NoOp@NoOp
2909010700:NoOp@NoOp|NoOp@NoOp|Push(E,E)@Push(E,E)|NoOp@NoOp|NoOp@NoOp
2909075800:NoOp@NoOp|NoOp@NoOp|Push(E,S)@Push(E,S)|NoOp@NoOp|NoOp@NoOp
2909142700:NoOp@NoOp|NoOp@NoOp|Push(S,E)@Push(S,E)|NoOp@NoOp|NoOp@NoOp
2909207700:NoOp@NoOp|NoOp@NoOp|Push(E,E)@Push(E,E)|NoOp@NoOp|NoOp@NoOp
2909272700:NoOp@NoOp|NoOp@NoOp|Push(E,E)@Push(E,E)|NoOp@NoOp|NoOp@NoOp
2909337500:NoOp@NoOp|NoOp@NoOp|Push(E,N)@Push(E,N)|NoOp@NoOp|NoOp@NoOp
2909405300:NoOp@NoOp|NoOp@NoOp|Push(N,E)@Push(N,E)|NoOp@NoOp|NoOp@NoOp
2909470900:NoOp@NoOp|NoOp@NoOp|Push(E,E)@Push(E,E)|NoOp@NoOp|NoOp@NoOp
2909536000:NoOp@NoOp|NoOp@NoOp|Push(E,E)@Push(E,E)|NoOp@NoOp|NoOp@NoOp
2909630100:NoOp@NoOp|NoOp@NoOp|Push(E,E)@Push(E,E)|NoOp@NoOp|NoOp@NoOp
2909697900:NoOp@NoOp|NoOp@NoOp|Push(E,E)@Push(E,E)|NoOp@NoOp|NoOp@NoOp
2909760900:NoOp@NoOp|NoOp@NoOp|Push(E,E)@Push(E,E)|NoOp@NoOp|NoOp@NoOp
2909823000:NoOp@NoOp|NoOp@NoOp|Push(E,E)@Push(E,E)|NoOp@NoOp|NoOp@NoOp
2909884300:NoOp@NoOp|NoOp@NoOp|Push(E,N)@Push(E,N)|NoOp@NoOp|NoOp@NoOp
2909945800:NoOp@NoOp|NoOp@NoOp|Push(N,E)@Push(N,E)|NoOp@NoOp|NoOp@NoOp
2910006900:NoOp@NoOp|NoOp@NoOp|Push(E,N)@Push(E,N)|NoOp@NoOp|NoOp@NoOp
2910068000:NoOp@NoOp|NoOp@NoOp|Push(N,E)@Push(N,E)|NoOp@NoOp|NoOp@NoOp
2910129000:NoOp@NoOp|NoOp@NoOp|Push(E,N)@Push(E,N)|NoOp@NoOp|NoOp@NoOp
2910190200:NoOp@NoOp|NoOp@NoOp|Push(N,E)@Push(N,E)|NoOp@NoOp|NoOp@NoOp
2910251200:NoOp@NoOp|NoOp@NoOp|Push(E,N)@Push(E,N)|NoOp@NoOp|NoOp@NoOp
2910312200:NoOp@NoOp|NoOp@NoOp|Push(N,N)@Push(N,N)|NoOp@NoOp|NoOp@NoOp
2910372800:NoOp@NoOp|NoOp@NoOp|Push(N,N)@Push(N,N)|NoOp@NoOp|NoOp@NoOp
2910442900:NoOp@NoOp|NoOp@NoOp|Push(N,N)@Push(N,N)|NoOp@NoOp|NoOp@NoOp
2910565600:NoOp@NoOp|NoOp@NoOp|Push(N,E)@Push(N,E)|NoOp@NoOp|NoOp@NoOp
2910643200:NoOp@NoOp|NoOp@NoOp|Push(E,E)@Push(E,E)|NoOp@NoOp|NoOp@NoOp
2910715700:NoOp@NoOp|NoOp@NoOp|Push(E,E)@Push(E,E)|NoOp@NoOp|NoOp@NoOp
2910786300:NoOp@NoOp|NoOp@NoOp|Push(E,E)@Push(E,E)|NoOp@NoOp|NoOp@NoOp
2910860500:NoOp@NoOp|NoOp@NoOp|Push(E,E)@Push(E,E)|NoOp@NoOp|NoOp@NoOp
2910941600:NoOp@NoOp|NoOp@NoOp|Push(E,N)@Push(E,N)|NoOp@NoOp|NoOp@NoOp
2911012400:Move(S)@Move(S)|NoOp@NoOp|NoOp@NoOp|NoOp@NoOp|NoOp@NoOp
2911079500:Move(E)@Move(E)|NoOp@NoOp|NoOp@NoOp|NoOp@NoOp|NoOp@NoOp
2911152600:Move(E)@Move(E)|NoOp@NoOp|NoOp@NoOp|NoOp@NoOp|NoOp@NoOp
2911274300:Move(E)@Move(E)|NoOp@NoOp|NoOp@NoOp|NoOp@NoOp|NoOp@NoOp
2911358700:Move(E)@Move(E)|NoOp@NoOp|NoOp@NoOp|NoOp@NoOp|NoOp@NoOp
2911439200:Move(E)@Move(E)|NoOp@NoOp|NoOp@NoOp|NoOp@NoOp|NoOp@NoOp
2911514400:Push(E,S)@Push(E,S)|NoOp@NoOp|NoOp@NoOp|NoOp@NoOp|NoOp@NoOp
2911603900:Push(S,S)@Push(S,S)|NoOp@NoOp|NoOp@NoOp|NoOp@NoOp|NoOp@NoOp
2911680900:Push(S,S)@Push(S,S)|NoOp@NoOp|NoOp@NoOp|NoOp@NoOp|NoOp@NoOp
2911764300:Push(S,E)@Push(S,E)|NoOp@NoOp|NoOp@NoOp|NoOp@NoOp|NoOp@NoOp
2911836900:Push(E,E)@Push(E,E)|NoOp@NoOp|NoOp@NoOp|NoOp@NoOp|NoOp@NoOp
2911912600:Push(E,S)@Push(E,S)|NoOp@NoOp|NoOp@NoOp|NoOp@NoOp|NoOp@NoOp
2911989500:Push(S,E)@Push(S,E)|NoOp@NoOp|NoOp@NoOp|NoOp@NoOp|NoOp@NoOp
2912067300:Push(E,E)@Push(E,E)|NoOp@NoOp|NoOp@NoOp|NoOp@NoOp|NoOp@NoOp
2912146000:Push(E,E)@Push(E,E)|NoOp@NoOp|NoOp@NoOp|NoOp@NoOp|NoOp@NoOp
2912225400:Push(E,E)@Push(E,E)|NoOp@NoOp|NoOp@NoOp|NoOp@NoOp|NoOp@NoOp
2912312000:Push(E,E)@Push(E,E)|NoOp@NoOp|NoOp@NoOp|NoOp@NoOp|NoOp@NoOp
2912403300:Push(E,E)@Push(E,E)|NoOp@NoOp|NoOp@NoOp|NoOp@NoOp|NoOp@NoOp
2912487900:Push(E,E)@Push(E,E)|NoOp@NoOp|NoOp@NoOp|NoOp@NoOp|NoOp@NoOp
2912570400:Push(E,E)@Push(E,E)|NoOp@NoOp|NoOp@NoOp|NoOp@NoOp|NoOp@NoOp
2912677000:Push(E,E)@Push(E,E)|NoOp@NoOp|NoOp@NoOp|NoOp@NoOp|NoOp@NoOp
2912854400:Push(E,E)@Push(E,E)|NoOp@NoOp|NoOp@NoOp|NoOp@NoOp|NoOp@NoOp
2912934000:Push(E,E)@Push(E,E)|NoOp@NoOp|NoOp@NoOp|NoOp@NoOp|NoOp@NoOp
2913014100:Push(E,E)@Push(E,E)|NoOp@NoOp|NoOp@NoOp|NoOp@NoOp|NoOp@NoOp
2913093900:Push(E,S)@Push(E,S)|NoOp@NoOp|NoOp@NoOp|NoOp@NoOp|NoOp@NoOp
2913173300:Push(S,S)@Push(S,S)|NoOp@NoOp|NoOp@NoOp|NoOp@NoOp|NoOp@NoOp
2913259100:Push(S,W)@Push(S,W)|NoOp@NoOp|NoOp@NoOp|NoOp@NoOp|NoOp@NoOp
2913368300:Push(W,W)@Push(W,W)|NoOp@NoOp|NoOp@NoOp|NoOp@NoOp|NoOp@NoOp
2913474400:Push(W,W)@Push(W,W)|NoOp@NoOp|NoOp@NoOp|NoOp@NoOp|NoOp@NoOp
2913561800:Push(W,W)@Push(W,W)|NoOp@NoOp|NoOp@NoOp|NoOp@NoOp|NoOp@NoOp
2913671400:Push(W,W)@Push(W,W)|NoOp@NoOp|NoOp@NoOp|NoOp@NoOp|NoOp@NoOp
2913747700:Push(W,W)@Push(W,W)|NoOp@NoOp|NoOp@NoOp|NoOp@NoOp|NoOp@NoOp
2913826700:Push(W,W)@Push(W,W)|NoOp@NoOp|NoOp@NoOp|NoOp@NoOp|NoOp@NoOp
2913894800:Push(W,W)@Push(W,W)|NoOp@NoOp|NoOp@NoOp|NoOp@NoOp|NoOp@NoOp
2913954200:Push(W,S)@Push(W,S)|NoOp@NoOp|NoOp@NoOp|NoOp@NoOp|NoOp@NoOp
2914018500:Push(S,S)@Push(S,S)|NoOp@NoOp|NoOp@NoOp|NoOp@NoOp|NoOp@NoOp
2914085000:Push(S,S)@Push(S,S)|NoOp@NoOp|NoOp@NoOp|NoOp@NoOp|NoOp@NoOp
2914141400:Push(S,E)@Push(S,E)|NoOp@NoOp|NoOp@NoOp|NoOp@NoOp|NoOp@NoOp
2914217700:Push(E,E)@Push(E,E)|NoOp@NoOp|NoOp@NoOp|NoOp@NoOp|NoOp@NoOp
2914289800:Push(E,N)@Push(E,N)|NoOp@NoOp|NoOp@NoOp|NoOp@NoOp|NoOp@NoOp
2914365100:Push(N,E)@Push(N,E)|NoOp@NoOp|NoOp@NoOp|NoOp@NoOp|NoOp@NoOp
2914442500:Push(E,E)@Push(E,E)|NoOp@NoOp|NoOp@NoOp|NoOp@NoOp|NoOp@NoOp
2914524900:Push(E,E)@Push(E,E)|NoOp@NoOp|NoOp@NoOp|NoOp@NoOp|NoOp@NoOp
2914622000:Push(E,S)@Push(E,S)|NoOp@NoOp|NoOp@NoOp|NoOp@NoOp|NoOp@NoOp
2914703900:Push(S,E)@Push(S,E)|NoOp@NoOp|NoOp@NoOp|NoOp@NoOp|NoOp@NoOp
2914788800:Push(E,E)@Push(E,E)|NoOp@NoOp|NoOp@NoOp|NoOp@NoOp|NoOp@NoOp
2914872200:Push(E,E)@Push(E,E)|NoOp@NoOp|NoOp@NoOp|NoOp@NoOp|NoOp@NoOp
2914960000:Push(E,N)@Push(E,N)|NoOp@NoOp|NoOp@NoOp|NoOp@NoOp|NoOp@NoOp
2915044500:Push(N,E)@Push(N,E)|NoOp@NoOp|NoOp@NoOp|NoOp@NoOp|NoOp@NoOp
2915128700:Push(E,E)@Push(E,E)|NoOp@NoOp|NoOp@NoOp|NoOp@NoOp|NoOp@NoOp
2915211900:Push(E,S)@Push(E,S)|NoOp@NoOp|NoOp@NoOp|NoOp@NoOp|NoOp@NoOp
2915295200:Push(S,E)@Push(S,E)|NoOp@NoOp|NoOp@NoOp|NoOp@NoOp|NoOp@NoOp
2915377400:Push(E,E)@Push(E,E)|NoOp@NoOp|NoOp@NoOp|NoOp@NoOp|NoOp@NoOp
2915460600:Push(E,E)@Push(E,E)|NoOp@NoOp|NoOp@NoOp|NoOp@NoOp|NoOp@NoOp
2915543000:Push(E,N)@Push(E,N)|NoOp@NoOp|NoOp@NoOp|NoOp@NoOp|NoOp@NoOp
2915640300:Push(N,E)@Push(N,E)|NoOp@NoOp|NoOp@NoOp|NoOp@NoOp|NoOp@NoOp
2915714000:Push(E,E)@Push(E,E)|NoOp@NoOp|NoOp@NoOp|NoOp@NoOp|NoOp@NoOp
2915788000:Push(E,E)@Push(E,E)|NoOp@NoOp|NoOp@NoOp|NoOp@NoOp|NoOp@NoOp
2915864300:Push(E,E)@Push(E,E)|NoOp@NoOp|NoOp@NoOp|NoOp@NoOp|NoOp@NoOp
2915938500:Push(E,E)@Push(E,E)|NoOp@NoOp|NoOp@NoOp|NoOp@NoOp|NoOp@NoOp
2916012300:Push(E,E)@Push(E,E)|NoOp@NoOp|NoOp@NoOp|NoOp@NoOp|NoOp@NoOp
2916087000:Push(E,E)@Push(E,E)|NoOp@NoOp|NoOp@NoOp|NoOp@NoOp|NoOp@NoOp
2916170800:Push(E,N)@Push(E,N)|NoOp@NoOp|NoOp@NoOp|NoOp@NoOp|NoOp@NoOp
2916245700:Push(N,E)@Push(N,E)|NoOp@NoOp|NoOp@NoOp|NoOp@NoOp|NoOp@NoOp
2916320500:Push(E,N)@Push(E,N)|NoOp@NoOp|NoOp@NoOp|NoOp@NoOp|NoOp@NoOp
2916401200:Push(N,E)@Push(N,E)|NoOp@NoOp|NoOp@NoOp|NoOp@NoOp|NoOp@NoOp
2916475000:Push(E,N)@Push(E,N)|NoOp@NoOp|NoOp@NoOp|NoOp@NoOp|NoOp@NoOp
2916564500:Push(N,E)@Push(N,E)|NoOp@NoOp|NoOp@NoOp|NoOp@NoOp|NoOp@NoOp
2916649400:Push(E,N)@Push(E,N)|NoOp@NoOp|NoOp@NoOp|NoOp@NoOp|NoOp@NoOp
2916734200:Push(N,N)@Push(N,N)|NoOp@NoOp|NoOp@NoOp|NoOp@NoOp|NoOp@NoOp
2916819500:Push(N,N)@Push(N,N)|NoOp@NoOp|NoOp@NoOp|NoOp@NoOp|NoOp@NoOp
2916904500:Push(N,E)@Push(N,E)|NoOp@NoOp|NoOp@NoOp|NoOp@NoOp|NoOp@NoOp
2916989100:Push(E,E)@Push(E,E)|NoOp@NoOp|NoOp@NoOp|NoOp@NoOp|NoOp@NoOp
2917099800:Push(E,E)@Push(E,E)|NoOp@NoOp|NoOp@NoOp|NoOp@NoOp|NoOp@NoOp
2917202100:Push(E,E)@Push(E,E)|NoOp@NoOp|NoOp@NoOp|NoOp@NoOp|NoOp@NoOp
2917307800:Push(E,E)@Push(E,E)|NoOp@NoOp|NoOp@NoOp|NoOp@NoOp|NoOp@NoOp
2917401900:Push(E,E)@Push(E,E)|NoOp@NoOp|NoOp@NoOp|NoOp@NoOp|NoOp@NoOp
2917488800:Push(E,N)@Push(E,N)|NoOp@NoOp|NoOp@NoOp|NoOp@NoOp|NoOp@NoOp
2917577200:Push(N,N)@Push(N,N)|NoOp@NoOp|NoOp@NoOp|NoOp@NoOp|NoOp@NoOp
2917671400:NoOp@NoOp|NoOp@NoOp|NoOp@NoOp|NoOp@NoOp|Move(S)@Move(S)
2917747200:NoOp@NoOp|NoOp@NoOp|Move(S)@Move(S)|NoOp@NoOp|NoOp@NoOp
2917807500:NoOp@NoOp|NoOp@NoOp|Move(S)@Move(S)|NoOp@NoOp|NoOp@NoOp
2917858600:NoOp@NoOp|NoOp@NoOp|Move(S)@Move(S)|NoOp@NoOp|NoOp@NoOp
2917928800:NoOp@NoOp|NoOp@NoOp|Move(S)@Move(S)|NoOp@NoOp|NoOp@NoOp
2917999900:NoOp@NoOp|NoOp@NoOp|Move(S)@Move(S)|NoOp@NoOp|NoOp@NoOp
2918060400:NoOp@NoOp|NoOp@NoOp|Move(S)@Move(S)|NoOp@NoOp|NoOp@NoOp
2918121700:NoOp@NoOp|NoOp@NoOp|Move(S)@Move(S)|NoOp@NoOp|NoOp@NoOp
2918175900:NoOp@NoOp|NoOp@NoOp|Move(S)@Move(S)|NoOp@NoOp|NoOp@NoOp
2918229600:NoOp@NoOp|NoOp@NoOp|Move(W)@Move(W)|NoOp@NoOp|NoOp@NoOp
2918299100:NoOp@NoOp|NoOp@NoOp|Move(W)@Move(W)|NoOp@NoOp|NoOp@NoOp
2918373500:NoOp@NoOp|NoOp@NoOp|Move(W)@Move(W)|NoOp@NoOp|NoOp@NoOp
2918443300:NoOp@NoOp|NoOp@NoOp|Move(W)@Move(W)|NoOp@NoOp|NoOp@NoOp
2918518300:NoOp@NoOp|NoOp@NoOp|Move(W)@Move(W)|NoOp@NoOp|NoOp@NoOp
2918603600:NoOp@NoOp|NoOp@NoOp|Move(W)@Move(W)|NoOp@NoOp|NoOp@NoOp
2918676700:NoOp@NoOp|NoOp@NoOp|Move(W)@Move(W)|NoOp@NoOp|NoOp@NoOp
2918756000:NoOp@NoOp|NoOp@NoOp|Move(W)@Move(W)|NoOp@NoOp|NoOp@NoOp
2918828500:NoOp@NoOp|NoOp@NoOp|Move(W)@Move(W)|NoOp@NoOp|NoOp@NoOp
2918907700:NoOp@NoOp|NoOp@NoOp|Move(W)@Move(W)|NoOp@NoOp|NoOp@NoOp
2918987800:NoOp@NoOp|NoOp@NoOp|Move(W)@Move(W)|NoOp@NoOp|NoOp@NoOp
2919066800:NoOp@NoOp|NoOp@NoOp|Move(W)@Move(W)|NoOp@NoOp|NoOp@NoOp
2919147200:NoOp@NoOp|NoOp@NoOp|Move(W)@Move(W)|NoOp@NoOp|NoOp@NoOp
2919226700:NoOp@NoOp|NoOp@NoOp|Move(W)@Move(W)|NoOp@NoOp|NoOp@NoOp
2919305400:NoOp@NoOp|NoOp@NoOp|Move(W)@Move(W)|NoOp@NoOp|NoOp@NoOp
2919378200:NoOp@NoOp|NoOp@NoOp|Move(W)@Move(W)|NoOp@NoOp|NoOp@NoOp
2919455400:NoOp@NoOp|NoOp@NoOp|Move(W)@Move(W)|NoOp@NoOp|NoOp@NoOp
2919533900:NoOp@NoOp|NoOp@NoOp|Move(W)@Move(W)|NoOp@NoOp|NoOp@NoOp
2919606800:NoOp@NoOp|NoOp@NoOp|Move(N)@Move(N)|NoOp@NoOp|NoOp@NoOp
2919713500:NoOp@NoOp|NoOp@NoOp|Move(W)@Move(W)|NoOp@NoOp|NoOp@NoOp
2919804900:NoOp@NoOp|NoOp@NoOp|Move(W)@Move(W)|NoOp@NoOp|NoOp@NoOp
2919884500:NoOp@NoOp|NoOp@NoOp|Move(S)@Move(S)|NoOp@NoOp|NoOp@NoOp
2919957200:NoOp@NoOp|NoOp@NoOp|Move(W)@Move(W)|NoOp@NoOp|NoOp@NoOp
2920013400:NoOp@NoOp|NoOp@NoOp|Move(W)@Move(W)|NoOp@NoOp|NoOp@NoOp
2920065200:NoOp@NoOp|NoOp@NoOp|Move(W)@Move(W)|NoOp@NoOp|NoOp@NoOp
2920116600:NoOp@NoOp|NoOp@NoOp|Move(N)@Move(N)|NoOp@NoOp|NoOp@NoOp
2920187800:NoOp@NoOp|NoOp@NoOp|Move(W)@Move(W)|NoOp@NoOp|NoOp@NoOp
2920249100:NoOp@NoOp|NoOp@NoOp|Move(W)@Move(W)|NoOp@NoOp|NoOp@NoOp
2920319400:NoOp@NoOp|NoOp@NoOp|Move(W)@Move(W)|NoOp@NoOp|NoOp@NoOp
2920392700:NoOp@NoOp|NoOp@NoOp|Move(S)@Move(S)|NoOp@NoOp|NoOp@NoOp
2920464600:NoOp@NoOp|NoOp@NoOp|Move(W)@Move(W)|NoOp@NoOp|NoOp@NoOp
2920530900:NoOp@NoOp|NoOp@NoOp|Move(W)@Move(W)|NoOp@NoOp|NoOp@NoOp
2920598400:NoOp@NoOp|NoOp@NoOp|Move(N)@Move(N)|NoOp@NoOp|NoOp@NoOp
2920657400:NoOp@NoOp|NoOp@NoOp|Move(N)@Move(N)|NoOp@NoOp|NoOp@NoOp
2920719500:NoOp@NoOp|NoOp@NoOp|Move(N)@Move(N)|NoOp@NoOp|NoOp@NoOp
2920787200:NoOp@NoOp|NoOp@NoOp|Move(E)@Move(E)|NoOp@NoOp|NoOp@NoOp
2920850000:NoOp@NoOp|NoOp@NoOp|Move(E)@Move(E)|NoOp@NoOp|NoOp@NoOp
2920906000:NoOp@NoOp|NoOp@NoOp|Move(E)@Move(E)|NoOp@NoOp|NoOp@NoOp
2920978800:NoOp@NoOp|NoOp@NoOp|Move(E)@Move(E)|NoOp@NoOp|NoOp@NoOp
2921053400:NoOp@NoOp|NoOp@NoOp|Move(E)@Move(E)|NoOp@NoOp|NoOp@NoOp
2921117300:NoOp@NoOp|NoOp@NoOp|Move(E)@Move(E)|NoOp@NoOp|NoOp@NoOp
2921179800:NoOp@NoOp|NoOp@NoOp|Move(E)@Move(E)|NoOp@NoOp|NoOp@NoOp
2921234200:NoOp@NoOp|NoOp@NoOp|Move(E)@Move(E)|NoOp@NoOp|NoOp@NoOp
2921300800:NoOp@NoOp|NoOp@NoOp|Move(N)@Move(N)|NoOp@NoOp|NoOp@NoOp
2921362000:NoOp@NoOp|NoOp@NoOp|Move(N)@Move(N)|NoOp@NoOp|NoOp@NoOp
2921433500:NoOp@NoOp|NoOp@NoOp|Move(W)@Move(W)|NoOp@NoOp|NoOp@NoOp
2921496800:NoOp@NoOp|NoOp@NoOp|Move(W)@Move(W)|NoOp@NoOp|NoOp@NoOp
2921558100:NoOp@NoOp|NoOp@NoOp|Move(W)@Move(W)|NoOp@NoOp|NoOp@NoOp
2921629900:NoOp@NoOp|NoOp@NoOp|Move(W)@Move(W)|NoOp@NoOp|NoOp@NoOp
2921685400:NoOp@NoOp|NoOp@NoOp|Move(W)@Move(W)|NoOp@NoOp|NoOp@NoOp
2921737900:NoOp@NoOp|NoOp@NoOp|Move(W)@Move(W)|NoOp@NoOp|NoOp@NoOp
2921790600:NoOp@NoOp|NoOp@NoOp|Move(W)@Move(W)|NoOp@NoOp|NoOp@NoOp
2921852100:NoOp@NoOp|NoOp@NoOp|Move(W)@Move(W)|NoOp@NoOp|NoOp@NoOp
2921926600:NoOp@NoOp|NoOp@NoOp|Move(N)@Move(N)|NoOp@NoOp|NoOp@NoOp
2921988500:NoOp@NoOp|NoOp@NoOp|Move(N)@Move(N)|NoOp@NoOp|NoOp@NoOp
2922065200:NoOp@NoOp|NoOp@NoOp|Move(N)@Move(N)|NoOp@NoOp|NoOp@NoOp
2922127400:NoOp@NoOp|NoOp@NoOp|Move(N)@Move(N)|NoOp@NoOp|NoOp@NoOp
2922191400:NoOp@NoOp|NoOp@NoOp|Move(W)@Move(W)|NoOp@NoOp|NoOp@NoOp
2922247300:NoOp@NoOp|NoOp@NoOp|Push(W,S)@Push(W,S)|NoOp@NoOp|NoOp@NoOp
2922322000:NoOp@NoOp|NoOp@NoOp|Push(S,S)@Push(S,S)|NoOp@NoOp|NoOp@NoOp
2922386400:NoOp@NoOp|NoOp@NoOp|Push(S,S)@Push(S,S)|NoOp@NoOp|NoOp@NoOp
2922449500:NoOp@NoOp|NoOp@NoOp|Push(S,S)@Push(S,S)|NoOp@NoOp|NoOp@NoOp
2922506300:NoOp@NoOp|NoOp@NoOp|Push(S,E)@Push(S,E)|NoOp@NoOp|NoOp@NoOp
2922571700:NoOp@NoOp|NoOp@NoOp|Push(E,E)@Push(E,E)|NoOp@NoOp|NoOp@NoOp
2922649900:NoOp@NoOp|NoOp@NoOp|Push(E,E)@Push(E,E)|NoOp@NoOp|NoOp@NoOp
2922712900:NoOp@NoOp|NoOp@NoOp|Push(E,E)@Push(E,E)|NoOp@NoOp|NoOp@NoOp
2922769700:NoOp@NoOp|NoOp@NoOp|Push(E,E)@Push(E,E)|NoOp@NoOp|NoOp@NoOp
2922829400:NoOp@NoOp|NoOp@NoOp|Push(E,E)@Push(E,E)|NoOp@NoOp|NoOp@NoOp
2922888500:NoOp@NoOp|NoOp@NoOp|Push(E,E)@Push(E,E)|NoOp@NoOp|NoOp@NoOp
2922947600:NoOp@NoOp|NoOp@NoOp|Push(E,E)@Push(E,E)|NoOp@NoOp|NoOp@NoOp
2923006800:NoOp@NoOp|NoOp@NoOp|Push(E,E)@Push(E,E)|NoOp@NoOp|NoOp@NoOp
2923065800:NoOp@NoOp|NoOp@NoOp|Push(E,E)@Push(E,E)|NoOp@NoOp|NoOp@NoOp
2923124900:NoOp@NoOp|NoOp@NoOp|Push(E,S)@Push(E,S)|NoOp@NoOp|NoOp@NoOp
2923183900:NoOp@NoOp|NoOp@NoOp|Push(S,S)@Push(S,S)|NoOp@NoOp|NoOp@NoOp
2923242900:NoOp@NoOp|NoOp@NoOp|Push(S,W)@Push(S,W)|NoOp@NoOp|NoOp@NoOp
2923301800:NoOp@NoOp|NoOp@NoOp|Push(W,W)@Push(W,W)|NoOp@NoOp|NoOp@NoOp
2923361400:NoOp@NoOp|NoOp@NoOp|Push(W,W)@Push(W,W)|NoOp@NoOp|NoOp@NoOp
2923421100:NoOp@NoOp|NoOp@NoOp|Push(W,W)@Push(W,W)|NoOp@NoOp|NoOp@NoOp
2923480000:NoOp@NoOp|NoOp@NoOp|Push(W,W)@Push(W,W)|NoOp@NoOp|NoOp@NoOp
2923539200:NoOp@NoOp|NoOp@NoOp|Push(W,W)@Push(W,W)|NoOp@NoOp|NoOp@NoOp
2923614200:NoOp@NoOp|NoOp@NoOp|Push(W,W)@Push(W,W)|NoOp@NoOp|NoOp@NoOp
2923676100:NoOp@NoOp|NoOp@NoOp|Push(W,W)@Push(W,W)|NoOp@NoOp|NoOp@NoOp
2923745100:NoOp@NoOp|NoOp@NoOp|Push(W,S)@Push(W,S)|NoOp@NoOp|NoOp@NoOp
2923808600:NoOp@NoOp|NoOp@NoOp|Push(S,S)@Push(S,S)|NoOp@NoOp|NoOp@NoOp
2923870400:NoOp@NoOp|NoOp@NoOp|Push(S,S)@Push(S,S)|NoOp@NoOp|NoOp@NoOp
2923930500:NoOp@NoOp|NoOp@NoOp|Push(S,E)@Push(S,E)|NoOp@NoOp|NoOp@NoOp
2923994200:NoOp@NoOp|NoOp@NoOp|Push(E,E)@Push(E,E)|NoOp@NoOp|NoOp@NoOp
2924073800:NoOp@NoOp|NoOp@NoOp|Push(E,N)@Push(E,N)|NoOp@NoOp|NoOp@NoOp
2924140600:NoOp@NoOp|NoOp@NoOp|Push(N,E)@Push(N,E)|NoOp@NoOp|NoOp@NoOp
2924207300:NoOp@NoOp|NoOp@NoOp|Push(E,E)@Push(E,E)|NoOp@NoOp|NoOp@NoOp
2924261300:NoOp@NoOp|NoOp@NoOp|Push(E,E)@Push(E,E)|NoOp@NoOp|NoOp@NoOp
2924324300:NoOp@NoOp|NoOp@NoOp|Push(E,S)@Push(E,S)|NoOp@NoOp|NoOp@NoOp
2924391100:NoOp@NoOp|NoOp@NoOp|Push(S,E)@Push(S,E)|NoOp@NoOp|NoOp@NoOp
2924447500:NoOp@NoOp|NoOp@NoOp|Push(E,E)@Push(E,E)|NoOp@NoOp|NoOp@NoOp
2924518200:NoOp@NoOp|NoOp@NoOp|Push(E,E)@Push(E,E)|NoOp@NoOp|NoOp@NoOp
2924583000:NoOp@NoOp|NoOp@NoOp|Push(E,N)@Push(E,N)|NoOp@NoOp|NoOp@NoOp
2924662200:NoOp@NoOp|NoOp@NoOp|Push(N,E)@Push(N,E)|NoOp@NoOp|NoOp@NoOp
2924728100:NoOp@NoOp|NoOp@NoOp|Push(E,E)@Push(E,E)|NoOp@NoOp|NoOp@NoOp
2924792600:NoOp@NoOp|NoOp@NoOp|Push(E,S)@Push(E,S)|NoOp@NoOp|NoOp@NoOp
2924856600:NoOp@NoOp|NoOp@NoOp|Push(S,E)@Push(S,E)|NoOp@NoOp|NoOp@NoOp
2924916900:NoOp@NoOp|NoOp@NoOp|Push(E,E)@Push(E,E)|NoOp@NoOp|NoOp@NoOp
2924979000:NoOp@NoOp|NoOp@NoOp|Push(E,E)@Push(E,E)|NoOp@NoOp|NoOp@NoOp
2925041300:NoOp@NoOp|NoOp@NoOp|Push(E,N)@Push(E,N)|NoOp@NoOp|NoOp@NoOp
2925103400:NoOp@NoOp|NoOp@NoOp|Push(N,E)@Push(N,E)|NoOp@NoOp|NoOp@NoOp
2925165300:NoOp@NoOp|NoOp@NoOp|Push(E,E)@Push(E,E)|NoOp@NoOp|NoOp@NoOp
2925226700:NoOp@NoOp|NoOp@NoOp|Push(E,E)@Push(E,E)|NoOp@NoOp|NoOp@NoOp
2925288200:NoOp@NoOp|NoOp@NoOp|Push(E,E)@Push(E,E)|NoOp@NoOp|NoOp@NoOp
2925370800:NoOp@NoOp|NoOp@NoOp|Push(E,E)@Push(E,E)|NoOp@NoOp|NoOp@NoOp
2925432300:NoOp@NoOp|NoOp@NoOp|Push(E,E)@Push(E,E)|NoOp@NoOp|NoOp@NoOp
2925495100:NoOp@NoOp|NoOp@NoOp|Push(E,E)@Push(E,E)|NoOp@NoOp|NoOp@NoOp
2925556700:NoOp@NoOp|NoOp@NoOp|Push(E,N)@Push(E,N)|NoOp@NoOp|NoOp@NoOp
2925631500:NoOp@NoOp|NoOp@NoOp|Push(N,E)@Push(N,E)|NoOp@NoOp|NoOp@NoOp
2925691900:NoOp@NoOp|NoOp@NoOp|Push(E,N)@Push(E,N)|NoOp@NoOp|NoOp@NoOp
2925752700:NoOp@NoOp|NoOp@NoOp|Push(N,E)@Push(N,E)|NoOp@NoOp|NoOp@NoOp
2925812800:NoOp@NoOp|NoOp@NoOp|Push(E,N)@Push(E,N)|NoOp@NoOp|NoOp@NoOp
2925873100:NoOp@NoOp|NoOp@NoOp|Push(N,E)@Push(N,E)|NoOp@NoOp|NoOp@NoOp
2925949700:NoOp@NoOp|NoOp@NoOp|Push(E,N)@Push(E,N)|NoOp@NoOp|NoOp@NoOp
2926014400:NoOp@NoOp|NoOp@NoOp|Push(N,N)@Push(N,N)|NoOp@NoOp|NoOp@NoOp
2926075900:NoOp@NoOp|NoOp@NoOp|Push(N,N)@Push(N,N)|NoOp@NoOp|NoOp@NoOp
2926136500:NoOp@NoOp|NoOp@NoOp|Push(N,E)@Push(N,E)|NoOp@NoOp|NoOp@NoOp
2926196000:NoOp@NoOp|NoOp@NoOp|Push(E,E)@Push(E,E)|NoOp@NoOp|NoOp@NoOp
2926257400:NoOp@NoOp|NoOp@NoOp|Push(E,E)@Push(E,E)|NoOp@NoOp|NoOp@NoOp
2926317100:NoOp@NoOp|NoOp@NoOp|Push(E,E)@Push(E,E)|NoOp@NoOp|NoOp@NoOp
2926376600:NoOp@NoOp|NoOp@NoOp|Push(E,E)@Push(E,E)|NoOp@NoOp|NoOp@NoOp
2926499700:NoOp@NoOp|NoOp@NoOp|Push(E,E)@Push(E,E)|NoOp@NoOp|NoOp@NoOp
2926582200:NoOp@NoOp|NoOp@NoOp|Push(E,E)@Push(E,E)|NoOp@NoOp|NoOp@NoOp
2926687100:NoOp@NoOp|NoOp@NoOp|Push(E,N)@Push(E,N)|NoOp@NoOp|NoOp@NoOp
2926767100:NoOp@NoOp|NoOp@NoOp|Push(N,N)@Push(N,N)|NoOp@NoOp|NoOp@NoOp
2926847700:Move(S)@Move(S)|NoOp@NoOp|NoOp@NoOp|NoOp@NoOp|NoOp@NoOp
2926935700:Move(S)@Move(S)|NoOp@NoOp|NoOp@NoOp|NoOp@NoOp|NoOp@NoOp
2927018400:Move(S)@Move(S)|NoOp@NoOp|NoOp@NoOp|NoOp@NoOp|NoOp@NoOp
2927092000:Move(S)@Move(S)|NoOp@NoOp|NoOp@NoOp|NoOp@NoOp|NoOp@NoOp
2927156100:Move(S)@Move(S)|NoOp@NoOp|NoOp@NoOp|NoOp@NoOp|NoOp@NoOp
2927220500:Move(S)@Move(S)|NoOp@NoOp|NoOp@NoOp|NoOp@NoOp|NoOp@NoOp
2927284200:Move(S)@Move(S)|NoOp@NoOp|NoOp@NoOp|NoOp@NoOp|NoOp@NoOp
2927361100:Move(W)@Move(W)|NoOp@NoOp|NoOp@NoOp|NoOp@NoOp|NoOp@NoOp
2927424900:Move(W)@Move(W)|NoOp@NoOp|NoOp@NoOp|NoOp@NoOp|NoOp@NoOp
2927487700:Move(W)@Move(W)|NoOp@NoOp|NoOp@NoOp|NoOp@NoOp|NoOp@NoOp
2927551500:Move(W)@Move(W)|NoOp@NoOp|NoOp@NoOp|NoOp@NoOp|NoOp@NoOp
2927615000:Move(W)@Move(W)|NoOp@NoOp|NoOp@NoOp|NoOp@NoOp|NoOp@NoOp
2927678900:Move(W)@Move(W)|NoOp@NoOp|NoOp@NoOp|NoOp@NoOp|NoOp@NoOp
2927743100:Move(W)@Move(W)|NoOp@NoOp|NoOp@NoOp|NoOp@NoOp|NoOp@NoOp
2927806700:Move(W)@Move(W)|NoOp@NoOp|NoOp@NoOp|NoOp@NoOp|NoOp@NoOp
2927870100:Move(W)@Move(W)|NoOp@NoOp|NoOp@NoOp|NoOp@NoOp|NoOp@NoOp
2927934100:Move(W)@Move(W)|NoOp@NoOp|NoOp@NoOp|NoOp@NoOp|NoOp@NoOp
2927997500:Move(W)@Move(W)|NoOp@NoOp|NoOp@NoOp|NoOp@NoOp|NoOp@NoOp
2928061000:Move(W)@Move(W)|NoOp@NoOp|NoOp@NoOp|NoOp@NoOp|NoOp@NoOp
2928126700:Move(N)@Move(N)|NoOp@NoOp|NoOp@NoOp|NoOp@NoOp|NoOp@NoOp
2928190800:Move(N)@Move(N)|NoOp@NoOp|NoOp@NoOp|NoOp@NoOp|NoOp@NoOp
2928267900:Move(N)@Move(N)|NoOp@NoOp|NoOp@NoOp|NoOp@NoOp|NoOp@NoOp
2928348100:Move(S)@Move(S)|NoOp@NoOp|NoOp@NoOp|NoOp@NoOp|NoOp@NoOp
2928430200:Move(S)@Move(S)|NoOp@NoOp|NoOp@NoOp|NoOp@NoOp|NoOp@NoOp
2928510100:Move(S)@Move(S)|NoOp@NoOp|NoOp@NoOp|NoOp@NoOp|NoOp@NoOp
2928589300:Move(S)@Move(S)|NoOp@NoOp|NoOp@NoOp|NoOp@NoOp|NoOp@NoOp
2928676600:Move(W)@Move(W)|NoOp@NoOp|NoOp@NoOp|NoOp@NoOp|NoOp@NoOp
2928760800:Move(W)@Move(W)|NoOp@NoOp|NoOp@NoOp|NoOp@NoOp|NoOp@NoOp
2928835100:Move(W)@Move(W)|NoOp@NoOp|NoOp@NoOp|NoOp@NoOp|NoOp@NoOp
2928921200:Move(W)@Move(W)|NoOp@NoOp|NoOp@NoOp|NoOp@NoOp|NoOp@NoOp
2928995700:Move(W)@Move(W)|NoOp@NoOp|NoOp@NoOp|NoOp@NoOp|NoOp@NoOp
2929070100:Move(W)@Move(W)|NoOp@NoOp|NoOp@NoOp|NoOp@NoOp|NoOp@NoOp
2929133600:Move(W)@Move(W)|NoOp@NoOp|NoOp@NoOp|NoOp@NoOp|NoOp@NoOp
2929206200:Move(N)@Move(N)|NoOp@NoOp|NoOp@NoOp|NoOp@NoOp|NoOp@NoOp
2929267800:Move(W)@Move(W)|NoOp@NoOp|NoOp@NoOp|NoOp@NoOp|NoOp@NoOp
2929327800:Move(W)@Move(W)|NoOp@NoOp|NoOp@NoOp|NoOp@NoOp|NoOp@NoOp
2929387200:Move(S)@Move(S)|NoOp@NoOp|NoOp@NoOp|NoOp@NoOp|NoOp@NoOp
2929446500:Move(W)@Move(W)|NoOp@NoOp|NoOp@NoOp|NoOp@NoOp|NoOp@NoOp
2929507100:Move(W)@Move(W)|NoOp@NoOp|NoOp@NoOp|NoOp@NoOp|NoOp@NoOp
2929581300:Move(W)@Move(W)|NoOp@NoOp|NoOp@NoOp|NoOp@NoOp|NoOp@NoOp
2929643800:Move(N)@Move(N)|NoOp@NoOp|NoOp@NoOp|NoOp@NoOp|NoOp@NoOp
2929708100:Move(W)@Move(W)|NoOp@NoOp|NoOp@NoOp|NoOp@NoOp|NoOp@NoOp
2929771100:Move(W)@Move(W)|NoOp@NoOp|NoOp@NoOp|NoOp@NoOp|NoOp@NoOp
2929833600:Move(W)@Move(W)|NoOp@NoOp|NoOp@NoOp|NoOp@NoOp|NoOp@NoOp
2929896000:Move(S)@Move(S)|NoOp@NoOp|NoOp@NoOp|NoOp@NoOp|NoOp@NoOp
2929958600:Move(W)@Move(W)|NoOp@NoOp|NoOp@NoOp|NoOp@NoOp|NoOp@NoOp
2930020600:Move(W)@Move(W)|NoOp@NoOp|NoOp@NoOp|NoOp@NoOp|NoOp@NoOp
2930082700:Move(N)@Move(N)|NoOp@NoOp|NoOp@NoOp|NoOp@NoOp|NoOp@NoOp
2930144800:Move(N)@Move(N)|NoOp@NoOp|NoOp@NoOp|NoOp@NoOp|NoOp@NoOp
2930206800:Move(N)@Move(N)|NoOp@NoOp|NoOp@NoOp|NoOp@NoOp|NoOp@NoOp
2930269500:Move(E)@Move(E)|NoOp@NoOp|NoOp@NoOp|NoOp@NoOp|NoOp@NoOp
2930332100:Move(E)@Move(E)|NoOp@NoOp|NoOp@NoOp|NoOp@NoOp|NoOp@NoOp
2930394600:Move(E)@Move(E)|NoOp@NoOp|NoOp@NoOp|NoOp@NoOp|NoOp@NoOp
2930457700:Move(E)@Move(E)|NoOp@NoOp|NoOp@NoOp|NoOp@NoOp|NoOp@NoOp
2930520000:Move(E)@Move(E)|NoOp@NoOp|NoOp@NoOp|NoOp@NoOp|NoOp@NoOp
2930583200:Move(E)@Move(E)|NoOp@NoOp|NoOp@NoOp|NoOp@NoOp|NoOp@NoOp
2930656000:Move(E)@Move(E)|NoOp@NoOp|NoOp@NoOp|NoOp@NoOp|NoOp@NoOp
2930715200:Move(E)@Move(E)|NoOp@NoOp|NoOp@NoOp|NoOp@NoOp|NoOp@NoOp
2930774200:Move(N)@Move(N)|NoOp@NoOp|NoOp@NoOp|NoOp@NoOp|NoOp@NoOp
2930832900:Move(N)@Move(N)|NoOp@NoOp|NoOp@NoOp|NoOp@NoOp|NoOp@NoOp
2930891400:Move(W)@Move(W)|NoOp@NoOp|NoOp@NoOp|NoOp@NoOp|NoOp@NoOp
2930950200:Move(W)@Move(W)|NoOp@NoOp|NoOp@NoOp|NoOp@NoOp|NoOp@NoOp
2931008900:Move(W)@Move(W)|NoOp@NoOp|NoOp@NoOp|NoOp@NoOp|NoOp@NoOp
2931067700:Move(W)@Move(W)|NoOp@NoOp|NoOp@NoOp|NoOp@NoOp|NoOp@NoOp
2931126000:Move(W)@Move(W)|NoOp@NoOp|NoOp@NoOp|NoOp@NoOp|NoOp@NoOp
2931188500:Move(W)@Move(W)|NoOp@NoOp|NoOp@NoOp|NoOp@NoOp|NoOp@NoOp
2931247500:Move(W)@Move(W)|NoOp@NoOp|NoOp@NoOp|NoOp@NoOp|NoOp@NoOp
2931306500:Move(W)@Move(W)|NoOp@NoOp|NoOp@NoOp|NoOp@NoOp|NoOp@NoOp
2931365500:Move(W)@Move(W)|NoOp@NoOp|NoOp@NoOp|NoOp@NoOp|NoOp@NoOp
2931431000:Move(W)@Move(W)|NoOp@NoOp|NoOp@NoOp|NoOp@NoOp|NoOp@NoOp
2931489700:Move(W)@Move(W)|NoOp@NoOp|NoOp@NoOp|NoOp@NoOp|NoOp@NoOp
2931548800:Move(S)@Move(S)|NoOp@NoOp|NoOp@NoOp|NoOp@NoOp|NoOp@NoOp
2931607700:Move(W)@Move(W)|NoOp@NoOp|NoOp@NoOp|NoOp@NoOp|NoOp@NoOp
2931666500:Move(W)@Move(W)|NoOp@NoOp|NoOp@NoOp|NoOp@NoOp|NoOp@NoOp
2931725300:Move(W)@Move(W)|NoOp@NoOp|NoOp@NoOp|NoOp@NoOp|NoOp@NoOp
2931784000:Move(W)@Move(W)|NoOp@NoOp|NoOp@NoOp|NoOp@NoOp|NoOp@NoOp
2931842600:Move(W)@Move(W)|NoOp@NoOp|NoOp@NoOp|NoOp@NoOp|NoOp@NoOp
2931901100:Move(W)@Move(W)|NoOp@NoOp|NoOp@NoOp|NoOp@NoOp|NoOp@NoOp
2931960800:Pull(E,S)@Pull(E,S)|NoOp@NoOp|NoOp@NoOp|NoOp@NoOp|NoOp@NoOp
2932021200:Pull(E,E)@Pull(E,E)|NoOp@NoOp|NoOp@NoOp|NoOp@NoOp|NoOp@NoOp
2932081000:Pull(E,E)@Pull(E,E)|NoOp@NoOp|NoOp@NoOp|NoOp@NoOp|NoOp@NoOp
2932140900:Pull(E,E)@Pull(E,E)|NoOp@NoOp|NoOp@NoOp|NoOp@NoOp|NoOp@NoOp
2932201000:Pull(E,E)@Pull(E,E)|NoOp@NoOp|NoOp@NoOp|NoOp@NoOp|NoOp@NoOp
2932261600:Pull(E,E)@Pull(E,E)|NoOp@NoOp|NoOp@NoOp|NoOp@NoOp|NoOp@NoOp
2932321300:Push(W,N)@Push(W,N)|NoOp@NoOp|NoOp@NoOp|NoOp@NoOp|NoOp@NoOp
2932381200:Push(N,E)@Push(N,E)|NoOp@NoOp|NoOp@NoOp|NoOp@NoOp|NoOp@NoOp
2932439200:Push(E,E)@Push(E,E)|NoOp@NoOp|NoOp@NoOp|NoOp@NoOp|NoOp@NoOp
2932498200:Push(E,E)@Push(E,E)|NoOp@NoOp|NoOp@NoOp|NoOp@NoOp|NoOp@NoOp
2932557500:Push(E,E)@Push(E,E)|NoOp@NoOp|NoOp@NoOp|NoOp@NoOp|NoOp@NoOp
2932616600:Push(E,E)@Push(E,E)|NoOp@NoOp|NoOp@NoOp|NoOp@NoOp|NoOp@NoOp
2932675400:Push(E,E)@Push(E,E)|NoOp@NoOp|NoOp@NoOp|NoOp@NoOp|NoOp@NoOp
2932734400:Push(E,E)@Push(E,E)|NoOp@NoOp|NoOp@NoOp|NoOp@NoOp|NoOp@NoOp
2932793400:Push(E,E)@Push(E,E)|NoOp@NoOp|NoOp@NoOp|NoOp@NoOp|NoOp@NoOp
2932852500:Push(E,E)@Push(E,E)|NoOp@NoOp|NoOp@NoOp|NoOp@NoOp|NoOp@NoOp
2932911400:Push(E,E)@Push(E,E)|NoOp@NoOp|NoOp@NoOp|NoOp@NoOp|NoOp@NoOp
2932970200:Push(E,E)@Push(E,E)|NoOp@NoOp|NoOp@NoOp|NoOp@NoOp|NoOp@NoOp
2933029200:Push(E,E)@Push(E,E)|NoOp@NoOp|NoOp@NoOp|NoOp@NoOp|NoOp@NoOp
2933089500:Push(E,S)@Push(E,S)|NoOp@NoOp|NoOp@NoOp|NoOp@NoOp|NoOp@NoOp
2933149300:Push(S,S)@Push(S,S)|NoOp@NoOp|NoOp@NoOp|NoOp@NoOp|NoOp@NoOp
2933208500:Push(S,W)@Push(S,W)|NoOp@NoOp|NoOp@NoOp|NoOp@NoOp|NoOp@NoOp
2933277000:Push(W,W)@Push(W,W)|NoOp@NoOp|NoOp@NoOp|NoOp@NoOp|NoOp@NoOp
2933336100:Push(W,W)@Push(W,W)|NoOp@NoOp|NoOp@NoOp|NoOp@NoOp|NoOp@NoOp
2933395200:Push(W,W)@Push(W,W)|NoOp@NoOp|NoOp@NoOp|NoOp@NoOp|NoOp@NoOp
2933454300:Push(W,W)@Push(W,W)|NoOp@NoOp|NoOp@NoOp|NoOp@NoOp|NoOp@NoOp
2933513300:Push(W,W)@Push(W,W)|NoOp@NoOp|NoOp@NoOp|NoOp@NoOp|NoOp@NoOp
2933579700:Push(W,W)@Push(W,W)|NoOp@NoOp|NoOp@NoOp|NoOp@NoOp|NoOp@NoOp
2933642400:Push(W,W)@Push(W,W)|NoOp@NoOp|NoOp@NoOp|NoOp@NoOp|NoOp@NoOp
2933706600:Push(W,S)@Push(W,S)|NoOp@NoOp|NoOp@NoOp|NoOp@NoOp|NoOp@NoOp
2933762700:Push(S,S)@Push(S,S)|NoOp@NoOp|NoOp@NoOp|NoOp@NoOp|NoOp@NoOp
2933822800:Push(S,S)@Push(S,S)|NoOp@NoOp|NoOp@NoOp|NoOp@NoOp|NoOp@NoOp
2933886200:Push(S,E)@Push(S,E)|NoOp@NoOp|NoOp@NoOp|NoOp@NoOp|NoOp@NoOp
2933941200:Push(E,E)@Push(E,E)|NoOp@NoOp|NoOp@NoOp|NoOp@NoOp|NoOp@NoOp
2934002100:Push(E,N)@Push(E,N)|NoOp@NoOp|NoOp@NoOp|NoOp@NoOp|NoOp@NoOp
2934064700:Push(N,E)@Push(N,E)|NoOp@NoOp|NoOp@NoOp|NoOp@NoOp|NoOp@NoOp
2934126300:Push(E,E)@Push(E,E)|NoOp@NoOp|NoOp@NoOp|NoOp@NoOp|NoOp@NoOp
2934190000:Push(E,E)@Push(E,E)|NoOp@NoOp|NoOp@NoOp|NoOp@NoOp|NoOp@NoOp
2934246400:Push(E,S)@Push(E,S)|NoOp@NoOp|NoOp@NoOp|NoOp@NoOp|NoOp@NoOp
2934306900:Push(S,E)@Push(S,E)|NoOp@NoOp|NoOp@NoOp|NoOp@NoOp|NoOp@NoOp
2934369400:Push(E,E)@Push(E,E)|NoOp@NoOp|NoOp@NoOp|NoOp@NoOp|NoOp@NoOp
2934435400:Push(E,E)@Push(E,E)|NoOp@NoOp|NoOp@NoOp|NoOp@NoOp|NoOp@NoOp
2934498200:Push(E,N)@Push(E,N)|NoOp@NoOp|NoOp@NoOp|NoOp@NoOp|NoOp@NoOp
2934552900:Push(N,E)@Push(N,E)|NoOp@NoOp|NoOp@NoOp|NoOp@NoOp|NoOp@NoOp
2934605200:Push(E,E)@Push(E,E)|NoOp@NoOp|NoOp@NoOp|NoOp@NoOp|NoOp@NoOp
2934656400:Push(E,S)@Push(E,S)|NoOp@NoOp|NoOp@NoOp|NoOp@NoOp|NoOp@NoOp
2934707700:Push(S,E)@Push(S,E)|NoOp@NoOp|NoOp@NoOp|NoOp@NoOp|NoOp@NoOp
2934774300:Push(E,E)@Push(E,E)|NoOp@NoOp|NoOp@NoOp|NoOp@NoOp|NoOp@NoOp
2934835200:Push(E,E)@Push(E,E)|NoOp@NoOp|NoOp@NoOp|NoOp@NoOp|NoOp@NoOp
2934895000:Push(E,N)@Push(E,N)|NoOp@NoOp|NoOp@NoOp|NoOp@NoOp|NoOp@NoOp
2934954500:Push(N,E)@Push(N,E)|NoOp@NoOp|NoOp@NoOp|NoOp@NoOp|NoOp@NoOp
2935013600:Push(E,E)@Push(E,E)|NoOp@NoOp|NoOp@NoOp|NoOp@NoOp|NoOp@NoOp
2935072600:Push(E,E)@Push(E,E)|NoOp@NoOp|NoOp@NoOp|NoOp@NoOp|NoOp@NoOp
2935132700:Push(E,E)@Push(E,E)|NoOp@NoOp|NoOp@NoOp|NoOp@NoOp|NoOp@NoOp
2935191300:Push(E,E)@Push(E,E)|NoOp@NoOp|NoOp@NoOp|NoOp@NoOp|NoOp@NoOp
2935253000:Push(E,E)@Push(E,E)|NoOp@NoOp|NoOp@NoOp|NoOp@NoOp|NoOp@NoOp
2935312000:Push(E,E)@Push(E,E)|NoOp@NoOp|NoOp@NoOp|NoOp@NoOp|NoOp@NoOp
2935370900:Push(E,N)@Push(E,N)|NoOp@NoOp|NoOp@NoOp|NoOp@NoOp|NoOp@NoOp
2935434300:Push(N,E)@Push(N,E)|NoOp@NoOp|NoOp@NoOp|NoOp@NoOp|NoOp@NoOp
2935493200:Push(E,N)@Push(E,N)|NoOp@NoOp|NoOp@NoOp|NoOp@NoOp|NoOp@NoOp
2935552100:Push(N,E)@Push(N,E)|NoOp@NoOp|NoOp@NoOp|NoOp@NoOp|NoOp@NoOp
2935611100:Push(E,N)@Push(E,N)|NoOp@NoOp|NoOp@NoOp|NoOp@NoOp|NoOp@NoOp
2935670100:Push(N,E)@Push(N,E)|NoOp@NoOp|NoOp@NoOp|NoOp@NoOp|NoOp@NoOp
2935728600:Push(E,N)@Push(E,N)|NoOp@NoOp|NoOp@NoOp|NoOp@NoOp|NoOp@NoOp
2935787500:Push(N,N)@Push(N,N)|NoOp@NoOp|NoOp@NoOp|NoOp@NoOp|NoOp@NoOp
2935846500:Push(N,E)@Push(N,E)|NoOp@NoOp|NoOp@NoOp|NoOp@NoOp|NoOp@NoOp
2935905500:Push(E,E)@Push(E,E)|NoOp@NoOp|NoOp@NoOp|NoOp@NoOp|NoOp@NoOp
2935965300:Push(E,E)@Push(E,E)|NoOp@NoOp|NoOp@NoOp|NoOp@NoOp|NoOp@NoOp
2936024200:Push(E,E)@Push(E,E)|NoOp@NoOp|NoOp@NoOp|NoOp@NoOp|NoOp@NoOp
2936082700:Push(E,E)@Push(E,E)|NoOp@NoOp|NoOp@NoOp|NoOp@NoOp|NoOp@NoOp
2936141300:Push(E,E)@Push(E,E)|NoOp@NoOp|NoOp@NoOp|NoOp@NoOp|NoOp@NoOp
2936200200:NoOp@NoOp|Move(W)@Move(W)|NoOp@NoOp|NoOp@NoOp|NoOp@NoOp
2936258800:NoOp@NoOp|Move(W)@Move(W)|NoOp@NoOp|NoOp@NoOp|NoOp@NoOp
2936317900:NoOp@NoOp|Move(W)@Move(W)|NoOp@NoOp|NoOp@NoOp|NoOp@NoOp
2936377100:NoOp@NoOp|Move(W)@Move(W)|NoOp@NoOp|NoOp@NoOp|NoOp@NoOp
2936435700:NoOp@NoOp|Move(W)@Move(W)|NoOp@NoOp|NoOp@NoOp|NoOp@NoOp
2936494500:NoOp@NoOp|Move(W)@Move(W)|NoOp@NoOp|NoOp@NoOp|NoOp@NoOp
2936553300:NoOp@NoOp|Move(W)@Move(W)|NoOp@NoOp|NoOp@NoOp|NoOp@NoOp
2936611900:NoOp@NoOp|Move(S)@Move(S)|NoOp@NoOp|NoOp@NoOp|NoOp@NoOp
2936670500:NoOp@NoOp|Move(S)@Move(S)|NoOp@NoOp|NoOp@NoOp|NoOp@NoOp
2936729100:NoOp@NoOp|Move(S)@Move(S)|NoOp@NoOp|NoOp@NoOp|NoOp@NoOp
2936788600:NoOp@NoOp|Move(S)@Move(S)|NoOp@NoOp|NoOp@NoOp|NoOp@NoOp
2936847600:NoOp@NoOp|Move(S)@Move(S)|NoOp@NoOp|NoOp@NoOp|NoOp@NoOp
2936909600:NoOp@NoOp|Move(S)@Move(S)|NoOp@NoOp|NoOp@NoOp|NoOp@NoOp
2936968100:NoOp@NoOp|Move(S)@Move(S)|NoOp@NoOp|NoOp@NoOp|NoOp@NoOp
2937027000:NoOp@NoOp|Move(S)@Move(S)|NoOp@NoOp|NoOp@NoOp|NoOp@NoOp
2937085900:NoOp@NoOp|Move(S)@Move(S)|NoOp@NoOp|NoOp@NoOp|NoOp@NoOp
2937146400:NoOp@NoOp|Move(S)@Move(S)|NoOp@NoOp|NoOp@NoOp|NoOp@NoOp
2937204800:NoOp@NoOp|Move(W)@Move(W)|NoOp@NoOp|NoOp@NoOp|NoOp@NoOp
2937263300:NoOp@NoOp|Move(W)@Move(W)|NoOp@NoOp|NoOp@NoOp|NoOp@NoOp
2937322300:NoOp@NoOp|Move(W)@Move(W)|NoOp@NoOp|NoOp@NoOp|NoOp@NoOp
2937380700:NoOp@NoOp|Move(W)@Move(W)|NoOp@NoOp|NoOp@NoOp|NoOp@NoOp
2937437500:NoOp@NoOp|Move(W)@Move(W)|NoOp@NoOp|NoOp@NoOp|NoOp@NoOp
2937496000:NoOp@NoOp|Move(W)@Move(W)|NoOp@NoOp|NoOp@NoOp|NoOp@NoOp
2937554300:NoOp@NoOp|Move(W)@Move(W)|NoOp@NoOp|NoOp@NoOp|NoOp@NoOp
2937613500:NoOp@NoOp|Move(W)@Move(W)|NoOp@NoOp|NoOp@NoOp|NoOp@NoOp
2937672200:NoOp@NoOp|Move(W)@Move(W)|NoOp@NoOp|NoOp@NoOp|NoOp@NoOp
2937730400:NoOp@NoOp|Move(W)@Move(W)|NoOp@NoOp|NoOp@NoOp|NoOp@NoOp
2937790100:NoOp@NoOp|Move(W)@Move(W)|NoOp@NoOp|NoOp@NoOp|NoOp@NoOp
2937848600:NoOp@NoOp|Move(W)@Move(W)|NoOp@NoOp|NoOp@NoOp|NoOp@NoOp
2937907100:NoOp@NoOp|Move(W)@Move(W)|NoOp@NoOp|NoOp@NoOp|NoOp@NoOp
2937965300:NoOp@NoOp|Move(W)@Move(W)|NoOp@NoOp|NoOp@NoOp|NoOp@NoOp
2938023900:NoOp@NoOp|Move(N)@Move(N)|NoOp@NoOp|NoOp@NoOp|NoOp@NoOp
2938082300:NoOp@NoOp|Move(W)@Move(W)|NoOp@NoOp|NoOp@NoOp|NoOp@NoOp
2938140800:NoOp@NoOp|Move(W)@Move(W)|NoOp@NoOp|NoOp@NoOp|NoOp@NoOp
2938199500:NoOp@NoOp|Move(S)@Move(S)|NoOp@NoOp|NoOp@NoOp|NoOp@NoOp
2938258100:NoOp@NoOp|Move(W)@Move(W)|NoOp@NoOp|NoOp@NoOp|NoOp@NoOp
2938316900:NoOp@NoOp|Move(W)@Move(W)|NoOp@NoOp|NoOp@NoOp|NoOp@NoOp
2938375800:NoOp@NoOp|Move(W)@Move(W)|NoOp@NoOp|NoOp@NoOp|NoOp@NoOp
2938452400:NoOp@NoOp|Move(N)@Move(N)|NoOp@NoOp|NoOp@NoOp|NoOp@NoOp
2938509400:NoOp@NoOp|Move(W)@Move(W)|NoOp@NoOp|NoOp@NoOp|NoOp@NoOp
2938567900:NoOp@NoOp|Move(W)@Move(W)|NoOp@NoOp|NoOp@NoOp|NoOp@NoOp
2938626200:NoOp@NoOp|Move(W)@Move(W)|NoOp@NoOp|NoOp@NoOp|NoOp@NoOp
2938684600:NoOp@NoOp|Move(S)@Move(S)|NoOp@NoOp|NoOp@NoOp|NoOp@NoOp
2938743300:NoOp@NoOp|Move(W)@Move(W)|NoOp@NoOp|NoOp@NoOp|NoOp@NoOp
2938801700:NoOp@NoOp|Move(W)@Move(W)|NoOp@NoOp|NoOp@NoOp|NoOp@NoOp
2938860200:NoOp@NoOp|Move(W)@Move(W)|NoOp@NoOp|NoOp@NoOp|NoOp@NoOp
2938918500:NoOp@NoOp|Move(W)@Move(W)|NoOp@NoOp|NoOp@NoOp|NoOp@NoOp
2938976800:NoOp@NoOp|Pull(E,E)@Pull(E,E)|NoOp@NoOp|NoOp@NoOp|NoOp@NoOp
2939039600:NoOp@NoOp|Push(W,N)@Push(W,N)|NoOp@NoOp|NoOp@NoOp|NoOp@NoOp
2939098800:NoOp@NoOp|Push(N,N)@Push(N,N)|NoOp@NoOp|NoOp@NoOp|NoOp@NoOp
2939158200:NoOp@NoOp|Push(N,E)@Push(N,E)|NoOp@NoOp|NoOp@NoOp|NoOp@NoOp
2939217100:NoOp@NoOp|Push(E,N)@Push(E,N)|NoOp@NoOp|NoOp@NoOp|NoOp@NoOp
2939277100:NoOp@NoOp|Push(N,E)@Push(N,E)|NoOp@NoOp|NoOp@NoOp|NoOp@NoOp
2939336000:NoOp@NoOp|Push(E,E)@Push(E,E)|NoOp@NoOp|NoOp@NoOp|NoOp@NoOp
2939395000:NoOp@NoOp|Push(E,E)@Push(E,E)|NoOp@NoOp|NoOp@NoOp|NoOp@NoOp
2939454000:NoOp@NoOp|Push(E,E)@Push(E,E)|NoOp@NoOp|NoOp@NoOp|NoOp@NoOp
2939512700:NoOp@NoOp|Push(E,E)@Push(E,E)|NoOp@NoOp|NoOp@NoOp|NoOp@NoOp
2939571600:NoOp@NoOp|Push(E,E)@Push(E,E)|NoOp@NoOp|NoOp@NoOp|NoOp@NoOp
2939630100:NoOp@NoOp|Push(E,E)@Push(E,E)|NoOp@NoOp|NoOp@NoOp|NoOp@NoOp
2939689200:NoOp@NoOp|Push(E,E)@Push(E,E)|NoOp@NoOp|NoOp@NoOp|NoOp@NoOp
2939747900:NoOp@NoOp|Push(E,E)@Push(E,E)|NoOp@NoOp|NoOp@NoOp|NoOp@NoOp
2939806700:NoOp@NoOp|Push(E,N)@Push(E,N)|NoOp@NoOp|NoOp@NoOp|NoOp@NoOp
2939865900:NoOp@NoOp|Push(N,N)@Push(N,N)|NoOp@NoOp|NoOp@NoOp|NoOp@NoOp
2939924900:NoOp@NoOp|Push(N,W)@Push(N,W)|NoOp@NoOp|NoOp@NoOp|NoOp@NoOp
2939983400:NoOp@NoOp|Push(W,W)@Push(W,W)|NoOp@NoOp|NoOp@NoOp|NoOp@NoOp
2940052500:NoOp@NoOp|Push(W,W)@Push(W,W)|NoOp@NoOp|NoOp@NoOp|NoOp@NoOp
2940110000:NoOp@NoOp|Push(W,W)@Push(W,W)|NoOp@NoOp|NoOp@NoOp|NoOp@NoOp
2940168700:NoOp@NoOp|Push(W,W)@Push(W,W)|NoOp@NoOp|NoOp@NoOp|NoOp@NoOp
2940227400:NoOp@NoOp|Push(W,W)@Push(W,W)|NoOp@NoOp|NoOp@NoOp|NoOp@NoOp
2940286000:NoOp@NoOp|Push(W,W)@Push(W,W)|NoOp@NoOp|NoOp@NoOp|NoOp@NoOp
2940344900:NoOp@NoOp|Push(W,W)@Push(W,W)|NoOp@NoOp|NoOp@NoOp|NoOp@NoOp
2940404700:NoOp@NoOp|Push(W,W)@Push(W,W)|NoOp@NoOp|NoOp@NoOp|NoOp@NoOp
2940468700:NoOp@NoOp|Push(W,W)@Push(W,W)|NoOp@NoOp|NoOp@NoOp|NoOp@NoOp
2940527900:NoOp@NoOp|Push(W,W)@Push(W,W)|NoOp@NoOp|NoOp@NoOp|NoOp@NoOp
2940587800:NoOp@NoOp|Push(W,S)@Push(W,S)|NoOp@NoOp|NoOp@NoOp|NoOp@NoOp
2940647400:NoOp@NoOp|Push(S,W)@Push(S,W)|NoOp@NoOp|NoOp@NoOp|NoOp@NoOp
2940706400:NoOp@NoOp|Push(W,W)@Push(W,W)|NoOp@NoOp|NoOp@NoOp|NoOp@NoOp
2940765100:NoOp@NoOp|Push(W,W)@Push(W,W)|NoOp@NoOp|NoOp@NoOp|NoOp@NoOp
2940824100:NoOp@NoOp|Push(W,W)@Push(W,W)|NoOp@NoOp|NoOp@NoOp|NoOp@NoOp
2940882800:NoOp@NoOp|Push(W,W)@Push(W,W)|NoOp@NoOp|NoOp@NoOp|NoOp@NoOp
2940942500:NoOp@NoOp|Push(W,W)@Push(W,W)|NoOp@NoOp|NoOp@NoOp|NoOp@NoOp
2941001600:NoOp@NoOp|Push(W,W)@Push(W,W)|NoOp@NoOp|NoOp@NoOp|NoOp@NoOp
2941060400:NoOp@NoOp|Push(W,W)@Push(W,W)|NoOp@NoOp|NoOp@NoOp|NoOp@NoOp
2941118900:NoOp@NoOp|Push(W,S)@Push(W,S)|NoOp@NoOp|NoOp@NoOp|NoOp@NoOp
2941181400:NoOp@NoOp|Push(S,S)@Push(S,S)|NoOp@NoOp|NoOp@NoOp|NoOp@NoOp
2941240000:NoOp@NoOp|Push(S,S)@Push(S,S)|NoOp@NoOp|NoOp@NoOp|NoOp@NoOp
2941298700:NoOp@NoOp|Push(S,S)@Push(S,S)|NoOp@NoOp|NoOp@NoOp|NoOp@NoOp
2941357600:NoOp@NoOp|Push(S,W)@Push(S,W)|NoOp@NoOp|NoOp@NoOp|NoOp@NoOp
2941421600:NoOp@NoOp|Move(E)@Move(E)|NoOp@NoOp|NoOp@NoOp|NoOp@NoOp
2941480300:NoOp@NoOp|Move(E)@Move(E)|NoOp@NoOp|NoOp@NoOp|NoOp@NoOp
2941539300:NoOp@NoOp|Move(E)@Move(E)|NoOp@NoOp|NoOp@NoOp|NoOp@NoOp
2941598000:NoOp@NoOp|Move(E)@Move(E)|NoOp@NoOp|NoOp@NoOp|NoOp@NoOp
2941656500:NoOp@NoOp|Move(E)@Move(E)|NoOp@NoOp|NoOp@NoOp|NoOp@NoOp
2941715100:NoOp@NoOp|Move(S)@Move(S)|NoOp@NoOp|NoOp@NoOp|NoOp@NoOp
2941774600:NoOp@NoOp|Move(S)@Move(S)|NoOp@NoOp|NoOp@NoOp|NoOp@NoOp
2941833000:NoOp@NoOp|Move(E)@Move(E)|NoOp@NoOp|NoOp@NoOp|NoOp@NoOp
2941891800:NoOp@NoOp|NoOp@NoOp|NoOp@NoOp|NoOp@NoOp|Move(S)@Move(S)
2941950800:NoOp@NoOp|NoOp@NoOp|NoOp@NoOp|NoOp@NoOp|Move(S)@Move(S)
2942009400:NoOp@NoOp|NoOp@NoOp|NoOp@NoOp|NoOp@NoOp|Move(S)@Move(S)
2942067800:NoOp@NoOp|NoOp@NoOp|NoOp@NoOp|NoOp@NoOp|Move(S)@Move(S)
2942126600:NoOp@NoOp|NoOp@NoOp|NoOp@NoOp|NoOp@NoOp|Move(S)@Move(S)
2942185300:NoOp@NoOp|NoOp@NoOp|NoOp@NoOp|NoOp@NoOp|Move(S)@Move(S)
2942243500:NoOp@NoOp|NoOp@NoOp|NoOp@NoOp|NoOp@NoOp|Move(S)@Move(S)
2942302300:NoOp@NoOp|NoOp@NoOp|NoOp@NoOp|NoOp@NoOp|Move(S)@Move(S)
2942360800:NoOp@NoOp|NoOp@NoOp|NoOp@NoOp|NoOp@NoOp|Move(W)@Move(W)
2942486400:NoOp@NoOp|NoOp@NoOp|NoOp@NoOp|NoOp@NoOp|Move(W)@Move(W)
2942585500:NoOp@NoOp|NoOp@NoOp|NoOp@NoOp|NoOp@NoOp|Move(W)@Move(W)
2942677900:NoOp@NoOp|NoOp@NoOp|NoOp@NoOp|NoOp@NoOp|Move(W)@Move(W)
2942760500:NoOp@NoOp|NoOp@NoOp|NoOp@NoOp|NoOp@NoOp|Move(W)@Move(W)
2942840800:NoOp@NoOp|NoOp@NoOp|NoOp@NoOp|NoOp@NoOp|Move(W)@Move(W)
2942940600:NoOp@NoOp|NoOp@NoOp|NoOp@NoOp|NoOp@NoOp|Move(W)@Move(W)
2943084900:NoOp@NoOp|NoOp@NoOp|NoOp@NoOp|NoOp@NoOp|Move(W)@Move(W)
2943179800:NoOp@NoOp|NoOp@NoOp|NoOp@NoOp|NoOp@NoOp|Move(W)@Move(W)
2943259200:NoOp@NoOp|NoOp@NoOp|NoOp@NoOp|NoOp@NoOp|Move(W)@Move(W)
2943338600:NoOp@NoOp|NoOp@NoOp|NoOp@NoOp|NoOp@NoOp|Move(W)@Move(W)
2943416100:NoOp@NoOp|NoOp@NoOp|NoOp@NoOp|NoOp@NoOp|Move(W)@Move(W)
2943482700:NoOp@NoOp|NoOp@NoOp|NoOp@NoOp|NoOp@NoOp|Move(W)@Move(W)
2943570400:NoOp@NoOp|NoOp@NoOp|NoOp@NoOp|NoOp@NoOp|Move(W)@Move(W)
2943634400:NoOp@NoOp|NoOp@NoOp|NoOp@NoOp|NoOp@NoOp|Move(W)@Move(W)
2943689800:NoOp@NoOp|NoOp@NoOp|NoOp@NoOp|NoOp@NoOp|Move(W)@Move(W)
2943752300:NoOp@NoOp|NoOp@NoOp|NoOp@NoOp|NoOp@NoOp|Move(W)@Move(W)
2943805000:NoOp@NoOp|NoOp@NoOp|NoOp@NoOp|NoOp@NoOp|Move(W)@Move(W)
2943856100:NoOp@NoOp|NoOp@NoOp|NoOp@NoOp|NoOp@NoOp|Move(W)@Move(W)
2943917500:NoOp@NoOp|NoOp@NoOp|NoOp@NoOp|NoOp@NoOp|Move(W)@Move(W)
2943975000:NoOp@NoOp|NoOp@NoOp|NoOp@NoOp|NoOp@NoOp|Move(W)@Move(W)
2944030400:NoOp@NoOp|NoOp@NoOp|NoOp@NoOp|NoOp@NoOp|Move(N)@Move(N)
2944094400:NoOp@NoOp|NoOp@NoOp|NoOp@NoOp|NoOp@NoOp|Move(W)@Move(W)
2944154200:NoOp@NoOp|NoOp@NoOp|NoOp@NoOp|NoOp@NoOp|Move(W)@Move(W)
2944206800:NoOp@NoOp|NoOp@NoOp|NoOp@NoOp|NoOp@NoOp|Move(S)@Move(S)
2944270000:NoOp@NoOp|NoOp@NoOp|NoOp@NoOp|NoOp@NoOp|Move(W)@Move(W)
2944340900:NoOp@NoOp|NoOp@NoOp|NoOp@NoOp|NoOp@NoOp|Move(W)@Move(W)
2944403200:NoOp@NoOp|NoOp@NoOp|NoOp@NoOp|NoOp@NoOp|Move(W)@Move(W)
2944469000:NoOp@NoOp|NoOp@NoOp|NoOp@NoOp|NoOp@NoOp|Move(N)@Move(N)
2944530200:NoOp@NoOp|NoOp@NoOp|NoOp@NoOp|NoOp@NoOp|Move(W)@Move(W)
2944610800:NoOp@NoOp|NoOp@NoOp|NoOp@NoOp|NoOp@NoOp|Move(W)@Move(W)
2944678700:NoOp@NoOp|NoOp@NoOp|NoOp@NoOp|NoOp@NoOp|Move(W)@Move(W)
2944746500:NoOp@NoOp|NoOp@NoOp|NoOp@NoOp|NoOp@NoOp|Move(S)@Move(S)
2944817100:NoOp@NoOp|NoOp@NoOp|NoOp@NoOp|NoOp@NoOp|Move(W)@Move(W)
2944892800:NoOp@NoOp|NoOp@NoOp|NoOp@NoOp|NoOp@NoOp|Move(W)@Move(W)
2944961500:NoOp@NoOp|NoOp@NoOp|NoOp@NoOp|NoOp@NoOp|Move(N)@Move(N)
2945029400:NoOp@NoOp|NoOp@NoOp|NoOp@NoOp|NoOp@NoOp|Move(N)@Move(N)
2945096900:NoOp@NoOp|NoOp@NoOp|NoOp@NoOp|NoOp@NoOp|Move(N)@Move(N)
2945164200:NoOp@NoOp|NoOp@NoOp|NoOp@NoOp|NoOp@NoOp|Move(E)@Move(E)
2945231700:NoOp@NoOp|NoOp@NoOp|NoOp@NoOp|NoOp@NoOp|Move(E)@Move(E)
2945299000:NoOp@NoOp|NoOp@NoOp|NoOp@NoOp|NoOp@NoOp|Move(E)@Move(E)
2945366000:NoOp@NoOp|NoOp@NoOp|NoOp@NoOp|NoOp@NoOp|Move(E)@Move(E)
2945438000:NoOp@NoOp|NoOp@NoOp|NoOp@NoOp|NoOp@NoOp|Move(E)@Move(E)
2945505600:NoOp@NoOp|NoOp@NoOp|NoOp@NoOp|NoOp@NoOp|Move(E)@Move(E)
2945573600:NoOp@NoOp|NoOp@NoOp|NoOp@NoOp|NoOp@NoOp|Move(E)@Move(E)
2945651900:NoOp@NoOp|NoOp@NoOp|NoOp@NoOp|NoOp@NoOp|Move(E)@Move(E)
2945710900:NoOp@NoOp|NoOp@NoOp|NoOp@NoOp|NoOp@NoOp|Move(N)@Move(N)
2945769400:NoOp@NoOp|NoOp@NoOp|NoOp@NoOp|NoOp@NoOp|Move(N)@Move(N)
2945828300:NoOp@NoOp|NoOp@NoOp|NoOp@NoOp|NoOp@NoOp|Move(W)@Move(W)
2945887500:NoOp@NoOp|NoOp@NoOp|NoOp@NoOp|NoOp@NoOp|Move(W)@Move(W)
2945946200:NoOp@NoOp|NoOp@NoOp|NoOp@NoOp|NoOp@NoOp|Move(W)@Move(W)
2946004900:NoOp@NoOp|NoOp@NoOp|NoOp@NoOp|NoOp@NoOp|Move(W)@Move(W)
2946067400:NoOp@NoOp|NoOp@NoOp|NoOp@NoOp|NoOp@NoOp|Move(W)@Move(W)
2946126300:NoOp@NoOp|NoOp@NoOp|NoOp@NoOp|NoOp@NoOp|Move(W)@Move(W)
2946185300:NoOp@NoOp|NoOp@NoOp|NoOp@NoOp|NoOp@NoOp|Move(W)@Move(W)
2946244200:NoOp@NoOp|NoOp@NoOp|NoOp@NoOp|NoOp@NoOp|Move(W)@Move(W)
2946303300:NoOp@NoOp|NoOp@NoOp|NoOp@NoOp|NoOp@NoOp|Move(W)@Move(W)
2946361900:NoOp@NoOp|NoOp@NoOp|NoOp@NoOp|NoOp@NoOp|Move(W)@Move(W)
2946425900:NoOp@NoOp|NoOp@NoOp|NoOp@NoOp|NoOp@NoOp|Move(W)@Move(W)
2946484900:NoOp@NoOp|NoOp@NoOp|NoOp@NoOp|NoOp@NoOp|Move(S)@Move(S)
2946544000:NoOp@NoOp|NoOp@NoOp|NoOp@NoOp|NoOp@NoOp|Move(W)@Move(W)
2946602900:NoOp@NoOp|NoOp@NoOp|NoOp@NoOp|NoOp@NoOp|Move(W)@Move(W)
2946661800:NoOp@NoOp|NoOp@NoOp|NoOp@NoOp|NoOp@NoOp|Move(W)@Move(W)
2946720500:NoOp@NoOp|NoOp@NoOp|NoOp@NoOp|NoOp@NoOp|Move(W)@Move(W)
2946779300:NoOp@NoOp|NoOp@NoOp|NoOp@NoOp|NoOp@NoOp|Move(W)@Move(W)
2946838200:NoOp@NoOp|NoOp@NoOp|NoOp@NoOp|NoOp@NoOp|Move(W)@Move(W)
2946897100:NoOp@NoOp|NoOp@NoOp|NoOp@NoOp|NoOp@NoOp|Move(W)@Move(W)
2946956000:NoOp@NoOp|NoOp@NoOp|NoOp@NoOp|NoOp@NoOp|Move(W)@Move(W)
2947014600:NoOp@NoOp|NoOp@NoOp|NoOp@NoOp|NoOp@NoOp|Move(S)@Move(S)
2947073400:NoOp@NoOp|NoOp@NoOp|NoOp@NoOp|NoOp@NoOp|Move(S)@Move(S)
2947131900:NoOp@NoOp|NoOp@NoOp|NoOp@NoOp|NoOp@NoOp|Move(S)@Move(S)
2947190500:NoOp@NoOp|NoOp@NoOp|NoOp@NoOp|NoOp@NoOp|Move(S)@Move(S)
2947250200:NoOp@NoOp|NoOp@NoOp|NoOp@NoOp|NoOp@NoOp|Move(E)@Move(E)
2947309300:NoOp@NoOp|NoOp@NoOp|NoOp@NoOp|NoOp@NoOp|Move(E)@Move(E)
2947368900:NoOp@NoOp|NoOp@NoOp|NoOp@NoOp|NoOp@NoOp|Move(E)@Move(E)
2947436200:NoOp@NoOp|NoOp@NoOp|NoOp@NoOp|NoOp@NoOp|Move(E)@Move(E)
2947489900:NoOp@NoOp|NoOp@NoOp|NoOp@NoOp|NoOp@NoOp|Move(E)@Move(E)
2947552500:NoOp@NoOp|NoOp@NoOp|NoOp@NoOp|NoOp@NoOp|Pull(W,W)@Pull(W,W)
2947616100:NoOp@NoOp|NoOp@NoOp|NoOp@NoOp|NoOp@NoOp|Pull(W,W)@Pull(W,W)
2947670700:NoOp@NoOp|NoOp@NoOp|NoOp@NoOp|NoOp@NoOp|Pull(W,W)@Pull(W,W)
2947722400:NoOp@NoOp|NoOp@NoOp|NoOp@NoOp|NoOp@NoOp|Pull(W,W)@Pull(W,W)
2947774700:NoOp@NoOp|NoOp@NoOp|NoOp@NoOp|NoOp@NoOp|Pull(W,W)@Pull(W,W)
2947835700:NoOp@NoOp|NoOp@NoOp|NoOp@NoOp|NoOp@NoOp|Pull(N,W)@Pull(N,W)
2947898100:NoOp@NoOp|NoOp@NoOp|NoOp@NoOp|NoOp@NoOp|Move(E)@Move(E)
2947951200:NoOp@NoOp|NoOp@NoOp|NoOp@NoOp|NoOp@NoOp|Move(S)@Move(S)
2948007300:NoOp@NoOp|NoOp@NoOp|NoOp@NoOp|NoOp@NoOp|Move(E)@Move(E)
2948069400:NoOp@NoOp|NoOp@NoOp|NoOp@NoOp|NoOp@NoOp|Move(E)@Move(E)
2948124000:NoOp@NoOp|NoOp@NoOp|NoOp@NoOp|NoOp@NoOp|Move(E)@Move(E)
2948175200:NoOp@NoOp|NoOp@NoOp|NoOp@NoOp|NoOp@NoOp|Move(E)@Move(E)
2948231600:NoOp@NoOp|NoOp@NoOp|NoOp@NoOp|NoOp@NoOp|Move(S)@Move(S)
2948293800:NoOp@NoOp|NoOp@NoOp|NoOp@NoOp|NoOp@NoOp|Move(S)@Move(S)
2948357500:NoOp@NoOp|NoOp@NoOp|NoOp@NoOp|NoOp@NoOp|Move(N)@Move(N)
2948422900:NoOp@NoOp|NoOp@NoOp|NoOp@NoOp|NoOp@NoOp|Move(N)@Move(N)
2948481400:NoOp@NoOp|NoOp@NoOp|NoOp@NoOp|NoOp@NoOp|Move(E)@Move(E)
2948540800:NoOp@NoOp|NoOp@NoOp|NoOp@NoOp|NoOp@NoOp|Pull(W,W)@Pull(W,W)
2948600100:NoOp@NoOp|NoOp@NoOp|NoOp@NoOp|NoOp@NoOp|Pull(W,W)@Pull(W,W)
2948659100:NoOp@NoOp|NoOp@NoOp|NoOp@NoOp|NoOp@NoOp|Pull(W,W)@Pull(W,W)
2948718000:NoOp@NoOp|NoOp@NoOp|NoOp@NoOp|NoOp@NoOp|Pull(W,W)@Pull(W,W)
2948776800:NoOp@NoOp|NoOp@NoOp|NoOp@NoOp|NoOp@NoOp|Pull(W,W)@Pull(W,W)
2948835400:NoOp@NoOp|NoOp@NoOp|NoOp@NoOp|NoOp@NoOp|Pull(N,W)@Pull(N,W)
2948897300:NoOp@NoOp|NoOp@NoOp|Move(S)@Move(S)|NoOp@NoOp|NoOp@NoOp
2948956000:NoOp@NoOp|NoOp@NoOp|Move(S)@Move(S)|NoOp@NoOp|NoOp@NoOp
2949014800:NoOp@NoOp|NoOp@NoOp|Move(S)@Move(S)|NoOp@NoOp|NoOp@NoOp
2949073400:NoOp@NoOp|NoOp@NoOp|Move(S)@Move(S)|NoOp@NoOp|NoOp@NoOp
2949133100:NoOp@NoOp|NoOp@NoOp|Move(S)@Move(S)|NoOp@NoOp|NoOp@NoOp
2949191700:NoOp@NoOp|NoOp@NoOp|Move(S)@Move(S)|NoOp@NoOp|NoOp@NoOp
2949250400:NoOp@NoOp|NoOp@NoOp|Move(S)@Move(S)|NoOp@NoOp|NoOp@NoOp
2949308700:NoOp@NoOp|NoOp@NoOp|Move(S)@Move(S)|NoOp@NoOp|NoOp@NoOp
2949367100:NoOp@NoOp|NoOp@NoOp|Move(W)@Move(W)|NoOp@NoOp|NoOp@NoOp
2949429100:NoOp@NoOp|NoOp@NoOp|Move(W)@Move(W)|NoOp@NoOp|NoOp@NoOp
2949487600:NoOp@NoOp|NoOp@NoOp|Move(W)@Move(W)|NoOp@NoOp|NoOp@NoOp
2949545700:NoOp@NoOp|NoOp@NoOp|Move(W)@Move(W)|NoOp@NoOp|NoOp@NoOp
2949604400:NoOp@NoOp|NoOp@NoOp|Move(W)@Move(W)|NoOp@NoOp|NoOp@NoOp
2949662300:NoOp@NoOp|NoOp@NoOp|Move(W)@Move(W)|NoOp@NoOp|NoOp@NoOp
2949720400:NoOp@NoOp|NoOp@NoOp|Move(W)@Move(W)|NoOp@NoOp|NoOp@NoOp
2949778700:NoOp@NoOp|NoOp@NoOp|Move(W)@Move(W)|NoOp@NoOp|NoOp@NoOp
2949837200:NoOp@NoOp|NoOp@NoOp|Move(W)@Move(W)|NoOp@NoOp|NoOp@NoOp
2949895400:NoOp@NoOp|NoOp@NoOp|Move(W)@Move(W)|NoOp@NoOp|NoOp@NoOp
2949954600:NoOp@NoOp|NoOp@NoOp|Move(W)@Move(W)|NoOp@NoOp|NoOp@NoOp
2950012900:NoOp@NoOp|NoOp@NoOp|Move(W)@Move(W)|NoOp@NoOp|NoOp@NoOp
2950071000:NoOp@NoOp|NoOp@NoOp|Move(W)@Move(W)|NoOp@NoOp|NoOp@NoOp
2950129400:NoOp@NoOp|NoOp@NoOp|Move(W)@Move(W)|NoOp@NoOp|NoOp@NoOp
2950187600:NoOp@NoOp|NoOp@NoOp|Move(W)@Move(W)|NoOp@NoOp|NoOp@NoOp
2950245900:NoOp@NoOp|NoOp@NoOp|Move(W)@Move(W)|NoOp@NoOp|NoOp@NoOp
2950303900:NoOp@NoOp|NoOp@NoOp|Move(W)@Move(W)|NoOp@NoOp|NoOp@NoOp
2950364600:NoOp@NoOp|NoOp@NoOp|Move(W)@Move(W)|NoOp@NoOp|NoOp@NoOp
2950427600:NoOp@NoOp|NoOp@NoOp|Move(W)@Move(W)|NoOp@NoOp|NoOp@NoOp
2950486200:NoOp@NoOp|NoOp@NoOp|Move(W)@Move(W)|NoOp@NoOp|NoOp@NoOp
2950544400:NoOp@NoOp|NoOp@NoOp|Move(N)@Move(N)|NoOp@NoOp|NoOp@NoOp
2950602700:NoOp@NoOp|NoOp@NoOp|Move(W)@Move(W)|NoOp@NoOp|NoOp@NoOp
2950661000:NoOp@NoOp|NoOp@NoOp|Move(W)@Move(W)|NoOp@NoOp|NoOp@NoOp
2950719300:NoOp@NoOp|NoOp@NoOp|Move(S)@Move(S)|NoOp@NoOp|NoOp@NoOp
2950778300:NoOp@NoOp|NoOp@NoOp|Move(W)@Move(W)|NoOp@NoOp|NoOp@NoOp
2950836500:NoOp@NoOp|NoOp@NoOp|Move(W)@Move(W)|NoOp@NoOp|NoOp@NoOp
2950894600:NoOp@NoOp|NoOp@NoOp|Move(W)@Move(W)|NoOp@NoOp|NoOp@NoOp
2950952900:NoOp@NoOp|NoOp@NoOp|Move(N)@Move(N)|NoOp@NoOp|NoOp@NoOp
2951011700:NoOp@NoOp|NoOp@NoOp|Move(W)@Move(W)|NoOp@NoOp|NoOp@NoOp
2951069900:NoOp@NoOp|NoOp@NoOp|Move(W)@Move(W)|NoOp@NoOp|NoOp@NoOp
2951128100:NoOp@NoOp|NoOp@NoOp|Move(W)@Move(W)|NoOp@NoOp|NoOp@NoOp
2951186300:NoOp@NoOp|NoOp@NoOp|Move(S)@Move(S)|NoOp@NoOp|NoOp@NoOp
2951244200:NoOp@NoOp|NoOp@NoOp|Move(W)@Move(W)|NoOp@NoOp|NoOp@NoOp
2951302600:NoOp@NoOp|NoOp@NoOp|Move(W)@Move(W)|NoOp@NoOp|NoOp@NoOp
2951360800:NoOp@NoOp|NoOp@NoOp|Move(N)@Move(N)|NoOp@NoOp|NoOp@NoOp
2951424700:NoOp@NoOp|NoOp@NoOp|Move(N)@Move(N)|NoOp@NoOp|NoOp@NoOp
2951482900:NoOp@NoOp|NoOp@NoOp|Move(N)@Move(N)|NoOp@NoOp|NoOp@NoOp
2951541800:NoOp@NoOp|NoOp@NoOp|Move(E)@Move(E)|NoOp@NoOp|NoOp@NoOp
2951600600:NoOp@NoOp|NoOp@NoOp|Move(E)@Move(E)|NoOp@NoOp|NoOp@NoOp
2951659000:NoOp@NoOp|NoOp@NoOp|Move(E)@Move(E)|NoOp@NoOp|NoOp@NoOp
2951717400:NoOp@NoOp|NoOp@NoOp|Move(E)@Move(E)|NoOp@NoOp|NoOp@NoOp
2951775800:NoOp@NoOp|NoOp@NoOp|Move(E)@Move(E)|NoOp@NoOp|NoOp@NoOp
2951834700:NoOp@NoOp|NoOp@NoOp|Move(E)@Move(E)|NoOp@NoOp|NoOp@NoOp
2951893100:NoOp@NoOp|NoOp@NoOp|Move(E)@Move(E)|NoOp@NoOp|NoOp@NoOp
2951951400:NoOp@NoOp|NoOp@NoOp|Move(E)@Move(E)|NoOp@NoOp|NoOp@NoOp
2952009700:NoOp@NoOp|NoOp@NoOp|Move(N)@Move(N)|NoOp@NoOp|NoOp@NoOp
2952068200:NoOp@NoOp|NoOp@NoOp|Move(N)@Move(N)|NoOp@NoOp|NoOp@NoOp
2952126600:NoOp@NoOp|NoOp@NoOp|Move(W)@Move(W)|NoOp@NoOp|NoOp@NoOp
2952185100:NoOp@NoOp|NoOp@NoOp|Move(W)@Move(W)|NoOp@NoOp|NoOp@NoOp
2952243500:NoOp@NoOp|NoOp@NoOp|Move(W)@Move(W)|NoOp@NoOp|NoOp@NoOp
2952301900:NoOp@NoOp|NoOp@NoOp|Move(W)@Move(W)|NoOp@NoOp|NoOp@NoOp
2952360100:NoOp@NoOp|NoOp@NoOp|Move(W)@Move(W)|NoOp@NoOp|NoOp@NoOp
2952423200:NoOp@NoOp|NoOp@NoOp|Move(W)@Move(W)|NoOp@NoOp|NoOp@NoOp
2952485300:NoOp@NoOp|NoOp@NoOp|Move(W)@Move(W)|NoOp@NoOp|NoOp@NoOp
2952544400:NoOp@NoOp|NoOp@NoOp|Move(W)@Move(W)|NoOp@NoOp|NoOp@NoOp
2952602500:NoOp@NoOp|NoOp@NoOp|Move(W)@Move(W)|NoOp@NoOp|NoOp@NoOp
2952661000:NoOp@NoOp|NoOp@NoOp|Move(W)@Move(W)|NoOp@NoOp|NoOp@NoOp
2952719200:NoOp@NoOp|NoOp@NoOp|Move(W)@Move(W)|NoOp@NoOp|NoOp@NoOp
2952777300:NoOp@NoOp|NoOp@NoOp|Move(W)@Move(W)|NoOp@NoOp|NoOp@NoOp
2952836200:NoOp@NoOp|NoOp@NoOp|Pull(E,E)@Pull(E,E)|NoOp@NoOp|NoOp@NoOp
2952896000:NoOp@NoOp|NoOp@NoOp|Pull(E,E)@Pull(E,E)|NoOp@NoOp|NoOp@NoOp
2952954400:NoOp@NoOp|NoOp@NoOp|Pull(E,E)@Pull(E,E)|NoOp@NoOp|NoOp@NoOp
2953013100:NoOp@NoOp|NoOp@NoOp|Pull(E,E)@Pull(E,E)|NoOp@NoOp|NoOp@NoOp
2953071500:NoOp@NoOp|NoOp@NoOp|Pull(E,E)@Pull(E,E)|NoOp@NoOp|NoOp@NoOp
2953130100:NoOp@NoOp|NoOp@NoOp|Pull(E,E)@Pull(E,E)|NoOp@NoOp|NoOp@NoOp
2953188600:NoOp@NoOp|NoOp@NoOp|Pull(E,E)@Pull(E,E)|NoOp@NoOp|NoOp@NoOp
2953248200:NoOp@NoOp|NoOp@NoOp|Pull(E,E)@Pull(E,E)|NoOp@NoOp|NoOp@NoOp
2953306800:NoOp@NoOp|NoOp@NoOp|Pull(E,E)@Pull(E,E)|NoOp@NoOp|NoOp@NoOp
2953365100:NoOp@NoOp|NoOp@NoOp|Pull(E,E)@Pull(E,E)|NoOp@NoOp|NoOp@NoOp
2953445400:NoOp@NoOp|NoOp@NoOp|Pull(E,E)@Pull(E,E)|NoOp@NoOp|NoOp@NoOp
2953504000:NoOp@NoOp|NoOp@NoOp|Pull(E,E)@Pull(E,E)|NoOp@NoOp|NoOp@NoOp
2953562500:NoOp@NoOp|NoOp@NoOp|Pull(E,E)@Pull(E,E)|NoOp@NoOp|NoOp@NoOp
2953621400:NoOp@NoOp|NoOp@NoOp|Push(W,S)@Push(W,S)|NoOp@NoOp|NoOp@NoOp
2953680700:NoOp@NoOp|NoOp@NoOp|Push(S,S)@Push(S,S)|NoOp@NoOp|NoOp@NoOp
2953739900:NoOp@NoOp|NoOp@NoOp|Push(S,W)@Push(S,W)|NoOp@NoOp|NoOp@NoOp
2953798600:NoOp@NoOp|NoOp@NoOp|Push(W,W)@Push(W,W)|NoOp@NoOp|NoOp@NoOp
2953857300:NoOp@NoOp|NoOp@NoOp|Push(W,W)@Push(W,W)|NoOp@NoOp|NoOp@NoOp
2953915700:NoOp@NoOp|NoOp@NoOp|Push(W,W)@Push(W,W)|NoOp@NoOp|NoOp@NoOp
2953975300:NoOp@NoOp|NoOp@NoOp|Push(W,W)@Push(W,W)|NoOp@NoOp|NoOp@NoOp
2954033800:NoOp@NoOp|NoOp@NoOp|Push(W,W)@Push(W,W)|NoOp@NoOp|NoOp@NoOp
2954093100:NoOp@NoOp|NoOp@NoOp|Push(W,W)@Push(W,W)|NoOp@NoOp|NoOp@NoOp
2954151600:NoOp@NoOp|NoOp@NoOp|Push(W,W)@Push(W,W)|NoOp@NoOp|NoOp@NoOp
2954209800:NoOp@NoOp|NoOp@NoOp|Push(W,S)@Push(W,S)|NoOp@NoOp|NoOp@NoOp
2954268400:NoOp@NoOp|NoOp@NoOp|Push(S,S)@Push(S,S)|NoOp@NoOp|NoOp@NoOp
2954327200:NoOp@NoOp|NoOp@NoOp|Push(S,S)@Push(S,S)|NoOp@NoOp|NoOp@NoOp
2954386300:NoOp@NoOp|NoOp@NoOp|Push(S,E)@Push(S,E)|NoOp@NoOp|NoOp@NoOp
2954443600:NoOp@NoOp|NoOp@NoOp|Push(E,E)@Push(E,E)|NoOp@NoOp|NoOp@NoOp
2954502800:NoOp@NoOp|NoOp@NoOp|Push(E,N)@Push(E,N)|NoOp@NoOp|NoOp@NoOp
2954561900:NoOp@NoOp|NoOp@NoOp|Push(N,E)@Push(N,E)|NoOp@NoOp|NoOp@NoOp
2954623300:NoOp@NoOp|NoOp@NoOp|Push(E,E)@Push(E,E)|NoOp@NoOp|NoOp@NoOp
2954682200:NoOp@NoOp|NoOp@NoOp|Push(E,E)@Push(E,E)|NoOp@NoOp|NoOp@NoOp
2954741100:NoOp@NoOp|NoOp@NoOp|Push(E,S)@Push(E,S)|NoOp@NoOp|NoOp@NoOp
2954800200:NoOp@NoOp|NoOp@NoOp|Push(S,E)@Push(S,E)|NoOp@NoOp|NoOp@NoOp
2954859400:NoOp@NoOp|NoOp@NoOp|Push(E,E)@Push(E,E)|NoOp@NoOp|NoOp@NoOp
2954919200:NoOp@NoOp|NoOp@NoOp|Push(E,E)@Push(E,E)|NoOp@NoOp|NoOp@NoOp
2954978100:NoOp@NoOp|NoOp@NoOp|Push(E,N)@Push(E,N)|NoOp@NoOp|NoOp@NoOp
2955036600:NoOp@NoOp|NoOp@NoOp|Push(N,E)@Push(N,E)|NoOp@NoOp|NoOp@NoOp
2955095500:NoOp@NoOp|NoOp@NoOp|Push(E,E)@Push(E,E)|NoOp@NoOp|NoOp@NoOp
2955154200:NoOp@NoOp|NoOp@NoOp|Push(E,S)@Push(E,S)|NoOp@NoOp|NoOp@NoOp
2955213000:NoOp@NoOp|NoOp@NoOp|Push(S,E)@Push(S,E)|NoOp@NoOp|NoOp@NoOp
2955271700:NoOp@NoOp|NoOp@NoOp|Push(E,E)@Push(E,E)|NoOp@NoOp|NoOp@NoOp
2955330300:NoOp@NoOp|NoOp@NoOp|Push(E,E)@Push(E,E)|NoOp@NoOp|NoOp@NoOp
2955389000:NoOp@NoOp|NoOp@NoOp|Push(E,N)@Push(E,N)|NoOp@NoOp|NoOp@NoOp
2955447300:NoOp@NoOp|NoOp@NoOp|Push(N,E)@Push(N,E)|NoOp@NoOp|NoOp@NoOp
2955506000:NoOp@NoOp|NoOp@NoOp|Push(E,E)@Push(E,E)|NoOp@NoOp|NoOp@NoOp
2955564500:NoOp@NoOp|NoOp@NoOp|Push(E,E)@Push(E,E)|NoOp@NoOp|NoOp@NoOp
2955623000:NoOp@NoOp|NoOp@NoOp|Push(E,E)@Push(E,E)|NoOp@NoOp|NoOp@NoOp
2955681300:NoOp@NoOp|NoOp@NoOp|Push(E,E)@Push(E,E)|NoOp@NoOp|NoOp@NoOp
2955740900:NoOp@NoOp|NoOp@NoOp|Push(E,E)@Push(E,E)|NoOp@NoOp|NoOp@NoOp
2955799500:NoOp@NoOp|NoOp@NoOp|Push(E,E)@Push(E,E)|NoOp@NoOp|NoOp@NoOp
2955858100:NoOp@NoOp|NoOp@NoOp|Push(E,N)@Push(E,N)|NoOp@NoOp|NoOp@NoOp
2955916600:NoOp@NoOp|NoOp@NoOp|Push(N,E)@Push(N,E)|NoOp@NoOp|NoOp@NoOp
2955975100:NoOp@NoOp|NoOp@NoOp|Push(E,N)@Push(E,N)|NoOp@NoOp|NoOp@NoOp
2956034000:NoOp@NoOp|NoOp@NoOp|Push(N,E)@Push(N,E)|NoOp@NoOp|NoOp@NoOp
2956092500:NoOp@NoOp|NoOp@NoOp|Push(E,N)@Push(E,N)|NoOp@NoOp|NoOp@NoOp
2956151400:NoOp@NoOp|NoOp@NoOp|Push(N,E)@Push(N,E)|NoOp@NoOp|NoOp@NoOp
2956210100:NoOp@NoOp|NoOp@NoOp|Push(E,N)@Push(E,N)|NoOp@NoOp|NoOp@NoOp
2956268900:NoOp@NoOp|NoOp@NoOp|Push(N,N)@Push(N,N)|NoOp@NoOp|NoOp@NoOp
2956327800:NoOp@NoOp|NoOp@NoOp|Push(N,N)@Push(N,N)|NoOp@NoOp|NoOp@NoOp
2956386700:NoOp@NoOp|NoOp@NoOp|Push(N,N)@Push(N,N)|NoOp@NoOp|NoOp@NoOp
2956444200:NoOp@NoOp|NoOp@NoOp|Push(N,E)@Push(N,E)|NoOp@NoOp|NoOp@NoOp
2956504100:NoOp@NoOp|NoOp@NoOp|Push(E,E)@Push(E,E)|NoOp@NoOp|NoOp@NoOp
2956563800:NoOp@NoOp|NoOp@NoOp|Push(E,E)@Push(E,E)|NoOp@NoOp|NoOp@NoOp
2956623000:NoOp@NoOp|NoOp@NoOp|Push(E,E)@Push(E,E)|NoOp@NoOp|NoOp@NoOp
2956681600:NoOp@NoOp|NoOp@NoOp|Push(E,E)@Push(E,E)|NoOp@NoOp|NoOp@NoOp
2956743100:NoOp@NoOp|NoOp@NoOp|Move(S)@Move(S)|NoOp@NoOp|NoOp@NoOp
2956801600:NoOp@NoOp|NoOp@NoOp|Move(S)@Move(S)|NoOp@NoOp|NoOp@NoOp
2956860100:NoOp@NoOp|NoOp@NoOp|Move(S)@Move(S)|NoOp@NoOp|NoOp@NoOp
2956918300:NoOp@NoOp|NoOp@NoOp|Move(S)@Move(S)|NoOp@NoOp|NoOp@NoOp
2956976800:NoOp@NoOp|NoOp@NoOp|Move(S)@Move(S)|NoOp@NoOp|NoOp@NoOp
2957035300:NoOp@NoOp|NoOp@NoOp|Move(S)@Move(S)|NoOp@NoOp|NoOp@NoOp
2957093600:NoOp@NoOp|NoOp@NoOp|Move(S)@Move(S)|NoOp@NoOp|NoOp@NoOp
2957151900:NoOp@NoOp|NoOp@NoOp|Move(S)@Move(S)|NoOp@NoOp|NoOp@NoOp
2957210500:NoOp@NoOp|NoOp@NoOp|Move(W)@Move(W)|NoOp@NoOp|NoOp@NoOp
2957268900:NoOp@NoOp|NoOp@NoOp|Move(W)@Move(W)|NoOp@NoOp|NoOp@NoOp
2957327400:NoOp@NoOp|NoOp@NoOp|Move(W)@Move(W)|NoOp@NoOp|NoOp@NoOp
2957386400:NoOp@NoOp|NoOp@NoOp|Move(W)@Move(W)|NoOp@NoOp|NoOp@NoOp
2957443500:NoOp@NoOp|NoOp@NoOp|Move(W)@Move(W)|NoOp@NoOp|NoOp@NoOp
2957501700:NoOp@NoOp|NoOp@NoOp|Move(W)@Move(W)|NoOp@NoOp|NoOp@NoOp
2957559900:NoOp@NoOp|NoOp@NoOp|Move(W)@Move(W)|NoOp@NoOp|NoOp@NoOp
2957618400:NoOp@NoOp|NoOp@NoOp|Move(W)@Move(W)|NoOp@NoOp|NoOp@NoOp
2957676600:NoOp@NoOp|NoOp@NoOp|Move(W)@Move(W)|NoOp@NoOp|NoOp@NoOp
2957735300:NoOp@NoOp|NoOp@NoOp|Move(W)@Move(W)|NoOp@NoOp|NoOp@NoOp
2957794000:NoOp@NoOp|NoOp@NoOp|Move(W)@Move(W)|NoOp@NoOp|NoOp@NoOp
2957852500:NoOp@NoOp|NoOp@NoOp|Move(W)@Move(W)|NoOp@NoOp|NoOp@NoOp
2957910700:NoOp@NoOp|NoOp@NoOp|Move(W)@Move(W)|NoOp@NoOp|NoOp@NoOp
2957968700:NoOp@NoOp|NoOp@NoOp|Move(W)@Move(W)|NoOp@NoOp|NoOp@NoOp
2958027000:NoOp@NoOp|NoOp@NoOp|Move(W)@Move(W)|NoOp@NoOp|NoOp@NoOp
2958085400:NoOp@NoOp|NoOp@NoOp|Move(W)@Move(W)|NoOp@NoOp|NoOp@NoOp
2958143900:NoOp@NoOp|NoOp@NoOp|Move(W)@Move(W)|NoOp@NoOp|NoOp@NoOp
2958203000:NoOp@NoOp|NoOp@NoOp|Move(N)@Move(N)|NoOp@NoOp|NoOp@NoOp
2958261300:NoOp@NoOp|NoOp@NoOp|Move(W)@Move(W)|NoOp@NoOp|NoOp@NoOp
2958319600:NoOp@NoOp|NoOp@NoOp|Move(W)@Move(W)|NoOp@NoOp|NoOp@NoOp
2958378000:NoOp@NoOp|NoOp@NoOp|Move(S)@Move(S)|NoOp@NoOp|NoOp@NoOp
2958496400:NoOp@NoOp|NoOp@NoOp|Move(W)@Move(W)|NoOp@NoOp|NoOp@NoOp
2958577100:NoOp@NoOp|NoOp@NoOp|Move(W)@Move(W)|NoOp@NoOp|NoOp@NoOp
2958685400:NoOp@NoOp|NoOp@NoOp|Move(W)@Move(W)|NoOp@NoOp|NoOp@NoOp
2958814600:NoOp@NoOp|NoOp@NoOp|Move(N)@Move(N)|NoOp@NoOp|NoOp@NoOp
2958914000:NoOp@NoOp|NoOp@NoOp|Move(W)@Move(W)|NoOp@NoOp|NoOp@NoOp
2958989100:NoOp@NoOp|NoOp@NoOp|Move(W)@Move(W)|NoOp@NoOp|NoOp@NoOp
2959066500:NoOp@NoOp|NoOp@NoOp|Move(W)@Move(W)|NoOp@NoOp|NoOp@NoOp
2959156800:NoOp@NoOp|NoOp@NoOp|Move(S)@Move(S)|NoOp@NoOp|NoOp@NoOp
2959235500:NoOp@NoOp|NoOp@NoOp|Move(W)@Move(W)|NoOp@NoOp|NoOp@NoOp
2959306400:NoOp@NoOp|NoOp@NoOp|Move(W)@Move(W)|NoOp@NoOp|NoOp@NoOp
2959384000:NoOp@NoOp|NoOp@NoOp|Move(N)@Move(N)|NoOp@NoOp|NoOp@NoOp
2959449000:NoOp@NoOp|NoOp@NoOp|Move(N)@Move(N)|NoOp@NoOp|NoOp@NoOp
2959510300:NoOp@NoOp|NoOp@NoOp|Move(N)@Move(N)|NoOp@NoOp|NoOp@NoOp
2959607800:NoOp@NoOp|NoOp@NoOp|Move(E)@Move(E)|NoOp@NoOp|NoOp@NoOp
2959678500:NoOp@NoOp|NoOp@NoOp|Move(E)@Move(E)|NoOp@NoOp|NoOp@NoOp
2959762000:NoOp@NoOp|NoOp@NoOp|Move(E)@Move(E)|NoOp@NoOp|NoOp@NoOp
2959831400:NoOp@NoOp|NoOp@NoOp|Move(E)@Move(E)|NoOp@NoOp|NoOp@NoOp
2959895100:NoOp@NoOp|NoOp@NoOp|Move(E)@Move(E)|NoOp@NoOp|NoOp@NoOp
2959958700:NoOp@NoOp|NoOp@NoOp|Move(E)@Move(E)|NoOp@NoOp|NoOp@NoOp
2960025800:NoOp@NoOp|NoOp@NoOp|Move(E)@Move(E)|NoOp@NoOp|NoOp@NoOp
2960089700:NoOp@NoOp|NoOp@NoOp|Move(E)@Move(E)|NoOp@NoOp|NoOp@NoOp
2960153300:NoOp@NoOp|NoOp@NoOp|Move(N)@Move(N)|NoOp@NoOp|NoOp@NoOp
2960216300:NoOp@NoOp|NoOp@NoOp|Move(N)@Move(N)|NoOp@NoOp|NoOp@NoOp
2960279800:NoOp@NoOp|NoOp@NoOp|Move(W)@Move(W)|NoOp@NoOp|NoOp@NoOp
2960342900:NoOp@NoOp|NoOp@NoOp|Move(W)@Move(W)|NoOp@NoOp|NoOp@NoOp
2960411600:NoOp@NoOp|NoOp@NoOp|Move(W)@Move(W)|NoOp@NoOp|NoOp@NoOp
2960474900:NoOp@NoOp|NoOp@NoOp|Move(W)@Move(W)|NoOp@NoOp|NoOp@NoOp
2960538400:NoOp@NoOp|NoOp@NoOp|Move(W)@Move(W)|NoOp@NoOp|NoOp@NoOp
2960601600:NoOp@NoOp|NoOp@NoOp|Move(W)@Move(W)|NoOp@NoOp|NoOp@NoOp
2960674400:NoOp@NoOp|NoOp@NoOp|Move(W)@Move(W)|NoOp@NoOp|NoOp@NoOp
2960733200:NoOp@NoOp|NoOp@NoOp|Move(W)@Move(W)|NoOp@NoOp|NoOp@NoOp
2960791300:NoOp@NoOp|NoOp@NoOp|Move(W)@Move(W)|NoOp@NoOp|NoOp@NoOp
2960849700:NoOp@NoOp|NoOp@NoOp|Move(W)@Move(W)|NoOp@NoOp|NoOp@NoOp
2960909400:NoOp@NoOp|NoOp@NoOp|Move(W)@Move(W)|NoOp@NoOp|NoOp@NoOp
2960968100:NoOp@NoOp|NoOp@NoOp|Move(W)@Move(W)|NoOp@NoOp|NoOp@NoOp
2961026700:NoOp@NoOp|NoOp@NoOp|Move(W)@Move(W)|NoOp@NoOp|NoOp@NoOp
2961085600:NoOp@NoOp|NoOp@NoOp|Pull(E,E)@Pull(E,E)|NoOp@NoOp|NoOp@NoOp
2961145500:NoOp@NoOp|NoOp@NoOp|Pull(E,E)@Pull(E,E)|NoOp@NoOp|NoOp@NoOp
2961204100:NoOp@NoOp|NoOp@NoOp|Pull(E,E)@Pull(E,E)|NoOp@NoOp|NoOp@NoOp
2961263000:NoOp@NoOp|NoOp@NoOp|Pull(E,E)@Pull(E,E)|NoOp@NoOp|NoOp@NoOp
2961323300:NoOp@NoOp|NoOp@NoOp|Pull(E,E)@Pull(E,E)|NoOp@NoOp|NoOp@NoOp
2961395100:NoOp@NoOp|NoOp@NoOp|Pull(E,E)@Pull(E,E)|NoOp@NoOp|NoOp@NoOp
2961477700:NoOp@NoOp|NoOp@NoOp|Pull(E,E)@Pull(E,E)|NoOp@NoOp|NoOp@NoOp
2961559600:NoOp@NoOp|NoOp@NoOp|Pull(E,E)@Pull(E,E)|NoOp@NoOp|NoOp@NoOp
2961620900:NoOp@NoOp|NoOp@NoOp|Pull(E,E)@Pull(E,E)|NoOp@NoOp|NoOp@NoOp
2961680900:NoOp@NoOp|NoOp@NoOp|Pull(E,E)@Pull(E,E)|NoOp@NoOp|NoOp@NoOp
2961740000:NoOp@NoOp|NoOp@NoOp|Pull(E,E)@Pull(E,E)|NoOp@NoOp|NoOp@NoOp
2961799200:NoOp@NoOp|NoOp@NoOp|Pull(E,E)@Pull(E,E)|NoOp@NoOp|NoOp@NoOp
2961858600:NoOp@NoOp|NoOp@NoOp|Pull(E,E)@Pull(E,E)|NoOp@NoOp|NoOp@NoOp
2961917500:NoOp@NoOp|NoOp@NoOp|Pull(E,E)@Pull(E,E)|NoOp@NoOp|NoOp@NoOp
2961976300:NoOp@NoOp|NoOp@NoOp|Push(W,S)@Push(W,S)|NoOp@NoOp|NoOp@NoOp
2962036100:NoOp@NoOp|NoOp@NoOp|Push(S,S)@Push(S,S)|NoOp@NoOp|NoOp@NoOp
2962095400:NoOp@NoOp|NoOp@NoOp|Push(S,W)@Push(S,W)|NoOp@NoOp|NoOp@NoOp
2962154200:NoOp@NoOp|NoOp@NoOp|Push(W,W)@Push(W,W)|NoOp@NoOp|NoOp@NoOp
2962213000:NoOp@NoOp|NoOp@NoOp|Push(W,W)@Push(W,W)|NoOp@NoOp|NoOp@NoOp
2962271500:NoOp@NoOp|NoOp@NoOp|Push(W,W)@Push(W,W)|NoOp@NoOp|NoOp@NoOp
2962330400:NoOp@NoOp|NoOp@NoOp|Push(W,W)@Push(W,W)|NoOp@NoOp|NoOp@NoOp
2962388600:NoOp@NoOp|NoOp@NoOp|Push(W,W)@Push(W,W)|NoOp@NoOp|NoOp@NoOp
2962452400:NoOp@NoOp|NoOp@NoOp|Push(W,W)@Push(W,W)|NoOp@NoOp|NoOp@NoOp
2962510500:NoOp@NoOp|NoOp@NoOp|Push(W,W)@Push(W,W)|NoOp@NoOp|NoOp@NoOp
2962568800:NoOp@NoOp|NoOp@NoOp|Push(W,S)@Push(W,S)|NoOp@NoOp|NoOp@NoOp
2962627100:NoOp@NoOp|NoOp@NoOp|Push(S,S)@Push(S,S)|NoOp@NoOp|NoOp@NoOp
2962686400:NoOp@NoOp|NoOp@NoOp|Push(S,S)@Push(S,S)|NoOp@NoOp|NoOp@NoOp
2962745300:NoOp@NoOp|NoOp@NoOp|Push(S,E)@Push(S,E)|NoOp@NoOp|NoOp@NoOp
2962804300:NoOp@NoOp|NoOp@NoOp|Push(E,E)@Push(E,E)|NoOp@NoOp|NoOp@NoOp
2962863300:NoOp@NoOp|NoOp@NoOp|Push(E,N)@Push(E,N)|NoOp@NoOp|NoOp@NoOp
2962921800:NoOp@NoOp|NoOp@NoOp|Push(N,E)@Push(N,E)|NoOp@NoOp|NoOp@NoOp
2962980000:NoOp@NoOp|NoOp@NoOp|Push(E,E)@Push(E,E)|NoOp@NoOp|NoOp@NoOp
2963040300:NoOp@NoOp|NoOp@NoOp|Push(E,E)@Push(E,E)|NoOp@NoOp|NoOp@NoOp
2963099200:NoOp@NoOp|NoOp@NoOp|Push(E,S)@Push(E,S)|NoOp@NoOp|NoOp@NoOp
2963157700:NoOp@NoOp|NoOp@NoOp|Push(S,E)@Push(S,E)|NoOp@NoOp|NoOp@NoOp
2963216600:NoOp@NoOp|NoOp@NoOp|Push(E,E)@Push(E,E)|NoOp@NoOp|NoOp@NoOp
2963275300:NoOp@NoOp|NoOp@NoOp|Push(E,E)@Push(E,E)|NoOp@NoOp|NoOp@NoOp
2963333900:NoOp@NoOp|NoOp@NoOp|Push(E,N)@Push(E,N)|NoOp@NoOp|NoOp@NoOp
2963392700:NoOp@NoOp|NoOp@NoOp|Push(N,E)@Push(N,E)|NoOp@NoOp|NoOp@NoOp
2963456500:NoOp@NoOp|NoOp@NoOp|Push(E,E)@Push(E,E)|NoOp@NoOp|NoOp@NoOp
2963514900:NoOp@NoOp|NoOp@NoOp|Push(E,S)@Push(E,S)|NoOp@NoOp|NoOp@NoOp
2963573300:NoOp@NoOp|NoOp@NoOp|Push(S,E)@Push(S,E)|NoOp@NoOp|NoOp@NoOp
2963632300:NoOp@NoOp|NoOp@NoOp|Push(E,E)@Push(E,E)|NoOp@NoOp|NoOp@NoOp
2963694900:NoOp@NoOp|NoOp@NoOp|Push(E,E)@Push(E,E)|NoOp@NoOp|NoOp@NoOp
2963753400:NoOp@NoOp|NoOp@NoOp|Push(E,N)@Push(E,N)|NoOp@NoOp|NoOp@NoOp
2963841400:NoOp@NoOp|NoOp@NoOp|Push(N,E)@Push(N,E)|NoOp@NoOp|NoOp@NoOp
2963900300:NoOp@NoOp|NoOp@NoOp|Push(E,E)@Push(E,E)|NoOp@NoOp|NoOp@NoOp
2963959200:NoOp@NoOp|NoOp@NoOp|Push(E,E)@Push(E,E)|NoOp@NoOp|NoOp@NoOp
2964018000:NoOp@NoOp|NoOp@NoOp|Push(E,E)@Push(E,E)|NoOp@NoOp|NoOp@NoOp
2964076400:NoOp@NoOp|NoOp@NoOp|Push(E,E)@Push(E,E)|NoOp@NoOp|NoOp@NoOp
2964135100:NoOp@NoOp|NoOp@NoOp|Push(E,E)@Push(E,E)|NoOp@NoOp|NoOp@NoOp
2964193300:NoOp@NoOp|NoOp@NoOp|Push(E,E)@Push(E,E)|NoOp@NoOp|NoOp@NoOp
2964251600:NoOp@NoOp|NoOp@NoOp|Push(E,N)@Push(E,N)|NoOp@NoOp|NoOp@NoOp
2964309800:NoOp@NoOp|NoOp@NoOp|Push(N,E)@Push(N,E)|NoOp@NoOp|NoOp@NoOp
2964368800:NoOp@NoOp|NoOp@NoOp|Push(E,N)@Push(E,N)|NoOp@NoOp|NoOp@NoOp
2964433100:NoOp@NoOp|NoOp@NoOp|Push(N,E)@Push(N,E)|NoOp@NoOp|NoOp@NoOp
2964491800:NoOp@NoOp|NoOp@NoOp|Push(E,N)@Push(E,N)|NoOp@NoOp|NoOp@NoOp
2964551900:NoOp@NoOp|NoOp@NoOp|Push(N,E)@Push(N,E)|NoOp@NoOp|NoOp@NoOp
2964610300:NoOp@NoOp|NoOp@NoOp|Push(E,N)@Push(E,N)|NoOp@NoOp|NoOp@NoOp
2964668600:NoOp@NoOp|NoOp@NoOp|Push(N,N)@Push(N,N)|NoOp@NoOp|NoOp@NoOp
2964726900:NoOp@NoOp|NoOp@NoOp|Push(N,N)@Push(N,N)|NoOp@NoOp|NoOp@NoOp
2964785500:NoOp@NoOp|NoOp@NoOp|Push(N,E)@Push(N,E)|NoOp@NoOp|NoOp@NoOp
2964844200:NoOp@NoOp|NoOp@NoOp|Push(E,E)@Push(E,E)|NoOp@NoOp|NoOp@NoOp
2964902600:NoOp@NoOp|NoOp@NoOp|Push(E,E)@Push(E,E)|NoOp@NoOp|NoOp@NoOp
2964961000:NoOp@NoOp|NoOp@NoOp|Push(E,E)@Push(E,E)|NoOp@NoOp|NoOp@NoOp
2965019300:NoOp@NoOp|NoOp@NoOp|Push(E,E)@Push(E,E)|NoOp@NoOp|NoOp@NoOp
2965077700:NoOp@NoOp|NoOp@NoOp|Push(E,E)@Push(E,E)|NoOp@NoOp|NoOp@NoOp
2965135600:NoOp@NoOp|NoOp@NoOp|Push(E,N)@Push(E,N)|NoOp@NoOp|NoOp@NoOp
2965194900:NoOp@NoOp|NoOp@NoOp|Move(W)@Move(W)|NoOp@NoOp|NoOp@NoOp
2965253100:NoOp@NoOp|NoOp@NoOp|Move(W)@Move(W)|NoOp@NoOp|NoOp@NoOp
2965311700:NoOp@NoOp|NoOp@NoOp|Move(S)@Move(S)|NoOp@NoOp|NoOp@NoOp
2965370100:NoOp@NoOp|NoOp@NoOp|Move(S)@Move(S)|NoOp@NoOp|NoOp@NoOp
2965428100:NoOp@NoOp|NoOp@NoOp|Move(S)@Move(S)|NoOp@NoOp|NoOp@NoOp
2965486400:NoOp@NoOp|NoOp@NoOp|Move(S)@Move(S)|NoOp@NoOp|NoOp@NoOp
2965544500:NoOp@NoOp|NoOp@NoOp|Move(S)@Move(S)|NoOp@NoOp|NoOp@NoOp
2965602700:NoOp@NoOp|NoOp@NoOp|Move(S)@Move(S)|NoOp@NoOp|NoOp@NoOp
2965660600:NoOp@NoOp|NoOp@NoOp|Move(S)@Move(S)|NoOp@NoOp|NoOp@NoOp
2965718500:NoOp@NoOp|NoOp@NoOp|Move(W)@Move(W)|NoOp@NoOp|NoOp@NoOp
2965777000:NoOp@NoOp|NoOp@NoOp|Move(W)@Move(W)|NoOp@NoOp|NoOp@NoOp
2965838600:NoOp@NoOp|NoOp@NoOp|Move(W)@Move(W)|NoOp@NoOp|NoOp@NoOp
2965897400:NoOp@NoOp|NoOp@NoOp|Move(W)@Move(W)|NoOp@NoOp|NoOp@NoOp
2965955500:NoOp@NoOp|NoOp@NoOp|Move(W)@Move(W)|NoOp@NoOp|NoOp@NoOp
2966013600:NoOp@NoOp|NoOp@NoOp|Move(W)@Move(W)|NoOp@NoOp|NoOp@NoOp
2966072800:NoOp@NoOp|NoOp@NoOp|Move(W)@Move(W)|NoOp@NoOp|NoOp@NoOp
2966131200:NoOp@NoOp|NoOp@NoOp|Move(W)@Move(W)|NoOp@NoOp|NoOp@NoOp
2966189700:NoOp@NoOp|NoOp@NoOp|Move(W)@Move(W)|NoOp@NoOp|NoOp@NoOp
2966247500:NoOp@NoOp|NoOp@NoOp|Move(W)@Move(W)|NoOp@NoOp|NoOp@NoOp
2966305600:NoOp@NoOp|NoOp@NoOp|Move(W)@Move(W)|NoOp@NoOp|NoOp@NoOp
2966363400:NoOp@NoOp|NoOp@NoOp|Move(W)@Move(W)|NoOp@NoOp|NoOp@NoOp
2966421600:NoOp@NoOp|NoOp@NoOp|Move(W)@Move(W)|NoOp@NoOp|NoOp@NoOp
2966478100:NoOp@NoOp|NoOp@NoOp|Move(W)@Move(W)|NoOp@NoOp|NoOp@NoOp
2966536100:NoOp@NoOp|NoOp@NoOp|Move(W)@Move(W)|NoOp@NoOp|NoOp@NoOp
2966594100:NoOp@NoOp|NoOp@NoOp|Move(W)@Move(W)|NoOp@NoOp|NoOp@NoOp
2966651800:NoOp@NoOp|NoOp@NoOp|Move(W)@Move(W)|NoOp@NoOp|NoOp@NoOp
2966710100:NoOp@NoOp|NoOp@NoOp|Move(N)@Move(N)|NoOp@NoOp|NoOp@NoOp
2966768200:NoOp@NoOp|NoOp@NoOp|Move(W)@Move(W)|NoOp@NoOp|NoOp@NoOp
2966826000:NoOp@NoOp|NoOp@NoOp|Move(W)@Move(W)|NoOp@NoOp|NoOp@NoOp
2966884200:NoOp@NoOp|NoOp@NoOp|Move(S)@Move(S)|NoOp@NoOp|NoOp@NoOp
2966941900:NoOp@NoOp|NoOp@NoOp|Move(W)@Move(W)|NoOp@NoOp|NoOp@NoOp
2967000100:NoOp@NoOp|NoOp@NoOp|Move(W)@Move(W)|NoOp@NoOp|NoOp@NoOp
2967058300:NoOp@NoOp|NoOp@NoOp|Move(W)@Move(W)|NoOp@NoOp|NoOp@NoOp
2967116400:NoOp@NoOp|NoOp@NoOp|Move(N)@Move(N)|NoOp@NoOp|NoOp@NoOp
2967174400:NoOp@NoOp|NoOp@NoOp|Move(W)@Move(W)|NoOp@NoOp|NoOp@NoOp
2967232300:NoOp@NoOp|NoOp@NoOp|Move(W)@Move(W)|NoOp@NoOp|NoOp@NoOp
2967290100:NoOp@NoOp|NoOp@NoOp|Move(W)@Move(W)|NoOp@NoOp|NoOp@NoOp
2967349000:NoOp@NoOp|NoOp@NoOp|Move(S)@Move(S)|NoOp@NoOp|NoOp@NoOp
2967407200:NoOp@NoOp|NoOp@NoOp|Move(W)@Move(W)|NoOp@NoOp|NoOp@NoOp
2967463600:NoOp@NoOp|NoOp@NoOp|Move(W)@Move(W)|NoOp@NoOp|NoOp@NoOp
2967523100:NoOp@NoOp|NoOp@NoOp|Move(N)@Move(N)|NoOp@NoOp|NoOp@NoOp
2967581200:NoOp@NoOp|NoOp@NoOp|Move(N)@Move(N)|NoOp@NoOp|NoOp@NoOp
2967639500:NoOp@NoOp|NoOp@NoOp|Move(N)@Move(N)|NoOp@NoOp|NoOp@NoOp
2967697600:NoOp@NoOp|NoOp@NoOp|Move(E)@Move(E)|NoOp@NoOp|NoOp@NoOp
2967755500:NoOp@NoOp|NoOp@NoOp|Move(E)@Move(E)|NoOp@NoOp|NoOp@NoOp
2967813300:NoOp@NoOp|NoOp@NoOp|Move(E)@Move(E)|NoOp@NoOp|NoOp@NoOp
2967871400:NoOp@NoOp|NoOp@NoOp|Move(E)@Move(E)|NoOp@NoOp|NoOp@NoOp
2967932300:NoOp@NoOp|NoOp@NoOp|Move(E)@Move(E)|NoOp@NoOp|NoOp@NoOp
2967990400:NoOp@NoOp|NoOp@NoOp|Move(E)@Move(E)|NoOp@NoOp|NoOp@NoOp
2968048700:NoOp@NoOp|NoOp@NoOp|Move(E)@Move(E)|NoOp@NoOp|NoOp@NoOp
2968106400:NoOp@NoOp|NoOp@NoOp|Move(E)@Move(E)|NoOp@NoOp|NoOp@NoOp
2968164700:NoOp@NoOp|NoOp@NoOp|Move(N)@Move(N)|NoOp@NoOp|NoOp@NoOp
2968222600:NoOp@NoOp|NoOp@NoOp|Move(N)@Move(N)|NoOp@NoOp|NoOp@NoOp
2968280900:NoOp@NoOp|NoOp@NoOp|Move(W)@Move(W)|NoOp@NoOp|NoOp@NoOp
2968363700:NoOp@NoOp|NoOp@NoOp|Move(W)@Move(W)|NoOp@NoOp|NoOp@NoOp
2968449500:NoOp@NoOp|NoOp@NoOp|Move(W)@Move(W)|NoOp@NoOp|NoOp@NoOp
2968528100:NoOp@NoOp|NoOp@NoOp|Move(W)@Move(W)|NoOp@NoOp|NoOp@NoOp
2968587800:NoOp@NoOp|NoOp@NoOp|Move(W)@Move(W)|NoOp@NoOp|NoOp@NoOp
2968645900:NoOp@NoOp|NoOp@NoOp|Move(W)@Move(W)|NoOp@NoOp|NoOp@NoOp
2968703600:NoOp@NoOp|NoOp@NoOp|Move(W)@Move(W)|NoOp@NoOp|NoOp@NoOp
2968761700:NoOp@NoOp|NoOp@NoOp|Move(W)@Move(W)|NoOp@NoOp|NoOp@NoOp
2968819600:NoOp@NoOp|NoOp@NoOp|Move(N)@Move(N)|NoOp@NoOp|NoOp@NoOp
2968878700:NoOp@NoOp|NoOp@NoOp|Move(N)@Move(N)|NoOp@NoOp|NoOp@NoOp
2968937100:NoOp@NoOp|NoOp@NoOp|Move(N)@Move(N)|NoOp@NoOp|NoOp@NoOp
2968995400:NoOp@NoOp|NoOp@NoOp|Move(N)@Move(N)|NoOp@NoOp|NoOp@NoOp
2969053400:NoOp@NoOp|NoOp@NoOp|Move(N)@Move(N)|NoOp@NoOp|NoOp@NoOp
2969112500:NoOp@NoOp|NoOp@NoOp|Move(W)@Move(W)|NoOp@NoOp|NoOp@NoOp
2969170900:NoOp@NoOp|NoOp@NoOp|Move(W)@Move(W)|NoOp@NoOp|NoOp@NoOp
2969240000:NoOp@NoOp|NoOp@NoOp|Move(W)@Move(W)|NoOp@NoOp|NoOp@NoOp
2969296300:NoOp@NoOp|NoOp@NoOp|Move(W)@Move(W)|NoOp@NoOp|NoOp@NoOp
2969355000:NoOp@NoOp|NoOp@NoOp|Push(W,S)@Push(W,S)|NoOp@NoOp|NoOp@NoOp
2969414800:NoOp@NoOp|NoOp@NoOp|Push(S,S)@Push(S,S)|NoOp@NoOp|NoOp@NoOp
2969472300:NoOp@NoOp|NoOp@NoOp|Push(S,S)@Push(S,S)|NoOp@NoOp|NoOp@NoOp
2969531400:NoOp@NoOp|NoOp@NoOp|Push(S,S)@Push(S,S)|NoOp@NoOp|NoOp@NoOp
2969590000:NoOp@NoOp|NoOp@NoOp|Push(S,S)@Push(S,S)|NoOp@NoOp|NoOp@NoOp
2969649100:NoOp@NoOp|NoOp@NoOp|Push(S,E)@Push(S,E)|NoOp@NoOp|NoOp@NoOp
2969708200:NoOp@NoOp|NoOp@NoOp|Push(E,E)@Push(E,E)|NoOp@NoOp|NoOp@NoOp
2969767000:NoOp@NoOp|NoOp@NoOp|Push(E,E)@Push(E,E)|NoOp@NoOp|NoOp@NoOp
2969825900:NoOp@NoOp|NoOp@NoOp|Push(E,E)@Push(E,E)|NoOp@NoOp|NoOp@NoOp
2969884400:NoOp@NoOp|NoOp@NoOp|Push(E,E)@Push(E,E)|NoOp@NoOp|NoOp@NoOp
2969942900:NoOp@NoOp|NoOp@NoOp|Push(E,E)@Push(E,E)|NoOp@NoOp|NoOp@NoOp
2970001600:NoOp@NoOp|NoOp@NoOp|Push(E,E)@Push(E,E)|NoOp@NoOp|NoOp@NoOp
2970059800:NoOp@NoOp|NoOp@NoOp|Push(E,E)@Push(E,E)|NoOp@NoOp|NoOp@NoOp
2970122700:NoOp@NoOp|NoOp@NoOp|Push(E,E)@Push(E,E)|NoOp@NoOp|NoOp@NoOp
2970182100:NoOp@NoOp|NoOp@NoOp|Push(E,E)@Push(E,E)|NoOp@NoOp|NoOp@NoOp
2970241100:NoOp@NoOp|NoOp@NoOp|Push(E,E)@Push(E,E)|NoOp@NoOp|NoOp@NoOp
2970299600:NoOp@NoOp|NoOp@NoOp|Push(E,E)@Push(E,E)|NoOp@NoOp|NoOp@NoOp
2970369400:NoOp@NoOp|NoOp@NoOp|Push(E,E)@Push(E,E)|NoOp@NoOp|NoOp@NoOp
2970428000:NoOp@NoOp|NoOp@NoOp|Push(E,S)@Push(E,S)|NoOp@NoOp|NoOp@NoOp
2970486500:NoOp@NoOp|NoOp@NoOp|Push(S,S)@Push(S,S)|NoOp@NoOp|NoOp@NoOp
2970545800:NoOp@NoOp|NoOp@NoOp|Push(S,W)@Push(S,W)|NoOp@NoOp|NoOp@NoOp
2970605900:NoOp@NoOp|NoOp@NoOp|Push(W,W)@Push(W,W)|NoOp@NoOp|NoOp@NoOp
2970664200:NoOp@NoOp|NoOp@NoOp|Push(W,W)@Push(W,W)|NoOp@NoOp|NoOp@NoOp
2970722600:NoOp@NoOp|NoOp@NoOp|Push(W,W)@Push(W,W)|NoOp@NoOp|NoOp@NoOp
2970780600:NoOp@NoOp|NoOp@NoOp|Push(W,W)@Push(W,W)|NoOp@NoOp|NoOp@NoOp
2970838800:NoOp@NoOp|NoOp@NoOp|Push(W,W)@Push(W,W)|NoOp@NoOp|NoOp@NoOp
2970896800:NoOp@NoOp|NoOp@NoOp|Push(W,W)@Push(W,W)|NoOp@NoOp|NoOp@NoOp
2970955200:NoOp@NoOp|NoOp@NoOp|Push(W,W)@Push(W,W)|NoOp@NoOp|NoOp@NoOp
2971013800:NoOp@NoOp|NoOp@NoOp|Push(W,S)@Push(W,S)|NoOp@NoOp|NoOp@NoOp
2971072100:NoOp@NoOp|NoOp@NoOp|Push(S,S)@Push(S,S)|NoOp@NoOp|NoOp@NoOp
2971130900:NoOp@NoOp|NoOp@NoOp|Push(S,S)@Push(S,S)|NoOp@NoOp|NoOp@NoOp
2971189700:NoOp@NoOp|NoOp@NoOp|Push(S,E)@Push(S,E)|NoOp@NoOp|NoOp@NoOp
2971248100:NoOp@NoOp|NoOp@NoOp|Push(E,E)@Push(E,E)|NoOp@NoOp|NoOp@NoOp
2971306400:NoOp@NoOp|NoOp@NoOp|Push(E,N)@Push(E,N)|NoOp@NoOp|NoOp@NoOp
2971365000:NoOp@NoOp|NoOp@NoOp|Push(N,E)@Push(N,E)|NoOp@NoOp|NoOp@NoOp
2971423500:NoOp@NoOp|NoOp@NoOp|Push(E,E)@Push(E,E)|NoOp@NoOp|NoOp@NoOp
2971480800:NoOp@NoOp|NoOp@NoOp|Push(E,E)@Push(E,E)|NoOp@NoOp|NoOp@NoOp
2971539200:NoOp@NoOp|NoOp@NoOp|Push(E,S)@Push(E,S)|NoOp@NoOp|NoOp@NoOp
2971597500:NoOp@NoOp|NoOp@NoOp|Push(S,E)@Push(S,E)|NoOp@NoOp|NoOp@NoOp
2971655900:NoOp@NoOp|NoOp@NoOp|Push(E,E)@Push(E,E)|NoOp@NoOp|NoOp@NoOp
2971714400:NoOp@NoOp|NoOp@NoOp|Push(E,E)@Push(E,E)|NoOp@NoOp|NoOp@NoOp
2971773300:NoOp@NoOp|NoOp@NoOp|Push(E,N)@Push(E,N)|NoOp@NoOp|NoOp@NoOp
2971832100:NoOp@NoOp|NoOp@NoOp|Push(N,E)@Push(N,E)|NoOp@NoOp|NoOp@NoOp
2971890700:NoOp@NoOp|NoOp@NoOp|Push(E,E)@Push(E,E)|NoOp@NoOp|NoOp@NoOp
2971949300:NoOp@NoOp|NoOp@NoOp|Push(E,S)@Push(E,S)|NoOp@NoOp|NoOp@NoOp
2972007600:NoOp@NoOp|NoOp@NoOp|Push(S,E)@Push(S,E)|NoOp@NoOp|NoOp@NoOp
2972065700:NoOp@NoOp|NoOp@NoOp|Push(E,E)@Push(E,E)|NoOp@NoOp|NoOp@NoOp
2972124800:NoOp@NoOp|NoOp@NoOp|Push(E,E)@Push(E,E)|NoOp@NoOp|NoOp@NoOp
2972190100:NoOp@NoOp|NoOp@NoOp|Push(E,N)@Push(E,N)|NoOp@NoOp|NoOp@NoOp
2972252500:NoOp@NoOp|NoOp@NoOp|Push(N,E)@Push(N,E)|NoOp@NoOp|NoOp@NoOp
2972311000:NoOp@NoOp|NoOp@NoOp|Push(E,E)@Push(E,E)|NoOp@NoOp|NoOp@NoOp
2972371600:NoOp@NoOp|NoOp@NoOp|Push(E,E)@Push(E,E)|NoOp@NoOp|NoOp@NoOp
2972431100:NoOp@NoOp|NoOp@NoOp|Push(E,E)@Push(E,E)|NoOp@NoOp|NoOp@NoOp
2972492800:NoOp@NoOp|NoOp@NoOp|Push(E,E)@Push(E,E)|NoOp@NoOp|NoOp@NoOp
2972551800:NoOp@NoOp|NoOp@NoOp|Push(E,E)@Push(E,E)|NoOp@NoOp|NoOp@NoOp
2972611100:NoOp@NoOp|NoOp@NoOp|Push(E,E)@Push(E,E)|NoOp@NoOp|NoOp@NoOp
2972670100:NoOp@NoOp|NoOp@NoOp|Push(E,N)@Push(E,N)|NoOp@NoOp|NoOp@NoOp
2972728700:NoOp@NoOp|NoOp@NoOp|Push(N,E)@Push(N,E)|NoOp@NoOp|NoOp@NoOp
2972787600:NoOp@NoOp|NoOp@NoOp|Push(E,N)@Push(E,N)|NoOp@NoOp|NoOp@NoOp
2972846200:NoOp@NoOp|NoOp@NoOp|Push(N,E)@Push(N,E)|NoOp@NoOp|NoOp@NoOp
2972904600:NoOp@NoOp|NoOp@NoOp|Push(E,N)@Push(E,N)|NoOp@NoOp|NoOp@NoOp
2972963000:NoOp@NoOp|NoOp@NoOp|Push(N,E)@Push(N,E)|NoOp@NoOp|NoOp@NoOp
2973021600:NoOp@NoOp|NoOp@NoOp|Push(E,N)@Push(E,N)|NoOp@NoOp|NoOp@NoOp
2973080400:NoOp@NoOp|NoOp@NoOp|Push(N,N)@Push(N,N)|NoOp@NoOp|NoOp@NoOp
2973139100:NoOp@NoOp|NoOp@NoOp|Push(N,E)@Push(N,E)|NoOp@NoOp|NoOp@NoOp
2973198000:NoOp@NoOp|NoOp@NoOp|Push(E,E)@Push(E,E)|NoOp@NoOp|NoOp@NoOp
2973256600:NoOp@NoOp|NoOp@NoOp|Move(S)@Move(S)|NoOp@NoOp|NoOp@NoOp
2973315000:NoOp@NoOp|NoOp@NoOp|Move(S)@Move(S)|NoOp@NoOp|NoOp@NoOp
2973373800:NoOp@NoOp|NoOp@NoOp|Move(S)@Move(S)|NoOp@NoOp|NoOp@NoOp
2973432400:NoOp@NoOp|NoOp@NoOp|Move(S)@Move(S)|NoOp@NoOp|NoOp@NoOp
2973490900:NoOp@NoOp|NoOp@NoOp|Move(S)@Move(S)|NoOp@NoOp|NoOp@NoOp
2973549000:NoOp@NoOp|NoOp@NoOp|Move(S)@Move(S)|NoOp@NoOp|NoOp@NoOp
2973608600:NoOp@NoOp|NoOp@NoOp|Move(W)@Move(W)|NoOp@NoOp|NoOp@NoOp
2973666600:NoOp@NoOp|NoOp@NoOp|Move(W)@Move(W)|NoOp@NoOp|NoOp@NoOp
2973724700:NoOp@NoOp|NoOp@NoOp|Move(W)@Move(W)|NoOp@NoOp|NoOp@NoOp
2973782800:NoOp@NoOp|NoOp@NoOp|Move(W)@Move(W)|NoOp@NoOp|NoOp@NoOp
2973847100:NoOp@NoOp|NoOp@NoOp|Move(W)@Move(W)|NoOp@NoOp|NoOp@NoOp
2973904900:NoOp@NoOp|NoOp@NoOp|Move(W)@Move(W)|NoOp@NoOp|NoOp@NoOp
2973963200:NoOp@NoOp|NoOp@NoOp|Move(W)@Move(W)|NoOp@NoOp|NoOp@NoOp
2974021800:NoOp@NoOp|NoOp@NoOp|Move(W)@Move(W)|NoOp@NoOp|NoOp@NoOp
2974079800:NoOp@NoOp|NoOp@NoOp|Move(W)@Move(W)|NoOp@NoOp|NoOp@NoOp
2974138000:NoOp@NoOp|NoOp@NoOp|Move(W)@Move(W)|NoOp@NoOp|NoOp@NoOp
2974195900:NoOp@NoOp|NoOp@NoOp|Move(W)@Move(W)|NoOp@NoOp|NoOp@NoOp
2974253900:NoOp@NoOp|NoOp@NoOp|Move(W)@Move(W)|NoOp@NoOp|NoOp@NoOp
2974312000:NoOp@NoOp|NoOp@NoOp|Move(W)@Move(W)|NoOp@NoOp|NoOp@NoOp
2974375000:NoOp@NoOp|NoOp@NoOp|Move(W)@Move(W)|NoOp@NoOp|NoOp@NoOp
2974439900:NoOp@NoOp|NoOp@NoOp|Move(N)@Move(N)|NoOp@NoOp|NoOp@NoOp
2974529900:NoOp@NoOp|NoOp@NoOp|Move(W)@Move(W)|NoOp@NoOp|NoOp@NoOp
2974618100:NoOp@NoOp|NoOp@NoOp|Move(W)@Move(W)|NoOp@NoOp|NoOp@NoOp
2974709200:NoOp@NoOp|NoOp@NoOp|Move(S)@Move(S)|NoOp@NoOp|NoOp@NoOp
2974804100:NoOp@NoOp|NoOp@NoOp|Move(W)@Move(W)|NoOp@NoOp|NoOp@NoOp
2974873400:NoOp@NoOp|NoOp@NoOp|Move(W)@Move(W)|NoOp@NoOp|NoOp@NoOp
2974937600:NoOp@NoOp|NoOp@NoOp|Move(W)@Move(W)|NoOp@NoOp|NoOp@NoOp
2975025300:NoOp@NoOp|NoOp@NoOp|Move(N)@Move(N)|NoOp@NoOp|NoOp@NoOp
2975096800:NoOp@NoOp|NoOp@NoOp|Move(W)@Move(W)|NoOp@NoOp|NoOp@NoOp
2975160700:NoOp@NoOp|NoOp@NoOp|Move(W)@Move(W)|NoOp@NoOp|NoOp@NoOp
2975228800:NoOp@NoOp|NoOp@NoOp|Move(W)@Move(W)|NoOp@NoOp|NoOp@NoOp
2975299100:NoOp@NoOp|NoOp@NoOp|Move(S)@Move(S)|NoOp@NoOp|NoOp@NoOp
2975360400:NoOp@NoOp|NoOp@NoOp|Move(W)@Move(W)|NoOp@NoOp|NoOp@NoOp
2975420200:NoOp@NoOp|NoOp@NoOp|Move(W)@Move(W)|NoOp@NoOp|NoOp@NoOp
2975477100:NoOp@NoOp|NoOp@NoOp|Move(N)@Move(N)|NoOp@NoOp|NoOp@NoOp
2975554500:NoOp@NoOp|NoOp@NoOp|Move(N)@Move(N)|NoOp@NoOp|NoOp@NoOp
2975627800:NoOp@NoOp|NoOp@NoOp|Move(N)@Move(N)|NoOp@NoOp|NoOp@NoOp
2975687900:NoOp@NoOp|NoOp@NoOp|Move(E)@Move(E)|NoOp@NoOp|NoOp@NoOp
2975757100:NoOp@NoOp|NoOp@NoOp|Move(E)@Move(E)|NoOp@NoOp|NoOp@NoOp
2975817300:NoOp@NoOp|NoOp@NoOp|Move(E)@Move(E)|NoOp@NoOp|NoOp@NoOp
2975877200:NoOp@NoOp|NoOp@NoOp|Move(E)@Move(E)|NoOp@NoOp|NoOp@NoOp
2975937100:NoOp@NoOp|NoOp@NoOp|Move(E)@Move(E)|NoOp@NoOp|NoOp@NoOp
2975997400:NoOp@NoOp|NoOp@NoOp|Move(E)@Move(E)|NoOp@NoOp|NoOp@NoOp
2976057400:NoOp@NoOp|NoOp@NoOp|Move(E)@Move(E)|NoOp@NoOp|NoOp@NoOp
2976117200:NoOp@NoOp|NoOp@NoOp|Move(E)@Move(E)|NoOp@NoOp|NoOp@NoOp
2976177300:NoOp@NoOp|NoOp@NoOp|Move(N)@Move(N)|NoOp@NoOp|NoOp@NoOp
2976237100:NoOp@NoOp|NoOp@NoOp|Move(N)@Move(N)|NoOp@NoOp|NoOp@NoOp
2976296700:NoOp@NoOp|NoOp@NoOp|Move(W)@Move(W)|NoOp@NoOp|NoOp@NoOp
2976356700:NoOp@NoOp|NoOp@NoOp|Move(W)@Move(W)|NoOp@NoOp|NoOp@NoOp
2976416900:NoOp@NoOp|NoOp@NoOp|Move(W)@Move(W)|NoOp@NoOp|NoOp@NoOp
2976475200:NoOp@NoOp|NoOp@NoOp|Move(W)@Move(W)|NoOp@NoOp|NoOp@NoOp
2976535600:NoOp@NoOp|NoOp@NoOp|Move(W)@Move(W)|NoOp@NoOp|NoOp@NoOp
2976596400:NoOp@NoOp|NoOp@NoOp|Move(W)@Move(W)|NoOp@NoOp|NoOp@NoOp
2976656800:NoOp@NoOp|NoOp@NoOp|Move(W)@Move(W)|NoOp@NoOp|NoOp@NoOp
2976717300:NoOp@NoOp|NoOp@NoOp|Move(W)@Move(W)|NoOp@NoOp|NoOp@NoOp
2976777100:NoOp@NoOp|NoOp@NoOp|Move(W)@Move(W)|NoOp@NoOp|NoOp@NoOp
2976844800:NoOp@NoOp|NoOp@NoOp|Move(W)@Move(W)|NoOp@NoOp|NoOp@NoOp
2976905000:NoOp@NoOp|NoOp@NoOp|Move(W)@Move(W)|NoOp@NoOp|NoOp@NoOp
2976965100:NoOp@NoOp|NoOp@NoOp|Move(W)@Move(W)|NoOp@NoOp|NoOp@NoOp
2977025100:NoOp@NoOp|NoOp@NoOp|Move(W)@Move(W)|NoOp@NoOp|NoOp@NoOp
2977084800:NoOp@NoOp|NoOp@NoOp|Move(W)@Move(W)|NoOp@NoOp|NoOp@NoOp
2977145000:NoOp@NoOp|NoOp@NoOp|Pull(E,E)@Pull(E,E)|NoOp@NoOp|NoOp@NoOp
2977206100:NoOp@NoOp|NoOp@NoOp|Pull(E,E)@Pull(E,E)|NoOp@NoOp|NoOp@NoOp
2977267200:NoOp@NoOp|NoOp@NoOp|Pull(E,E)@Pull(E,E)|NoOp@NoOp|NoOp@NoOp
2977327600:NoOp@NoOp|NoOp@NoOp|Pull(E,E)@Pull(E,E)|NoOp@NoOp|NoOp@NoOp
2977388500:NoOp@NoOp|NoOp@NoOp|Pull(E,E)@Pull(E,E)|NoOp@NoOp|NoOp@NoOp
2977460200:NoOp@NoOp|NoOp@NoOp|Pull(E,E)@Pull(E,E)|NoOp@NoOp|NoOp@NoOp
2977520700:NoOp@NoOp|NoOp@NoOp|Pull(E,E)@Pull(E,E)|NoOp@NoOp|NoOp@NoOp
2977595900:NoOp@NoOp|NoOp@NoOp|Pull(E,E)@Pull(E,E)|NoOp@NoOp|NoOp@NoOp
2977657600:NoOp@NoOp|NoOp@NoOp|Pull(E,E)@Pull(E,E)|NoOp@NoOp|NoOp@NoOp
2977719700:NoOp@NoOp|NoOp@NoOp|Pull(E,E)@Pull(E,E)|NoOp@NoOp|NoOp@NoOp
2977781700:NoOp@NoOp|NoOp@NoOp|Pull(E,E)@Pull(E,E)|NoOp@NoOp|NoOp@NoOp
2977843800:NoOp@NoOp|NoOp@NoOp|Pull(E,E)@Pull(E,E)|NoOp@NoOp|NoOp@NoOp
2977905800:NoOp@NoOp|NoOp@NoOp|Pull(E,E)@Pull(E,E)|NoOp@NoOp|NoOp@NoOp
2977967500:NoOp@NoOp|NoOp@NoOp|Pull(E,E)@Pull(E,E)|NoOp@NoOp|NoOp@NoOp
2978029600:NoOp@NoOp|NoOp@NoOp|Pull(E,E)@Pull(E,E)|NoOp@NoOp|NoOp@NoOp
2978091600:NoOp@NoOp|NoOp@NoOp|Push(W,S)@Push(W,S)|NoOp@NoOp|NoOp@NoOp
2978153900:NoOp@NoOp|NoOp@NoOp|Push(S,S)@Push(S,S)|NoOp@NoOp|NoOp@NoOp
2978216000:NoOp@NoOp|NoOp@NoOp|Push(S,W)@Push(S,W)|NoOp@NoOp|NoOp@NoOp
2978278800:NoOp@NoOp|NoOp@NoOp|Push(W,W)@Push(W,W)|NoOp@NoOp|NoOp@NoOp
2978341400:NoOp@NoOp|NoOp@NoOp|Push(W,W)@Push(W,W)|NoOp@NoOp|NoOp@NoOp
2978403700:NoOp@NoOp|NoOp@NoOp|Push(W,W)@Push(W,W)|NoOp@NoOp|NoOp@NoOp
2978466600:NoOp@NoOp|NoOp@NoOp|Push(W,W)@Push(W,W)|NoOp@NoOp|NoOp@NoOp
2978528300:NoOp@NoOp|NoOp@NoOp|Push(W,W)@Push(W,W)|NoOp@NoOp|NoOp@NoOp
2978597400:NoOp@NoOp|NoOp@NoOp|Push(W,W)@Push(W,W)|NoOp@NoOp|NoOp@NoOp
2978669900:NoOp@NoOp|NoOp@NoOp|Push(W,W)@Push(W,W)|NoOp@NoOp|NoOp@NoOp
2978728600:NoOp@NoOp|NoOp@NoOp|Push(W,S)@Push(W,S)|NoOp@NoOp|NoOp@NoOp
2978787800:NoOp@NoOp|NoOp@NoOp|Push(S,S)@Push(S,S)|NoOp@NoOp|NoOp@NoOp
2978847200:NoOp@NoOp|NoOp@NoOp|Push(S,S)@Push(S,S)|NoOp@NoOp|NoOp@NoOp
2978906300:NoOp@NoOp|NoOp@NoOp|Push(S,E)@Push(S,E)|NoOp@NoOp|NoOp@NoOp
2978964900:NoOp@NoOp|NoOp@NoOp|Push(E,E)@Push(E,E)|NoOp@NoOp|NoOp@NoOp
2979023900:NoOp@NoOp|NoOp@NoOp|Push(E,N)@Push(E,N)|NoOp@NoOp|NoOp@NoOp
2979086600:NoOp@NoOp|NoOp@NoOp|Push(N,E)@Push(N,E)|NoOp@NoOp|NoOp@NoOp
2979145300:NoOp@NoOp|NoOp@NoOp|Push(E,E)@Push(E,E)|NoOp@NoOp|NoOp@NoOp
2979210100:NoOp@NoOp|NoOp@NoOp|Push(E,E)@Push(E,E)|NoOp@NoOp|NoOp@NoOp
2979269000:NoOp@NoOp|NoOp@NoOp|Push(E,S)@Push(E,S)|NoOp@NoOp|NoOp@NoOp
2979328300:NoOp@NoOp|NoOp@NoOp|Push(S,E)@Push(S,E)|NoOp@NoOp|NoOp@NoOp
2979387000:NoOp@NoOp|NoOp@NoOp|Push(E,E)@Push(E,E)|NoOp@NoOp|NoOp@NoOp
2979451200:NoOp@NoOp|NoOp@NoOp|Push(E,E)@Push(E,E)|NoOp@NoOp|NoOp@NoOp
2979510300:NoOp@NoOp|NoOp@NoOp|Push(E,N)@Push(E,N)|NoOp@NoOp|NoOp@NoOp
2979586400:NoOp@NoOp|NoOp@NoOp|Push(N,E)@Push(N,E)|NoOp@NoOp|NoOp@NoOp
2979652100:NoOp@NoOp|NoOp@NoOp|Push(E,E)@Push(E,E)|NoOp@NoOp|NoOp@NoOp
2979717300:NoOp@NoOp|NoOp@NoOp|Push(E,S)@Push(E,S)|NoOp@NoOp|NoOp@NoOp
2979783300:NoOp@NoOp|NoOp@NoOp|Push(S,E)@Push(S,E)|NoOp@NoOp|NoOp@NoOp
2979848700:NoOp@NoOp|NoOp@NoOp|Push(E,E)@Push(E,E)|NoOp@NoOp|NoOp@NoOp
2979914400:NoOp@NoOp|NoOp@NoOp|Push(E,E)@Push(E,E)|NoOp@NoOp|NoOp@NoOp
2979980200:NoOp@NoOp|NoOp@NoOp|Push(E,N)@Push(E,N)|NoOp@NoOp|NoOp@NoOp
2980045700:NoOp@NoOp|NoOp@NoOp|Push(N,E)@Push(N,E)|NoOp@NoOp|NoOp@NoOp
2980110700:NoOp@NoOp|NoOp@NoOp|Push(E,E)@Push(E,E)|NoOp@NoOp|NoOp@NoOp
2980175600:NoOp@NoOp|NoOp@NoOp|Push(E,E)@Push(E,E)|NoOp@NoOp|NoOp@NoOp
2980254600:NoOp@NoOp|NoOp@NoOp|Push(E,E)@Push(E,E)|NoOp@NoOp|NoOp@NoOp
2980336900:NoOp@NoOp|NoOp@NoOp|Push(E,E)@Push(E,E)|NoOp@NoOp|NoOp@NoOp
2980415200:NoOp@NoOp|NoOp@NoOp|Push(E,E)@Push(E,E)|NoOp@NoOp|NoOp@NoOp
2980482100:NoOp@NoOp|NoOp@NoOp|Push(E,E)@Push(E,E)|NoOp@NoOp|NoOp@NoOp
2980548100:NoOp@NoOp|NoOp@NoOp|Push(E,N)@Push(E,N)|NoOp@NoOp|NoOp@NoOp
2980626400:NoOp@NoOp|NoOp@NoOp|Push(N,E)@Push(N,E)|NoOp@NoOp|NoOp@NoOp
2980685900:NoOp@NoOp|NoOp@NoOp|Push(E,N)@Push(E,N)|NoOp@NoOp|NoOp@NoOp
2980744900:NoOp@NoOp|NoOp@NoOp|Push(N,E)@Push(N,E)|NoOp@NoOp|NoOp@NoOp
2980803700:NoOp@NoOp|NoOp@NoOp|Push(E,N)@Push(E,N)|NoOp@NoOp|NoOp@NoOp
2980862600:NoOp@NoOp|NoOp@NoOp|Push(N,E)@Push(N,E)|NoOp@NoOp|NoOp@NoOp
2980921300:NoOp@NoOp|NoOp@NoOp|Push(E,N)@Push(E,N)|NoOp@NoOp|NoOp@NoOp
2980980300:NoOp@NoOp|NoOp@NoOp|Push(N,E)@Push(N,E)|NoOp@NoOp|NoOp@NoOp
2981045300:NoOp@NoOp|NoOp@NoOp|Push(E,E)@Push(E,E)|NoOp@NoOp|NoOp@NoOp
2981104200:NoOp@NoOp|NoOp@NoOp|Push(E,E)@Push(E,E)|NoOp@NoOp|NoOp@NoOp
2981162700:NoOp@NoOp|NoOp@NoOp|Push(E,N)@Push(E,N)|NoOp@NoOp|NoOp@NoOp
2981221700:Move(N)@Move(N)|NoOp@NoOp|NoOp@NoOp|NoOp@NoOp|NoOp@NoOp
2981281300:NoOp@NoOp|NoOp@NoOp|Move(S)@Move(S)|NoOp@NoOp|NoOp@NoOp
2981344300:NoOp@NoOp|NoOp@NoOp|Move(S)@Move(S)|NoOp@NoOp|NoOp@NoOp
2981402600:NoOp@NoOp|NoOp@NoOp|Move(S)@Move(S)|NoOp@NoOp|NoOp@NoOp
2981465300:NoOp@NoOp|NoOp@NoOp|Move(S)@Move(S)|NoOp@NoOp|NoOp@NoOp
2981526500:NoOp@NoOp|NoOp@NoOp|Move(S)@Move(S)|NoOp@NoOp|NoOp@NoOp
2981584700:NoOp@NoOp|NoOp@NoOp|Move(W)@Move(W)|NoOp@NoOp|NoOp@NoOp
2981660300:NoOp@NoOp|NoOp@NoOp|Move(W)@Move(W)|NoOp@NoOp|NoOp@NoOp
2981721800:NoOp@NoOp|NoOp@NoOp|Move(W)@Move(W)|NoOp@NoOp|NoOp@NoOp
2981783400:NoOp@NoOp|NoOp@NoOp|Move(W)@Move(W)|NoOp@NoOp|NoOp@NoOp
2981845200:NoOp@NoOp|NoOp@NoOp|Move(W)@Move(W)|NoOp@NoOp|NoOp@NoOp
2981906800:NoOp@NoOp|NoOp@NoOp|Move(W)@Move(W)|NoOp@NoOp|NoOp@NoOp
2981968000:NoOp@NoOp|NoOp@NoOp|Move(W)@Move(W)|NoOp@NoOp|NoOp@NoOp
2982029700:NoOp@NoOp|NoOp@NoOp|Move(W)@Move(W)|NoOp@NoOp|NoOp@NoOp
2982093300:NoOp@NoOp|NoOp@NoOp|Move(W)@Move(W)|NoOp@NoOp|NoOp@NoOp
2982157400:NoOp@NoOp|NoOp@NoOp|Move(W)@Move(W)|NoOp@NoOp|NoOp@NoOp
2982236700:NoOp@NoOp|NoOp@NoOp|Move(W)@Move(W)|NoOp@NoOp|NoOp@NoOp
2982319600:NoOp@NoOp|NoOp@NoOp|Move(W)@Move(W)|NoOp@NoOp|NoOp@NoOp
2982397300:NoOp@NoOp|NoOp@NoOp|Move(W)@Move(W)|NoOp@NoOp|NoOp@NoOp
2982467100:NoOp@NoOp|NoOp@NoOp|Move(W)@Move(W)|NoOp@NoOp|NoOp@NoOp
2982528800:NoOp@NoOp|NoOp@NoOp|Move(W)@Move(W)|NoOp@NoOp|NoOp@NoOp
2982603400:NoOp@NoOp|NoOp@NoOp|Move(W)@Move(W)|NoOp@NoOp|NoOp@NoOp
2982663400:NoOp@NoOp|NoOp@NoOp|Move(N)@Move(N)|NoOp@NoOp|NoOp@NoOp
2982723500:NoOp@NoOp|NoOp@NoOp|Move(W)@Move(W)|NoOp@NoOp|NoOp@NoOp
2982783500:NoOp@NoOp|NoOp@NoOp|Move(W)@Move(W)|NoOp@NoOp|NoOp@NoOp
2982843300:NoOp@NoOp|NoOp@NoOp|Move(S)@Move(S)|NoOp@NoOp|NoOp@NoOp
2982909200:NoOp@NoOp|NoOp@NoOp|Move(W)@Move(W)|NoOp@NoOp|NoOp@NoOp
2982969100:NoOp@NoOp|NoOp@NoOp|Move(W)@Move(W)|NoOp@NoOp|NoOp@NoOp
2983029400:NoOp@NoOp|NoOp@NoOp|Move(W)@Move(W)|NoOp@NoOp|NoOp@NoOp
2983089400:NoOp@NoOp|NoOp@NoOp|Move(N)@Move(N)|NoOp@NoOp|NoOp@NoOp
2983149200:NoOp@NoOp|NoOp@NoOp|Move(W)@Move(W)|NoOp@NoOp|NoOp@NoOp
2983209100:NoOp@NoOp|NoOp@NoOp|Move(W)@Move(W)|NoOp@NoOp|NoOp@NoOp
2983269700:NoOp@NoOp|NoOp@NoOp|Move(W)@Move(W)|NoOp@NoOp|NoOp@NoOp
2983329700:NoOp@NoOp|NoOp@NoOp|Move(S)@Move(S)|NoOp@NoOp|NoOp@NoOp
2983389800:NoOp@NoOp|NoOp@NoOp|Move(W)@Move(W)|NoOp@NoOp|NoOp@NoOp
2983455300:NoOp@NoOp|NoOp@NoOp|Move(W)@Move(W)|NoOp@NoOp|NoOp@NoOp
2983513400:NoOp@NoOp|NoOp@NoOp|Move(N)@Move(N)|NoOp@NoOp|NoOp@NoOp
2983573200:NoOp@NoOp|NoOp@NoOp|Move(N)@Move(N)|NoOp@NoOp|NoOp@NoOp
2983648300:NoOp@NoOp|NoOp@NoOp|Move(N)@Move(N)|NoOp@NoOp|NoOp@NoOp
2983715700:NoOp@NoOp|NoOp@NoOp|Move(E)@Move(E)|NoOp@NoOp|NoOp@NoOp
2983777300:NoOp@NoOp|NoOp@NoOp|Move(E)@Move(E)|NoOp@NoOp|NoOp@NoOp
2983838700:NoOp@NoOp|NoOp@NoOp|Move(E)@Move(E)|NoOp@NoOp|NoOp@NoOp
2983900200:NoOp@NoOp|NoOp@NoOp|Move(E)@Move(E)|NoOp@NoOp|NoOp@NoOp
2983961700:NoOp@NoOp|NoOp@NoOp|Move(E)@Move(E)|NoOp@NoOp|NoOp@NoOp
2984022900:NoOp@NoOp|NoOp@NoOp|Move(E)@Move(E)|NoOp@NoOp|NoOp@NoOp
2984084300:NoOp@NoOp|NoOp@NoOp|Move(E)@Move(E)|NoOp@NoOp|NoOp@NoOp
2984146600:NoOp@NoOp|NoOp@NoOp|Move(E)@Move(E)|NoOp@NoOp|NoOp@NoOp
2984208000:NoOp@NoOp|NoOp@NoOp|Move(N)@Move(N)|NoOp@NoOp|NoOp@NoOp
2984270700:NoOp@NoOp|NoOp@NoOp|Move(N)@Move(N)|NoOp@NoOp|NoOp@NoOp
2984332000:NoOp@NoOp|NoOp@NoOp|Move(W)@Move(W)|NoOp@NoOp|NoOp@NoOp
2984393700:NoOp@NoOp|NoOp@NoOp|Move(W)@Move(W)|NoOp@NoOp|NoOp@NoOp
2984454800:NoOp@NoOp|NoOp@NoOp|Move(W)@Move(W)|NoOp@NoOp|NoOp@NoOp
2984516200:NoOp@NoOp|NoOp@NoOp|Move(W)@Move(W)|NoOp@NoOp|NoOp@NoOp
2984577600:NoOp@NoOp|NoOp@NoOp|Move(W)@Move(W)|NoOp@NoOp|NoOp@NoOp
2984645100:NoOp@NoOp|NoOp@NoOp|Move(W)@Move(W)|NoOp@NoOp|NoOp@NoOp
2984706100:NoOp@NoOp|NoOp@NoOp|Move(W)@Move(W)|NoOp@NoOp|NoOp@NoOp
2984767300:NoOp@NoOp|NoOp@NoOp|Move(W)@Move(W)|NoOp@NoOp|NoOp@NoOp
2984828900:NoOp@NoOp|NoOp@NoOp|Move(N)@Move(N)|NoOp@NoOp|NoOp@NoOp
2984890600:NoOp@NoOp|NoOp@NoOp|Move(N)@Move(N)|NoOp@NoOp|NoOp@NoOp
2984952700:NoOp@NoOp|NoOp@NoOp|Move(N)@Move(N)|NoOp@NoOp|NoOp@NoOp
2985014800:NoOp@NoOp|NoOp@NoOp|Move(N)@Move(N)|NoOp@NoOp|NoOp@NoOp
2985076200:NoOp@NoOp|NoOp@NoOp|Move(N)@Move(N)|NoOp@NoOp|NoOp@NoOp
2985137100:NoOp@NoOp|NoOp@NoOp|Move(W)@Move(W)|NoOp@NoOp|NoOp@NoOp
2985198600:NoOp@NoOp|NoOp@NoOp|Move(W)@Move(W)|NoOp@NoOp|NoOp@NoOp
2985277600:NoOp@NoOp|NoOp@NoOp|Move(W)@Move(W)|NoOp@NoOp|NoOp@NoOp
2985339400:NoOp@NoOp|NoOp@NoOp|Move(W)@Move(W)|NoOp@NoOp|NoOp@NoOp
2985400700:NoOp@NoOp|NoOp@NoOp|Move(W)@Move(W)|NoOp@NoOp|NoOp@NoOp
2985466600:NoOp@NoOp|NoOp@NoOp|Push(W,S)@Push(W,S)|NoOp@NoOp|NoOp@NoOp
2985542500:NoOp@NoOp|NoOp@NoOp|Push(S,S)@Push(S,S)|NoOp@NoOp|NoOp@NoOp
2985617600:NoOp@NoOp|NoOp@NoOp|Push(S,S)@Push(S,S)|NoOp@NoOp|NoOp@NoOp
2985677100:NoOp@NoOp|NoOp@NoOp|Push(S,S)@Push(S,S)|NoOp@NoOp|NoOp@NoOp
2985735900:NoOp@NoOp|NoOp@NoOp|Push(S,S)@Push(S,S)|NoOp@NoOp|NoOp@NoOp
2985795000:NoOp@NoOp|NoOp@NoOp|Push(S,E)@Push(S,E)|NoOp@NoOp|NoOp@NoOp
2985854000:NoOp@NoOp|NoOp@NoOp|Push(E,E)@Push(E,E)|NoOp@NoOp|NoOp@NoOp
2985913300:NoOp@NoOp|NoOp@NoOp|Push(E,E)@Push(E,E)|NoOp@NoOp|NoOp@NoOp
2985975400:NoOp@NoOp|NoOp@NoOp|Push(E,E)@Push(E,E)|NoOp@NoOp|NoOp@NoOp
2986033900:NoOp@NoOp|NoOp@NoOp|Push(E,E)@Push(E,E)|NoOp@NoOp|NoOp@NoOp
2986092900:NoOp@NoOp|NoOp@NoOp|Push(E,E)@Push(E,E)|NoOp@NoOp|NoOp@NoOp
2986151500:NoOp@NoOp|NoOp@NoOp|Push(E,E)@Push(E,E)|NoOp@NoOp|NoOp@NoOp
2986210000:NoOp@NoOp|NoOp@NoOp|Push(E,E)@Push(E,E)|NoOp@NoOp|NoOp@NoOp
2986268800:NoOp@NoOp|NoOp@NoOp|Push(E,E)@Push(E,E)|NoOp@NoOp|NoOp@NoOp
2986327200:NoOp@NoOp|NoOp@NoOp|Push(E,E)@Push(E,E)|NoOp@NoOp|NoOp@NoOp
2986391400:NoOp@NoOp|NoOp@NoOp|Push(E,E)@Push(E,E)|NoOp@NoOp|NoOp@NoOp
2986449700:NoOp@NoOp|NoOp@NoOp|Push(E,E)@Push(E,E)|NoOp@NoOp|NoOp@NoOp
2986508700:NoOp@NoOp|NoOp@NoOp|Push(E,E)@Push(E,E)|NoOp@NoOp|NoOp@NoOp
2986583400:NoOp@NoOp|NoOp@NoOp|Push(E,E)@Push(E,E)|NoOp@NoOp|NoOp@NoOp
2986648600:NoOp@NoOp|NoOp@NoOp|Push(E,S)@Push(E,S)|NoOp@NoOp|NoOp@NoOp
2986714500:NoOp@NoOp|NoOp@NoOp|Push(S,S)@Push(S,S)|NoOp@NoOp|NoOp@NoOp
2986780900:NoOp@NoOp|NoOp@NoOp|Push(S,W)@Push(S,W)|NoOp@NoOp|NoOp@NoOp
2986846200:NoOp@NoOp|NoOp@NoOp|Push(W,W)@Push(W,W)|NoOp@NoOp|NoOp@NoOp
2986911200:NoOp@NoOp|NoOp@NoOp|Push(W,W)@Push(W,W)|NoOp@NoOp|NoOp@NoOp
2986977500:NoOp@NoOp|NoOp@NoOp|Push(W,W)@Push(W,W)|NoOp@NoOp|NoOp@NoOp
2987042600:NoOp@NoOp|NoOp@NoOp|Push(W,W)@Push(W,W)|NoOp@NoOp|NoOp@NoOp
2987107600:NoOp@NoOp|NoOp@NoOp|Push(W,W)@Push(W,W)|NoOp@NoOp|NoOp@NoOp
2987172700:NoOp@NoOp|NoOp@NoOp|Push(W,W)@Push(W,W)|NoOp@NoOp|NoOp@NoOp
2987237000:NoOp@NoOp|NoOp@NoOp|Push(W,W)@Push(W,W)|NoOp@NoOp|NoOp@NoOp
2987301700:NoOp@NoOp|NoOp@NoOp|Push(W,S)@Push(W,S)|NoOp@NoOp|NoOp@NoOp
2987366900:NoOp@NoOp|NoOp@NoOp|Push(S,S)@Push(S,S)|NoOp@NoOp|NoOp@NoOp
2987435400:NoOp@NoOp|NoOp@NoOp|Push(S,S)@Push(S,S)|NoOp@NoOp|NoOp@NoOp
2987501100:NoOp@NoOp|NoOp@NoOp|Push(S,E)@Push(S,E)|NoOp@NoOp|NoOp@NoOp
2987566300:NoOp@NoOp|NoOp@NoOp|Push(E,E)@Push(E,E)|NoOp@NoOp|NoOp@NoOp
2987641700:NoOp@NoOp|NoOp@NoOp|Push(E,N)@Push(E,N)|NoOp@NoOp|NoOp@NoOp
2987700800:NoOp@NoOp|NoOp@NoOp|Push(N,E)@Push(N,E)|NoOp@NoOp|NoOp@NoOp
2987759200:NoOp@NoOp|NoOp@NoOp|Push(E,E)@Push(E,E)|NoOp@NoOp|NoOp@NoOp
2987817900:NoOp@NoOp|NoOp@NoOp|Push(E,E)@Push(E,E)|NoOp@NoOp|NoOp@NoOp
2987876600:NoOp@NoOp|NoOp@NoOp|Push(E,S)@Push(E,S)|NoOp@NoOp|NoOp@NoOp
2987936100:NoOp@NoOp|NoOp@NoOp|Push(S,E)@Push(S,E)|NoOp@NoOp|NoOp@NoOp
2987994400:NoOp@NoOp|NoOp@NoOp|Push(E,E)@Push(E,E)|NoOp@NoOp|NoOp@NoOp
2988053100:NoOp@NoOp|NoOp@NoOp|Push(E,E)@Push(E,E)|NoOp@NoOp|NoOp@NoOp
2988111300:NoOp@NoOp|NoOp@NoOp|Push(E,N)@Push(E,N)|NoOp@NoOp|NoOp@NoOp
2989076700:NoOp@NoOp|NoOp@NoOp|Push(N,E)@Push(N,E)|NoOp@NoOp|NoOp@NoOp
2989168700:NoOp@NoOp|NoOp@NoOp|Push(E,E)@Push(E,E)|NoOp@NoOp|NoOp@NoOp
2989259300:NoOp@NoOp|NoOp@NoOp|Push(E,S)@Push(E,S)|NoOp@NoOp|NoOp@NoOp
2989342400:NoOp@NoOp|NoOp@NoOp|Push(S,E)@Push(S,E)|NoOp@NoOp|NoOp@NoOp
2989414400:NoOp@NoOp|NoOp@NoOp|Push(E,E)@Push(E,E)|NoOp@NoOp|NoOp@NoOp
2989486100:NoOp@NoOp|NoOp@NoOp|Push(E,E)@Push(E,E)|NoOp@NoOp|NoOp@NoOp
2989546100:NoOp@NoOp|NoOp@NoOp|Push(E,N)@Push(E,N)|NoOp@NoOp|NoOp@NoOp
2989600800:NoOp@NoOp|NoOp@NoOp|Push(N,E)@Push(N,E)|NoOp@NoOp|NoOp@NoOp
2989680900:NoOp@NoOp|NoOp@NoOp|Push(E,E)@Push(E,E)|NoOp@NoOp|NoOp@NoOp
2989744200:NoOp@NoOp|NoOp@NoOp|Push(E,E)@Push(E,E)|NoOp@NoOp|NoOp@NoOp
2989799200:NoOp@NoOp|NoOp@NoOp|Push(E,E)@Push(E,E)|NoOp@NoOp|NoOp@NoOp
2989865500:NoOp@NoOp|NoOp@NoOp|Push(E,E)@Push(E,E)|NoOp@NoOp|NoOp@NoOp
2989925600:NoOp@NoOp|NoOp@NoOp|Push(E,E)@Push(E,E)|NoOp@NoOp|NoOp@NoOp
2989980400:NoOp@NoOp|NoOp@NoOp|Push(E,E)@Push(E,E)|NoOp@NoOp|NoOp@NoOp
2990048000:NoOp@NoOp|NoOp@NoOp|Push(E,N)@Push(E,N)|NoOp@NoOp|NoOp@NoOp
2990119100:NoOp@NoOp|NoOp@NoOp|Push(N,E)@Push(N,E)|NoOp@NoOp|NoOp@NoOp
2990184800:NoOp@NoOp|NoOp@NoOp|Push(E,N)@Push(E,N)|NoOp@NoOp|NoOp@NoOp
2990246500:NoOp@NoOp|NoOp@NoOp|Push(N,E)@Push(N,E)|NoOp@NoOp|NoOp@NoOp
2990308700:NoOp@NoOp|NoOp@NoOp|Push(E,N)@Push(E,N)|NoOp@NoOp|NoOp@NoOp
2990371400:NoOp@NoOp|NoOp@NoOp|Push(N,E)@Push(N,E)|NoOp@NoOp|NoOp@NoOp
2990433000:NoOp@NoOp|NoOp@NoOp|Push(E,N)@Push(E,N)|NoOp@NoOp|NoOp@NoOp
2990539000:NoOp@NoOp|NoOp@NoOp|Push(N,E)@Push(N,E)|NoOp@NoOp|NoOp@NoOp
2990611800:NoOp@NoOp|NoOp@NoOp|Push(E,E)@Push(E,E)|NoOp@NoOp|NoOp@NoOp
2990678000:NoOp@NoOp|NoOp@NoOp|Push(E,E)@Push(E,E)|NoOp@NoOp|NoOp@NoOp
2990735200:NoOp@NoOp|NoOp@NoOp|Push(E,E)@Push(E,E)|NoOp@NoOp|NoOp@NoOp
2990789900:NoOp@NoOp|NoOp@NoOp|Push(E,N)@Push(E,N)|NoOp@NoOp|NoOp@NoOp
2990857500:Move(E)@Move(E)|NoOp@NoOp|NoOp@NoOp|NoOp@NoOp|NoOp@NoOp
2990930300:NoOp@NoOp|NoOp@NoOp|Move(S)@Move(S)|NoOp@NoOp|NoOp@NoOp
2990983900:NoOp@NoOp|NoOp@NoOp|Move(S)@Move(S)|NoOp@NoOp|NoOp@NoOp
2991036500:NoOp@NoOp|NoOp@NoOp|Move(S)@Move(S)|NoOp@NoOp|NoOp@NoOp
2991103500:NoOp@NoOp|NoOp@NoOp|Move(S)@Move(S)|NoOp@NoOp|NoOp@NoOp
2991166600:NoOp@NoOp|NoOp@NoOp|Move(S)@Move(S)|NoOp@NoOp|NoOp@NoOp
2991220100:NoOp@NoOp|NoOp@NoOp|Move(W)@Move(W)|NoOp@NoOp|NoOp@NoOp
2991288700:NoOp@NoOp|NoOp@NoOp|Move(W)@Move(W)|NoOp@NoOp|NoOp@NoOp
2991348900:NoOp@NoOp|NoOp@NoOp|Move(W)@Move(W)|NoOp@NoOp|NoOp@NoOp
2991403200:NoOp@NoOp|NoOp@NoOp|Move(W)@Move(W)|NoOp@NoOp|NoOp@NoOp
2991463800:NoOp@NoOp|NoOp@NoOp|Move(W)@Move(W)|NoOp@NoOp|NoOp@NoOp
2991531000:NoOp@NoOp|NoOp@NoOp|Move(W)@Move(W)|NoOp@NoOp|NoOp@NoOp
2991612800:NoOp@NoOp|NoOp@NoOp|Move(W)@Move(W)|NoOp@NoOp|NoOp@NoOp
2991680900:NoOp@NoOp|NoOp@NoOp|Move(W)@Move(W)|NoOp@NoOp|NoOp@NoOp
2991748100:NoOp@NoOp|NoOp@NoOp|Move(W)@Move(W)|NoOp@NoOp|NoOp@NoOp
2991814800:NoOp@NoOp|NoOp@NoOp|Move(W)@Move(W)|NoOp@NoOp|NoOp@NoOp
2991881100:NoOp@NoOp|NoOp@NoOp|Move(W)@Move(W)|NoOp@NoOp|NoOp@NoOp
2991948100:NoOp@NoOp|NoOp@NoOp|Move(W)@Move(W)|NoOp@NoOp|NoOp@NoOp
2992015000:NoOp@NoOp|NoOp@NoOp|Move(W)@Move(W)|NoOp@NoOp|NoOp@NoOp
2992081800:NoOp@NoOp|NoOp@NoOp|Move(W)@Move(W)|NoOp@NoOp|NoOp@NoOp
2992148300:NoOp@NoOp|NoOp@NoOp|Move(W)@Move(W)|NoOp@NoOp|NoOp@NoOp
2992214700:NoOp@NoOp|NoOp@NoOp|Move(W)@Move(W)|NoOp@NoOp|NoOp@NoOp
2992281100:NoOp@NoOp|NoOp@NoOp|Move(W)@Move(W)|NoOp@NoOp|NoOp@NoOp
2992347400:NoOp@NoOp|NoOp@NoOp|Move(N)@Move(N)|NoOp@NoOp|NoOp@NoOp
2992414100:NoOp@NoOp|NoOp@NoOp|Move(W)@Move(W)|NoOp@NoOp|NoOp@NoOp
2992480500:NoOp@NoOp|NoOp@NoOp|Move(W)@Move(W)|NoOp@NoOp|NoOp@NoOp
2992547000:NoOp@NoOp|NoOp@NoOp|Move(S)@Move(S)|NoOp@NoOp|NoOp@NoOp
2992629800:NoOp@NoOp|NoOp@NoOp|Move(W)@Move(W)|NoOp@NoOp|NoOp@NoOp
2992689600:NoOp@NoOp|NoOp@NoOp|Move(W)@Move(W)|NoOp@NoOp|NoOp@NoOp
2992749400:NoOp@NoOp|NoOp@NoOp|Move(W)@Move(W)|NoOp@NoOp|NoOp@NoOp
2992809400:NoOp@NoOp|NoOp@NoOp|Move(N)@Move(N)|NoOp@NoOp|NoOp@NoOp
2992869100:NoOp@NoOp|NoOp@NoOp|Move(W)@Move(W)|NoOp@NoOp|NoOp@NoOp
2992928600:NoOp@NoOp|NoOp@NoOp|Move(W)@Move(W)|NoOp@NoOp|NoOp@NoOp
2992988300:NoOp@NoOp|NoOp@NoOp|Move(W)@Move(W)|NoOp@NoOp|NoOp@NoOp
2993047900:NoOp@NoOp|NoOp@NoOp|Move(S)@Move(S)|NoOp@NoOp|NoOp@NoOp
2993107800:NoOp@NoOp|NoOp@NoOp|Move(W)@Move(W)|NoOp@NoOp|NoOp@NoOp
2993168000:NoOp@NoOp|NoOp@NoOp|Move(W)@Move(W)|NoOp@NoOp|NoOp@NoOp
2993227300:NoOp@NoOp|NoOp@NoOp|Move(N)@Move(N)|NoOp@NoOp|NoOp@NoOp
2993287200:NoOp@NoOp|NoOp@NoOp|Move(N)@Move(N)|NoOp@NoOp|NoOp@NoOp
2993346600:NoOp@NoOp|NoOp@NoOp|Move(N)@Move(N)|NoOp@NoOp|NoOp@NoOp
2993406400:NoOp@NoOp|NoOp@NoOp|Move(E)@Move(E)|NoOp@NoOp|NoOp@NoOp
2993466100:NoOp@NoOp|NoOp@NoOp|Move(E)@Move(E)|NoOp@NoOp|NoOp@NoOp
2993527400:NoOp@NoOp|NoOp@NoOp|Move(E)@Move(E)|NoOp@NoOp|NoOp@NoOp
2993601600:NoOp@NoOp|NoOp@NoOp|Move(E)@Move(E)|NoOp@NoOp|NoOp@NoOp
2993663200:NoOp@NoOp|NoOp@NoOp|Move(E)@Move(E)|NoOp@NoOp|NoOp@NoOp
2993727400:NoOp@NoOp|NoOp@NoOp|Move(E)@Move(E)|NoOp@NoOp|NoOp@NoOp
2993788700:NoOp@NoOp|NoOp@NoOp|Move(E)@Move(E)|NoOp@NoOp|NoOp@NoOp
2993849900:NoOp@NoOp|NoOp@NoOp|Move(E)@Move(E)|NoOp@NoOp|NoOp@NoOp
2993911000:NoOp@NoOp|NoOp@NoOp|Move(N)@Move(N)|NoOp@NoOp|NoOp@NoOp
2993972500:NoOp@NoOp|NoOp@NoOp|Move(N)@Move(N)|NoOp@NoOp|NoOp@NoOp
2994033700:NoOp@NoOp|NoOp@NoOp|Move(W)@Move(W)|NoOp@NoOp|NoOp@NoOp
2994095300:NoOp@NoOp|NoOp@NoOp|Move(W)@Move(W)|NoOp@NoOp|NoOp@NoOp
2994156100:NoOp@NoOp|NoOp@NoOp|Move(W)@Move(W)|NoOp@NoOp|NoOp@NoOp
2994217300:NoOp@NoOp|NoOp@NoOp|Move(W)@Move(W)|NoOp@NoOp|NoOp@NoOp
2994279000:NoOp@NoOp|NoOp@NoOp|Move(W)@Move(W)|NoOp@NoOp|NoOp@NoOp
2994339900:NoOp@NoOp|NoOp@NoOp|Move(W)@Move(W)|NoOp@NoOp|NoOp@NoOp
2994401400:NoOp@NoOp|NoOp@NoOp|Move(W)@Move(W)|NoOp@NoOp|NoOp@NoOp
2994462400:NoOp@NoOp|NoOp@NoOp|Move(W)@Move(W)|NoOp@NoOp|NoOp@NoOp
2994523700:NoOp@NoOp|NoOp@NoOp|Move(W)@Move(W)|NoOp@NoOp|NoOp@NoOp
2994602400:NoOp@NoOp|NoOp@NoOp|Move(W)@Move(W)|NoOp@NoOp|NoOp@NoOp
2994667000:NoOp@NoOp|NoOp@NoOp|Move(W)@Move(W)|NoOp@NoOp|NoOp@NoOp
2994731900:NoOp@NoOp|NoOp@NoOp|Move(W)@Move(W)|NoOp@NoOp|NoOp@NoOp
2994798500:NoOp@NoOp|NoOp@NoOp|Move(W)@Move(W)|NoOp@NoOp|NoOp@NoOp
2994863000:NoOp@NoOp|NoOp@NoOp|Move(W)@Move(W)|NoOp@NoOp|NoOp@NoOp
2994927500:NoOp@NoOp|NoOp@NoOp|Move(W)@Move(W)|NoOp@NoOp|NoOp@NoOp
2994993300:NoOp@NoOp|NoOp@NoOp|Pull(E,E)@Pull(E,E)|NoOp@NoOp|NoOp@NoOp
2995059300:NoOp@NoOp|NoOp@NoOp|Pull(E,E)@Pull(E,E)|NoOp@NoOp|NoOp@NoOp
2995128400:NoOp@NoOp|NoOp@NoOp|Pull(E,E)@Pull(E,E)|NoOp@NoOp|NoOp@NoOp
2995193600:NoOp@NoOp|NoOp@NoOp|Pull(E,E)@Pull(E,E)|NoOp@NoOp|NoOp@NoOp
2995258500:NoOp@NoOp|NoOp@NoOp|Pull(E,E)@Pull(E,E)|NoOp@NoOp|NoOp@NoOp
2995323700:NoOp@NoOp|NoOp@NoOp|Pull(E,E)@Pull(E,E)|NoOp@NoOp|NoOp@NoOp
2995388900:NoOp@NoOp|NoOp@NoOp|Pull(E,E)@Pull(E,E)|NoOp@NoOp|NoOp@NoOp
2995454100:NoOp@NoOp|NoOp@NoOp|Pull(E,E)@Pull(E,E)|NoOp@NoOp|NoOp@NoOp
2995520400:NoOp@NoOp|NoOp@NoOp|Pull(E,E)@Pull(E,E)|NoOp@NoOp|NoOp@NoOp
2995585300:NoOp@NoOp|NoOp@NoOp|Pull(E,E)@Pull(E,E)|NoOp@NoOp|NoOp@NoOp
2995660300:NoOp@NoOp|NoOp@NoOp|Pull(E,E)@Pull(E,E)|NoOp@NoOp|NoOp@NoOp
2995720500:NoOp@NoOp|NoOp@NoOp|Pull(E,E)@Pull(E,E)|NoOp@NoOp|NoOp@NoOp
2995780800:NoOp@NoOp|NoOp@NoOp|Pull(E,E)@Pull(E,E)|NoOp@NoOp|NoOp@NoOp
2995840900:NoOp@NoOp|NoOp@NoOp|Pull(E,E)@Pull(E,E)|NoOp@NoOp|NoOp@NoOp
2995901200:NoOp@NoOp|NoOp@NoOp|Pull(E,E)@Pull(E,E)|NoOp@NoOp|NoOp@NoOp
2995980100:NoOp@NoOp|NoOp@NoOp|Pull(E,E)@Pull(E,E)|NoOp@NoOp|NoOp@NoOp
2996048600:NoOp@NoOp|NoOp@NoOp|Push(W,S)@Push(W,S)|NoOp@NoOp|NoOp@NoOp
2996125800:NoOp@NoOp|NoOp@NoOp|Push(S,S)@Push(S,S)|NoOp@NoOp|NoOp@NoOp
2996201000:NoOp@NoOp|NoOp@NoOp|Push(S,W)@Push(S,W)|NoOp@NoOp|NoOp@NoOp
2996261000:NoOp@NoOp|NoOp@NoOp|Push(W,W)@Push(W,W)|NoOp@NoOp|NoOp@NoOp
2996323100:NoOp@NoOp|NoOp@NoOp|Push(W,W)@Push(W,W)|NoOp@NoOp|NoOp@NoOp
2996384100:NoOp@NoOp|NoOp@NoOp|Push(W,W)@Push(W,W)|NoOp@NoOp|NoOp@NoOp
2996444900:NoOp@NoOp|NoOp@NoOp|Push(W,W)@Push(W,W)|NoOp@NoOp|NoOp@NoOp
2996505300:NoOp@NoOp|NoOp@NoOp|Push(W,W)@Push(W,W)|NoOp@NoOp|NoOp@NoOp
2996566000:NoOp@NoOp|NoOp@NoOp|Push(W,W)@Push(W,W)|NoOp@NoOp|NoOp@NoOp
2996643200:NoOp@NoOp|NoOp@NoOp|Push(W,W)@Push(W,W)|NoOp@NoOp|NoOp@NoOp
2996708300:NoOp@NoOp|NoOp@NoOp|Push(W,S)@Push(W,S)|NoOp@NoOp|NoOp@NoOp
2996773600:NoOp@NoOp|NoOp@NoOp|Push(S,S)@Push(S,S)|NoOp@NoOp|NoOp@NoOp
2996839000:NoOp@NoOp|NoOp@NoOp|Push(S,S)@Push(S,S)|NoOp@NoOp|NoOp@NoOp
2996905100:NoOp@NoOp|NoOp@NoOp|Push(S,E)@Push(S,E)|NoOp@NoOp|NoOp@NoOp
2996970700:NoOp@NoOp|NoOp@NoOp|Push(E,E)@Push(E,E)|NoOp@NoOp|NoOp@NoOp
2997036500:NoOp@NoOp|NoOp@NoOp|Push(E,N)@Push(E,N)|NoOp@NoOp|NoOp@NoOp
2997106100:NoOp@NoOp|NoOp@NoOp|Push(N,E)@Push(N,E)|NoOp@NoOp|NoOp@NoOp
2997171600:NoOp@NoOp|NoOp@NoOp|Push(E,E)@Push(E,E)|NoOp@NoOp|NoOp@NoOp
2997237200:NoOp@NoOp|NoOp@NoOp|Push(E,E)@Push(E,E)|NoOp@NoOp|NoOp@NoOp
2997302500:NoOp@NoOp|NoOp@NoOp|Push(E,S)@Push(E,S)|NoOp@NoOp|NoOp@NoOp
2997368100:NoOp@NoOp|NoOp@NoOp|Push(S,E)@Push(S,E)|NoOp@NoOp|NoOp@NoOp
2997433700:NoOp@NoOp|NoOp@NoOp|Push(E,E)@Push(E,E)|NoOp@NoOp|NoOp@NoOp
2997499300:NoOp@NoOp|NoOp@NoOp|Push(E,E)@Push(E,E)|NoOp@NoOp|NoOp@NoOp
2997564300:NoOp@NoOp|NoOp@NoOp|Push(E,N)@Push(E,N)|NoOp@NoOp|NoOp@NoOp
2997639600:NoOp@NoOp|NoOp@NoOp|Push(N,E)@Push(N,E)|NoOp@NoOp|NoOp@NoOp
2997699800:NoOp@NoOp|NoOp@NoOp|Push(E,E)@Push(E,E)|NoOp@NoOp|NoOp@NoOp
2997760300:NoOp@NoOp|NoOp@NoOp|Push(E,S)@Push(E,S)|NoOp@NoOp|NoOp@NoOp
2997821200:NoOp@NoOp|NoOp@NoOp|Push(S,E)@Push(S,E)|NoOp@NoOp|NoOp@NoOp
2997881500:NoOp@NoOp|NoOp@NoOp|Push(E,E)@Push(E,E)|NoOp@NoOp|NoOp@NoOp
2997941700:NoOp@NoOp|NoOp@NoOp|Push(E,E)@Push(E,E)|NoOp@NoOp|NoOp@NoOp
2998002300:NoOp@NoOp|NoOp@NoOp|Push(E,N)@Push(E,N)|NoOp@NoOp|NoOp@NoOp
2998062900:NoOp@NoOp|NoOp@NoOp|Push(N,E)@Push(N,E)|NoOp@NoOp|NoOp@NoOp
2998123400:NoOp@NoOp|NoOp@NoOp|Push(E,E)@Push(E,E)|NoOp@NoOp|NoOp@NoOp
2998187700:NoOp@NoOp|NoOp@NoOp|Push(E,E)@Push(E,E)|NoOp@NoOp|NoOp@NoOp
2998248200:NoOp@NoOp|NoOp@NoOp|Push(E,E)@Push(E,E)|NoOp@NoOp|NoOp@NoOp
2998308600:NoOp@NoOp|NoOp@NoOp|Push(E,E)@Push(E,E)|NoOp@NoOp|NoOp@NoOp
2998368800:NoOp@NoOp|NoOp@NoOp|Push(E,E)@Push(E,E)|NoOp@NoOp|NoOp@NoOp
2998428800:NoOp@NoOp|NoOp@NoOp|Push(E,E)@Push(E,E)|NoOp@NoOp|NoOp@NoOp
2998513700:NoOp@NoOp|NoOp@NoOp|Push(E,N)@Push(E,N)|NoOp@NoOp|NoOp@NoOp
2998588700:NoOp@NoOp|NoOp@NoOp|Push(N,E)@Push(N,E)|NoOp@NoOp|NoOp@NoOp
2998650800:NoOp@NoOp|NoOp@NoOp|Push(E,N)@Push(E,N)|NoOp@NoOp|NoOp@NoOp
2998712700:NoOp@NoOp|NoOp@NoOp|Push(N,E)@Push(N,E)|NoOp@NoOp|NoOp@NoOp
2998774700:NoOp@NoOp|NoOp@NoOp|Push(E,N)@Push(E,N)|NoOp@NoOp|NoOp@NoOp
2998836600:NoOp@NoOp|NoOp@NoOp|Push(N,E)@Push(N,E)|NoOp@NoOp|NoOp@NoOp
2998898800:NoOp@NoOp|NoOp@NoOp|Push(E,N)@Push(E,N)|NoOp@NoOp|NoOp@NoOp
2998980400:NoOp@NoOp|NoOp@NoOp|Push(N,E)@Push(N,E)|NoOp@NoOp|NoOp@NoOp
2999061500:NoOp@NoOp|NoOp@NoOp|Push(E,E)@Push(E,E)|NoOp@NoOp|NoOp@NoOp
2999140300:NoOp@NoOp|NoOp@NoOp|Push(E,E)@Push(E,E)|NoOp@NoOp|NoOp@NoOp
2999217800:NoOp@NoOp|NoOp@NoOp|Push(E,E)@Push(E,E)|NoOp@NoOp|NoOp@NoOp
2999295100:NoOp@NoOp|NoOp@NoOp|Push(E,E)@Push(E,E)|NoOp@NoOp|NoOp@NoOp
2999371700:NoOp@NoOp|NoOp@NoOp|Push(E,N)@Push(E,N)|NoOp@NoOp|NoOp@NoOp
2999453300:NoOp@NoOp|NoOp@NoOp|Move(S)@Move(S)|NoOp@NoOp|NoOp@NoOp
2999529400:NoOp@NoOp|NoOp@NoOp|Move(S)@Move(S)|NoOp@NoOp|NoOp@NoOp
2999623700:NoOp@NoOp|NoOp@NoOp|Move(S)@Move(S)|NoOp@NoOp|NoOp@NoOp
2999707900:NoOp@NoOp|NoOp@NoOp|Move(S)@Move(S)|NoOp@NoOp|NoOp@NoOp
2999834300:NoOp@NoOp|NoOp@NoOp|Move(S)@Move(S)|NoOp@NoOp|NoOp@NoOp
2999915900:NoOp@NoOp|NoOp@NoOp|Move(W)@Move(W)|NoOp@NoOp|NoOp@NoOp
2999999500:NoOp@NoOp|NoOp@NoOp|Move(W)@Move(W)|NoOp@NoOp|NoOp@NoOp
3000082300:NoOp@NoOp|NoOp@NoOp|Move(W)@Move(W)|NoOp@NoOp|NoOp@NoOp
3000164700:NoOp@NoOp|NoOp@NoOp|Move(W)@Move(W)|NoOp@NoOp|NoOp@NoOp
3000247300:NoOp@NoOp|NoOp@NoOp|Move(W)@Move(W)|NoOp@NoOp|NoOp@NoOp
3000330900:NoOp@NoOp|NoOp@NoOp|Move(W)@Move(W)|NoOp@NoOp|NoOp@NoOp
3000414200:NoOp@NoOp|NoOp@NoOp|Move(W)@Move(W)|NoOp@NoOp|NoOp@NoOp
3000496900:NoOp@NoOp|NoOp@NoOp|Move(W)@Move(W)|NoOp@NoOp|NoOp@NoOp
3000594100:NoOp@NoOp|NoOp@NoOp|Move(W)@Move(W)|NoOp@NoOp|NoOp@NoOp
3000684400:NoOp@NoOp|NoOp@NoOp|Move(W)@Move(W)|NoOp@NoOp|NoOp@NoOp
3000776300:NoOp@NoOp|NoOp@NoOp|Move(W)@Move(W)|NoOp@NoOp|NoOp@NoOp
3000856500:NoOp@NoOp|NoOp@NoOp|Move(W)@Move(W)|NoOp@NoOp|NoOp@NoOp
3000944100:NoOp@NoOp|NoOp@NoOp|Move(W)@Move(W)|NoOp@NoOp|NoOp@NoOp
3001024800:NoOp@NoOp|NoOp@NoOp|Move(W)@Move(W)|NoOp@NoOp|NoOp@NoOp
3001105000:NoOp@NoOp|NoOp@NoOp|Move(W)@Move(W)|NoOp@NoOp|NoOp@NoOp
3001189600:NoOp@NoOp|NoOp@NoOp|Move(W)@Move(W)|NoOp@NoOp|NoOp@NoOp
3001270400:NoOp@NoOp|NoOp@NoOp|Move(W)@Move(W)|NoOp@NoOp|NoOp@NoOp
3001350700:NoOp@NoOp|NoOp@NoOp|Move(W)@Move(W)|NoOp@NoOp|NoOp@NoOp
3001433000:NoOp@NoOp|NoOp@NoOp|Move(N)@Move(N)|NoOp@NoOp|NoOp@NoOp
3001515300:NoOp@NoOp|NoOp@NoOp|Move(W)@Move(W)|NoOp@NoOp|NoOp@NoOp
3001595600:NoOp@NoOp|NoOp@NoOp|Move(W)@Move(W)|NoOp@NoOp|NoOp@NoOp
3001675000:NoOp@NoOp|NoOp@NoOp|Move(S)@Move(S)|NoOp@NoOp|NoOp@NoOp
3001755900:NoOp@NoOp|NoOp@NoOp|Move(W)@Move(W)|NoOp@NoOp|NoOp@NoOp
3001835700:NoOp@NoOp|NoOp@NoOp|Move(W)@Move(W)|NoOp@NoOp|NoOp@NoOp
3001916000:NoOp@NoOp|NoOp@NoOp|Move(W)@Move(W)|NoOp@NoOp|NoOp@NoOp
3001997700:NoOp@NoOp|NoOp@NoOp|Move(N)@Move(N)|NoOp@NoOp|NoOp@NoOp
3002078600:NoOp@NoOp|NoOp@NoOp|Move(W)@Move(W)|NoOp@NoOp|NoOp@NoOp
3002178800:NoOp@NoOp|NoOp@NoOp|Move(W)@Move(W)|NoOp@NoOp|NoOp@NoOp
3002278900:NoOp@NoOp|NoOp@NoOp|Move(W)@Move(W)|NoOp@NoOp|NoOp@NoOp
3002371100:NoOp@NoOp|NoOp@NoOp|Move(S)@Move(S)|NoOp@NoOp|NoOp@NoOp
3002471300:NoOp@NoOp|NoOp@NoOp|Move(W)@Move(W)|NoOp@NoOp|NoOp@NoOp
3002559400:NoOp@NoOp|NoOp@NoOp|Move(W)@Move(W)|NoOp@NoOp|NoOp@NoOp
3002640500:NoOp@NoOp|NoOp@NoOp|Move(N)@Move(N)|NoOp@NoOp|NoOp@NoOp
3002706100:NoOp@NoOp|NoOp@NoOp|Move(N)@Move(N)|NoOp@NoOp|NoOp@NoOp
3002764700:NoOp@NoOp|NoOp@NoOp|Move(N)@Move(N)|NoOp@NoOp|NoOp@NoOp
3002824200:NoOp@NoOp|NoOp@NoOp|Move(E)@Move(E)|NoOp@NoOp|NoOp@NoOp
3002888200:NoOp@NoOp|NoOp@NoOp|Move(E)@Move(E)|NoOp@NoOp|NoOp@NoOp
3002986700:NoOp@NoOp|NoOp@NoOp|Move(E)@Move(E)|NoOp@NoOp|NoOp@NoOp
3003089400:NoOp@NoOp|NoOp@NoOp|Move(E)@Move(E)|NoOp@NoOp|NoOp@NoOp
3003254700:NoOp@NoOp|NoOp@NoOp|Move(E)@Move(E)|NoOp@NoOp|NoOp@NoOp
3003376300:NoOp@NoOp|NoOp@NoOp|Move(E)@Move(E)|NoOp@NoOp|NoOp@NoOp
3003483400:NoOp@NoOp|NoOp@NoOp|Move(E)@Move(E)|NoOp@NoOp|NoOp@NoOp
3003582000:NoOp@NoOp|NoOp@NoOp|Move(E)@Move(E)|NoOp@NoOp|NoOp@NoOp
3003678300:NoOp@NoOp|NoOp@NoOp|Move(N)@Move(N)|NoOp@NoOp|NoOp@NoOp
3003756300:NoOp@NoOp|NoOp@NoOp|Move(N)@Move(N)|NoOp@NoOp|NoOp@NoOp
3003835900:NoOp@NoOp|NoOp@NoOp|Move(W)@Move(W)|NoOp@NoOp|NoOp@NoOp
3003911600:NoOp@NoOp|NoOp@NoOp|Move(W)@Move(W)|NoOp@NoOp|NoOp@NoOp
3003990500:NoOp@NoOp|NoOp@NoOp|Move(W)@Move(W)|NoOp@NoOp|NoOp@NoOp
3004070700:NoOp@NoOp|NoOp@NoOp|Move(W)@Move(W)|NoOp@NoOp|NoOp@NoOp
3004145000:NoOp@NoOp|NoOp@NoOp|Move(W)@Move(W)|NoOp@NoOp|NoOp@NoOp
3004218900:NoOp@NoOp|NoOp@NoOp|Move(W)@Move(W)|NoOp@NoOp|NoOp@NoOp
3004293100:NoOp@NoOp|NoOp@NoOp|Move(W)@Move(W)|NoOp@NoOp|NoOp@NoOp
3004366300:NoOp@NoOp|NoOp@NoOp|Move(W)@Move(W)|NoOp@NoOp|NoOp@NoOp
3004436000:NoOp@NoOp|NoOp@NoOp|Move(N)@Move(N)|NoOp@NoOp|NoOp@NoOp
3004512700:NoOp@NoOp|NoOp@NoOp|Move(W)@Move(W)|NoOp@NoOp|NoOp@NoOp
3004588800:NoOp@NoOp|NoOp@NoOp|Move(W)@Move(W)|NoOp@NoOp|NoOp@NoOp
3004697300:NoOp@NoOp|NoOp@NoOp|Move(W)@Move(W)|NoOp@NoOp|NoOp@NoOp
3004787800:NoOp@NoOp|NoOp@NoOp|Move(W)@Move(W)|NoOp@NoOp|NoOp@NoOp
3004874600:NoOp@NoOp|NoOp@NoOp|Move(W)@Move(W)|NoOp@NoOp|NoOp@NoOp
3004956500:NoOp@NoOp|NoOp@NoOp|Move(W)@Move(W)|NoOp@NoOp|NoOp@NoOp
3005039600:NoOp@NoOp|NoOp@NoOp|Move(W)@Move(W)|NoOp@NoOp|NoOp@NoOp
3005126400:NoOp@NoOp|NoOp@NoOp|Push(W,S)@Push(W,S)|NoOp@NoOp|NoOp@NoOp
3005199100:NoOp@NoOp|NoOp@NoOp|Push(S,E)@Push(S,E)|NoOp@NoOp|NoOp@NoOp
3005267100:NoOp@NoOp|NoOp@NoOp|Push(E,E)@Push(E,E)|NoOp@NoOp|NoOp@NoOp
3005338000:NoOp@NoOp|NoOp@NoOp|Push(E,E)@Push(E,E)|NoOp@NoOp|NoOp@NoOp
3005432900:NoOp@NoOp|NoOp@NoOp|Push(E,E)@Push(E,E)|NoOp@NoOp|NoOp@NoOp
3005514600:NoOp@NoOp|NoOp@NoOp|Push(E,E)@Push(E,E)|NoOp@NoOp|NoOp@NoOp
3005598100:NoOp@NoOp|NoOp@NoOp|Push(E,E)@Push(E,E)|NoOp@NoOp|NoOp@NoOp
3005684000:NoOp@NoOp|NoOp@NoOp|Push(E,E)@Push(E,E)|NoOp@NoOp|NoOp@NoOp
3005738800:NoOp@NoOp|NoOp@NoOp|Push(E,E)@Push(E,E)|NoOp@NoOp|NoOp@NoOp
3005825000:NoOp@NoOp|NoOp@NoOp|Push(E,E)@Push(E,E)|NoOp@NoOp|NoOp@NoOp
3005910600:NoOp@NoOp|NoOp@NoOp|Push(E,E)@Push(E,E)|NoOp@NoOp|NoOp@NoOp
3005998300:NoOp@NoOp|NoOp@NoOp|Push(E,E)@Push(E,E)|NoOp@NoOp|NoOp@NoOp
3006084000:NoOp@NoOp|NoOp@NoOp|Push(E,E)@Push(E,E)|NoOp@NoOp|NoOp@NoOp
3006158900:NoOp@NoOp|NoOp@NoOp|Push(E,E)@Push(E,E)|NoOp@NoOp|NoOp@NoOp
3006235200:NoOp@NoOp|NoOp@NoOp|Push(E,E)@Push(E,E)|NoOp@NoOp|NoOp@NoOp
3006310800:NoOp@NoOp|NoOp@NoOp|Push(E,E)@Push(E,E)|NoOp@NoOp|NoOp@NoOp
3006398700:NoOp@NoOp|NoOp@NoOp|Push(E,E)@Push(E,E)|NoOp@NoOp|NoOp@NoOp
3006473900:NoOp@NoOp|NoOp@NoOp|Push(E,S)@Push(E,S)|NoOp@NoOp|NoOp@NoOp
3006549900:NoOp@NoOp|NoOp@NoOp|Push(S,S)@Push(S,S)|NoOp@NoOp|NoOp@NoOp
3006643600:NoOp@NoOp|NoOp@NoOp|Push(S,W)@Push(S,W)|NoOp@NoOp|NoOp@NoOp
3006733500:NoOp@NoOp|NoOp@NoOp|Push(W,W)@Push(W,W)|NoOp@NoOp|NoOp@NoOp
3006832900:NoOp@NoOp|NoOp@NoOp|Push(W,W)@Push(W,W)|NoOp@NoOp|NoOp@NoOp
3006916700:NoOp@NoOp|NoOp@NoOp|Push(W,W)@Push(W,W)|NoOp@NoOp|NoOp@NoOp
3007000100:NoOp@NoOp|NoOp@NoOp|Push(W,W)@Push(W,W)|NoOp@NoOp|NoOp@NoOp
3007087200:NoOp@NoOp|NoOp@NoOp|Push(W,W)@Push(W,W)|NoOp@NoOp|NoOp@NoOp
3007177600:NoOp@NoOp|NoOp@NoOp|Push(W,W)@Push(W,W)|NoOp@NoOp|NoOp@NoOp
3007260700:NoOp@NoOp|NoOp@NoOp|Push(W,W)@Push(W,W)|NoOp@NoOp|NoOp@NoOp
3007355500:NoOp@NoOp|NoOp@NoOp|Push(W,S)@Push(W,S)|NoOp@NoOp|NoOp@NoOp
3007442400:NoOp@NoOp|NoOp@NoOp|Push(S,S)@Push(S,S)|NoOp@NoOp|NoOp@NoOp
3007525300:NoOp@NoOp|NoOp@NoOp|Push(S,S)@Push(S,S)|NoOp@NoOp|NoOp@NoOp
3007607700:NoOp@NoOp|NoOp@NoOp|Push(S,E)@Push(S,E)|NoOp@NoOp|NoOp@NoOp
3007698100:NoOp@NoOp|NoOp@NoOp|Push(E,E)@Push(E,E)|NoOp@NoOp|NoOp@NoOp
3007769300:NoOp@NoOp|NoOp@NoOp|Push(E,N)@Push(E,N)|NoOp@NoOp|NoOp@NoOp
3007844500:NoOp@NoOp|NoOp@NoOp|Push(N,E)@Push(N,E)|NoOp@NoOp|NoOp@NoOp
3007914300:NoOp@NoOp|NoOp@NoOp|Push(E,E)@Push(E,E)|NoOp@NoOp|NoOp@NoOp
3007991000:NoOp@NoOp|NoOp@NoOp|Push(E,E)@Push(E,E)|NoOp@NoOp|NoOp@NoOp
3008061100:NoOp@NoOp|NoOp@NoOp|Push(E,S)@Push(E,S)|NoOp@NoOp|NoOp@NoOp
3008138000:NoOp@NoOp|NoOp@NoOp|Push(S,E)@Push(S,E)|NoOp@NoOp|NoOp@NoOp
3008214600:NoOp@NoOp|NoOp@NoOp|Push(E,E)@Push(E,E)|NoOp@NoOp|NoOp@NoOp
3008292300:NoOp@NoOp|NoOp@NoOp|Push(E,E)@Push(E,E)|NoOp@NoOp|NoOp@NoOp
3008366400:NoOp@NoOp|NoOp@NoOp|Push(E,N)@Push(E,N)|NoOp@NoOp|NoOp@NoOp
3008436900:NoOp@NoOp|NoOp@NoOp|Push(N,E)@Push(N,E)|NoOp@NoOp|NoOp@NoOp
3008510600:NoOp@NoOp|NoOp@NoOp|Push(E,E)@Push(E,E)|NoOp@NoOp|NoOp@NoOp
3008606800:NoOp@NoOp|NoOp@NoOp|Push(E,S)@Push(E,S)|NoOp@NoOp|NoOp@NoOp
3008686100:NoOp@NoOp|NoOp@NoOp|Push(S,E)@Push(S,E)|NoOp@NoOp|NoOp@NoOp
3008757700:NoOp@NoOp|NoOp@NoOp|Push(E,E)@Push(E,E)|NoOp@NoOp|NoOp@NoOp
3008830900:NoOp@NoOp|NoOp@NoOp|Push(E,E)@Push(E,E)|NoOp@NoOp|NoOp@NoOp
3008907700:NoOp@NoOp|NoOp@NoOp|Push(E,N)@Push(E,N)|NoOp@NoOp|NoOp@NoOp
3008982300:NoOp@NoOp|NoOp@NoOp|Push(N,E)@Push(N,E)|NoOp@NoOp|NoOp@NoOp
3009053300:NoOp@NoOp|NoOp@NoOp|Push(E,E)@Push(E,E)|NoOp@NoOp|NoOp@NoOp
3009127500:NoOp@NoOp|NoOp@NoOp|Push(E,E)@Push(E,E)|NoOp@NoOp|NoOp@NoOp
3009190100:NoOp@NoOp|NoOp@NoOp|Push(E,E)@Push(E,E)|NoOp@NoOp|NoOp@NoOp
3009247800:NoOp@NoOp|NoOp@NoOp|Push(E,E)@Push(E,E)|NoOp@NoOp|NoOp@NoOp
3009312100:NoOp@NoOp|NoOp@NoOp|Push(E,E)@Push(E,E)|NoOp@NoOp|NoOp@NoOp
3009372400:NoOp@NoOp|NoOp@NoOp|Push(E,E)@Push(E,E)|NoOp@NoOp|NoOp@NoOp
3009434200:NoOp@NoOp|NoOp@NoOp|Push(E,N)@Push(E,N)|NoOp@NoOp|NoOp@NoOp
3009497600:NoOp@NoOp|NoOp@NoOp|Push(N,E)@Push(N,E)|NoOp@NoOp|NoOp@NoOp
3009563000:NoOp@NoOp|NoOp@NoOp|Push(E,N)@Push(E,N)|NoOp@NoOp|NoOp@NoOp
3009640800:NoOp@NoOp|NoOp@NoOp|Push(N,E)@Push(N,E)|NoOp@NoOp|NoOp@NoOp
3009698000:NoOp@NoOp|NoOp@NoOp|Push(E,N)@Push(E,N)|NoOp@NoOp|NoOp@NoOp
3009761700:NoOp@NoOp|NoOp@NoOp|Push(N,E)@Push(N,E)|NoOp@NoOp|NoOp@NoOp
3009823900:NoOp@NoOp|NoOp@NoOp|Push(E,N)@Push(E,N)|NoOp@NoOp|NoOp@NoOp
3009900900:NoOp@NoOp|NoOp@NoOp|Push(N,E)@Push(N,E)|NoOp@NoOp|NoOp@NoOp
3009982900:NoOp@NoOp|NoOp@NoOp|Push(E,E)@Push(E,E)|NoOp@NoOp|NoOp@NoOp
3010059700:NoOp@NoOp|NoOp@NoOp|Push(E,E)@Push(E,E)|NoOp@NoOp|NoOp@NoOp
3010120200:NoOp@NoOp|NoOp@NoOp|Push(E,E)@Push(E,E)|NoOp@NoOp|NoOp@NoOp
3010182900:NoOp@NoOp|NoOp@NoOp|Push(E,E)@Push(E,E)|NoOp@NoOp|NoOp@NoOp
3010245600:NoOp@NoOp|NoOp@NoOp|Push(E,E)@Push(E,E)|NoOp@NoOp|NoOp@NoOp
3010308100:NoOp@NoOp|NoOp@NoOp|Push(E,E)@Push(E,E)|NoOp@NoOp|NoOp@NoOp
3010370900:NoOp@NoOp|NoOp@NoOp|Push(E,N)@Push(E,N)|NoOp@NoOp|NoOp@NoOp
3010433900:NoOp@NoOp|NoOp@NoOp|Move(S)@Move(S)|NoOp@NoOp|NoOp@NoOp
3010499200:NoOp@NoOp|NoOp@NoOp|Move(S)@Move(S)|NoOp@NoOp|NoOp@NoOp
3010561700:NoOp@NoOp|NoOp@NoOp|Move(S)@Move(S)|NoOp@NoOp|NoOp@NoOp
3010640100:NoOp@NoOp|NoOp@NoOp|Move(S)@Move(S)|NoOp@NoOp|NoOp@NoOp
3010716100:NoOp@NoOp|NoOp@NoOp|Move(S)@Move(S)|NoOp@NoOp|NoOp@NoOp
3010776700:NoOp@NoOp|NoOp@NoOp|Move(W)@Move(W)|NoOp@NoOp|NoOp@NoOp
3010837500:NoOp@NoOp|NoOp@NoOp|Move(W)@Move(W)|NoOp@NoOp|NoOp@NoOp
3010898600:NoOp@NoOp|NoOp@NoOp|Move(W)@Move(W)|NoOp@NoOp|NoOp@NoOp
3010958800:NoOp@NoOp|NoOp@NoOp|Move(W)@Move(W)|NoOp@NoOp|NoOp@NoOp
3011019100:NoOp@NoOp|NoOp@NoOp|Move(W)@Move(W)|NoOp@NoOp|NoOp@NoOp
3011079500:NoOp@NoOp|NoOp@NoOp|Move(W)@Move(W)|NoOp@NoOp|NoOp@NoOp
3011141500:NoOp@NoOp|NoOp@NoOp|Move(W)@Move(W)|NoOp@NoOp|NoOp@NoOp
3011219700:NoOp@NoOp|NoOp@NoOp|Move(W)@Move(W)|NoOp@NoOp|NoOp@NoOp
3011337900:NoOp@NoOp|NoOp@NoOp|Move(W)@Move(W)|NoOp@NoOp|NoOp@NoOp
3011456500:NoOp@NoOp|NoOp@NoOp|Move(W)@Move(W)|NoOp@NoOp|NoOp@NoOp
3011582800:NoOp@NoOp|NoOp@NoOp|Move(W)@Move(W)|NoOp@NoOp|NoOp@NoOp
3011660200:NoOp@NoOp|NoOp@NoOp|Move(W)@Move(W)|NoOp@NoOp|NoOp@NoOp
3011733300:NoOp@NoOp|NoOp@NoOp|Move(W)@Move(W)|NoOp@NoOp|NoOp@NoOp
3011796700:NoOp@NoOp|NoOp@NoOp|Move(W)@Move(W)|NoOp@NoOp|NoOp@NoOp
3011859500:NoOp@NoOp|NoOp@NoOp|Move(W)@Move(W)|NoOp@NoOp|NoOp@NoOp
3011921900:NoOp@NoOp|NoOp@NoOp|Move(W)@Move(W)|NoOp@NoOp|NoOp@NoOp
3011989200:NoOp@NoOp|NoOp@NoOp|Move(W)@Move(W)|NoOp@NoOp|NoOp@NoOp
3012051400:NoOp@NoOp|NoOp@NoOp|Move(W)@Move(W)|NoOp@NoOp|NoOp@NoOp
3012113500:NoOp@NoOp|NoOp@NoOp|Move(W)@Move(W)|NoOp@NoOp|NoOp@NoOp
3012175800:NoOp@NoOp|NoOp@NoOp|Move(W)@Move(W)|NoOp@NoOp|NoOp@NoOp
3012238100:NoOp@NoOp|NoOp@NoOp|Move(N)@Move(N)|NoOp@NoOp|NoOp@NoOp
3012299900:NoOp@NoOp|NoOp@NoOp|Move(W)@Move(W)|NoOp@NoOp|NoOp@NoOp
3012361700:NoOp@NoOp|NoOp@NoOp|Move(W)@Move(W)|NoOp@NoOp|NoOp@NoOp
3012433500:NoOp@NoOp|NoOp@NoOp|Move(S)@Move(S)|NoOp@NoOp|NoOp@NoOp
3012495400:NoOp@NoOp|NoOp@NoOp|Move(W)@Move(W)|NoOp@NoOp|NoOp@NoOp
3012557400:NoOp@NoOp|NoOp@NoOp|Move(W)@Move(W)|NoOp@NoOp|NoOp@NoOp
3012632600:NoOp@NoOp|NoOp@NoOp|Move(W)@Move(W)|NoOp@NoOp|NoOp@NoOp
3012693100:NoOp@NoOp|NoOp@NoOp|Move(N)@Move(N)|NoOp@NoOp|NoOp@NoOp
3012753200:NoOp@NoOp|NoOp@NoOp|Move(W)@Move(W)|NoOp@NoOp|NoOp@NoOp
3012813400:NoOp@NoOp|NoOp@NoOp|Move(W)@Move(W)|NoOp@NoOp|NoOp@NoOp
3012873600:NoOp@NoOp|NoOp@NoOp|Move(W)@Move(W)|NoOp@NoOp|NoOp@NoOp
3012933900:NoOp@NoOp|NoOp@NoOp|Move(S)@Move(S)|NoOp@NoOp|NoOp@NoOp
3012994300:NoOp@NoOp|NoOp@NoOp|Move(W)@Move(W)|NoOp@NoOp|NoOp@NoOp
3013057700:NoOp@NoOp|NoOp@NoOp|Move(W)@Move(W)|NoOp@NoOp|NoOp@NoOp
3013118100:NoOp@NoOp|NoOp@NoOp|Move(N)@Move(N)|NoOp@NoOp|NoOp@NoOp
3013178300:NoOp@NoOp|NoOp@NoOp|Move(N)@Move(N)|NoOp@NoOp|NoOp@NoOp
3013238900:NoOp@NoOp|NoOp@NoOp|Move(N)@Move(N)|NoOp@NoOp|NoOp@NoOp
3013299400:NoOp@NoOp|NoOp@NoOp|Move(E)@Move(E)|NoOp@NoOp|NoOp@NoOp
3013359600:NoOp@NoOp|NoOp@NoOp|Move(E)@Move(E)|NoOp@NoOp|NoOp@NoOp
3013419700:NoOp@NoOp|NoOp@NoOp|Move(E)@Move(E)|NoOp@NoOp|NoOp@NoOp
3013479800:NoOp@NoOp|NoOp@NoOp|Move(E)@Move(E)|NoOp@NoOp|NoOp@NoOp
3013540400:NoOp@NoOp|NoOp@NoOp|Move(E)@Move(E)|NoOp@NoOp|NoOp@NoOp
3013615200:NoOp@NoOp|NoOp@NoOp|Move(E)@Move(E)|NoOp@NoOp|NoOp@NoOp
3013679100:NoOp@NoOp|NoOp@NoOp|Move(E)@Move(E)|NoOp@NoOp|NoOp@NoOp
3013742700:NoOp@NoOp|NoOp@NoOp|Move(E)@Move(E)|NoOp@NoOp|NoOp@NoOp
3013806000:NoOp@NoOp|NoOp@NoOp|Move(N)@Move(N)|NoOp@NoOp|NoOp@NoOp
3013869900:NoOp@NoOp|NoOp@NoOp|Move(N)@Move(N)|NoOp@NoOp|NoOp@NoOp
3013933400:NoOp@NoOp|NoOp@NoOp|Move(W)@Move(W)|NoOp@NoOp|NoOp@NoOp
3013997500:NoOp@NoOp|NoOp@NoOp|Move(W)@Move(W)|NoOp@NoOp|NoOp@NoOp
3014061200:NoOp@NoOp|NoOp@NoOp|Move(W)@Move(W)|NoOp@NoOp|NoOp@NoOp
3014125200:NoOp@NoOp|NoOp@NoOp|Move(W)@Move(W)|NoOp@NoOp|NoOp@NoOp
3014192500:NoOp@NoOp|NoOp@NoOp|Move(W)@Move(W)|NoOp@NoOp|NoOp@NoOp
3014256200:NoOp@NoOp|NoOp@NoOp|Move(W)@Move(W)|NoOp@NoOp|NoOp@NoOp
3014319800:NoOp@NoOp|NoOp@NoOp|Move(W)@Move(W)|NoOp@NoOp|NoOp@NoOp
3014383100:NoOp@NoOp|NoOp@NoOp|Move(W)@Move(W)|NoOp@NoOp|NoOp@NoOp
3014446400:NoOp@NoOp|NoOp@NoOp|Move(N)@Move(N)|NoOp@NoOp|NoOp@NoOp
3014509800:NoOp@NoOp|NoOp@NoOp|Move(W)@Move(W)|NoOp@NoOp|NoOp@NoOp
3014573300:NoOp@NoOp|NoOp@NoOp|Move(W)@Move(W)|NoOp@NoOp|NoOp@NoOp
3014646100:NoOp@NoOp|NoOp@NoOp|Move(W)@Move(W)|NoOp@NoOp|NoOp@NoOp
3014704700:NoOp@NoOp|NoOp@NoOp|Move(W)@Move(W)|NoOp@NoOp|NoOp@NoOp
3014763400:NoOp@NoOp|NoOp@NoOp|Move(W)@Move(W)|NoOp@NoOp|NoOp@NoOp
3014822100:NoOp@NoOp|NoOp@NoOp|Move(W)@Move(W)|NoOp@NoOp|NoOp@NoOp
3014880600:NoOp@NoOp|NoOp@NoOp|Move(W)@Move(W)|NoOp@NoOp|NoOp@NoOp
3014939100:NoOp@NoOp|NoOp@NoOp|Move(W)@Move(W)|NoOp@NoOp|NoOp@NoOp
3014998700:NoOp@NoOp|NoOp@NoOp|Push(W,S)@Push(W,S)|NoOp@NoOp|NoOp@NoOp
3015058300:NoOp@NoOp|NoOp@NoOp|Push(S,E)@Push(S,E)|NoOp@NoOp|NoOp@NoOp
3015117600:NoOp@NoOp|NoOp@NoOp|Push(E,E)@Push(E,E)|NoOp@NoOp|NoOp@NoOp
3015176500:NoOp@NoOp|NoOp@NoOp|Push(E,E)@Push(E,E)|NoOp@NoOp|NoOp@NoOp
3015237800:NoOp@NoOp|NoOp@NoOp|Push(E,E)@Push(E,E)|NoOp@NoOp|NoOp@NoOp
3015297300:NoOp@NoOp|NoOp@NoOp|Push(E,E)@Push(E,E)|NoOp@NoOp|NoOp@NoOp
3015356200:NoOp@NoOp|NoOp@NoOp|Push(E,E)@Push(E,E)|NoOp@NoOp|NoOp@NoOp
3015415200:NoOp@NoOp|NoOp@NoOp|Push(E,E)@Push(E,E)|NoOp@NoOp|NoOp@NoOp
3015474100:NoOp@NoOp|NoOp@NoOp|Push(E,E)@Push(E,E)|NoOp@NoOp|NoOp@NoOp
3015533000:NoOp@NoOp|NoOp@NoOp|Push(E,E)@Push(E,E)|NoOp@NoOp|NoOp@NoOp
3015608900:NoOp@NoOp|NoOp@NoOp|Push(E,E)@Push(E,E)|NoOp@NoOp|NoOp@NoOp
3015672700:NoOp@NoOp|NoOp@NoOp|Push(E,E)@Push(E,E)|NoOp@NoOp|NoOp@NoOp
3015736400:NoOp@NoOp|NoOp@NoOp|Push(E,E)@Push(E,E)|NoOp@NoOp|NoOp@NoOp
3015800000:NoOp@NoOp|NoOp@NoOp|Push(E,E)@Push(E,E)|NoOp@NoOp|NoOp@NoOp
3015880700:NoOp@NoOp|NoOp@NoOp|Push(E,E)@Push(E,E)|NoOp@NoOp|NoOp@NoOp
3015944700:NoOp@NoOp|NoOp@NoOp|Push(E,E)@Push(E,E)|NoOp@NoOp|NoOp@NoOp
3016008200:NoOp@NoOp|NoOp@NoOp|Push(E,E)@Push(E,E)|NoOp@NoOp|NoOp@NoOp
3016071900:NoOp@NoOp|NoOp@NoOp|Push(E,E)@Push(E,E)|NoOp@NoOp|NoOp@NoOp
3016135500:NoOp@NoOp|NoOp@NoOp|Push(E,S)@Push(E,S)|NoOp@NoOp|NoOp@NoOp
3016199800:NoOp@NoOp|NoOp@NoOp|Push(S,S)@Push(S,S)|NoOp@NoOp|NoOp@NoOp
3016264000:NoOp@NoOp|NoOp@NoOp|Push(S,W)@Push(S,W)|NoOp@NoOp|NoOp@NoOp
3016327800:NoOp@NoOp|NoOp@NoOp|Push(W,W)@Push(W,W)|NoOp@NoOp|NoOp@NoOp
3016394500:NoOp@NoOp|NoOp@NoOp|Push(W,W)@Push(W,W)|NoOp@NoOp|NoOp@NoOp
3016458300:NoOp@NoOp|NoOp@NoOp|Push(W,W)@Push(W,W)|NoOp@NoOp|NoOp@NoOp
3016522200:NoOp@NoOp|NoOp@NoOp|Push(W,W)@Push(W,W)|NoOp@NoOp|NoOp@NoOp
3016586300:NoOp@NoOp|NoOp@NoOp|Push(W,W)@Push(W,W)|NoOp@NoOp|NoOp@NoOp
3016659800:NoOp@NoOp|NoOp@NoOp|Push(W,W)@Push(W,W)|NoOp@NoOp|NoOp@NoOp
3016718700:NoOp@NoOp|NoOp@NoOp|Push(W,W)@Push(W,W)|NoOp@NoOp|NoOp@NoOp
3016779500:NoOp@NoOp|NoOp@NoOp|Push(W,S)@Push(W,S)|NoOp@NoOp|NoOp@NoOp
3016848300:NoOp@NoOp|NoOp@NoOp|Push(S,S)@Push(S,S)|NoOp@NoOp|NoOp@NoOp
3016927800:NoOp@NoOp|NoOp@NoOp|Push(S,S)@Push(S,S)|NoOp@NoOp|NoOp@NoOp
3017001100:NoOp@NoOp|NoOp@NoOp|Push(S,E)@Push(S,E)|NoOp@NoOp|NoOp@NoOp
3017059400:NoOp@NoOp|NoOp@NoOp|Push(E,E)@Push(E,E)|NoOp@NoOp|NoOp@NoOp
3017119900:NoOp@NoOp|NoOp@NoOp|Push(E,N)@Push(E,N)|NoOp@NoOp|NoOp@NoOp
3017179500:NoOp@NoOp|NoOp@NoOp|Push(N,E)@Push(N,E)|NoOp@NoOp|NoOp@NoOp
3017239500:NoOp@NoOp|NoOp@NoOp|Push(E,E)@Push(E,E)|NoOp@NoOp|NoOp@NoOp
3017298800:NoOp@NoOp|NoOp@NoOp|Push(E,E)@Push(E,E)|NoOp@NoOp|NoOp@NoOp
3017364500:NoOp@NoOp|NoOp@NoOp|Push(E,S)@Push(E,S)|NoOp@NoOp|NoOp@NoOp
3017423700:NoOp@NoOp|NoOp@NoOp|Push(S,E)@Push(S,E)|NoOp@NoOp|NoOp@NoOp
3017482900:NoOp@NoOp|NoOp@NoOp|Push(E,E)@Push(E,E)|NoOp@NoOp|NoOp@NoOp
3017541900:NoOp@NoOp|NoOp@NoOp|Push(E,E)@Push(E,E)|NoOp@NoOp|NoOp@NoOp
3017617200:NoOp@NoOp|NoOp@NoOp|Push(E,N)@Push(E,N)|NoOp@NoOp|NoOp@NoOp
3017681500:NoOp@NoOp|NoOp@NoOp|Push(N,E)@Push(N,E)|NoOp@NoOp|NoOp@NoOp
3017745600:NoOp@NoOp|NoOp@NoOp|Push(E,E)@Push(E,E)|NoOp@NoOp|NoOp@NoOp
3017809900:NoOp@NoOp|NoOp@NoOp|Push(E,S)@Push(E,S)|NoOp@NoOp|NoOp@NoOp
3017874100:NoOp@NoOp|NoOp@NoOp|Push(S,E)@Push(S,E)|NoOp@NoOp|NoOp@NoOp
3017938100:NoOp@NoOp|NoOp@NoOp|Push(E,E)@Push(E,E)|NoOp@NoOp|NoOp@NoOp
3018002400:NoOp@NoOp|NoOp@NoOp|Push(E,E)@Push(E,E)|NoOp@NoOp|NoOp@NoOp
3018066700:NoOp@NoOp|NoOp@NoOp|Push(E,N)@Push(E,N)|NoOp@NoOp|NoOp@NoOp
3018131000:NoOp@NoOp|NoOp@NoOp|Push(N,E)@Push(N,E)|NoOp@NoOp|NoOp@NoOp
3018195700:NoOp@NoOp|NoOp@NoOp|Push(E,E)@Push(E,E)|NoOp@NoOp|NoOp@NoOp
3018260000:NoOp@NoOp|NoOp@NoOp|Push(E,E)@Push(E,E)|NoOp@NoOp|NoOp@NoOp
3018324600:NoOp@NoOp|NoOp@NoOp|Push(E,E)@Push(E,E)|NoOp@NoOp|NoOp@NoOp
3018388800:NoOp@NoOp|NoOp@NoOp|Push(E,E)@Push(E,E)|NoOp@NoOp|NoOp@NoOp
3018453300:NoOp@NoOp|NoOp@NoOp|Push(E,E)@Push(E,E)|NoOp@NoOp|NoOp@NoOp
3018517900:NoOp@NoOp|NoOp@NoOp|Push(E,E)@Push(E,E)|NoOp@NoOp|NoOp@NoOp
3018585000:NoOp@NoOp|NoOp@NoOp|Push(E,N)@Push(E,N)|NoOp@NoOp|NoOp@NoOp
3018659600:NoOp@NoOp|NoOp@NoOp|Push(N,E)@Push(N,E)|NoOp@NoOp|NoOp@NoOp
3018718700:NoOp@NoOp|NoOp@NoOp|Push(E,N)@Push(E,N)|NoOp@NoOp|NoOp@NoOp
3018778000:NoOp@NoOp|NoOp@NoOp|Push(N,E)@Push(N,E)|NoOp@NoOp|NoOp@NoOp
3018837500:NoOp@NoOp|NoOp@NoOp|Push(E,N)@Push(E,N)|NoOp@NoOp|NoOp@NoOp
3018897300:NoOp@NoOp|NoOp@NoOp|Push(N,E)@Push(N,E)|NoOp@NoOp|NoOp@NoOp
3018956600:NoOp@NoOp|NoOp@NoOp|Push(E,N)@Push(E,N)|NoOp@NoOp|NoOp@NoOp
3019016300:NoOp@NoOp|NoOp@NoOp|Push(N,E)@Push(N,E)|NoOp@NoOp|NoOp@NoOp
3019075700:NoOp@NoOp|NoOp@NoOp|Push(E,E)@Push(E,E)|NoOp@NoOp|NoOp@NoOp
3019135000:NoOp@NoOp|NoOp@NoOp|Push(E,E)@Push(E,E)|NoOp@NoOp|NoOp@NoOp
3019194100:NoOp@NoOp|NoOp@NoOp|Push(E,E)@Push(E,E)|NoOp@NoOp|NoOp@NoOp
3019253500:NoOp@NoOp|NoOp@NoOp|Push(E,E)@Push(E,E)|NoOp@NoOp|NoOp@NoOp
3019313200:NoOp@NoOp|NoOp@NoOp|Move(S)@Move(S)|NoOp@NoOp|NoOp@NoOp
3019372500:NoOp@NoOp|NoOp@NoOp|Move(S)@Move(S)|NoOp@NoOp|NoOp@NoOp
3019431900:NoOp@NoOp|NoOp@NoOp|Move(S)@Move(S)|NoOp@NoOp|NoOp@NoOp
3019490900:NoOp@NoOp|NoOp@NoOp|Move(S)@Move(S)|NoOp@NoOp|NoOp@NoOp
3019549900:NoOp@NoOp|NoOp@NoOp|Move(S)@Move(S)|NoOp@NoOp|NoOp@NoOp
3019701200:NoOp@NoOp|NoOp@NoOp|Move(W)@Move(W)|NoOp@NoOp|NoOp@NoOp
3019771800:NoOp@NoOp|NoOp@NoOp|Move(W)@Move(W)|NoOp@NoOp|NoOp@NoOp
3019839000:NoOp@NoOp|NoOp@NoOp|Move(W)@Move(W)|NoOp@NoOp|NoOp@NoOp
3019906200:NoOp@NoOp|NoOp@NoOp|Move(W)@Move(W)|NoOp@NoOp|NoOp@NoOp
3019973100:NoOp@NoOp|NoOp@NoOp|Move(W)@Move(W)|NoOp@NoOp|NoOp@NoOp
3020040100:NoOp@NoOp|NoOp@NoOp|Move(W)@Move(W)|NoOp@NoOp|NoOp@NoOp
3020107300:NoOp@NoOp|NoOp@NoOp|Move(W)@Move(W)|NoOp@NoOp|NoOp@NoOp
3020174300:NoOp@NoOp|NoOp@NoOp|Move(W)@Move(W)|NoOp@NoOp|NoOp@NoOp
3020241200:NoOp@NoOp|NoOp@NoOp|Move(W)@Move(W)|NoOp@NoOp|NoOp@NoOp
3020308000:NoOp@NoOp|NoOp@NoOp|Move(W)@Move(W)|NoOp@NoOp|NoOp@NoOp
3020392300:NoOp@NoOp|NoOp@NoOp|Move(W)@Move(W)|NoOp@NoOp|NoOp@NoOp
3020459900:NoOp@NoOp|NoOp@NoOp|Move(W)@Move(W)|NoOp@NoOp|NoOp@NoOp
3020526400:NoOp@NoOp|NoOp@NoOp|Move(W)@Move(W)|NoOp@NoOp|NoOp@NoOp
3020605800:NoOp@NoOp|NoOp@NoOp|Move(W)@Move(W)|NoOp@NoOp|NoOp@NoOp
3020669000:NoOp@NoOp|NoOp@NoOp|Move(W)@Move(W)|NoOp@NoOp|NoOp@NoOp
3020732200:NoOp@NoOp|NoOp@NoOp|Move(W)@Move(W)|NoOp@NoOp|NoOp@NoOp
3020795500:NoOp@NoOp|NoOp@NoOp|Move(W)@Move(W)|NoOp@NoOp|NoOp@NoOp
3020859200:NoOp@NoOp|NoOp@NoOp|Move(N)@Move(N)|NoOp@NoOp|NoOp@NoOp
3020925600:NoOp@NoOp|NoOp@NoOp|Move(W)@Move(W)|NoOp@NoOp|NoOp@NoOp
3020989500:NoOp@NoOp|NoOp@NoOp|Move(W)@Move(W)|NoOp@NoOp|NoOp@NoOp
3021052700:NoOp@NoOp|NoOp@NoOp|Move(S)@Move(S)|NoOp@NoOp|NoOp@NoOp
3021116300:NoOp@NoOp|NoOp@NoOp|Move(W)@Move(W)|NoOp@NoOp|NoOp@NoOp
3021179500:NoOp@NoOp|NoOp@NoOp|Move(W)@Move(W)|NoOp@NoOp|NoOp@NoOp
3021242600:NoOp@NoOp|NoOp@NoOp|Move(W)@Move(W)|NoOp@NoOp|NoOp@NoOp
3021306300:NoOp@NoOp|NoOp@NoOp|Move(N)@Move(N)|NoOp@NoOp|NoOp@NoOp
3021378900:NoOp@NoOp|NoOp@NoOp|Move(W)@Move(W)|NoOp@NoOp|NoOp@NoOp
3021442400:NoOp@NoOp|NoOp@NoOp|Move(W)@Move(W)|NoOp@NoOp|NoOp@NoOp
3021505500:NoOp@NoOp|NoOp@NoOp|Move(W)@Move(W)|NoOp@NoOp|NoOp@NoOp
3021583500:NoOp@NoOp|NoOp@NoOp|Move(S)@Move(S)|NoOp@NoOp|NoOp@NoOp
3021670000:NoOp@NoOp|NoOp@NoOp|Move(W)@Move(W)|NoOp@NoOp|NoOp@NoOp
3021737300:NoOp@NoOp|NoOp@NoOp|Move(W)@Move(W)|NoOp@NoOp|NoOp@NoOp
3021804100:NoOp@NoOp|NoOp@NoOp|Move(N)@Move(N)|NoOp@NoOp|NoOp@NoOp
3021870800:NoOp@NoOp|NoOp@NoOp|Move(N)@Move(N)|NoOp@NoOp|NoOp@NoOp
3021937700:NoOp@NoOp|NoOp@NoOp|Move(N)@Move(N)|NoOp@NoOp|NoOp@NoOp
3022037400:NoOp@NoOp|NoOp@NoOp|Move(E)@Move(E)|NoOp@NoOp|NoOp@NoOp
3022130700:NoOp@NoOp|NoOp@NoOp|Move(E)@Move(E)|NoOp@NoOp|NoOp@NoOp
3022219400:NoOp@NoOp|NoOp@NoOp|Move(E)@Move(E)|NoOp@NoOp|NoOp@NoOp
3022302200:NoOp@NoOp|NoOp@NoOp|Move(E)@Move(E)|NoOp@NoOp|NoOp@NoOp
3022368300:NoOp@NoOp|NoOp@NoOp|Move(E)@Move(E)|NoOp@NoOp|NoOp@NoOp
3022426300:NoOp@NoOp|NoOp@NoOp|Move(E)@Move(E)|NoOp@NoOp|NoOp@NoOp
3022501400:NoOp@NoOp|NoOp@NoOp|Move(E)@Move(E)|NoOp@NoOp|NoOp@NoOp
3022569500:NoOp@NoOp|NoOp@NoOp|Move(E)@Move(E)|NoOp@NoOp|NoOp@NoOp
3022628200:NoOp@NoOp|NoOp@NoOp|Move(N)@Move(N)|NoOp@NoOp|NoOp@NoOp
3022691300:NoOp@NoOp|NoOp@NoOp|Move(N)@Move(N)|NoOp@NoOp|NoOp@NoOp
3022763000:NoOp@NoOp|NoOp@NoOp|Move(W)@Move(W)|NoOp@NoOp|NoOp@NoOp
3022830000:NoOp@NoOp|NoOp@NoOp|Move(W)@Move(W)|NoOp@NoOp|NoOp@NoOp
3022889200:NoOp@NoOp|NoOp@NoOp|Move(W)@Move(W)|NoOp@NoOp|NoOp@NoOp
3022946900:NoOp@NoOp|NoOp@NoOp|Move(W)@Move(W)|NoOp@NoOp|NoOp@NoOp
3023017700:NoOp@NoOp|NoOp@NoOp|Move(W)@Move(W)|NoOp@NoOp|NoOp@NoOp
3023085600:NoOp@NoOp|NoOp@NoOp|Move(W)@Move(W)|NoOp@NoOp|NoOp@NoOp
3023143200:NoOp@NoOp|NoOp@NoOp|Move(W)@Move(W)|NoOp@NoOp|NoOp@NoOp
3023200200:NoOp@NoOp|NoOp@NoOp|Move(W)@Move(W)|NoOp@NoOp|NoOp@NoOp
3023258900:NoOp@NoOp|NoOp@NoOp|Move(W)@Move(W)|NoOp@NoOp|NoOp@NoOp
3023331900:NoOp@NoOp|NoOp@NoOp|Move(W)@Move(W)|NoOp@NoOp|NoOp@NoOp
3023401000:NoOp@NoOp|NoOp@NoOp|Move(W)@Move(W)|NoOp@NoOp|NoOp@NoOp
3023469200:NoOp@NoOp|NoOp@NoOp|Move(W)@Move(W)|NoOp@NoOp|NoOp@NoOp
3023536400:NoOp@NoOp|NoOp@NoOp|Move(W)@Move(W)|NoOp@NoOp|NoOp@NoOp
3023616400:NoOp@NoOp|NoOp@NoOp|Move(W)@Move(W)|NoOp@NoOp|NoOp@NoOp
3023681700:NoOp@NoOp|NoOp@NoOp|Move(W)@Move(W)|NoOp@NoOp|NoOp@NoOp
3023759300:NoOp@NoOp|NoOp@NoOp|Move(W)@Move(W)|NoOp@NoOp|NoOp@NoOp
3023840700:NoOp@NoOp|NoOp@NoOp|Move(W)@Move(W)|NoOp@NoOp|NoOp@NoOp
3023920300:NoOp@NoOp|NoOp@NoOp|Pull(E,E)@Pull(E,E)|NoOp@NoOp|NoOp@NoOp
3023999100:NoOp@NoOp|NoOp@NoOp|Pull(E,E)@Pull(E,E)|NoOp@NoOp|NoOp@NoOp
3024067700:NoOp@NoOp|NoOp@NoOp|Pull(E,E)@Pull(E,E)|NoOp@NoOp|NoOp@NoOp
3024122000:NoOp@NoOp|NoOp@NoOp|Pull(E,E)@Pull(E,E)|NoOp@NoOp|NoOp@NoOp
3024186400:NoOp@NoOp|NoOp@NoOp|Pull(E,E)@Pull(E,E)|NoOp@NoOp|NoOp@NoOp
3024252400:NoOp@NoOp|NoOp@NoOp|Pull(E,E)@Pull(E,E)|NoOp@NoOp|NoOp@NoOp
3024318300:NoOp@NoOp|NoOp@NoOp|Pull(E,E)@Pull(E,E)|NoOp@NoOp|NoOp@NoOp
3024383800:NoOp@NoOp|NoOp@NoOp|Pull(E,E)@Pull(E,E)|NoOp@NoOp|NoOp@NoOp
3024449400:NoOp@NoOp|NoOp@NoOp|Pull(E,E)@Pull(E,E)|NoOp@NoOp|NoOp@NoOp
3024514700:NoOp@NoOp|NoOp@NoOp|Pull(E,E)@Pull(E,E)|NoOp@NoOp|NoOp@NoOp
3024599100:NoOp@NoOp|NoOp@NoOp|Pull(E,E)@Pull(E,E)|NoOp@NoOp|NoOp@NoOp
3024666700:NoOp@NoOp|NoOp@NoOp|Pull(E,E)@Pull(E,E)|NoOp@NoOp|NoOp@NoOp
3024734000:NoOp@NoOp|NoOp@NoOp|Pull(E,E)@Pull(E,E)|NoOp@NoOp|NoOp@NoOp
3024801400:NoOp@NoOp|NoOp@NoOp|Pull(E,E)@Pull(E,E)|NoOp@NoOp|NoOp@NoOp
3024869000:NoOp@NoOp|NoOp@NoOp|Pull(E,E)@Pull(E,E)|NoOp@NoOp|NoOp@NoOp
3024936700:NoOp@NoOp|NoOp@NoOp|Pull(E,E)@Pull(E,E)|NoOp@NoOp|NoOp@NoOp
3025003900:NoOp@NoOp|NoOp@NoOp|Pull(E,E)@Pull(E,E)|NoOp@NoOp|NoOp@NoOp
3025071500:NoOp@NoOp|NoOp@NoOp|Pull(E,E)@Pull(E,E)|NoOp@NoOp|NoOp@NoOp
3025139000:NoOp@NoOp|NoOp@NoOp|Push(W,S)@Push(W,S)|NoOp@NoOp|NoOp@NoOp
3025207000:NoOp@NoOp|NoOp@NoOp|Push(S,S)@Push(S,S)|NoOp@NoOp|NoOp@NoOp
3025275000:NoOp@NoOp|NoOp@NoOp|Push(S,W)@Push(S,W)|NoOp@NoOp|NoOp@NoOp
3025342400:NoOp@NoOp|NoOp@NoOp|Push(W,W)@Push(W,W)|NoOp@NoOp|NoOp@NoOp
3025409900:NoOp@NoOp|NoOp@NoOp|Push(W,W)@Push(W,W)|NoOp@NoOp|NoOp@NoOp
3025488000:NoOp@NoOp|NoOp@NoOp|Push(W,W)@Push(W,W)|NoOp@NoOp|NoOp@NoOp
3025555500:NoOp@NoOp|NoOp@NoOp|Push(W,W)@Push(W,W)|NoOp@NoOp|NoOp@NoOp
3025633900:NoOp@NoOp|NoOp@NoOp|Push(W,W)@Push(W,W)|NoOp@NoOp|NoOp@NoOp
3025697900:NoOp@NoOp|NoOp@NoOp|Push(W,W)@Push(W,W)|NoOp@NoOp|NoOp@NoOp
3025764900:NoOp@NoOp|NoOp@NoOp|Push(W,W)@Push(W,W)|NoOp@NoOp|NoOp@NoOp
3025829500:NoOp@NoOp|NoOp@NoOp|Push(W,S)@Push(W,S)|NoOp@NoOp|NoOp@NoOp
3025893900:NoOp@NoOp|NoOp@NoOp|Push(S,S)@Push(S,S)|NoOp@NoOp|NoOp@NoOp
3025958700:NoOp@NoOp|NoOp@NoOp|Push(S,S)@Push(S,S)|NoOp@NoOp|NoOp@NoOp
3026023100:NoOp@NoOp|NoOp@NoOp|Push(S,E)@Push(S,E)|NoOp@NoOp|NoOp@NoOp
3026087700:NoOp@NoOp|NoOp@NoOp|Push(E,E)@Push(E,E)|NoOp@NoOp|NoOp@NoOp
3026152200:NoOp@NoOp|NoOp@NoOp|Push(E,N)@Push(E,N)|NoOp@NoOp|NoOp@NoOp
3026216600:NoOp@NoOp|NoOp@NoOp|Push(N,E)@Push(N,E)|NoOp@NoOp|NoOp@NoOp
3026280800:NoOp@NoOp|NoOp@NoOp|Push(E,E)@Push(E,E)|NoOp@NoOp|NoOp@NoOp
3026345100:NoOp@NoOp|NoOp@NoOp|Push(E,E)@Push(E,E)|NoOp@NoOp|NoOp@NoOp
3026408900:NoOp@NoOp|NoOp@NoOp|Push(E,S)@Push(E,S)|NoOp@NoOp|NoOp@NoOp
3026474100:NoOp@NoOp|NoOp@NoOp|Push(S,E)@Push(S,E)|NoOp@NoOp|NoOp@NoOp
3026538500:NoOp@NoOp|NoOp@NoOp|Push(E,E)@Push(E,E)|NoOp@NoOp|NoOp@NoOp
3026619000:NoOp@NoOp|NoOp@NoOp|Push(E,E)@Push(E,E)|NoOp@NoOp|NoOp@NoOp
3026690200:NoOp@NoOp|NoOp@NoOp|Push(E,N)@Push(E,N)|NoOp@NoOp|NoOp@NoOp
3026762400:NoOp@NoOp|NoOp@NoOp|Push(N,E)@Push(N,E)|NoOp@NoOp|NoOp@NoOp
3026834300:NoOp@NoOp|NoOp@NoOp|Push(E,E)@Push(E,E)|NoOp@NoOp|NoOp@NoOp
3026914600:NoOp@NoOp|NoOp@NoOp|Push(E,S)@Push(E,S)|NoOp@NoOp|NoOp@NoOp
3026986500:NoOp@NoOp|NoOp@NoOp|Push(S,E)@Push(S,E)|NoOp@NoOp|NoOp@NoOp
3027064100:NoOp@NoOp|NoOp@NoOp|Push(E,E)@Push(E,E)|NoOp@NoOp|NoOp@NoOp
3027135800:NoOp@NoOp|NoOp@NoOp|Push(E,E)@Push(E,E)|NoOp@NoOp|NoOp@NoOp
3027239100:NoOp@NoOp|NoOp@NoOp|Push(E,N)@Push(E,N)|NoOp@NoOp|NoOp@NoOp
3027310700:NoOp@NoOp|NoOp@NoOp|Push(N,E)@Push(N,E)|NoOp@NoOp|NoOp@NoOp
3027382000:NoOp@NoOp|NoOp@NoOp|Push(E,E)@Push(E,E)|NoOp@NoOp|NoOp@NoOp
3027454100:NoOp@NoOp|NoOp@NoOp|Push(E,E)@Push(E,E)|NoOp@NoOp|NoOp@NoOp
3027525900:NoOp@NoOp|NoOp@NoOp|Push(E,E)@Push(E,E)|NoOp@NoOp|NoOp@NoOp
3027609800:NoOp@NoOp|NoOp@NoOp|Push(E,E)@Push(E,E)|NoOp@NoOp|NoOp@NoOp
3027674300:NoOp@NoOp|NoOp@NoOp|Push(E,E)@Push(E,E)|NoOp@NoOp|NoOp@NoOp
3027738400:NoOp@NoOp|NoOp@NoOp|Push(E,E)@Push(E,E)|NoOp@NoOp|NoOp@NoOp
3027802800:NoOp@NoOp|NoOp@NoOp|Push(E,N)@Push(E,N)|NoOp@NoOp|NoOp@NoOp
3027867100:NoOp@NoOp|NoOp@NoOp|Push(N,E)@Push(N,E)|NoOp@NoOp|NoOp@NoOp
3027930900:NoOp@NoOp|NoOp@NoOp|Push(E,N)@Push(E,N)|NoOp@NoOp|NoOp@NoOp
3027985700:NoOp@NoOp|NoOp@NoOp|Push(N,E)@Push(N,E)|NoOp@NoOp|NoOp@NoOp
3028047500:NoOp@NoOp|NoOp@NoOp|Push(E,N)@Push(E,N)|NoOp@NoOp|NoOp@NoOp
3028111800:NoOp@NoOp|NoOp@NoOp|Push(N,E)@Push(N,E)|NoOp@NoOp|NoOp@NoOp
3028178700:NoOp@NoOp|NoOp@NoOp|Push(E,E)@Push(E,E)|NoOp@NoOp|NoOp@NoOp
3028242900:NoOp@NoOp|NoOp@NoOp|Push(E,E)@Push(E,E)|NoOp@NoOp|NoOp@NoOp
3028307200:NoOp@NoOp|NoOp@NoOp|Push(E,E)@Push(E,E)|NoOp@NoOp|NoOp@NoOp
3028371200:NoOp@NoOp|NoOp@NoOp|Push(E,E)@Push(E,E)|NoOp@NoOp|NoOp@NoOp
3028434900:NoOp@NoOp|NoOp@NoOp|Push(E,E)@Push(E,E)|NoOp@NoOp|NoOp@NoOp
3028498600:NoOp@NoOp|NoOp@NoOp|Push(E,E)@Push(E,E)|NoOp@NoOp|NoOp@NoOp
3028562700:NoOp@NoOp|NoOp@NoOp|Push(E,N)@Push(E,N)|NoOp@NoOp|NoOp@NoOp
3028627400:NoOp@NoOp|NoOp@NoOp|NoOp@NoOp|Move(S)@Move(S)|NoOp@NoOp
3028691900:NoOp@NoOp|NoOp@NoOp|NoOp@NoOp|Move(S)@Move(S)|NoOp@NoOp
3028756000:NoOp@NoOp|NoOp@NoOp|NoOp@NoOp|Move(S)@Move(S)|NoOp@NoOp
3028820000:NoOp@NoOp|NoOp@NoOp|NoOp@NoOp|Move(E)@Move(E)|NoOp@NoOp
3028884600:NoOp@NoOp|NoOp@NoOp|NoOp@NoOp|Move(E)@Move(E)|NoOp@NoOp
3028948800:NoOp@NoOp|NoOp@NoOp|NoOp@NoOp|Move(E)@Move(E)|NoOp@NoOp
3029012900:NoOp@NoOp|NoOp@NoOp|NoOp@NoOp|Move(E)@Move(E)|NoOp@NoOp
3029076800:NoOp@NoOp|NoOp@NoOp|NoOp@NoOp|Move(E)@Move(E)|NoOp@NoOp
3029140500:NoOp@NoOp|NoOp@NoOp|NoOp@NoOp|Move(E)@Move(E)|NoOp@NoOp
3029204700:NoOp@NoOp|NoOp@NoOp|NoOp@NoOp|Move(E)@Move(E)|NoOp@NoOp
3029270000:NoOp@NoOp|NoOp@NoOp|NoOp@NoOp|Move(E)@Move(E)|NoOp@NoOp
3029334200:NoOp@NoOp|NoOp@NoOp|NoOp@NoOp|Move(E)@Move(E)|NoOp@NoOp
3029397800:NoOp@NoOp|NoOp@NoOp|NoOp@NoOp|Move(E)@Move(E)|NoOp@NoOp
3029461900:NoOp@NoOp|NoOp@NoOp|NoOp@NoOp|Move(E)@Move(E)|NoOp@NoOp
3029525600:NoOp@NoOp|NoOp@NoOp|NoOp@NoOp|Move(E)@Move(E)|NoOp@NoOp
3029604700:NoOp@NoOp|NoOp@NoOp|NoOp@NoOp|Move(E)@Move(E)|NoOp@NoOp
3029680200:NoOp@NoOp|NoOp@NoOp|NoOp@NoOp|Move(E)@Move(E)|NoOp@NoOp
3029755200:NoOp@NoOp|NoOp@NoOp|NoOp@NoOp|Move(E)@Move(E)|NoOp@NoOp
3029830500:NoOp@NoOp|NoOp@NoOp|NoOp@NoOp|Move(E)@Move(E)|NoOp@NoOp
3029905700:NoOp@NoOp|NoOp@NoOp|NoOp@NoOp|Move(E)@Move(E)|NoOp@NoOp
3029981100:NoOp@NoOp|NoOp@NoOp|NoOp@NoOp|Move(E)@Move(E)|NoOp@NoOp
3030056100:NoOp@NoOp|NoOp@NoOp|NoOp@NoOp|Move(E)@Move(E)|NoOp@NoOp
3030131300:NoOp@NoOp|NoOp@NoOp|NoOp@NoOp|Move(E)@Move(E)|NoOp@NoOp
3030206600:NoOp@NoOp|NoOp@NoOp|NoOp@NoOp|Move(S)@Move(S)|NoOp@NoOp
3030281500:NoOp@NoOp|NoOp@NoOp|NoOp@NoOp|Move(S)@Move(S)|NoOp@NoOp
3030357000:NoOp@NoOp|NoOp@NoOp|NoOp@NoOp|Move(W)@Move(W)|NoOp@NoOp
3030432400:NoOp@NoOp|NoOp@NoOp|NoOp@NoOp|Move(W)@Move(W)|NoOp@NoOp
3030507300:NoOp@NoOp|NoOp@NoOp|NoOp@NoOp|Move(W)@Move(W)|NoOp@NoOp
3030586100:NoOp@NoOp|NoOp@NoOp|NoOp@NoOp|Move(W)@Move(W)|NoOp@NoOp
3030736500:NoOp@NoOp|NoOp@NoOp|NoOp@NoOp|Move(W)@Move(W)|NoOp@NoOp
3030817000:NoOp@NoOp|NoOp@NoOp|NoOp@NoOp|Move(W)@Move(W)|NoOp@NoOp
3030893900:NoOp@NoOp|NoOp@NoOp|NoOp@NoOp|Move(W)@Move(W)|NoOp@NoOp
3030960000:NoOp@NoOp|NoOp@NoOp|NoOp@NoOp|Move(W)@Move(W)|NoOp@NoOp
3031044200:NoOp@NoOp|NoOp@NoOp|NoOp@NoOp|Move(S)@Move(S)|NoOp@NoOp
3031108900:NoOp@NoOp|NoOp@NoOp|NoOp@NoOp|Move(S)@Move(S)|NoOp@NoOp
3031173500:NoOp@NoOp|NoOp@NoOp|NoOp@NoOp|Move(S)@Move(S)|NoOp@NoOp
3031237400:NoOp@NoOp|NoOp@NoOp|NoOp@NoOp|Move(E)@Move(E)|NoOp@NoOp
3031301500:NoOp@NoOp|NoOp@NoOp|NoOp@NoOp|Move(E)@Move(E)|NoOp@NoOp
3031365700:NoOp@NoOp|NoOp@NoOp|NoOp@NoOp|Move(N)@Move(N)|NoOp@NoOp
3031430000:NoOp@NoOp|NoOp@NoOp|NoOp@NoOp|Move(E)@Move(E)|NoOp@NoOp
3031493900:NoOp@NoOp|NoOp@NoOp|NoOp@NoOp|Move(E)@Move(E)|NoOp@NoOp
3031557700:NoOp@NoOp|NoOp@NoOp|NoOp@NoOp|Move(E)@Move(E)|NoOp@NoOp
3031621800:NoOp@NoOp|NoOp@NoOp|NoOp@NoOp|Move(S)@Move(S)|NoOp@NoOp
3031689000:NoOp@NoOp|NoOp@NoOp|NoOp@NoOp|Move(E)@Move(E)|NoOp@NoOp
3031752800:NoOp@NoOp|NoOp@NoOp|NoOp@NoOp|Move(E)@Move(E)|NoOp@NoOp
3031819100:NoOp@NoOp|NoOp@NoOp|NoOp@NoOp|Move(E)@Move(E)|NoOp@NoOp
3031882700:NoOp@NoOp|NoOp@NoOp|NoOp@NoOp|Move(N)@Move(N)|NoOp@NoOp
3031946400:NoOp@NoOp|NoOp@NoOp|NoOp@NoOp|Move(E)@Move(E)|NoOp@NoOp
3032010300:NoOp@NoOp|NoOp@NoOp|NoOp@NoOp|Move(E)@Move(E)|NoOp@NoOp
3032073900:NoOp@NoOp|NoOp@NoOp|NoOp@NoOp|Move(S)@Move(S)|NoOp@NoOp
3032137700:NoOp@NoOp|NoOp@NoOp|NoOp@NoOp|Move(E)@Move(E)|NoOp@NoOp
3032201400:NoOp@NoOp|NoOp@NoOp|NoOp@NoOp|Move(E)@Move(E)|NoOp@NoOp
3032264900:NoOp@NoOp|NoOp@NoOp|NoOp@NoOp|Move(E)@Move(E)|NoOp@NoOp
3032328500:NoOp@NoOp|NoOp@NoOp|NoOp@NoOp|Move(N)@Move(N)|NoOp@NoOp
3032392200:NoOp@NoOp|NoOp@NoOp|NoOp@NoOp|Move(E)@Move(E)|NoOp@NoOp
3032455900:NoOp@NoOp|NoOp@NoOp|NoOp@NoOp|Move(E)@Move(E)|NoOp@NoOp
3032519600:NoOp@NoOp|NoOp@NoOp|NoOp@NoOp|Move(E)@Move(E)|NoOp@NoOp
3032602800:NoOp@NoOp|NoOp@NoOp|NoOp@NoOp|Move(E)@Move(E)|NoOp@NoOp
3032675700:NoOp@NoOp|NoOp@NoOp|NoOp@NoOp|Move(N)@Move(N)|NoOp@NoOp
3032749600:NoOp@NoOp|NoOp@NoOp|NoOp@NoOp|NoOp@NoOp|Move(W)@Move(W)
3032823200:NoOp@NoOp|NoOp@NoOp|NoOp@NoOp|NoOp@NoOp|Move(N)@Move(N)
3032896200:NoOp@NoOp|NoOp@NoOp|NoOp@NoOp|NoOp@NoOp|Move(N)@Move(N)
3032982700:NoOp@NoOp|NoOp@NoOp|NoOp@NoOp|NoOp@NoOp|Move(N)@Move(N)
3033060500:NoOp@NoOp|NoOp@NoOp|NoOp@NoOp|NoOp@NoOp|Move(N)@Move(N)
3033134200:NoOp@NoOp|NoOp@NoOp|NoOp@NoOp|NoOp@NoOp|Move(E)@Move(E)
3033206900:NoOp@NoOp|NoOp@NoOp|NoOp@NoOp|NoOp@NoOp|Move(E)@Move(E)
3033279600:NoOp@NoOp|NoOp@NoOp|NoOp@NoOp|NoOp@NoOp|Move(E)@Move(E)
3033368600:NoOp@NoOp|NoOp@NoOp|NoOp@NoOp|NoOp@NoOp|Move(E)@Move(E)
3033438400:NoOp@NoOp|NoOp@NoOp|NoOp@NoOp|NoOp@NoOp|Move(E)@Move(E)
3033511500:NoOp@NoOp|NoOp@NoOp|NoOp@NoOp|NoOp@NoOp|Move(E)@Move(E)
3033584400:NoOp@NoOp|NoOp@NoOp|NoOp@NoOp|NoOp@NoOp|Move(E)@Move(E)
3033664400:NoOp@NoOp|NoOp@NoOp|NoOp@NoOp|NoOp@NoOp|Move(E)@Move(E)
3033729500:NoOp@NoOp|NoOp@NoOp|NoOp@NoOp|NoOp@NoOp|Move(E)@Move(E)
3033794400:NoOp@NoOp|NoOp@NoOp|NoOp@NoOp|NoOp@NoOp|Move(E)@Move(E)
3033891800:NoOp@NoOp|NoOp@NoOp|NoOp@NoOp|NoOp@NoOp|Move(E)@Move(E)
3033980900:NoOp@NoOp|NoOp@NoOp|NoOp@NoOp|NoOp@NoOp|Move(E)@Move(E)
3034042700:NoOp@NoOp|NoOp@NoOp|NoOp@NoOp|NoOp@NoOp|Move(E)@Move(E)
3034103700:NoOp@NoOp|NoOp@NoOp|NoOp@NoOp|NoOp@NoOp|Move(E)@Move(E)
3034164300:NoOp@NoOp|NoOp@NoOp|NoOp@NoOp|NoOp@NoOp|Move(E)@Move(E)
3034225000:NoOp@NoOp|NoOp@NoOp|NoOp@NoOp|NoOp@NoOp|Move(E)@Move(E)
3034287800:NoOp@NoOp|NoOp@NoOp|NoOp@NoOp|NoOp@NoOp|Move(E)@Move(E)
3034349100:NoOp@NoOp|NoOp@NoOp|NoOp@NoOp|NoOp@NoOp|Move(E)@Move(E)
3034410300:NoOp@NoOp|NoOp@NoOp|NoOp@NoOp|NoOp@NoOp|Move(E)@Move(E)
3034471000:NoOp@NoOp|NoOp@NoOp|NoOp@NoOp|NoOp@NoOp|Move(S)@Move(S)
3034532100:NoOp@NoOp|NoOp@NoOp|NoOp@NoOp|NoOp@NoOp|Move(S)@Move(S)
3034592800:NoOp@NoOp|NoOp@NoOp|NoOp@NoOp|NoOp@NoOp|Move(W)@Move(W)
3034657200:NoOp@NoOp|NoOp@NoOp|NoOp@NoOp|NoOp@NoOp|Move(W)@Move(W)
3034718100:NoOp@NoOp|NoOp@NoOp|NoOp@NoOp|NoOp@NoOp|Move(W)@Move(W)
3034779400:NoOp@NoOp|NoOp@NoOp|NoOp@NoOp|NoOp@NoOp|Move(W)@Move(W)
3034840500:NoOp@NoOp|NoOp@NoOp|NoOp@NoOp|NoOp@NoOp|Move(W)@Move(W)
3034901500:NoOp@NoOp|NoOp@NoOp|NoOp@NoOp|NoOp@NoOp|Move(W)@Move(W)
3034962300:NoOp@NoOp|NoOp@NoOp|NoOp@NoOp|NoOp@NoOp|Move(W)@Move(W)
3035037100:NoOp@NoOp|NoOp@NoOp|NoOp@NoOp|NoOp@NoOp|Move(W)@Move(W)
3035099600:NoOp@NoOp|NoOp@NoOp|NoOp@NoOp|NoOp@NoOp|Move(S)@Move(S)
3035170600:NoOp@NoOp|NoOp@NoOp|NoOp@NoOp|NoOp@NoOp|Move(S)@Move(S)
3035234000:NoOp@NoOp|NoOp@NoOp|NoOp@NoOp|NoOp@NoOp|Move(S)@Move(S)
3035296600:NoOp@NoOp|NoOp@NoOp|NoOp@NoOp|NoOp@NoOp|Move(W)@Move(W)
3035358900:NoOp@NoOp|NoOp@NoOp|NoOp@NoOp|NoOp@NoOp|Move(W)@Move(W)
3035421100:NoOp@NoOp|NoOp@NoOp|NoOp@NoOp|NoOp@NoOp|Move(W)@Move(W)
3035483100:NoOp@NoOp|NoOp@NoOp|NoOp@NoOp|NoOp@NoOp|Move(W)@Move(W)
3035545300:NoOp@NoOp|NoOp@NoOp|NoOp@NoOp|NoOp@NoOp|Move(W)@Move(W)
3035607500:NoOp@NoOp|NoOp@NoOp|NoOp@NoOp|NoOp@NoOp|Move(W)@Move(W)
3035669900:NoOp@NoOp|NoOp@NoOp|NoOp@NoOp|NoOp@NoOp|Move(S)@Move(S)
3035732100:NoOp@NoOp|NoOp@NoOp|NoOp@NoOp|NoOp@NoOp|Move(S)@Move(S)
3035801600:Move(W)@Move(W)|NoOp@NoOp|NoOp@NoOp|NoOp@NoOp|NoOp@NoOp
3035864100:Move(W)@Move(W)|NoOp@NoOp|NoOp@NoOp|NoOp@NoOp|NoOp@NoOp
3035926400:Move(W)@Move(W)|NoOp@NoOp|NoOp@NoOp|NoOp@NoOp|NoOp@NoOp
3035989200:Move(W)@Move(W)|NoOp@NoOp|NoOp@NoOp|NoOp@NoOp|NoOp@NoOp
3036051600:Move(W)@Move(W)|NoOp@NoOp|NoOp@NoOp|NoOp@NoOp|NoOp@NoOp
3036114000:Move(S)@Move(S)|NoOp@NoOp|NoOp@NoOp|NoOp@NoOp|NoOp@NoOp
3036176900:Move(S)@Move(S)|NoOp@NoOp|NoOp@NoOp|NoOp@NoOp|NoOp@NoOp
3036239500:Move(S)@Move(S)|NoOp@NoOp|NoOp@NoOp|NoOp@NoOp|NoOp@NoOp
3036301600:Move(S)@Move(S)|NoOp@NoOp|NoOp@NoOp|NoOp@NoOp|NoOp@NoOp
3036363800:Move(S)@Move(S)|NoOp@NoOp|NoOp@NoOp|NoOp@NoOp|NoOp@NoOp
3036426100:Move(S)@Move(S)|NoOp@NoOp|NoOp@NoOp|NoOp@NoOp|NoOp@NoOp
3036488200:Move(W)@Move(W)|NoOp@NoOp|NoOp@NoOp|NoOp@NoOp|NoOp@NoOp
3036553500:Move(W)@Move(W)|NoOp@NoOp|NoOp@NoOp|NoOp@NoOp|NoOp@NoOp
3036616200:Move(W)@Move(W)|NoOp@NoOp|NoOp@NoOp|NoOp@NoOp|NoOp@NoOp
3036678800:Move(W)@Move(W)|NoOp@NoOp|NoOp@NoOp|NoOp@NoOp|NoOp@NoOp
3036741200:Move(W)@Move(W)|NoOp@NoOp|NoOp@NoOp|NoOp@NoOp|NoOp@NoOp
3036803400:Move(W)@Move(W)|NoOp@NoOp|NoOp@NoOp|NoOp@NoOp|NoOp@NoOp
3036865700:Move(W)@Move(W)|NoOp@NoOp|NoOp@NoOp|NoOp@NoOp|NoOp@NoOp
3036927900:NoOp@NoOp|NoOp@NoOp|NoOp@NoOp|Move(N)@Move(N)|NoOp@NoOp
3036990100:NoOp@NoOp|NoOp@NoOp|NoOp@NoOp|Move(E)@Move(E)|NoOp@NoOp
3037052600:Move(N)@Move(N)|NoOp@NoOp|NoOp@NoOp|NoOp@NoOp|NoOp@NoOp
3037115200:Move(N)@Move(N)|NoOp@NoOp|NoOp@NoOp|NoOp@NoOp|NoOp@NoOp
3037177300:Move(N)@Move(N)|NoOp@NoOp|NoOp@NoOp|NoOp@NoOp|NoOp@NoOp
3037239600:NoOp@NoOp|NoOp@NoOp|Move(S)@Move(S)|NoOp@NoOp|NoOp@NoOp
3037301800:NoOp@NoOp|NoOp@NoOp|Move(S)@Move(S)|NoOp@NoOp|NoOp@NoOp
3037364100:NoOp@NoOp|NoOp@NoOp|Move(S)@Move(S)|NoOp@NoOp|NoOp@NoOp
3037426400:NoOp@NoOp|NoOp@NoOp|Move(W)@Move(W)|NoOp@NoOp|NoOp@NoOp
3037488900:NoOp@NoOp|NoOp@NoOp|Move(W)@Move(W)|NoOp@NoOp|NoOp@NoOp
3037551100:NoOp@NoOp|NoOp@NoOp|Move(W)@Move(W)|NoOp@NoOp|NoOp@NoOp
3037624900:NoOp@NoOp|NoOp@NoOp|Move(W)@Move(W)|NoOp@NoOp|NoOp@NoOp
3037706600:NoOp@NoOp|NoOp@NoOp|Move(W)@Move(W)|NoOp@NoOp|NoOp@NoOp
3037785400:NoOp@NoOp|NoOp@NoOp|Move(W)@Move(W)|NoOp@NoOp|NoOp@NoOp
3037858600:NoOp@NoOp|NoOp@NoOp|Move(W)@Move(W)|NoOp@NoOp|NoOp@NoOp
3037922600:NoOp@NoOp|NoOp@NoOp|Move(W)@Move(W)|NoOp@NoOp|NoOp@NoOp
3038018400:NoOp@NoOp|NoOp@NoOp|Move(W)@Move(W)|NoOp@NoOp|NoOp@NoOp
3038109100:NoOp@NoOp|NoOp@NoOp|Move(W)@Move(W)|NoOp@NoOp|NoOp@NoOp
3038190400:NoOp@NoOp|NoOp@NoOp|Move(W)@Move(W)|NoOp@NoOp|NoOp@NoOp
3038270000:NoOp@NoOp|NoOp@NoOp|Move(W)@Move(W)|NoOp@NoOp|NoOp@NoOp
3038337600:NoOp@NoOp|NoOp@NoOp|Move(N)@Move(N)|NoOp@NoOp|NoOp@NoOp
3038415000:NoOp@NoOp|NoOp@NoOp|Move(N)@Move(N)|NoOp@NoOp|NoOp@NoOp
3038495900:NoOp@NoOp|NoOp@NoOp|Move(W)@Move(W)|NoOp@NoOp|NoOp@NoOp
3038562000:NoOp@NoOp|NoOp@NoOp|NoOp@NoOp|Move(W)@Move(W)|NoOp@NoOp
3038629400:NoOp@NoOp|NoOp@NoOp|NoOp@NoOp|Move(S)@Move(S)|NoOp@NoOp
3038705300:NoOp@NoOp|NoOp@NoOp|Move(E)@Move(E)|NoOp@NoOp|NoOp@NoOp
#end
#solved
true
#numactions
2399
#time
3038705300
#end
