#domain
hospital
#levelname
MAze
#colors
red: B,1
lightblue: 9
green: C,2
cyan: D,3
purple: E,4
brown: I,8
orange: F,5
grey: H,7
pink: G,6
blue: 0,A
#initial
+++++++++++++++++++++++++++++++++++++++++++++ 
++ +           +           +                + 
++ +  ++   ++  +++++++++++ ++++++++ +++++++++ 
++ + ++++ ++++ +           +        +++++++++ 
++ + +++++++++ +++++++++++ ++++++++ +++++++ + 
++ +  +++++++  +  B        +             9+ + 
++ +    +++    +++++++++++ ++++++++ +++++++ + 
+        +                                   +
+   C      +++++++++++++++ + ++++++ + +++++ + 
+ ++++++ +               + +      + + +++++ + 
+ +      + +     D       + + +    + + +++++ + 
+ +      + +++++++++++++++ + ++++++ + +++++ + 
+ ++++++++       E         +                + 
+          +++++++++++++++ +++++ ++ + +++++ + 
+ ++++++++ +++++++++++++++ +      + + +++++ + 
+ ++++++++ +++++++++++++++ +      + + +++++ + 
+ ++++++++I      F         +      + + +++++ + 
+ ++++++++ +++++++++++++++ ++++++++ + +++++ + 
+          +                    H   +       + 
+ ++++++++ +      G      + ++++++++ +++++++ + 
+  0 1 2 + +++++++++++++++ ++++++++ +       + 
+  3 4 5   D C A B A D     ++++++++ +       + 
+  6 7 8I                  ++++++++ +       + 
+++++++++++++++++++++++++++++++++++++++++++++ 
#goal
+++++++++++++++++++++++++++++++++++++++++++++ 
++A+           +           +              IF+ 
++C+  ++   ++  +++++++++++ ++++++++ +++++++++ 
++A+ ++++ ++++ +           +9       +++++++++ 
++D+ +++++++++ +++++++++++ ++++++++ +++++++ + 
++B+  +++++++  +           +            D + + 
++D+    +++    +++++++++++ ++++++++ +++++++ + 
+        +                                   +
+          +++++++++++++++ + ++++++ + +++++ + 
+ ++++++ +               + +      + + +++++ + 
+ +  C   + +             + + + E  + + +++++ + 
+ +      + +++++++++++++++ + ++++++ + +++++ + 
+ ++++++++                 +                + 
+          +++++++++++++++ +++++ ++ + +++++ + 
+ ++++++++ +++++++++++++++ +      + + +++++ + 
+ ++++++++ +++++++++++++++ +  B   + + +++++ + 
+ ++++++++                 +      + + +++++ + 
+ ++++++++ +++++++++++++++ ++++++++ + +++++ + 
+          +                        +       + 
+ ++++++++ +      G      + ++++++++ +++++++ + 
+  0 1 2 + +++++++++++++++ ++++++++ +       + 
+  3 4 5                   ++++++++ +   H   + 
+  6 7 8 I                 ++++++++ +       + 
+++++++++++++++++++++++++++++++++++++++++++++ 
#end
#clientname
SearchClient
#actions
176358292:NoOp@NoOp|NoOp@NoOp|NoOp@NoOp|NoOp@NoOp|NoOp@NoOp|Move(E)@Move(E)|NoOp@NoOp|NoOp@NoOp|NoOp@NoOp|NoOp@NoOp
176433334:NoOp@NoOp|NoOp@NoOp|NoOp@NoOp|NoOp@NoOp|NoOp@NoOp|Move(E)@Move(E)|NoOp@NoOp|NoOp@NoOp|NoOp@NoOp|NoOp@NoOp
176491875:NoOp@NoOp|NoOp@NoOp|NoOp@NoOp|NoOp@NoOp|NoOp@NoOp|Move(S)@Move(S)|NoOp@NoOp|NoOp@NoOp|NoOp@NoOp|NoOp@NoOp
176524375:NoOp@NoOp|NoOp@NoOp|NoOp@NoOp|NoOp@NoOp|NoOp@NoOp|Move(E)@Move(E)|NoOp@NoOp|NoOp@NoOp|NoOp@NoOp|NoOp@NoOp
176542750:NoOp@NoOp|NoOp@NoOp|NoOp@NoOp|NoOp@NoOp|NoOp@NoOp|Move(E)@Move(E)|NoOp@NoOp|NoOp@NoOp|NoOp@NoOp|NoOp@NoOp
176560500:NoOp@NoOp|NoOp@NoOp|NoOp@NoOp|NoOp@NoOp|NoOp@NoOp|Move(E)@Move(E)|NoOp@NoOp|NoOp@NoOp|NoOp@NoOp|NoOp@NoOp
176574292:NoOp@NoOp|NoOp@NoOp|NoOp@NoOp|NoOp@NoOp|NoOp@NoOp|Move(E)@Move(E)|NoOp@NoOp|NoOp@NoOp|NoOp@NoOp|NoOp@NoOp
176587500:NoOp@NoOp|NoOp@NoOp|NoOp@NoOp|NoOp@NoOp|NoOp@NoOp|Move(E)@Move(E)|NoOp@NoOp|NoOp@NoOp|NoOp@NoOp|NoOp@NoOp
176600292:NoOp@NoOp|NoOp@NoOp|NoOp@NoOp|NoOp@NoOp|NoOp@NoOp|Move(E)@Move(E)|NoOp@NoOp|NoOp@NoOp|NoOp@NoOp|NoOp@NoOp
176617959:NoOp@NoOp|NoOp@NoOp|NoOp@NoOp|NoOp@NoOp|NoOp@NoOp|Move(E)@Move(E)|NoOp@NoOp|NoOp@NoOp|NoOp@NoOp|NoOp@NoOp
176640750:NoOp@NoOp|NoOp@NoOp|NoOp@NoOp|NoOp@NoOp|NoOp@NoOp|Move(E)@Move(E)|NoOp@NoOp|NoOp@NoOp|NoOp@NoOp|NoOp@NoOp
176655542:NoOp@NoOp|NoOp@NoOp|NoOp@NoOp|NoOp@NoOp|NoOp@NoOp|Move(E)@Move(E)|NoOp@NoOp|NoOp@NoOp|NoOp@NoOp|NoOp@NoOp
176668667:NoOp@NoOp|NoOp@NoOp|NoOp@NoOp|NoOp@NoOp|NoOp@NoOp|Move(E)@Move(E)|NoOp@NoOp|NoOp@NoOp|NoOp@NoOp|NoOp@NoOp
176695459:NoOp@NoOp|NoOp@NoOp|NoOp@NoOp|NoOp@NoOp|NoOp@NoOp|Move(E)@Move(E)|NoOp@NoOp|NoOp@NoOp|NoOp@NoOp|NoOp@NoOp
176711209:NoOp@NoOp|NoOp@NoOp|NoOp@NoOp|NoOp@NoOp|NoOp@NoOp|Move(E)@Move(E)|NoOp@NoOp|NoOp@NoOp|NoOp@NoOp|NoOp@NoOp
176724209:NoOp@NoOp|NoOp@NoOp|NoOp@NoOp|NoOp@NoOp|NoOp@NoOp|Move(E)@Move(E)|NoOp@NoOp|NoOp@NoOp|NoOp@NoOp|NoOp@NoOp
176736834:NoOp@NoOp|NoOp@NoOp|NoOp@NoOp|NoOp@NoOp|NoOp@NoOp|Move(N)@Move(N)|NoOp@NoOp|NoOp@NoOp|NoOp@NoOp|NoOp@NoOp
176748917:NoOp@NoOp|NoOp@NoOp|NoOp@NoOp|NoOp@NoOp|NoOp@NoOp|Move(E)@Move(E)|NoOp@NoOp|NoOp@NoOp|NoOp@NoOp|NoOp@NoOp
176762375:NoOp@NoOp|NoOp@NoOp|NoOp@NoOp|NoOp@NoOp|NoOp@NoOp|Move(E)@Move(E)|NoOp@NoOp|NoOp@NoOp|NoOp@NoOp|NoOp@NoOp
176772792:NoOp@NoOp|NoOp@NoOp|NoOp@NoOp|NoOp@NoOp|NoOp@NoOp|Move(E)@Move(E)|NoOp@NoOp|NoOp@NoOp|NoOp@NoOp|NoOp@NoOp
176784667:NoOp@NoOp|NoOp@NoOp|NoOp@NoOp|NoOp@NoOp|NoOp@NoOp|Move(E)@Move(E)|NoOp@NoOp|NoOp@NoOp|NoOp@NoOp|NoOp@NoOp
176817417:NoOp@NoOp|NoOp@NoOp|NoOp@NoOp|NoOp@NoOp|NoOp@NoOp|Move(N)@Move(N)|NoOp@NoOp|NoOp@NoOp|NoOp@NoOp|NoOp@NoOp
176871667:NoOp@NoOp|NoOp@NoOp|NoOp@NoOp|NoOp@NoOp|NoOp@NoOp|Move(N)@Move(N)|NoOp@NoOp|NoOp@NoOp|NoOp@NoOp|NoOp@NoOp
176895667:NoOp@NoOp|NoOp@NoOp|NoOp@NoOp|NoOp@NoOp|NoOp@NoOp|Move(N)@Move(N)|NoOp@NoOp|NoOp@NoOp|NoOp@NoOp|NoOp@NoOp
176909292:NoOp@NoOp|NoOp@NoOp|NoOp@NoOp|NoOp@NoOp|NoOp@NoOp|Move(N)@Move(N)|NoOp@NoOp|NoOp@NoOp|NoOp@NoOp|NoOp@NoOp
176920292:NoOp@NoOp|NoOp@NoOp|NoOp@NoOp|NoOp@NoOp|NoOp@NoOp|Move(N)@Move(N)|NoOp@NoOp|NoOp@NoOp|NoOp@NoOp|NoOp@NoOp
176930792:NoOp@NoOp|NoOp@NoOp|NoOp@NoOp|NoOp@NoOp|NoOp@NoOp|Move(W)@Move(W)|NoOp@NoOp|NoOp@NoOp|NoOp@NoOp|NoOp@NoOp
176941209:NoOp@NoOp|NoOp@NoOp|NoOp@NoOp|NoOp@NoOp|NoOp@NoOp|Move(W)@Move(W)|NoOp@NoOp|NoOp@NoOp|NoOp@NoOp|NoOp@NoOp
176950334:NoOp@NoOp|NoOp@NoOp|NoOp@NoOp|NoOp@NoOp|NoOp@NoOp|Move(W)@Move(W)|NoOp@NoOp|NoOp@NoOp|NoOp@NoOp|NoOp@NoOp
176963334:NoOp@NoOp|NoOp@NoOp|NoOp@NoOp|NoOp@NoOp|NoOp@NoOp|Move(W)@Move(W)|NoOp@NoOp|NoOp@NoOp|NoOp@NoOp|NoOp@NoOp
176979292:NoOp@NoOp|NoOp@NoOp|NoOp@NoOp|NoOp@NoOp|NoOp@NoOp|Move(W)@Move(W)|NoOp@NoOp|NoOp@NoOp|NoOp@NoOp|NoOp@NoOp
176990334:NoOp@NoOp|NoOp@NoOp|NoOp@NoOp|NoOp@NoOp|NoOp@NoOp|Move(W)@Move(W)|NoOp@NoOp|NoOp@NoOp|NoOp@NoOp|NoOp@NoOp
177003375:NoOp@NoOp|NoOp@NoOp|NoOp@NoOp|NoOp@NoOp|NoOp@NoOp|Move(W)@Move(W)|NoOp@NoOp|NoOp@NoOp|NoOp@NoOp|NoOp@NoOp
177013250:NoOp@NoOp|NoOp@NoOp|NoOp@NoOp|NoOp@NoOp|NoOp@NoOp|Move(W)@Move(W)|NoOp@NoOp|NoOp@NoOp|NoOp@NoOp|NoOp@NoOp
177029792:NoOp@NoOp|NoOp@NoOp|NoOp@NoOp|NoOp@NoOp|NoOp@NoOp|Pull(E,E)@Pull(E,E)|NoOp@NoOp|NoOp@NoOp|NoOp@NoOp|NoOp@NoOp
177045834:NoOp@NoOp|NoOp@NoOp|NoOp@NoOp|NoOp@NoOp|NoOp@NoOp|Pull(E,E)@Pull(E,E)|NoOp@NoOp|NoOp@NoOp|NoOp@NoOp|NoOp@NoOp
177062834:NoOp@NoOp|NoOp@NoOp|NoOp@NoOp|NoOp@NoOp|NoOp@NoOp|Pull(E,E)@Pull(E,E)|NoOp@NoOp|NoOp@NoOp|NoOp@NoOp|NoOp@NoOp
177073792:NoOp@NoOp|NoOp@NoOp|NoOp@NoOp|NoOp@NoOp|NoOp@NoOp|Pull(E,E)@Pull(E,E)|NoOp@NoOp|NoOp@NoOp|NoOp@NoOp|NoOp@NoOp
177083209:NoOp@NoOp|NoOp@NoOp|NoOp@NoOp|NoOp@NoOp|NoOp@NoOp|Pull(E,E)@Pull(E,E)|NoOp@NoOp|NoOp@NoOp|NoOp@NoOp|NoOp@NoOp
177095084:NoOp@NoOp|NoOp@NoOp|NoOp@NoOp|NoOp@NoOp|NoOp@NoOp|Pull(E,E)@Pull(E,E)|NoOp@NoOp|NoOp@NoOp|NoOp@NoOp|NoOp@NoOp
177116667:NoOp@NoOp|NoOp@NoOp|NoOp@NoOp|NoOp@NoOp|NoOp@NoOp|Pull(E,E)@Pull(E,E)|NoOp@NoOp|NoOp@NoOp|NoOp@NoOp|NoOp@NoOp
177139917:NoOp@NoOp|NoOp@NoOp|NoOp@NoOp|NoOp@NoOp|NoOp@NoOp|Pull(E,E)@Pull(E,E)|NoOp@NoOp|NoOp@NoOp|NoOp@NoOp|NoOp@NoOp
177158875:NoOp@NoOp|NoOp@NoOp|NoOp@NoOp|NoOp@NoOp|NoOp@NoOp|Pull(N,E)@Pull(N,E)|NoOp@NoOp|NoOp@NoOp|NoOp@NoOp|NoOp@NoOp
177172625:NoOp@NoOp|NoOp@NoOp|NoOp@NoOp|NoOp@NoOp|NoOp@NoOp|Pull(N,N)@Pull(N,N)|NoOp@NoOp|NoOp@NoOp|NoOp@NoOp|NoOp@NoOp
177184459:NoOp@NoOp|NoOp@NoOp|NoOp@NoOp|NoOp@NoOp|NoOp@NoOp|Pull(N,N)@Pull(N,N)|NoOp@NoOp|NoOp@NoOp|NoOp@NoOp|NoOp@NoOp
177197375:NoOp@NoOp|NoOp@NoOp|NoOp@NoOp|NoOp@NoOp|NoOp@NoOp|Pull(N,N)@Pull(N,N)|NoOp@NoOp|NoOp@NoOp|NoOp@NoOp|NoOp@NoOp
177209750:NoOp@NoOp|NoOp@NoOp|NoOp@NoOp|NoOp@NoOp|NoOp@NoOp|Pull(N,N)@Pull(N,N)|NoOp@NoOp|NoOp@NoOp|NoOp@NoOp|NoOp@NoOp
177221292:NoOp@NoOp|NoOp@NoOp|NoOp@NoOp|NoOp@NoOp|NoOp@NoOp|Pull(N,N)@Pull(N,N)|NoOp@NoOp|NoOp@NoOp|NoOp@NoOp|NoOp@NoOp
177232750:NoOp@NoOp|NoOp@NoOp|NoOp@NoOp|NoOp@NoOp|NoOp@NoOp|Pull(N,N)@Pull(N,N)|NoOp@NoOp|NoOp@NoOp|NoOp@NoOp|NoOp@NoOp
177244459:NoOp@NoOp|NoOp@NoOp|NoOp@NoOp|NoOp@NoOp|NoOp@NoOp|Pull(N,N)@Pull(N,N)|NoOp@NoOp|NoOp@NoOp|NoOp@NoOp|NoOp@NoOp
177256042:NoOp@NoOp|NoOp@NoOp|NoOp@NoOp|NoOp@NoOp|NoOp@NoOp|Pull(N,N)@Pull(N,N)|NoOp@NoOp|NoOp@NoOp|NoOp@NoOp|NoOp@NoOp
177267625:NoOp@NoOp|NoOp@NoOp|NoOp@NoOp|NoOp@NoOp|NoOp@NoOp|Pull(N,N)@Pull(N,N)|NoOp@NoOp|NoOp@NoOp|NoOp@NoOp|NoOp@NoOp
177279334:NoOp@NoOp|NoOp@NoOp|NoOp@NoOp|NoOp@NoOp|NoOp@NoOp|Push(S,E)@Push(S,E)|NoOp@NoOp|NoOp@NoOp|NoOp@NoOp|NoOp@NoOp
177291709:NoOp@NoOp|NoOp@NoOp|NoOp@NoOp|NoOp@NoOp|NoOp@NoOp|Push(E,E)@Push(E,E)|NoOp@NoOp|NoOp@NoOp|NoOp@NoOp|NoOp@NoOp
177315667:NoOp@NoOp|NoOp@NoOp|NoOp@NoOp|NoOp@NoOp|NoOp@NoOp|Push(E,E)@Push(E,E)|NoOp@NoOp|NoOp@NoOp|NoOp@NoOp|NoOp@NoOp
177341667:NoOp@NoOp|NoOp@NoOp|NoOp@NoOp|NoOp@NoOp|NoOp@NoOp|Push(E,E)@Push(E,E)|NoOp@NoOp|NoOp@NoOp|NoOp@NoOp|NoOp@NoOp
177366792:NoOp@NoOp|NoOp@NoOp|NoOp@NoOp|NoOp@NoOp|NoOp@NoOp|Push(E,E)@Push(E,E)|NoOp@NoOp|NoOp@NoOp|NoOp@NoOp|NoOp@NoOp
177391625:NoOp@NoOp|NoOp@NoOp|NoOp@NoOp|NoOp@NoOp|NoOp@NoOp|Push(E,E)@Push(E,E)|NoOp@NoOp|NoOp@NoOp|NoOp@NoOp|NoOp@NoOp
177417625:NoOp@NoOp|NoOp@NoOp|NoOp@NoOp|NoOp@NoOp|NoOp@NoOp|Push(E,E)@Push(E,E)|NoOp@NoOp|NoOp@NoOp|NoOp@NoOp|NoOp@NoOp
177437417:NoOp@NoOp|NoOp@NoOp|NoOp@NoOp|NoOp@NoOp|NoOp@NoOp|Push(E,E)@Push(E,E)|NoOp@NoOp|NoOp@NoOp|NoOp@NoOp|NoOp@NoOp
177457917:NoOp@NoOp|NoOp@NoOp|NoOp@NoOp|NoOp@NoOp|NoOp@NoOp|Push(E,E)@Push(E,E)|NoOp@NoOp|NoOp@NoOp|NoOp@NoOp|NoOp@NoOp
177478459:NoOp@NoOp|NoOp@NoOp|NoOp@NoOp|NoOp@NoOp|NoOp@NoOp|Push(E,N)@Push(E,N)|NoOp@NoOp|NoOp@NoOp|NoOp@NoOp|NoOp@NoOp
177505084:NoOp@NoOp|NoOp@NoOp|NoOp@NoOp|NoOp@NoOp|NoOp@NoOp|Push(N,N)@Push(N,N)|NoOp@NoOp|NoOp@NoOp|NoOp@NoOp|NoOp@NoOp
177529709:NoOp@NoOp|NoOp@NoOp|NoOp@NoOp|NoOp@NoOp|NoOp@NoOp|Push(N,N)@Push(N,N)|NoOp@NoOp|NoOp@NoOp|NoOp@NoOp|NoOp@NoOp
177564750:NoOp@NoOp|NoOp@NoOp|NoOp@NoOp|NoOp@NoOp|NoOp@NoOp|Push(N,N)@Push(N,N)|NoOp@NoOp|NoOp@NoOp|NoOp@NoOp|NoOp@NoOp
177585209:NoOp@NoOp|NoOp@NoOp|NoOp@NoOp|NoOp@NoOp|NoOp@NoOp|Push(N,N)@Push(N,N)|NoOp@NoOp|NoOp@NoOp|NoOp@NoOp|NoOp@NoOp
177612209:NoOp@NoOp|NoOp@NoOp|NoOp@NoOp|NoOp@NoOp|NoOp@NoOp|Push(N,N)@Push(N,N)|NoOp@NoOp|NoOp@NoOp|NoOp@NoOp|NoOp@NoOp
177638917:NoOp@NoOp|NoOp@NoOp|NoOp@NoOp|NoOp@NoOp|NoOp@NoOp|Push(N,E)@Push(N,E)|NoOp@NoOp|NoOp@NoOp|NoOp@NoOp|NoOp@NoOp
177657625:NoOp@NoOp|NoOp@NoOp|NoOp@NoOp|NoOp@NoOp|NoOp@NoOp|Push(E,E)@Push(E,E)|NoOp@NoOp|NoOp@NoOp|NoOp@NoOp|NoOp@NoOp
177670792:NoOp@NoOp|NoOp@NoOp|NoOp@NoOp|NoOp@NoOp|NoOp@NoOp|Push(E,E)@Push(E,E)|NoOp@NoOp|NoOp@NoOp|NoOp@NoOp|NoOp@NoOp
177685709:NoOp@NoOp|NoOp@NoOp|NoOp@NoOp|NoOp@NoOp|NoOp@NoOp|Push(E,E)@Push(E,E)|NoOp@NoOp|NoOp@NoOp|NoOp@NoOp|NoOp@NoOp
177710125:NoOp@NoOp|NoOp@NoOp|NoOp@NoOp|NoOp@NoOp|NoOp@NoOp|Push(E,E)@Push(E,E)|NoOp@NoOp|NoOp@NoOp|NoOp@NoOp|NoOp@NoOp
177730792:NoOp@NoOp|NoOp@NoOp|NoOp@NoOp|NoOp@NoOp|NoOp@NoOp|Push(E,E)@Push(E,E)|NoOp@NoOp|NoOp@NoOp|NoOp@NoOp|NoOp@NoOp
177751042:NoOp@NoOp|NoOp@NoOp|NoOp@NoOp|NoOp@NoOp|NoOp@NoOp|Push(E,E)@Push(E,E)|NoOp@NoOp|NoOp@NoOp|NoOp@NoOp|NoOp@NoOp
177763750:NoOp@NoOp|NoOp@NoOp|NoOp@NoOp|NoOp@NoOp|NoOp@NoOp|Push(E,E)@Push(E,E)|NoOp@NoOp|NoOp@NoOp|NoOp@NoOp|NoOp@NoOp
177794250:NoOp@NoOp|NoOp@NoOp|NoOp@NoOp|NoOp@NoOp|Move(E)@Move(E)|NoOp@NoOp|NoOp@NoOp|NoOp@NoOp|NoOp@NoOp|NoOp@NoOp
177816709:NoOp@NoOp|NoOp@NoOp|NoOp@NoOp|NoOp@NoOp|Move(E)@Move(E)|NoOp@NoOp|NoOp@NoOp|NoOp@NoOp|NoOp@NoOp|NoOp@NoOp
177837750:NoOp@NoOp|NoOp@NoOp|NoOp@NoOp|NoOp@NoOp|Move(E)@Move(E)|NoOp@NoOp|NoOp@NoOp|NoOp@NoOp|NoOp@NoOp|NoOp@NoOp
177853792:NoOp@NoOp|NoOp@NoOp|NoOp@NoOp|NoOp@NoOp|Move(E)@Move(E)|NoOp@NoOp|NoOp@NoOp|NoOp@NoOp|NoOp@NoOp|NoOp@NoOp
177882417:NoOp@NoOp|NoOp@NoOp|NoOp@NoOp|NoOp@NoOp|Move(E)@Move(E)|NoOp@NoOp|NoOp@NoOp|NoOp@NoOp|NoOp@NoOp|NoOp@NoOp
177900542:NoOp@NoOp|NoOp@NoOp|NoOp@NoOp|NoOp@NoOp|Move(N)@Move(N)|NoOp@NoOp|NoOp@NoOp|NoOp@NoOp|NoOp@NoOp|NoOp@NoOp
177923042:NoOp@NoOp|NoOp@NoOp|NoOp@NoOp|NoOp@NoOp|Move(N)@Move(N)|NoOp@NoOp|NoOp@NoOp|NoOp@NoOp|NoOp@NoOp|NoOp@NoOp
177937000:NoOp@NoOp|NoOp@NoOp|NoOp@NoOp|NoOp@NoOp|Move(N)@Move(N)|NoOp@NoOp|NoOp@NoOp|NoOp@NoOp|NoOp@NoOp|NoOp@NoOp
177948500:NoOp@NoOp|NoOp@NoOp|NoOp@NoOp|NoOp@NoOp|Move(W)@Move(W)|NoOp@NoOp|NoOp@NoOp|NoOp@NoOp|NoOp@NoOp|NoOp@NoOp
177962709:NoOp@NoOp|NoOp@NoOp|NoOp@NoOp|NoOp@NoOp|Move(W)@Move(W)|NoOp@NoOp|NoOp@NoOp|NoOp@NoOp|NoOp@NoOp|NoOp@NoOp
177975334:NoOp@NoOp|NoOp@NoOp|NoOp@NoOp|NoOp@NoOp|Move(W)@Move(W)|NoOp@NoOp|NoOp@NoOp|NoOp@NoOp|NoOp@NoOp|NoOp@NoOp
177994667:NoOp@NoOp|NoOp@NoOp|NoOp@NoOp|NoOp@NoOp|Move(W)@Move(W)|NoOp@NoOp|NoOp@NoOp|NoOp@NoOp|NoOp@NoOp|NoOp@NoOp
178015334:NoOp@NoOp|NoOp@NoOp|NoOp@NoOp|NoOp@NoOp|Move(W)@Move(W)|NoOp@NoOp|NoOp@NoOp|NoOp@NoOp|NoOp@NoOp|NoOp@NoOp
178038500:NoOp@NoOp|NoOp@NoOp|NoOp@NoOp|NoOp@NoOp|Move(W)@Move(W)|NoOp@NoOp|NoOp@NoOp|NoOp@NoOp|NoOp@NoOp|NoOp@NoOp
178062584:NoOp@NoOp|NoOp@NoOp|NoOp@NoOp|NoOp@NoOp|Move(W)@Move(W)|NoOp@NoOp|NoOp@NoOp|NoOp@NoOp|NoOp@NoOp|NoOp@NoOp
178081459:NoOp@NoOp|NoOp@NoOp|NoOp@NoOp|NoOp@NoOp|Move(W)@Move(W)|NoOp@NoOp|NoOp@NoOp|NoOp@NoOp|NoOp@NoOp|NoOp@NoOp
178094000:NoOp@NoOp|NoOp@NoOp|NoOp@NoOp|NoOp@NoOp|Move(W)@Move(W)|NoOp@NoOp|NoOp@NoOp|NoOp@NoOp|NoOp@NoOp|NoOp@NoOp
178109334:NoOp@NoOp|NoOp@NoOp|NoOp@NoOp|NoOp@NoOp|Move(N)@Move(N)|NoOp@NoOp|NoOp@NoOp|NoOp@NoOp|NoOp@NoOp|NoOp@NoOp
178124084:NoOp@NoOp|NoOp@NoOp|NoOp@NoOp|NoOp@NoOp|Move(N)@Move(N)|NoOp@NoOp|NoOp@NoOp|NoOp@NoOp|NoOp@NoOp|NoOp@NoOp
178136625:NoOp@NoOp|NoOp@NoOp|NoOp@NoOp|NoOp@NoOp|Move(N)@Move(N)|NoOp@NoOp|NoOp@NoOp|NoOp@NoOp|NoOp@NoOp|NoOp@NoOp
178155792:NoOp@NoOp|NoOp@NoOp|NoOp@NoOp|NoOp@NoOp|Move(N)@Move(N)|NoOp@NoOp|NoOp@NoOp|NoOp@NoOp|NoOp@NoOp|NoOp@NoOp
178173167:NoOp@NoOp|NoOp@NoOp|NoOp@NoOp|NoOp@NoOp|Move(N)@Move(N)|NoOp@NoOp|NoOp@NoOp|NoOp@NoOp|NoOp@NoOp|NoOp@NoOp
178188542:NoOp@NoOp|NoOp@NoOp|NoOp@NoOp|NoOp@NoOp|Move(E)@Move(E)|NoOp@NoOp|NoOp@NoOp|NoOp@NoOp|NoOp@NoOp|NoOp@NoOp
178208250:NoOp@NoOp|NoOp@NoOp|NoOp@NoOp|NoOp@NoOp|Move(E)@Move(E)|NoOp@NoOp|NoOp@NoOp|NoOp@NoOp|NoOp@NoOp|NoOp@NoOp
178232959:NoOp@NoOp|NoOp@NoOp|NoOp@NoOp|NoOp@NoOp|Move(E)@Move(E)|NoOp@NoOp|NoOp@NoOp|NoOp@NoOp|NoOp@NoOp|NoOp@NoOp
178257250:NoOp@NoOp|NoOp@NoOp|NoOp@NoOp|NoOp@NoOp|Move(E)@Move(E)|NoOp@NoOp|NoOp@NoOp|NoOp@NoOp|NoOp@NoOp|NoOp@NoOp
178278209:NoOp@NoOp|NoOp@NoOp|NoOp@NoOp|NoOp@NoOp|Move(E)@Move(E)|NoOp@NoOp|NoOp@NoOp|NoOp@NoOp|NoOp@NoOp|NoOp@NoOp
178305750:NoOp@NoOp|NoOp@NoOp|NoOp@NoOp|NoOp@NoOp|Move(E)@Move(E)|NoOp@NoOp|NoOp@NoOp|NoOp@NoOp|NoOp@NoOp|NoOp@NoOp
178330042:NoOp@NoOp|NoOp@NoOp|NoOp@NoOp|NoOp@NoOp|Move(E)@Move(E)|NoOp@NoOp|NoOp@NoOp|NoOp@NoOp|NoOp@NoOp|NoOp@NoOp
178349334:NoOp@NoOp|NoOp@NoOp|NoOp@NoOp|NoOp@NoOp|Move(E)@Move(E)|NoOp@NoOp|NoOp@NoOp|NoOp@NoOp|NoOp@NoOp|NoOp@NoOp
178364125:NoOp@NoOp|NoOp@NoOp|NoOp@NoOp|NoOp@NoOp|Move(E)@Move(E)|NoOp@NoOp|NoOp@NoOp|NoOp@NoOp|NoOp@NoOp|NoOp@NoOp
178387417:NoOp@NoOp|NoOp@NoOp|NoOp@NoOp|NoOp@NoOp|Move(N)@Move(N)|NoOp@NoOp|NoOp@NoOp|NoOp@NoOp|NoOp@NoOp|NoOp@NoOp
178409125:NoOp@NoOp|NoOp@NoOp|NoOp@NoOp|NoOp@NoOp|Move(E)@Move(E)|NoOp@NoOp|NoOp@NoOp|NoOp@NoOp|NoOp@NoOp|NoOp@NoOp
178427500:NoOp@NoOp|NoOp@NoOp|NoOp@NoOp|NoOp@NoOp|Move(E)@Move(E)|NoOp@NoOp|NoOp@NoOp|NoOp@NoOp|NoOp@NoOp|NoOp@NoOp
178447542:NoOp@NoOp|NoOp@NoOp|NoOp@NoOp|NoOp@NoOp|Move(E)@Move(E)|NoOp@NoOp|NoOp@NoOp|NoOp@NoOp|NoOp@NoOp|NoOp@NoOp
178474209:NoOp@NoOp|NoOp@NoOp|NoOp@NoOp|NoOp@NoOp|Move(E)@Move(E)|NoOp@NoOp|NoOp@NoOp|NoOp@NoOp|NoOp@NoOp|NoOp@NoOp
178498875:NoOp@NoOp|NoOp@NoOp|NoOp@NoOp|NoOp@NoOp|Move(E)@Move(E)|NoOp@NoOp|NoOp@NoOp|NoOp@NoOp|NoOp@NoOp|NoOp@NoOp
178517625:NoOp@NoOp|NoOp@NoOp|NoOp@NoOp|NoOp@NoOp|Move(E)@Move(E)|NoOp@NoOp|NoOp@NoOp|NoOp@NoOp|NoOp@NoOp|NoOp@NoOp
178530542:NoOp@NoOp|NoOp@NoOp|NoOp@NoOp|NoOp@NoOp|Push(E,E)@Push(E,E)|NoOp@NoOp|NoOp@NoOp|NoOp@NoOp|NoOp@NoOp|NoOp@NoOp
178550500:NoOp@NoOp|NoOp@NoOp|NoOp@NoOp|NoOp@NoOp|Push(E,E)@Push(E,E)|NoOp@NoOp|NoOp@NoOp|NoOp@NoOp|NoOp@NoOp|NoOp@NoOp
178568042:NoOp@NoOp|NoOp@NoOp|NoOp@NoOp|NoOp@NoOp|Push(E,E)@Push(E,E)|NoOp@NoOp|NoOp@NoOp|NoOp@NoOp|NoOp@NoOp|NoOp@NoOp
178584709:NoOp@NoOp|NoOp@NoOp|NoOp@NoOp|NoOp@NoOp|Push(E,E)@Push(E,E)|NoOp@NoOp|NoOp@NoOp|NoOp@NoOp|NoOp@NoOp|NoOp@NoOp
178607792:NoOp@NoOp|NoOp@NoOp|NoOp@NoOp|NoOp@NoOp|Push(E,E)@Push(E,E)|NoOp@NoOp|NoOp@NoOp|NoOp@NoOp|NoOp@NoOp|NoOp@NoOp
178630834:NoOp@NoOp|NoOp@NoOp|NoOp@NoOp|NoOp@NoOp|Push(E,E)@Push(E,E)|NoOp@NoOp|NoOp@NoOp|NoOp@NoOp|NoOp@NoOp|NoOp@NoOp
178653709:NoOp@NoOp|NoOp@NoOp|NoOp@NoOp|NoOp@NoOp|Push(E,E)@Push(E,E)|NoOp@NoOp|NoOp@NoOp|NoOp@NoOp|NoOp@NoOp|NoOp@NoOp
178672917:NoOp@NoOp|NoOp@NoOp|NoOp@NoOp|NoOp@NoOp|Push(E,E)@Push(E,E)|NoOp@NoOp|NoOp@NoOp|NoOp@NoOp|NoOp@NoOp|NoOp@NoOp
178691834:NoOp@NoOp|NoOp@NoOp|NoOp@NoOp|NoOp@NoOp|Push(E,E)@Push(E,E)|NoOp@NoOp|NoOp@NoOp|NoOp@NoOp|NoOp@NoOp|NoOp@NoOp
178710167:NoOp@NoOp|NoOp@NoOp|NoOp@NoOp|NoOp@NoOp|Push(E,N)@Push(E,N)|NoOp@NoOp|NoOp@NoOp|NoOp@NoOp|NoOp@NoOp|NoOp@NoOp
178728542:NoOp@NoOp|NoOp@NoOp|NoOp@NoOp|NoOp@NoOp|Push(N,N)@Push(N,N)|NoOp@NoOp|NoOp@NoOp|NoOp@NoOp|NoOp@NoOp|NoOp@NoOp
178745209:NoOp@NoOp|NoOp@NoOp|NoOp@NoOp|NoOp@NoOp|Push(N,N)@Push(N,N)|NoOp@NoOp|NoOp@NoOp|NoOp@NoOp|NoOp@NoOp|NoOp@NoOp
178758209:NoOp@NoOp|NoOp@NoOp|NoOp@NoOp|NoOp@NoOp|Push(N,N)@Push(N,N)|NoOp@NoOp|NoOp@NoOp|NoOp@NoOp|NoOp@NoOp|NoOp@NoOp
178776250:NoOp@NoOp|NoOp@NoOp|NoOp@NoOp|NoOp@NoOp|Push(N,N)@Push(N,N)|NoOp@NoOp|NoOp@NoOp|NoOp@NoOp|NoOp@NoOp|NoOp@NoOp
178793042:NoOp@NoOp|NoOp@NoOp|NoOp@NoOp|NoOp@NoOp|Push(N,E)@Push(N,E)|NoOp@NoOp|NoOp@NoOp|NoOp@NoOp|NoOp@NoOp|NoOp@NoOp
178810584:NoOp@NoOp|NoOp@NoOp|NoOp@NoOp|NoOp@NoOp|Push(E,E)@Push(E,E)|NoOp@NoOp|NoOp@NoOp|NoOp@NoOp|NoOp@NoOp|NoOp@NoOp
178830334:NoOp@NoOp|NoOp@NoOp|NoOp@NoOp|NoOp@NoOp|Push(E,S)@Push(E,S)|NoOp@NoOp|NoOp@NoOp|NoOp@NoOp|NoOp@NoOp|NoOp@NoOp
178837750:NoOp@NoOp|NoOp@NoOp|NoOp@NoOp|NoOp@NoOp|Push(S,S)@Push(S,S)|NoOp@NoOp|NoOp@NoOp|NoOp@NoOp|NoOp@NoOp|NoOp@NoOp
178857542:NoOp@NoOp|NoOp@NoOp|NoOp@NoOp|NoOp@NoOp|Push(S,E)@Push(S,E)|NoOp@NoOp|NoOp@NoOp|NoOp@NoOp|NoOp@NoOp|NoOp@NoOp
178874792:NoOp@NoOp|NoOp@NoOp|NoOp@NoOp|NoOp@NoOp|Push(E,E)@Push(E,E)|NoOp@NoOp|NoOp@NoOp|NoOp@NoOp|NoOp@NoOp|NoOp@NoOp
178887834:NoOp@NoOp|NoOp@NoOp|NoOp@NoOp|NoOp@NoOp|Push(E,S)@Push(E,S)|NoOp@NoOp|NoOp@NoOp|NoOp@NoOp|NoOp@NoOp|NoOp@NoOp
178903084:NoOp@NoOp|NoOp@NoOp|NoOp@NoOp|NoOp@NoOp|Push(S,E)@Push(S,E)|NoOp@NoOp|NoOp@NoOp|NoOp@NoOp|NoOp@NoOp|NoOp@NoOp
178916500:NoOp@NoOp|NoOp@NoOp|NoOp@NoOp|NoOp@NoOp|NoOp@NoOp|NoOp@NoOp|NoOp@NoOp|Move(N)@Move(N)|NoOp@NoOp|NoOp@NoOp
178932542:NoOp@NoOp|NoOp@NoOp|NoOp@NoOp|NoOp@NoOp|NoOp@NoOp|NoOp@NoOp|NoOp@NoOp|Move(E)@Move(E)|NoOp@NoOp|NoOp@NoOp
178953792:NoOp@NoOp|NoOp@NoOp|NoOp@NoOp|NoOp@NoOp|NoOp@NoOp|NoOp@NoOp|NoOp@NoOp|Move(E)@Move(E)|NoOp@NoOp|NoOp@NoOp
178968917:NoOp@NoOp|NoOp@NoOp|NoOp@NoOp|NoOp@NoOp|NoOp@NoOp|NoOp@NoOp|NoOp@NoOp|Move(E)@Move(E)|NoOp@NoOp|NoOp@NoOp
178988292:NoOp@NoOp|NoOp@NoOp|NoOp@NoOp|NoOp@NoOp|NoOp@NoOp|NoOp@NoOp|NoOp@NoOp|Move(E)@Move(E)|NoOp@NoOp|NoOp@NoOp
179002459:NoOp@NoOp|NoOp@NoOp|NoOp@NoOp|NoOp@NoOp|NoOp@NoOp|NoOp@NoOp|NoOp@NoOp|Move(S)@Move(S)|NoOp@NoOp|NoOp@NoOp
179021417:NoOp@NoOp|NoOp@NoOp|NoOp@NoOp|NoOp@NoOp|NoOp@NoOp|NoOp@NoOp|NoOp@NoOp|Move(E)@Move(E)|NoOp@NoOp|NoOp@NoOp
179038875:NoOp@NoOp|NoOp@NoOp|NoOp@NoOp|NoOp@NoOp|NoOp@NoOp|NoOp@NoOp|NoOp@NoOp|Move(E)@Move(E)|NoOp@NoOp|NoOp@NoOp
179061625:NoOp@NoOp|NoOp@NoOp|NoOp@NoOp|NoOp@NoOp|NoOp@NoOp|NoOp@NoOp|NoOp@NoOp|Move(E)@Move(E)|NoOp@NoOp|NoOp@NoOp
179082334:NoOp@NoOp|NoOp@NoOp|NoOp@NoOp|NoOp@NoOp|NoOp@NoOp|NoOp@NoOp|NoOp@NoOp|Move(E)@Move(E)|NoOp@NoOp|NoOp@NoOp
179101459:NoOp@NoOp|NoOp@NoOp|NoOp@NoOp|NoOp@NoOp|NoOp@NoOp|NoOp@NoOp|NoOp@NoOp|Move(E)@Move(E)|NoOp@NoOp|NoOp@NoOp
179119709:NoOp@NoOp|NoOp@NoOp|NoOp@NoOp|NoOp@NoOp|NoOp@NoOp|NoOp@NoOp|NoOp@NoOp|Move(E)@Move(E)|NoOp@NoOp|NoOp@NoOp
179135542:NoOp@NoOp|NoOp@NoOp|NoOp@NoOp|NoOp@NoOp|NoOp@NoOp|NoOp@NoOp|NoOp@NoOp|Move(E)@Move(E)|NoOp@NoOp|NoOp@NoOp
179152459:NoOp@NoOp|NoOp@NoOp|NoOp@NoOp|NoOp@NoOp|NoOp@NoOp|NoOp@NoOp|NoOp@NoOp|Move(E)@Move(E)|NoOp@NoOp|NoOp@NoOp
179171584:NoOp@NoOp|NoOp@NoOp|NoOp@NoOp|NoOp@NoOp|NoOp@NoOp|NoOp@NoOp|NoOp@NoOp|Move(E)@Move(E)|NoOp@NoOp|NoOp@NoOp
179190292:NoOp@NoOp|NoOp@NoOp|NoOp@NoOp|NoOp@NoOp|NoOp@NoOp|NoOp@NoOp|NoOp@NoOp|Move(E)@Move(E)|NoOp@NoOp|NoOp@NoOp
179198542:NoOp@NoOp|NoOp@NoOp|NoOp@NoOp|NoOp@NoOp|NoOp@NoOp|NoOp@NoOp|NoOp@NoOp|Move(E)@Move(E)|NoOp@NoOp|NoOp@NoOp
179209209:NoOp@NoOp|NoOp@NoOp|NoOp@NoOp|NoOp@NoOp|NoOp@NoOp|NoOp@NoOp|NoOp@NoOp|Move(E)@Move(E)|NoOp@NoOp|NoOp@NoOp
179228167:NoOp@NoOp|NoOp@NoOp|NoOp@NoOp|NoOp@NoOp|NoOp@NoOp|NoOp@NoOp|NoOp@NoOp|Move(E)@Move(E)|NoOp@NoOp|NoOp@NoOp
179245292:NoOp@NoOp|NoOp@NoOp|NoOp@NoOp|NoOp@NoOp|NoOp@NoOp|NoOp@NoOp|NoOp@NoOp|Move(N)@Move(N)|NoOp@NoOp|NoOp@NoOp
179262750:NoOp@NoOp|NoOp@NoOp|NoOp@NoOp|NoOp@NoOp|NoOp@NoOp|NoOp@NoOp|NoOp@NoOp|Move(E)@Move(E)|NoOp@NoOp|NoOp@NoOp
179279000:NoOp@NoOp|NoOp@NoOp|NoOp@NoOp|NoOp@NoOp|NoOp@NoOp|NoOp@NoOp|NoOp@NoOp|Move(E)@Move(E)|NoOp@NoOp|NoOp@NoOp
179295417:NoOp@NoOp|NoOp@NoOp|NoOp@NoOp|NoOp@NoOp|NoOp@NoOp|NoOp@NoOp|NoOp@NoOp|Move(E)@Move(E)|NoOp@NoOp|NoOp@NoOp
179312084:NoOp@NoOp|NoOp@NoOp|NoOp@NoOp|NoOp@NoOp|NoOp@NoOp|NoOp@NoOp|NoOp@NoOp|Move(E)@Move(E)|NoOp@NoOp|NoOp@NoOp
179328792:NoOp@NoOp|NoOp@NoOp|NoOp@NoOp|NoOp@NoOp|NoOp@NoOp|NoOp@NoOp|NoOp@NoOp|Move(N)@Move(N)|NoOp@NoOp|NoOp@NoOp
179344875:NoOp@NoOp|NoOp@NoOp|NoOp@NoOp|NoOp@NoOp|NoOp@NoOp|NoOp@NoOp|NoOp@NoOp|Move(N)@Move(N)|NoOp@NoOp|NoOp@NoOp
179360250:NoOp@NoOp|NoOp@NoOp|NoOp@NoOp|NoOp@NoOp|NoOp@NoOp|NoOp@NoOp|NoOp@NoOp|Move(N)@Move(N)|NoOp@NoOp|NoOp@NoOp
179371000:NoOp@NoOp|NoOp@NoOp|NoOp@NoOp|NoOp@NoOp|NoOp@NoOp|NoOp@NoOp|NoOp@NoOp|Move(E)@Move(E)|NoOp@NoOp|NoOp@NoOp
179386667:NoOp@NoOp|NoOp@NoOp|NoOp@NoOp|NoOp@NoOp|NoOp@NoOp|NoOp@NoOp|NoOp@NoOp|Move(E)@Move(E)|NoOp@NoOp|NoOp@NoOp
179401542:NoOp@NoOp|NoOp@NoOp|NoOp@NoOp|NoOp@NoOp|NoOp@NoOp|NoOp@NoOp|NoOp@NoOp|Move(E)@Move(E)|NoOp@NoOp|NoOp@NoOp
179419125:NoOp@NoOp|NoOp@NoOp|NoOp@NoOp|NoOp@NoOp|NoOp@NoOp|NoOp@NoOp|NoOp@NoOp|Move(E)@Move(E)|NoOp@NoOp|NoOp@NoOp
179438375:NoOp@NoOp|NoOp@NoOp|NoOp@NoOp|NoOp@NoOp|NoOp@NoOp|NoOp@NoOp|NoOp@NoOp|Move(E)@Move(E)|NoOp@NoOp|NoOp@NoOp
179453542:NoOp@NoOp|NoOp@NoOp|NoOp@NoOp|NoOp@NoOp|NoOp@NoOp|NoOp@NoOp|NoOp@NoOp|Push(E,E)@Push(E,E)|NoOp@NoOp|NoOp@NoOp
179471625:NoOp@NoOp|NoOp@NoOp|NoOp@NoOp|NoOp@NoOp|NoOp@NoOp|NoOp@NoOp|NoOp@NoOp|Push(E,E)@Push(E,E)|NoOp@NoOp|NoOp@NoOp
179487000:NoOp@NoOp|NoOp@NoOp|NoOp@NoOp|NoOp@NoOp|NoOp@NoOp|NoOp@NoOp|NoOp@NoOp|Push(E,E)@Push(E,E)|NoOp@NoOp|NoOp@NoOp
179496125:NoOp@NoOp|NoOp@NoOp|NoOp@NoOp|NoOp@NoOp|NoOp@NoOp|NoOp@NoOp|NoOp@NoOp|Push(E,N)@Push(E,N)|NoOp@NoOp|NoOp@NoOp
179507125:NoOp@NoOp|NoOp@NoOp|NoOp@NoOp|NoOp@NoOp|NoOp@NoOp|NoOp@NoOp|NoOp@NoOp|Push(N,N)@Push(N,N)|NoOp@NoOp|NoOp@NoOp
179520084:NoOp@NoOp|NoOp@NoOp|NoOp@NoOp|NoOp@NoOp|NoOp@NoOp|NoOp@NoOp|NoOp@NoOp|Push(N,N)@Push(N,N)|NoOp@NoOp|NoOp@NoOp
179529625:NoOp@NoOp|NoOp@NoOp|NoOp@NoOp|NoOp@NoOp|NoOp@NoOp|NoOp@NoOp|NoOp@NoOp|Push(N,N)@Push(N,N)|NoOp@NoOp|NoOp@NoOp
179540167:NoOp@NoOp|NoOp@NoOp|NoOp@NoOp|NoOp@NoOp|NoOp@NoOp|NoOp@NoOp|NoOp@NoOp|Push(N,N)@Push(N,N)|NoOp@NoOp|NoOp@NoOp
179549125:NoOp@NoOp|NoOp@NoOp|NoOp@NoOp|NoOp@NoOp|NoOp@NoOp|NoOp@NoOp|NoOp@NoOp|Push(N,N)@Push(N,N)|NoOp@NoOp|NoOp@NoOp
179557875:NoOp@NoOp|NoOp@NoOp|NoOp@NoOp|NoOp@NoOp|NoOp@NoOp|NoOp@NoOp|NoOp@NoOp|Push(N,E)@Push(N,E)|NoOp@NoOp|NoOp@NoOp
179565875:NoOp@NoOp|NoOp@NoOp|NoOp@NoOp|NoOp@NoOp|NoOp@NoOp|NoOp@NoOp|NoOp@NoOp|Push(E,E)@Push(E,E)|NoOp@NoOp|NoOp@NoOp
179574209:NoOp@NoOp|NoOp@NoOp|NoOp@NoOp|NoOp@NoOp|NoOp@NoOp|NoOp@NoOp|NoOp@NoOp|Push(E,S)@Push(E,S)|NoOp@NoOp|NoOp@NoOp
179582709:NoOp@NoOp|NoOp@NoOp|NoOp@NoOp|NoOp@NoOp|NoOp@NoOp|NoOp@NoOp|NoOp@NoOp|Push(S,S)@Push(S,S)|NoOp@NoOp|NoOp@NoOp
179592500:NoOp@NoOp|NoOp@NoOp|NoOp@NoOp|NoOp@NoOp|NoOp@NoOp|NoOp@NoOp|NoOp@NoOp|Push(S,S)@Push(S,S)|NoOp@NoOp|NoOp@NoOp
179601125:NoOp@NoOp|NoOp@NoOp|NoOp@NoOp|NoOp@NoOp|NoOp@NoOp|NoOp@NoOp|NoOp@NoOp|Push(S,S)@Push(S,S)|NoOp@NoOp|NoOp@NoOp
179609292:NoOp@NoOp|NoOp@NoOp|NoOp@NoOp|NoOp@NoOp|NoOp@NoOp|NoOp@NoOp|NoOp@NoOp|Push(S,S)@Push(S,S)|NoOp@NoOp|NoOp@NoOp
179617542:NoOp@NoOp|NoOp@NoOp|NoOp@NoOp|NoOp@NoOp|NoOp@NoOp|NoOp@NoOp|NoOp@NoOp|Push(S,S)@Push(S,S)|NoOp@NoOp|NoOp@NoOp
179625709:NoOp@NoOp|NoOp@NoOp|NoOp@NoOp|NoOp@NoOp|NoOp@NoOp|NoOp@NoOp|NoOp@NoOp|Push(S,E)@Push(S,E)|NoOp@NoOp|NoOp@NoOp
179634792:NoOp@NoOp|NoOp@NoOp|NoOp@NoOp|NoOp@NoOp|NoOp@NoOp|NoOp@NoOp|NoOp@NoOp|Push(E,E)@Push(E,E)|NoOp@NoOp|NoOp@NoOp
179644667:NoOp@NoOp|NoOp@NoOp|NoOp@NoOp|NoOp@NoOp|NoOp@NoOp|NoOp@NoOp|NoOp@NoOp|Push(E,E)@Push(E,E)|NoOp@NoOp|NoOp@NoOp
179652459:NoOp@NoOp|NoOp@NoOp|NoOp@NoOp|NoOp@NoOp|NoOp@NoOp|NoOp@NoOp|NoOp@NoOp|Push(E,E)@Push(E,E)|NoOp@NoOp|NoOp@NoOp
179661625:NoOp@NoOp|NoOp@NoOp|NoOp@NoOp|NoOp@NoOp|NoOp@NoOp|NoOp@NoOp|NoOp@NoOp|Push(E,E)@Push(E,E)|NoOp@NoOp|NoOp@NoOp
179671209:NoOp@NoOp|NoOp@NoOp|NoOp@NoOp|NoOp@NoOp|NoOp@NoOp|NoOp@NoOp|NoOp@NoOp|Push(E,E)@Push(E,E)|NoOp@NoOp|NoOp@NoOp
179681500:NoOp@NoOp|NoOp@NoOp|NoOp@NoOp|NoOp@NoOp|NoOp@NoOp|NoOp@NoOp|NoOp@NoOp|Push(E,S)@Push(E,S)|NoOp@NoOp|NoOp@NoOp
179689834:NoOp@NoOp|NoOp@NoOp|NoOp@NoOp|NoOp@NoOp|NoOp@NoOp|NoOp@NoOp|NoOp@NoOp|Push(S,S)@Push(S,S)|NoOp@NoOp|NoOp@NoOp
179699459:NoOp@NoOp|NoOp@NoOp|NoOp@NoOp|NoOp@NoOp|NoOp@NoOp|NoOp@NoOp|NoOp@NoOp|Push(S,S)@Push(S,S)|NoOp@NoOp|NoOp@NoOp
179709709:NoOp@NoOp|NoOp@NoOp|NoOp@NoOp|NoOp@NoOp|NoOp@NoOp|NoOp@NoOp|NoOp@NoOp|Push(S,W)@Push(S,W)|NoOp@NoOp|NoOp@NoOp
179718459:NoOp@NoOp|NoOp@NoOp|NoOp@NoOp|NoOp@NoOp|NoOp@NoOp|NoOp@NoOp|NoOp@NoOp|Push(W,W)@Push(W,W)|NoOp@NoOp|NoOp@NoOp
179727500:NoOp@NoOp|NoOp@NoOp|NoOp@NoOp|NoOp@NoOp|NoOp@NoOp|NoOp@NoOp|NoOp@NoOp|Push(W,W)@Push(W,W)|NoOp@NoOp|NoOp@NoOp
179736709:NoOp@NoOp|NoOp@NoOp|NoOp@NoOp|NoOp@NoOp|NoOp@NoOp|NoOp@NoOp|NoOp@NoOp|NoOp@NoOp|Push(E,E)@Push(E,E)|NoOp@NoOp
179749000:NoOp@NoOp|NoOp@NoOp|NoOp@NoOp|NoOp@NoOp|NoOp@NoOp|Move(W)@Move(W)|NoOp@NoOp|NoOp@NoOp|NoOp@NoOp|NoOp@NoOp
179758959:NoOp@NoOp|NoOp@NoOp|NoOp@NoOp|NoOp@NoOp|NoOp@NoOp|Move(W)@Move(W)|NoOp@NoOp|NoOp@NoOp|NoOp@NoOp|NoOp@NoOp
179767417:NoOp@NoOp|NoOp@NoOp|NoOp@NoOp|NoOp@NoOp|NoOp@NoOp|Move(W)@Move(W)|NoOp@NoOp|NoOp@NoOp|NoOp@NoOp|NoOp@NoOp
179777625:NoOp@NoOp|NoOp@NoOp|NoOp@NoOp|NoOp@NoOp|NoOp@NoOp|Move(W)@Move(W)|NoOp@NoOp|NoOp@NoOp|NoOp@NoOp|NoOp@NoOp
179785584:NoOp@NoOp|NoOp@NoOp|NoOp@NoOp|NoOp@NoOp|NoOp@NoOp|Move(W)@Move(W)|NoOp@NoOp|NoOp@NoOp|NoOp@NoOp|NoOp@NoOp
179793834:NoOp@NoOp|NoOp@NoOp|NoOp@NoOp|NoOp@NoOp|NoOp@NoOp|Move(W)@Move(W)|NoOp@NoOp|NoOp@NoOp|NoOp@NoOp|NoOp@NoOp
179802084:NoOp@NoOp|NoOp@NoOp|NoOp@NoOp|NoOp@NoOp|NoOp@NoOp|Move(W)@Move(W)|NoOp@NoOp|NoOp@NoOp|NoOp@NoOp|NoOp@NoOp
179810500:NoOp@NoOp|NoOp@NoOp|NoOp@NoOp|NoOp@NoOp|NoOp@NoOp|Move(S)@Move(S)|NoOp@NoOp|NoOp@NoOp|NoOp@NoOp|NoOp@NoOp
179818792:NoOp@NoOp|NoOp@NoOp|NoOp@NoOp|NoOp@NoOp|NoOp@NoOp|Move(S)@Move(S)|NoOp@NoOp|NoOp@NoOp|NoOp@NoOp|NoOp@NoOp
179827167:NoOp@NoOp|NoOp@NoOp|NoOp@NoOp|NoOp@NoOp|NoOp@NoOp|Move(S)@Move(S)|NoOp@NoOp|NoOp@NoOp|NoOp@NoOp|NoOp@NoOp
179835459:NoOp@NoOp|NoOp@NoOp|NoOp@NoOp|NoOp@NoOp|NoOp@NoOp|Move(S)@Move(S)|NoOp@NoOp|NoOp@NoOp|NoOp@NoOp|NoOp@NoOp
179843875:NoOp@NoOp|NoOp@NoOp|NoOp@NoOp|NoOp@NoOp|NoOp@NoOp|Move(S)@Move(S)|NoOp@NoOp|NoOp@NoOp|NoOp@NoOp|NoOp@NoOp
179852292:NoOp@NoOp|NoOp@NoOp|NoOp@NoOp|NoOp@NoOp|NoOp@NoOp|Move(S)@Move(S)|NoOp@NoOp|NoOp@NoOp|NoOp@NoOp|NoOp@NoOp
179860375:NoOp@NoOp|NoOp@NoOp|NoOp@NoOp|NoOp@NoOp|NoOp@NoOp|Move(S)@Move(S)|NoOp@NoOp|NoOp@NoOp|NoOp@NoOp|NoOp@NoOp
179868334:NoOp@NoOp|NoOp@NoOp|NoOp@NoOp|NoOp@NoOp|NoOp@NoOp|Move(S)@Move(S)|NoOp@NoOp|NoOp@NoOp|NoOp@NoOp|NoOp@NoOp
179876750:NoOp@NoOp|NoOp@NoOp|NoOp@NoOp|NoOp@NoOp|NoOp@NoOp|Move(S)@Move(S)|NoOp@NoOp|NoOp@NoOp|NoOp@NoOp|NoOp@NoOp
179884959:NoOp@NoOp|NoOp@NoOp|NoOp@NoOp|NoOp@NoOp|NoOp@NoOp|Move(S)@Move(S)|NoOp@NoOp|NoOp@NoOp|NoOp@NoOp|NoOp@NoOp
179893500:NoOp@NoOp|NoOp@NoOp|NoOp@NoOp|NoOp@NoOp|NoOp@NoOp|Move(S)@Move(S)|NoOp@NoOp|NoOp@NoOp|NoOp@NoOp|NoOp@NoOp
179901917:NoOp@NoOp|NoOp@NoOp|NoOp@NoOp|NoOp@NoOp|NoOp@NoOp|Move(S)@Move(S)|NoOp@NoOp|NoOp@NoOp|NoOp@NoOp|NoOp@NoOp
179910375:NoOp@NoOp|NoOp@NoOp|NoOp@NoOp|NoOp@NoOp|NoOp@NoOp|Move(S)@Move(S)|NoOp@NoOp|NoOp@NoOp|NoOp@NoOp|NoOp@NoOp
179918542:NoOp@NoOp|NoOp@NoOp|NoOp@NoOp|NoOp@NoOp|NoOp@NoOp|Move(S)@Move(S)|NoOp@NoOp|NoOp@NoOp|NoOp@NoOp|NoOp@NoOp
179927042:NoOp@NoOp|NoOp@NoOp|NoOp@NoOp|NoOp@NoOp|NoOp@NoOp|Move(S)@Move(S)|NoOp@NoOp|NoOp@NoOp|NoOp@NoOp|NoOp@NoOp
179935209:NoOp@NoOp|NoOp@NoOp|NoOp@NoOp|NoOp@NoOp|NoOp@NoOp|Move(S)@Move(S)|NoOp@NoOp|NoOp@NoOp|NoOp@NoOp|NoOp@NoOp
179944000:NoOp@NoOp|NoOp@NoOp|NoOp@NoOp|NoOp@NoOp|NoOp@NoOp|Move(S)@Move(S)|NoOp@NoOp|NoOp@NoOp|NoOp@NoOp|NoOp@NoOp
179952209:NoOp@NoOp|NoOp@NoOp|NoOp@NoOp|NoOp@NoOp|NoOp@NoOp|Move(W)@Move(W)|NoOp@NoOp|NoOp@NoOp|NoOp@NoOp|NoOp@NoOp
179961167:NoOp@NoOp|NoOp@NoOp|NoOp@NoOp|NoOp@NoOp|NoOp@NoOp|Move(W)@Move(W)|NoOp@NoOp|NoOp@NoOp|NoOp@NoOp|NoOp@NoOp
179969000:NoOp@NoOp|NoOp@NoOp|NoOp@NoOp|NoOp@NoOp|NoOp@NoOp|Move(W)@Move(W)|NoOp@NoOp|NoOp@NoOp|NoOp@NoOp|NoOp@NoOp
179980209:NoOp@NoOp|NoOp@NoOp|NoOp@NoOp|NoOp@NoOp|NoOp@NoOp|Move(W)@Move(W)|NoOp@NoOp|NoOp@NoOp|NoOp@NoOp|NoOp@NoOp
179988584:NoOp@NoOp|NoOp@NoOp|NoOp@NoOp|NoOp@NoOp|NoOp@NoOp|Move(W)@Move(W)|NoOp@NoOp|NoOp@NoOp|NoOp@NoOp|NoOp@NoOp
179997667:NoOp@NoOp|NoOp@NoOp|NoOp@NoOp|NoOp@NoOp|NoOp@NoOp|Move(W)@Move(W)|NoOp@NoOp|NoOp@NoOp|NoOp@NoOp|NoOp@NoOp
180005167:NoOp@NoOp|NoOp@NoOp|NoOp@NoOp|NoOp@NoOp|NoOp@NoOp|Move(W)@Move(W)|NoOp@NoOp|NoOp@NoOp|NoOp@NoOp|NoOp@NoOp
180012709:NoOp@NoOp|NoOp@NoOp|NoOp@NoOp|NoOp@NoOp|NoOp@NoOp|Move(W)@Move(W)|NoOp@NoOp|NoOp@NoOp|NoOp@NoOp|NoOp@NoOp
180020209:NoOp@NoOp|NoOp@NoOp|NoOp@NoOp|NoOp@NoOp|NoOp@NoOp|Move(W)@Move(W)|NoOp@NoOp|NoOp@NoOp|NoOp@NoOp|NoOp@NoOp
180027500:NoOp@NoOp|NoOp@NoOp|NoOp@NoOp|NoOp@NoOp|NoOp@NoOp|Move(S)@Move(S)|NoOp@NoOp|NoOp@NoOp|NoOp@NoOp|NoOp@NoOp
180034959:NoOp@NoOp|NoOp@NoOp|NoOp@NoOp|NoOp@NoOp|NoOp@NoOp|Move(S)@Move(S)|NoOp@NoOp|NoOp@NoOp|NoOp@NoOp|NoOp@NoOp
180042542:NoOp@NoOp|NoOp@NoOp|NoOp@NoOp|NoOp@NoOp|NoOp@NoOp|Move(S)@Move(S)|NoOp@NoOp|NoOp@NoOp|NoOp@NoOp|NoOp@NoOp
180050000:NoOp@NoOp|NoOp@NoOp|NoOp@NoOp|NoOp@NoOp|NoOp@NoOp|Move(S)@Move(S)|NoOp@NoOp|NoOp@NoOp|NoOp@NoOp|NoOp@NoOp
180057584:NoOp@NoOp|NoOp@NoOp|NoOp@NoOp|NoOp@NoOp|NoOp@NoOp|Move(W)@Move(W)|NoOp@NoOp|NoOp@NoOp|NoOp@NoOp|NoOp@NoOp
180065209:NoOp@NoOp|NoOp@NoOp|NoOp@NoOp|NoOp@NoOp|NoOp@NoOp|Move(W)@Move(W)|NoOp@NoOp|NoOp@NoOp|NoOp@NoOp|NoOp@NoOp
180072750:NoOp@NoOp|NoOp@NoOp|NoOp@NoOp|NoOp@NoOp|NoOp@NoOp|Move(W)@Move(W)|NoOp@NoOp|NoOp@NoOp|NoOp@NoOp|NoOp@NoOp
180080250:NoOp@NoOp|NoOp@NoOp|NoOp@NoOp|NoOp@NoOp|NoOp@NoOp|Move(W)@Move(W)|NoOp@NoOp|NoOp@NoOp|NoOp@NoOp|NoOp@NoOp
180087417:NoOp@NoOp|NoOp@NoOp|NoOp@NoOp|NoOp@NoOp|NoOp@NoOp|Move(W)@Move(W)|NoOp@NoOp|NoOp@NoOp|NoOp@NoOp|NoOp@NoOp
180095125:NoOp@NoOp|NoOp@NoOp|NoOp@NoOp|NoOp@NoOp|NoOp@NoOp|Move(W)@Move(W)|NoOp@NoOp|NoOp@NoOp|NoOp@NoOp|NoOp@NoOp
180102875:NoOp@NoOp|NoOp@NoOp|NoOp@NoOp|NoOp@NoOp|NoOp@NoOp|Move(W)@Move(W)|NoOp@NoOp|NoOp@NoOp|NoOp@NoOp|NoOp@NoOp
180110334:NoOp@NoOp|NoOp@NoOp|NoOp@NoOp|NoOp@NoOp|NoOp@NoOp|Move(W)@Move(W)|NoOp@NoOp|NoOp@NoOp|NoOp@NoOp|NoOp@NoOp
180117959:NoOp@NoOp|NoOp@NoOp|NoOp@NoOp|NoOp@NoOp|NoOp@NoOp|Move(W)@Move(W)|NoOp@NoOp|NoOp@NoOp|NoOp@NoOp|NoOp@NoOp
180125417:NoOp@NoOp|NoOp@NoOp|NoOp@NoOp|NoOp@NoOp|NoOp@NoOp|Move(W)@Move(W)|NoOp@NoOp|NoOp@NoOp|NoOp@NoOp|NoOp@NoOp
180133000:NoOp@NoOp|NoOp@NoOp|NoOp@NoOp|NoOp@NoOp|NoOp@NoOp|Move(W)@Move(W)|NoOp@NoOp|NoOp@NoOp|NoOp@NoOp|NoOp@NoOp
180140375:NoOp@NoOp|NoOp@NoOp|NoOp@NoOp|NoOp@NoOp|NoOp@NoOp|Move(W)@Move(W)|NoOp@NoOp|NoOp@NoOp|NoOp@NoOp|NoOp@NoOp
180147584:NoOp@NoOp|NoOp@NoOp|NoOp@NoOp|NoOp@NoOp|NoOp@NoOp|Move(W)@Move(W)|NoOp@NoOp|NoOp@NoOp|NoOp@NoOp|NoOp@NoOp
180154584:NoOp@NoOp|NoOp@NoOp|NoOp@NoOp|NoOp@NoOp|NoOp@NoOp|Move(W)@Move(W)|NoOp@NoOp|NoOp@NoOp|NoOp@NoOp|NoOp@NoOp
180162084:NoOp@NoOp|NoOp@NoOp|NoOp@NoOp|NoOp@NoOp|NoOp@NoOp|Move(W)@Move(W)|NoOp@NoOp|NoOp@NoOp|NoOp@NoOp|NoOp@NoOp
180169584:NoOp@NoOp|NoOp@NoOp|NoOp@NoOp|NoOp@NoOp|NoOp@NoOp|Move(W)@Move(W)|NoOp@NoOp|NoOp@NoOp|NoOp@NoOp|NoOp@NoOp
180177750:NoOp@NoOp|NoOp@NoOp|NoOp@NoOp|NoOp@NoOp|NoOp@NoOp|Move(N)@Move(N)|NoOp@NoOp|NoOp@NoOp|NoOp@NoOp|NoOp@NoOp
180185334:NoOp@NoOp|NoOp@NoOp|NoOp@NoOp|NoOp@NoOp|NoOp@NoOp|Move(W)@Move(W)|NoOp@NoOp|NoOp@NoOp|NoOp@NoOp|NoOp@NoOp
180192959:NoOp@NoOp|NoOp@NoOp|NoOp@NoOp|NoOp@NoOp|NoOp@NoOp|Move(W)@Move(W)|NoOp@NoOp|NoOp@NoOp|NoOp@NoOp|NoOp@NoOp
180200375:NoOp@NoOp|NoOp@NoOp|NoOp@NoOp|NoOp@NoOp|NoOp@NoOp|Move(W)@Move(W)|NoOp@NoOp|NoOp@NoOp|NoOp@NoOp|NoOp@NoOp
180208167:NoOp@NoOp|NoOp@NoOp|NoOp@NoOp|NoOp@NoOp|NoOp@NoOp|NoOp@NoOp|NoOp@NoOp|NoOp@NoOp|Move(N)@Move(N)|NoOp@NoOp
180218792:NoOp@NoOp|NoOp@NoOp|NoOp@NoOp|NoOp@NoOp|NoOp@NoOp|NoOp@NoOp|NoOp@NoOp|NoOp@NoOp|Move(E)@Move(E)|NoOp@NoOp
180226709:NoOp@NoOp|NoOp@NoOp|NoOp@NoOp|NoOp@NoOp|NoOp@NoOp|NoOp@NoOp|NoOp@NoOp|NoOp@NoOp|Move(E)@Move(E)|NoOp@NoOp
180234084:NoOp@NoOp|NoOp@NoOp|NoOp@NoOp|NoOp@NoOp|NoOp@NoOp|NoOp@NoOp|NoOp@NoOp|NoOp@NoOp|Move(N)@Move(N)|NoOp@NoOp
180241209:NoOp@NoOp|NoOp@NoOp|NoOp@NoOp|NoOp@NoOp|NoOp@NoOp|NoOp@NoOp|NoOp@NoOp|NoOp@NoOp|Move(N)@Move(N)|NoOp@NoOp
180248542:NoOp@NoOp|NoOp@NoOp|NoOp@NoOp|NoOp@NoOp|NoOp@NoOp|NoOp@NoOp|NoOp@NoOp|NoOp@NoOp|Move(N)@Move(N)|NoOp@NoOp
180255667:NoOp@NoOp|NoOp@NoOp|NoOp@NoOp|NoOp@NoOp|NoOp@NoOp|NoOp@NoOp|NoOp@NoOp|NoOp@NoOp|Move(N)@Move(N)|NoOp@NoOp
180263250:NoOp@NoOp|NoOp@NoOp|NoOp@NoOp|NoOp@NoOp|NoOp@NoOp|NoOp@NoOp|NoOp@NoOp|NoOp@NoOp|Push(N,N)@Push(N,N)|NoOp@NoOp
180271084:NoOp@NoOp|NoOp@NoOp|NoOp@NoOp|NoOp@NoOp|NoOp@NoOp|NoOp@NoOp|NoOp@NoOp|NoOp@NoOp|Push(N,N)@Push(N,N)|NoOp@NoOp
180278500:NoOp@NoOp|NoOp@NoOp|NoOp@NoOp|NoOp@NoOp|NoOp@NoOp|NoOp@NoOp|NoOp@NoOp|NoOp@NoOp|Push(N,N)@Push(N,N)|NoOp@NoOp
180290750:NoOp@NoOp|NoOp@NoOp|NoOp@NoOp|NoOp@NoOp|NoOp@NoOp|NoOp@NoOp|NoOp@NoOp|NoOp@NoOp|Push(N,N)@Push(N,N)|NoOp@NoOp
180298209:NoOp@NoOp|NoOp@NoOp|NoOp@NoOp|NoOp@NoOp|NoOp@NoOp|NoOp@NoOp|NoOp@NoOp|NoOp@NoOp|Push(N,N)@Push(N,N)|NoOp@NoOp
180305584:NoOp@NoOp|NoOp@NoOp|NoOp@NoOp|NoOp@NoOp|NoOp@NoOp|NoOp@NoOp|NoOp@NoOp|NoOp@NoOp|Push(N,N)@Push(N,N)|NoOp@NoOp
180312792:NoOp@NoOp|NoOp@NoOp|NoOp@NoOp|NoOp@NoOp|NoOp@NoOp|NoOp@NoOp|NoOp@NoOp|NoOp@NoOp|Push(N,N)@Push(N,N)|NoOp@NoOp
180320417:NoOp@NoOp|NoOp@NoOp|NoOp@NoOp|NoOp@NoOp|NoOp@NoOp|NoOp@NoOp|NoOp@NoOp|NoOp@NoOp|Push(N,N)@Push(N,N)|NoOp@NoOp
180328042:NoOp@NoOp|NoOp@NoOp|NoOp@NoOp|NoOp@NoOp|NoOp@NoOp|NoOp@NoOp|NoOp@NoOp|NoOp@NoOp|Push(N,N)@Push(N,N)|NoOp@NoOp
180335500:NoOp@NoOp|NoOp@NoOp|NoOp@NoOp|NoOp@NoOp|NoOp@NoOp|NoOp@NoOp|NoOp@NoOp|NoOp@NoOp|Push(N,E)@Push(N,E)|NoOp@NoOp
180343250:NoOp@NoOp|NoOp@NoOp|NoOp@NoOp|NoOp@NoOp|NoOp@NoOp|NoOp@NoOp|NoOp@NoOp|NoOp@NoOp|Push(E,E)@Push(E,E)|NoOp@NoOp
180350834:NoOp@NoOp|NoOp@NoOp|NoOp@NoOp|NoOp@NoOp|NoOp@NoOp|NoOp@NoOp|NoOp@NoOp|NoOp@NoOp|Push(E,E)@Push(E,E)|NoOp@NoOp
180358500:NoOp@NoOp|NoOp@NoOp|NoOp@NoOp|NoOp@NoOp|NoOp@NoOp|NoOp@NoOp|NoOp@NoOp|NoOp@NoOp|Push(E,E)@Push(E,E)|NoOp@NoOp
180365917:NoOp@NoOp|NoOp@NoOp|NoOp@NoOp|NoOp@NoOp|NoOp@NoOp|NoOp@NoOp|NoOp@NoOp|NoOp@NoOp|Push(E,E)@Push(E,E)|NoOp@NoOp
180373584:NoOp@NoOp|NoOp@NoOp|NoOp@NoOp|NoOp@NoOp|NoOp@NoOp|NoOp@NoOp|NoOp@NoOp|NoOp@NoOp|Push(E,E)@Push(E,E)|NoOp@NoOp
180380792:NoOp@NoOp|NoOp@NoOp|NoOp@NoOp|NoOp@NoOp|NoOp@NoOp|NoOp@NoOp|NoOp@NoOp|NoOp@NoOp|Push(E,E)@Push(E,E)|NoOp@NoOp
180388334:NoOp@NoOp|NoOp@NoOp|NoOp@NoOp|NoOp@NoOp|NoOp@NoOp|NoOp@NoOp|NoOp@NoOp|NoOp@NoOp|Push(E,E)@Push(E,E)|NoOp@NoOp
180395917:NoOp@NoOp|NoOp@NoOp|NoOp@NoOp|NoOp@NoOp|NoOp@NoOp|NoOp@NoOp|NoOp@NoOp|NoOp@NoOp|Push(E,E)@Push(E,E)|NoOp@NoOp
180403334:NoOp@NoOp|NoOp@NoOp|NoOp@NoOp|NoOp@NoOp|NoOp@NoOp|NoOp@NoOp|NoOp@NoOp|NoOp@NoOp|Push(E,E)@Push(E,E)|NoOp@NoOp
180411000:NoOp@NoOp|NoOp@NoOp|NoOp@NoOp|NoOp@NoOp|NoOp@NoOp|NoOp@NoOp|NoOp@NoOp|NoOp@NoOp|Push(E,E)@Push(E,E)|NoOp@NoOp
180417542:NoOp@NoOp|NoOp@NoOp|NoOp@NoOp|NoOp@NoOp|NoOp@NoOp|NoOp@NoOp|NoOp@NoOp|NoOp@NoOp|Push(E,E)@Push(E,E)|NoOp@NoOp
180424875:NoOp@NoOp|NoOp@NoOp|NoOp@NoOp|NoOp@NoOp|NoOp@NoOp|NoOp@NoOp|NoOp@NoOp|NoOp@NoOp|Push(E,E)@Push(E,E)|NoOp@NoOp
180432167:NoOp@NoOp|NoOp@NoOp|NoOp@NoOp|NoOp@NoOp|NoOp@NoOp|NoOp@NoOp|NoOp@NoOp|NoOp@NoOp|Push(E,E)@Push(E,E)|NoOp@NoOp
180439500:NoOp@NoOp|NoOp@NoOp|NoOp@NoOp|NoOp@NoOp|NoOp@NoOp|NoOp@NoOp|NoOp@NoOp|NoOp@NoOp|Push(E,E)@Push(E,E)|NoOp@NoOp
180447459:NoOp@NoOp|NoOp@NoOp|NoOp@NoOp|NoOp@NoOp|NoOp@NoOp|NoOp@NoOp|NoOp@NoOp|NoOp@NoOp|Push(E,E)@Push(E,E)|NoOp@NoOp
180455000:NoOp@NoOp|NoOp@NoOp|NoOp@NoOp|NoOp@NoOp|NoOp@NoOp|NoOp@NoOp|NoOp@NoOp|NoOp@NoOp|Push(E,E)@Push(E,E)|NoOp@NoOp
180462459:NoOp@NoOp|NoOp@NoOp|NoOp@NoOp|NoOp@NoOp|NoOp@NoOp|NoOp@NoOp|NoOp@NoOp|NoOp@NoOp|Push(E,E)@Push(E,E)|NoOp@NoOp
180469125:NoOp@NoOp|NoOp@NoOp|NoOp@NoOp|NoOp@NoOp|NoOp@NoOp|NoOp@NoOp|NoOp@NoOp|NoOp@NoOp|Push(E,E)@Push(E,E)|NoOp@NoOp
180476500:NoOp@NoOp|NoOp@NoOp|NoOp@NoOp|NoOp@NoOp|NoOp@NoOp|NoOp@NoOp|NoOp@NoOp|NoOp@NoOp|Push(E,E)@Push(E,E)|NoOp@NoOp
180485417:NoOp@NoOp|NoOp@NoOp|NoOp@NoOp|NoOp@NoOp|NoOp@NoOp|NoOp@NoOp|NoOp@NoOp|NoOp@NoOp|Push(E,E)@Push(E,E)|NoOp@NoOp
180492875:NoOp@NoOp|NoOp@NoOp|NoOp@NoOp|NoOp@NoOp|NoOp@NoOp|NoOp@NoOp|NoOp@NoOp|NoOp@NoOp|Push(E,E)@Push(E,E)|NoOp@NoOp
180501542:NoOp@NoOp|NoOp@NoOp|NoOp@NoOp|NoOp@NoOp|NoOp@NoOp|NoOp@NoOp|NoOp@NoOp|NoOp@NoOp|Push(E,E)@Push(E,E)|NoOp@NoOp
180510625:NoOp@NoOp|NoOp@NoOp|NoOp@NoOp|NoOp@NoOp|NoOp@NoOp|NoOp@NoOp|NoOp@NoOp|NoOp@NoOp|Push(E,E)@Push(E,E)|NoOp@NoOp
180519542:NoOp@NoOp|NoOp@NoOp|NoOp@NoOp|NoOp@NoOp|NoOp@NoOp|NoOp@NoOp|NoOp@NoOp|NoOp@NoOp|Push(E,E)@Push(E,E)|NoOp@NoOp
180527042:NoOp@NoOp|NoOp@NoOp|NoOp@NoOp|NoOp@NoOp|NoOp@NoOp|NoOp@NoOp|NoOp@NoOp|NoOp@NoOp|Push(E,N)@Push(E,N)|NoOp@NoOp
180534584:NoOp@NoOp|NoOp@NoOp|NoOp@NoOp|NoOp@NoOp|NoOp@NoOp|NoOp@NoOp|NoOp@NoOp|NoOp@NoOp|Push(N,N)@Push(N,N)|NoOp@NoOp
180542000:NoOp@NoOp|NoOp@NoOp|NoOp@NoOp|NoOp@NoOp|NoOp@NoOp|NoOp@NoOp|NoOp@NoOp|NoOp@NoOp|Push(N,N)@Push(N,N)|NoOp@NoOp
180549584:NoOp@NoOp|NoOp@NoOp|NoOp@NoOp|NoOp@NoOp|NoOp@NoOp|NoOp@NoOp|NoOp@NoOp|NoOp@NoOp|Push(N,N)@Push(N,N)|NoOp@NoOp
180557584:NoOp@NoOp|NoOp@NoOp|NoOp@NoOp|NoOp@NoOp|NoOp@NoOp|NoOp@NoOp|NoOp@NoOp|NoOp@NoOp|Push(N,N)@Push(N,N)|NoOp@NoOp
180566292:NoOp@NoOp|NoOp@NoOp|NoOp@NoOp|NoOp@NoOp|NoOp@NoOp|NoOp@NoOp|NoOp@NoOp|NoOp@NoOp|Push(N,N)@Push(N,N)|NoOp@NoOp
180574167:NoOp@NoOp|NoOp@NoOp|NoOp@NoOp|NoOp@NoOp|NoOp@NoOp|NoOp@NoOp|NoOp@NoOp|NoOp@NoOp|Push(N,E)@Push(N,E)|NoOp@NoOp
180581917:NoOp@NoOp|NoOp@NoOp|NoOp@NoOp|NoOp@NoOp|NoOp@NoOp|NoOp@NoOp|NoOp@NoOp|NoOp@NoOp|Push(E,E)@Push(E,E)|NoOp@NoOp
180589542:NoOp@NoOp|NoOp@NoOp|NoOp@NoOp|NoOp@NoOp|NoOp@NoOp|NoOp@NoOp|NoOp@NoOp|NoOp@NoOp|Push(E,E)@Push(E,E)|NoOp@NoOp
180597334:NoOp@NoOp|NoOp@NoOp|NoOp@NoOp|NoOp@NoOp|NoOp@NoOp|NoOp@NoOp|NoOp@NoOp|NoOp@NoOp|Push(E,E)@Push(E,E)|NoOp@NoOp
180604875:NoOp@NoOp|NoOp@NoOp|NoOp@NoOp|NoOp@NoOp|NoOp@NoOp|NoOp@NoOp|NoOp@NoOp|NoOp@NoOp|Push(E,E)@Push(E,E)|NoOp@NoOp
180612250:NoOp@NoOp|NoOp@NoOp|NoOp@NoOp|NoOp@NoOp|NoOp@NoOp|NoOp@NoOp|NoOp@NoOp|NoOp@NoOp|Push(E,E)@Push(E,E)|NoOp@NoOp
180619875:NoOp@NoOp|NoOp@NoOp|NoOp@NoOp|NoOp@NoOp|NoOp@NoOp|NoOp@NoOp|NoOp@NoOp|NoOp@NoOp|Push(E,E)@Push(E,E)|NoOp@NoOp
180627500:Move(E)@Move(E)|NoOp@NoOp|NoOp@NoOp|NoOp@NoOp|NoOp@NoOp|NoOp@NoOp|NoOp@NoOp|NoOp@NoOp|NoOp@NoOp|NoOp@NoOp
180635167:Move(S)@Move(S)|NoOp@NoOp|NoOp@NoOp|NoOp@NoOp|NoOp@NoOp|NoOp@NoOp|NoOp@NoOp|NoOp@NoOp|NoOp@NoOp|NoOp@NoOp
180642959:Move(S)@Move(S)|NoOp@NoOp|NoOp@NoOp|NoOp@NoOp|NoOp@NoOp|NoOp@NoOp|NoOp@NoOp|NoOp@NoOp|NoOp@NoOp|NoOp@NoOp
180651584:Move(E)@Move(E)|NoOp@NoOp|NoOp@NoOp|NoOp@NoOp|NoOp@NoOp|NoOp@NoOp|NoOp@NoOp|NoOp@NoOp|NoOp@NoOp|NoOp@NoOp
180661875:Move(E)@Move(E)|NoOp@NoOp|NoOp@NoOp|NoOp@NoOp|NoOp@NoOp|NoOp@NoOp|NoOp@NoOp|NoOp@NoOp|NoOp@NoOp|NoOp@NoOp
180670500:Move(E)@Move(E)|NoOp@NoOp|NoOp@NoOp|NoOp@NoOp|NoOp@NoOp|NoOp@NoOp|NoOp@NoOp|NoOp@NoOp|NoOp@NoOp|NoOp@NoOp
180678084:Move(E)@Move(E)|NoOp@NoOp|NoOp@NoOp|NoOp@NoOp|NoOp@NoOp|NoOp@NoOp|NoOp@NoOp|NoOp@NoOp|NoOp@NoOp|NoOp@NoOp
180685625:Move(N)@Move(N)|NoOp@NoOp|NoOp@NoOp|NoOp@NoOp|NoOp@NoOp|NoOp@NoOp|NoOp@NoOp|NoOp@NoOp|NoOp@NoOp|NoOp@NoOp
180693167:Move(E)@Move(E)|NoOp@NoOp|NoOp@NoOp|NoOp@NoOp|NoOp@NoOp|NoOp@NoOp|NoOp@NoOp|NoOp@NoOp|NoOp@NoOp|NoOp@NoOp
180701959:Move(E)@Move(E)|NoOp@NoOp|NoOp@NoOp|NoOp@NoOp|NoOp@NoOp|NoOp@NoOp|NoOp@NoOp|NoOp@NoOp|NoOp@NoOp|NoOp@NoOp
180708834:Move(S)@Move(S)|NoOp@NoOp|NoOp@NoOp|NoOp@NoOp|NoOp@NoOp|NoOp@NoOp|NoOp@NoOp|NoOp@NoOp|NoOp@NoOp|NoOp@NoOp
180715917:Move(E)@Move(E)|NoOp@NoOp|NoOp@NoOp|NoOp@NoOp|NoOp@NoOp|NoOp@NoOp|NoOp@NoOp|NoOp@NoOp|NoOp@NoOp|NoOp@NoOp
180723500:Move(E)@Move(E)|NoOp@NoOp|NoOp@NoOp|NoOp@NoOp|NoOp@NoOp|NoOp@NoOp|NoOp@NoOp|NoOp@NoOp|NoOp@NoOp|NoOp@NoOp
180731125:Move(E)@Move(E)|NoOp@NoOp|NoOp@NoOp|NoOp@NoOp|NoOp@NoOp|NoOp@NoOp|NoOp@NoOp|NoOp@NoOp|NoOp@NoOp|NoOp@NoOp
180738542:Move(E)@Move(E)|NoOp@NoOp|NoOp@NoOp|NoOp@NoOp|NoOp@NoOp|NoOp@NoOp|NoOp@NoOp|NoOp@NoOp|NoOp@NoOp|NoOp@NoOp
180746125:Move(N)@Move(N)|NoOp@NoOp|NoOp@NoOp|NoOp@NoOp|NoOp@NoOp|NoOp@NoOp|NoOp@NoOp|NoOp@NoOp|NoOp@NoOp|NoOp@NoOp
180753875:Push(E,S)@Push(E,S)|NoOp@NoOp|NoOp@NoOp|NoOp@NoOp|NoOp@NoOp|NoOp@NoOp|NoOp@NoOp|NoOp@NoOp|NoOp@NoOp|NoOp@NoOp
180761459:Push(S,W)@Push(S,W)|NoOp@NoOp|NoOp@NoOp|NoOp@NoOp|NoOp@NoOp|NoOp@NoOp|NoOp@NoOp|NoOp@NoOp|NoOp@NoOp|NoOp@NoOp
180768375:Push(W,W)@Push(W,W)|NoOp@NoOp|NoOp@NoOp|NoOp@NoOp|NoOp@NoOp|NoOp@NoOp|NoOp@NoOp|NoOp@NoOp|NoOp@NoOp|NoOp@NoOp
180775542:Push(W,W)@Push(W,W)|NoOp@NoOp|NoOp@NoOp|NoOp@NoOp|NoOp@NoOp|NoOp@NoOp|NoOp@NoOp|NoOp@NoOp|NoOp@NoOp|NoOp@NoOp
180783209:Push(W,W)@Push(W,W)|NoOp@NoOp|NoOp@NoOp|NoOp@NoOp|NoOp@NoOp|NoOp@NoOp|NoOp@NoOp|NoOp@NoOp|NoOp@NoOp|NoOp@NoOp
180789959:Push(W,W)@Push(W,W)|NoOp@NoOp|NoOp@NoOp|NoOp@NoOp|NoOp@NoOp|NoOp@NoOp|NoOp@NoOp|NoOp@NoOp|NoOp@NoOp|NoOp@NoOp
180797667:Push(W,N)@Push(W,N)|NoOp@NoOp|NoOp@NoOp|NoOp@NoOp|NoOp@NoOp|NoOp@NoOp|NoOp@NoOp|NoOp@NoOp|NoOp@NoOp|NoOp@NoOp
180805334:Push(N,N)@Push(N,N)|NoOp@NoOp|NoOp@NoOp|NoOp@NoOp|NoOp@NoOp|NoOp@NoOp|NoOp@NoOp|NoOp@NoOp|NoOp@NoOp|NoOp@NoOp
180813042:Push(N,N)@Push(N,N)|NoOp@NoOp|NoOp@NoOp|NoOp@NoOp|NoOp@NoOp|NoOp@NoOp|NoOp@NoOp|NoOp@NoOp|NoOp@NoOp|NoOp@NoOp
180822542:Push(N,N)@Push(N,N)|NoOp@NoOp|NoOp@NoOp|NoOp@NoOp|NoOp@NoOp|NoOp@NoOp|NoOp@NoOp|NoOp@NoOp|NoOp@NoOp|NoOp@NoOp
180829834:Push(N,N)@Push(N,N)|NoOp@NoOp|NoOp@NoOp|NoOp@NoOp|NoOp@NoOp|NoOp@NoOp|NoOp@NoOp|NoOp@NoOp|NoOp@NoOp|NoOp@NoOp
180837459:Push(N,N)@Push(N,N)|NoOp@NoOp|NoOp@NoOp|NoOp@NoOp|NoOp@NoOp|NoOp@NoOp|NoOp@NoOp|NoOp@NoOp|NoOp@NoOp|NoOp@NoOp
180845334:Push(N,N)@Push(N,N)|NoOp@NoOp|NoOp@NoOp|NoOp@NoOp|NoOp@NoOp|NoOp@NoOp|NoOp@NoOp|NoOp@NoOp|NoOp@NoOp|NoOp@NoOp
180852625:Push(N,N)@Push(N,N)|NoOp@NoOp|NoOp@NoOp|NoOp@NoOp|NoOp@NoOp|NoOp@NoOp|NoOp@NoOp|NoOp@NoOp|NoOp@NoOp|NoOp@NoOp
180860250:Push(N,N)@Push(N,N)|NoOp@NoOp|NoOp@NoOp|NoOp@NoOp|NoOp@NoOp|NoOp@NoOp|NoOp@NoOp|NoOp@NoOp|NoOp@NoOp|NoOp@NoOp
180867667:Push(N,N)@Push(N,N)|NoOp@NoOp|NoOp@NoOp|NoOp@NoOp|NoOp@NoOp|NoOp@NoOp|NoOp@NoOp|NoOp@NoOp|NoOp@NoOp|NoOp@NoOp
180875209:Push(N,N)@Push(N,N)|NoOp@NoOp|NoOp@NoOp|NoOp@NoOp|NoOp@NoOp|NoOp@NoOp|NoOp@NoOp|NoOp@NoOp|NoOp@NoOp|NoOp@NoOp
180882625:Push(N,N)@Push(N,N)|NoOp@NoOp|NoOp@NoOp|NoOp@NoOp|NoOp@NoOp|NoOp@NoOp|NoOp@NoOp|NoOp@NoOp|NoOp@NoOp|NoOp@NoOp
180890125:Push(N,N)@Push(N,N)|NoOp@NoOp|NoOp@NoOp|NoOp@NoOp|NoOp@NoOp|NoOp@NoOp|NoOp@NoOp|NoOp@NoOp|NoOp@NoOp|NoOp@NoOp
180897375:Push(N,N)@Push(N,N)|NoOp@NoOp|NoOp@NoOp|NoOp@NoOp|NoOp@NoOp|NoOp@NoOp|NoOp@NoOp|NoOp@NoOp|NoOp@NoOp|NoOp@NoOp
180905000:Push(N,W)@Push(N,W)|NoOp@NoOp|NoOp@NoOp|NoOp@NoOp|NoOp@NoOp|NoOp@NoOp|NoOp@NoOp|NoOp@NoOp|NoOp@NoOp|NoOp@NoOp
180912500:Push(W,W)@Push(W,W)|NoOp@NoOp|NoOp@NoOp|NoOp@NoOp|NoOp@NoOp|NoOp@NoOp|NoOp@NoOp|NoOp@NoOp|NoOp@NoOp|NoOp@NoOp
180919917:Push(W,N)@Push(W,N)|NoOp@NoOp|NoOp@NoOp|NoOp@NoOp|NoOp@NoOp|NoOp@NoOp|NoOp@NoOp|NoOp@NoOp|NoOp@NoOp|NoOp@NoOp
180927042:Push(N,W)@Push(N,W)|NoOp@NoOp|NoOp@NoOp|NoOp@NoOp|NoOp@NoOp|NoOp@NoOp|NoOp@NoOp|NoOp@NoOp|NoOp@NoOp|NoOp@NoOp
180934209:Push(W,W)@Push(W,W)|NoOp@NoOp|NoOp@NoOp|NoOp@NoOp|NoOp@NoOp|NoOp@NoOp|NoOp@NoOp|NoOp@NoOp|NoOp@NoOp|NoOp@NoOp
180942375:Push(W,W)@Push(W,W)|NoOp@NoOp|NoOp@NoOp|NoOp@NoOp|NoOp@NoOp|NoOp@NoOp|NoOp@NoOp|NoOp@NoOp|NoOp@NoOp|NoOp@NoOp
180949834:Push(W,W)@Push(W,W)|NoOp@NoOp|NoOp@NoOp|NoOp@NoOp|NoOp@NoOp|NoOp@NoOp|NoOp@NoOp|NoOp@NoOp|NoOp@NoOp|NoOp@NoOp
180957250:Push(W,W)@Push(W,W)|NoOp@NoOp|NoOp@NoOp|NoOp@NoOp|NoOp@NoOp|NoOp@NoOp|NoOp@NoOp|NoOp@NoOp|NoOp@NoOp|NoOp@NoOp
180964625:Push(W,W)@Push(W,W)|NoOp@NoOp|NoOp@NoOp|NoOp@NoOp|NoOp@NoOp|NoOp@NoOp|NoOp@NoOp|NoOp@NoOp|NoOp@NoOp|NoOp@NoOp
180971750:Push(W,N)@Push(W,N)|NoOp@NoOp|NoOp@NoOp|NoOp@NoOp|NoOp@NoOp|NoOp@NoOp|NoOp@NoOp|NoOp@NoOp|NoOp@NoOp|NoOp@NoOp
180979125:Push(N,N)@Push(N,N)|NoOp@NoOp|NoOp@NoOp|NoOp@NoOp|NoOp@NoOp|NoOp@NoOp|NoOp@NoOp|NoOp@NoOp|NoOp@NoOp|NoOp@NoOp
180986709:Push(N,N)@Push(N,N)|NoOp@NoOp|NoOp@NoOp|NoOp@NoOp|NoOp@NoOp|NoOp@NoOp|NoOp@NoOp|NoOp@NoOp|NoOp@NoOp|NoOp@NoOp
180994000:Push(N,N)@Push(N,N)|NoOp@NoOp|NoOp@NoOp|NoOp@NoOp|NoOp@NoOp|NoOp@NoOp|NoOp@NoOp|NoOp@NoOp|NoOp@NoOp|NoOp@NoOp
181001625:Push(N,N)@Push(N,N)|NoOp@NoOp|NoOp@NoOp|NoOp@NoOp|NoOp@NoOp|NoOp@NoOp|NoOp@NoOp|NoOp@NoOp|NoOp@NoOp|NoOp@NoOp
181009167:Push(N,N)@Push(N,N)|NoOp@NoOp|NoOp@NoOp|NoOp@NoOp|NoOp@NoOp|NoOp@NoOp|NoOp@NoOp|NoOp@NoOp|NoOp@NoOp|NoOp@NoOp
181016667:Move(S)@Move(S)|NoOp@NoOp|NoOp@NoOp|NoOp@NoOp|NoOp@NoOp|NoOp@NoOp|NoOp@NoOp|NoOp@NoOp|NoOp@NoOp|NoOp@NoOp
181024334:Move(S)@Move(S)|NoOp@NoOp|NoOp@NoOp|NoOp@NoOp|NoOp@NoOp|NoOp@NoOp|NoOp@NoOp|NoOp@NoOp|NoOp@NoOp|NoOp@NoOp
181031834:Move(S)@Move(S)|NoOp@NoOp|NoOp@NoOp|NoOp@NoOp|NoOp@NoOp|NoOp@NoOp|NoOp@NoOp|NoOp@NoOp|NoOp@NoOp|NoOp@NoOp
181039375:Move(S)@Move(S)|NoOp@NoOp|NoOp@NoOp|NoOp@NoOp|NoOp@NoOp|NoOp@NoOp|NoOp@NoOp|NoOp@NoOp|NoOp@NoOp|NoOp@NoOp
181045959:Move(S)@Move(S)|NoOp@NoOp|NoOp@NoOp|NoOp@NoOp|NoOp@NoOp|NoOp@NoOp|NoOp@NoOp|NoOp@NoOp|NoOp@NoOp|NoOp@NoOp
181053500:Move(S)@Move(S)|NoOp@NoOp|NoOp@NoOp|NoOp@NoOp|NoOp@NoOp|NoOp@NoOp|NoOp@NoOp|NoOp@NoOp|NoOp@NoOp|NoOp@NoOp
181060917:Move(W)@Move(W)|NoOp@NoOp|NoOp@NoOp|NoOp@NoOp|NoOp@NoOp|NoOp@NoOp|NoOp@NoOp|NoOp@NoOp|NoOp@NoOp|NoOp@NoOp
181068000:Move(S)@Move(S)|NoOp@NoOp|NoOp@NoOp|NoOp@NoOp|NoOp@NoOp|NoOp@NoOp|NoOp@NoOp|NoOp@NoOp|NoOp@NoOp|NoOp@NoOp
181075292:Move(S)@Move(S)|NoOp@NoOp|NoOp@NoOp|NoOp@NoOp|NoOp@NoOp|NoOp@NoOp|NoOp@NoOp|NoOp@NoOp|NoOp@NoOp|NoOp@NoOp
181082959:Move(S)@Move(S)|NoOp@NoOp|NoOp@NoOp|NoOp@NoOp|NoOp@NoOp|NoOp@NoOp|NoOp@NoOp|NoOp@NoOp|NoOp@NoOp|NoOp@NoOp
181090459:Move(S)@Move(S)|NoOp@NoOp|NoOp@NoOp|NoOp@NoOp|NoOp@NoOp|NoOp@NoOp|NoOp@NoOp|NoOp@NoOp|NoOp@NoOp|NoOp@NoOp
181097625:Move(S)@Move(S)|NoOp@NoOp|NoOp@NoOp|NoOp@NoOp|NoOp@NoOp|NoOp@NoOp|NoOp@NoOp|NoOp@NoOp|NoOp@NoOp|NoOp@NoOp
181105084:Move(S)@Move(S)|NoOp@NoOp|NoOp@NoOp|NoOp@NoOp|NoOp@NoOp|NoOp@NoOp|NoOp@NoOp|NoOp@NoOp|NoOp@NoOp|NoOp@NoOp
181112334:Move(S)@Move(S)|NoOp@NoOp|NoOp@NoOp|NoOp@NoOp|NoOp@NoOp|NoOp@NoOp|NoOp@NoOp|NoOp@NoOp|NoOp@NoOp|NoOp@NoOp
181119625:Move(S)@Move(S)|NoOp@NoOp|NoOp@NoOp|NoOp@NoOp|NoOp@NoOp|NoOp@NoOp|NoOp@NoOp|NoOp@NoOp|NoOp@NoOp|NoOp@NoOp
181127042:Move(S)@Move(S)|NoOp@NoOp|NoOp@NoOp|NoOp@NoOp|NoOp@NoOp|NoOp@NoOp|NoOp@NoOp|NoOp@NoOp|NoOp@NoOp|NoOp@NoOp
181134542:Move(S)@Move(S)|NoOp@NoOp|NoOp@NoOp|NoOp@NoOp|NoOp@NoOp|NoOp@NoOp|NoOp@NoOp|NoOp@NoOp|NoOp@NoOp|NoOp@NoOp
181142250:Move(S)@Move(S)|NoOp@NoOp|NoOp@NoOp|NoOp@NoOp|NoOp@NoOp|NoOp@NoOp|NoOp@NoOp|NoOp@NoOp|NoOp@NoOp|NoOp@NoOp
181149750:Move(S)@Move(S)|NoOp@NoOp|NoOp@NoOp|NoOp@NoOp|NoOp@NoOp|NoOp@NoOp|NoOp@NoOp|NoOp@NoOp|NoOp@NoOp|NoOp@NoOp
181157375:Move(E)@Move(E)|NoOp@NoOp|NoOp@NoOp|NoOp@NoOp|NoOp@NoOp|NoOp@NoOp|NoOp@NoOp|NoOp@NoOp|NoOp@NoOp|NoOp@NoOp
181164917:Move(E)@Move(E)|NoOp@NoOp|NoOp@NoOp|NoOp@NoOp|NoOp@NoOp|NoOp@NoOp|NoOp@NoOp|NoOp@NoOp|NoOp@NoOp|NoOp@NoOp
181173500:NoOp@NoOp|NoOp@NoOp|Move(E)@Move(E)|NoOp@NoOp|NoOp@NoOp|NoOp@NoOp|NoOp@NoOp|NoOp@NoOp|NoOp@NoOp|NoOp@NoOp
181181042:NoOp@NoOp|NoOp@NoOp|Move(S)@Move(S)|NoOp@NoOp|NoOp@NoOp|NoOp@NoOp|NoOp@NoOp|NoOp@NoOp|NoOp@NoOp|NoOp@NoOp
181188792:NoOp@NoOp|NoOp@NoOp|Move(E)@Move(E)|NoOp@NoOp|NoOp@NoOp|NoOp@NoOp|NoOp@NoOp|NoOp@NoOp|NoOp@NoOp|NoOp@NoOp
181196417:NoOp@NoOp|NoOp@NoOp|Move(E)@Move(E)|NoOp@NoOp|NoOp@NoOp|NoOp@NoOp|NoOp@NoOp|NoOp@NoOp|NoOp@NoOp|NoOp@NoOp
181204292:NoOp@NoOp|NoOp@NoOp|Move(N)@Move(N)|NoOp@NoOp|NoOp@NoOp|NoOp@NoOp|NoOp@NoOp|NoOp@NoOp|NoOp@NoOp|NoOp@NoOp
181271584:NoOp@NoOp|NoOp@NoOp|Move(N)@Move(N)|NoOp@NoOp|NoOp@NoOp|NoOp@NoOp|NoOp@NoOp|NoOp@NoOp|NoOp@NoOp|NoOp@NoOp
181280250:NoOp@NoOp|NoOp@NoOp|Move(N)@Move(N)|NoOp@NoOp|NoOp@NoOp|NoOp@NoOp|NoOp@NoOp|NoOp@NoOp|NoOp@NoOp|NoOp@NoOp
181289292:NoOp@NoOp|NoOp@NoOp|Move(N)@Move(N)|NoOp@NoOp|NoOp@NoOp|NoOp@NoOp|NoOp@NoOp|NoOp@NoOp|NoOp@NoOp|NoOp@NoOp
181297875:NoOp@NoOp|NoOp@NoOp|Move(N)@Move(N)|NoOp@NoOp|NoOp@NoOp|NoOp@NoOp|NoOp@NoOp|NoOp@NoOp|NoOp@NoOp|NoOp@NoOp
181306209:NoOp@NoOp|NoOp@NoOp|Move(N)@Move(N)|NoOp@NoOp|NoOp@NoOp|NoOp@NoOp|NoOp@NoOp|NoOp@NoOp|NoOp@NoOp|NoOp@NoOp
181314584:NoOp@NoOp|NoOp@NoOp|Move(N)@Move(N)|NoOp@NoOp|NoOp@NoOp|NoOp@NoOp|NoOp@NoOp|NoOp@NoOp|NoOp@NoOp|NoOp@NoOp
181322750:NoOp@NoOp|NoOp@NoOp|Move(N)@Move(N)|NoOp@NoOp|NoOp@NoOp|NoOp@NoOp|NoOp@NoOp|NoOp@NoOp|NoOp@NoOp|NoOp@NoOp
181331042:NoOp@NoOp|NoOp@NoOp|Move(N)@Move(N)|NoOp@NoOp|NoOp@NoOp|NoOp@NoOp|NoOp@NoOp|NoOp@NoOp|NoOp@NoOp|NoOp@NoOp
181339167:NoOp@NoOp|NoOp@NoOp|Move(N)@Move(N)|NoOp@NoOp|NoOp@NoOp|NoOp@NoOp|NoOp@NoOp|NoOp@NoOp|NoOp@NoOp|NoOp@NoOp
181347125:NoOp@NoOp|NoOp@NoOp|Move(N)@Move(N)|NoOp@NoOp|NoOp@NoOp|NoOp@NoOp|NoOp@NoOp|NoOp@NoOp|NoOp@NoOp|NoOp@NoOp
181355042:NoOp@NoOp|NoOp@NoOp|Move(N)@Move(N)|NoOp@NoOp|NoOp@NoOp|NoOp@NoOp|NoOp@NoOp|NoOp@NoOp|NoOp@NoOp|NoOp@NoOp
181363375:NoOp@NoOp|NoOp@NoOp|Move(N)@Move(N)|NoOp@NoOp|NoOp@NoOp|NoOp@NoOp|NoOp@NoOp|NoOp@NoOp|NoOp@NoOp|NoOp@NoOp
181371500:NoOp@NoOp|NoOp@NoOp|Move(W)@Move(W)|NoOp@NoOp|NoOp@NoOp|NoOp@NoOp|NoOp@NoOp|NoOp@NoOp|NoOp@NoOp|NoOp@NoOp
181379667:NoOp@NoOp|NoOp@NoOp|Move(W)@Move(W)|NoOp@NoOp|NoOp@NoOp|NoOp@NoOp|NoOp@NoOp|NoOp@NoOp|NoOp@NoOp|NoOp@NoOp
181387792:NoOp@NoOp|NoOp@NoOp|Move(W)@Move(W)|NoOp@NoOp|NoOp@NoOp|NoOp@NoOp|NoOp@NoOp|NoOp@NoOp|NoOp@NoOp|NoOp@NoOp
181396000:NoOp@NoOp|NoOp@NoOp|Move(W)@Move(W)|NoOp@NoOp|NoOp@NoOp|NoOp@NoOp|NoOp@NoOp|NoOp@NoOp|NoOp@NoOp|NoOp@NoOp
181405250:NoOp@NoOp|NoOp@NoOp|Move(W)@Move(W)|NoOp@NoOp|NoOp@NoOp|NoOp@NoOp|NoOp@NoOp|NoOp@NoOp|NoOp@NoOp|NoOp@NoOp
181415459:NoOp@NoOp|NoOp@NoOp|Push(W,N)@Push(W,N)|NoOp@NoOp|NoOp@NoOp|NoOp@NoOp|NoOp@NoOp|NoOp@NoOp|NoOp@NoOp|NoOp@NoOp
181424250:NoOp@NoOp|NoOp@NoOp|Push(N,W)@Push(N,W)|NoOp@NoOp|NoOp@NoOp|NoOp@NoOp|NoOp@NoOp|NoOp@NoOp|NoOp@NoOp|NoOp@NoOp
181432792:NoOp@NoOp|NoOp@NoOp|Push(W,W)@Push(W,W)|NoOp@NoOp|NoOp@NoOp|NoOp@NoOp|NoOp@NoOp|NoOp@NoOp|NoOp@NoOp|NoOp@NoOp
181441209:NoOp@NoOp|NoOp@NoOp|Push(W,N)@Push(W,N)|NoOp@NoOp|NoOp@NoOp|NoOp@NoOp|NoOp@NoOp|NoOp@NoOp|NoOp@NoOp|NoOp@NoOp
181448834:NoOp@NoOp|NoOp@NoOp|Push(N,N)@Push(N,N)|NoOp@NoOp|NoOp@NoOp|NoOp@NoOp|NoOp@NoOp|NoOp@NoOp|NoOp@NoOp|NoOp@NoOp
181457375:NoOp@NoOp|NoOp@NoOp|Push(N,N)@Push(N,N)|NoOp@NoOp|NoOp@NoOp|NoOp@NoOp|NoOp@NoOp|NoOp@NoOp|NoOp@NoOp|NoOp@NoOp
181465875:NoOp@NoOp|NoOp@NoOp|Push(N,N)@Push(N,N)|NoOp@NoOp|NoOp@NoOp|NoOp@NoOp|NoOp@NoOp|NoOp@NoOp|NoOp@NoOp|NoOp@NoOp
181474209:NoOp@NoOp|NoOp@NoOp|Push(N,N)@Push(N,N)|NoOp@NoOp|NoOp@NoOp|NoOp@NoOp|NoOp@NoOp|NoOp@NoOp|NoOp@NoOp|NoOp@NoOp
181482584:NoOp@NoOp|NoOp@NoOp|Move(S)@Move(S)|NoOp@NoOp|NoOp@NoOp|NoOp@NoOp|NoOp@NoOp|NoOp@NoOp|NoOp@NoOp|NoOp@NoOp
181490959:NoOp@NoOp|NoOp@NoOp|Move(S)@Move(S)|NoOp@NoOp|NoOp@NoOp|NoOp@NoOp|NoOp@NoOp|NoOp@NoOp|NoOp@NoOp|NoOp@NoOp
181499959:NoOp@NoOp|NoOp@NoOp|Move(S)@Move(S)|NoOp@NoOp|NoOp@NoOp|NoOp@NoOp|NoOp@NoOp|NoOp@NoOp|NoOp@NoOp|NoOp@NoOp
181507959:NoOp@NoOp|NoOp@NoOp|Move(S)@Move(S)|NoOp@NoOp|NoOp@NoOp|NoOp@NoOp|NoOp@NoOp|NoOp@NoOp|NoOp@NoOp|NoOp@NoOp
181516125:NoOp@NoOp|NoOp@NoOp|Move(S)@Move(S)|NoOp@NoOp|NoOp@NoOp|NoOp@NoOp|NoOp@NoOp|NoOp@NoOp|NoOp@NoOp|NoOp@NoOp
181524459:NoOp@NoOp|NoOp@NoOp|Move(E)@Move(E)|NoOp@NoOp|NoOp@NoOp|NoOp@NoOp|NoOp@NoOp|NoOp@NoOp|NoOp@NoOp|NoOp@NoOp
181533042:NoOp@NoOp|NoOp@NoOp|Move(E)@Move(E)|NoOp@NoOp|NoOp@NoOp|NoOp@NoOp|NoOp@NoOp|NoOp@NoOp|NoOp@NoOp|NoOp@NoOp
181541417:NoOp@NoOp|NoOp@NoOp|Move(E)@Move(E)|NoOp@NoOp|NoOp@NoOp|NoOp@NoOp|NoOp@NoOp|NoOp@NoOp|NoOp@NoOp|NoOp@NoOp
181549917:NoOp@NoOp|NoOp@NoOp|Move(E)@Move(E)|NoOp@NoOp|NoOp@NoOp|NoOp@NoOp|NoOp@NoOp|NoOp@NoOp|NoOp@NoOp|NoOp@NoOp
181558292:NoOp@NoOp|NoOp@NoOp|Move(E)@Move(E)|NoOp@NoOp|NoOp@NoOp|NoOp@NoOp|NoOp@NoOp|NoOp@NoOp|NoOp@NoOp|NoOp@NoOp
181566625:NoOp@NoOp|NoOp@NoOp|Move(E)@Move(E)|NoOp@NoOp|NoOp@NoOp|NoOp@NoOp|NoOp@NoOp|NoOp@NoOp|NoOp@NoOp|NoOp@NoOp
181574917:NoOp@NoOp|NoOp@NoOp|Move(E)@Move(E)|NoOp@NoOp|NoOp@NoOp|NoOp@NoOp|NoOp@NoOp|NoOp@NoOp|NoOp@NoOp|NoOp@NoOp
181583125:NoOp@NoOp|NoOp@NoOp|Move(E)@Move(E)|NoOp@NoOp|NoOp@NoOp|NoOp@NoOp|NoOp@NoOp|NoOp@NoOp|NoOp@NoOp|NoOp@NoOp
181591292:NoOp@NoOp|NoOp@NoOp|Move(S)@Move(S)|NoOp@NoOp|NoOp@NoOp|NoOp@NoOp|NoOp@NoOp|NoOp@NoOp|NoOp@NoOp|NoOp@NoOp
181599750:NoOp@NoOp|NoOp@NoOp|Move(S)@Move(S)|NoOp@NoOp|NoOp@NoOp|NoOp@NoOp|NoOp@NoOp|NoOp@NoOp|NoOp@NoOp|NoOp@NoOp
181608125:NoOp@NoOp|NoOp@NoOp|Move(S)@Move(S)|NoOp@NoOp|NoOp@NoOp|NoOp@NoOp|NoOp@NoOp|NoOp@NoOp|NoOp@NoOp|NoOp@NoOp
181617584:NoOp@NoOp|NoOp@NoOp|Move(S)@Move(S)|NoOp@NoOp|NoOp@NoOp|NoOp@NoOp|NoOp@NoOp|NoOp@NoOp|NoOp@NoOp|NoOp@NoOp
181628542:NoOp@NoOp|NoOp@NoOp|Move(S)@Move(S)|NoOp@NoOp|NoOp@NoOp|NoOp@NoOp|NoOp@NoOp|NoOp@NoOp|NoOp@NoOp|NoOp@NoOp
181639042:NoOp@NoOp|NoOp@NoOp|Move(S)@Move(S)|NoOp@NoOp|NoOp@NoOp|NoOp@NoOp|NoOp@NoOp|NoOp@NoOp|NoOp@NoOp|NoOp@NoOp
181647459:NoOp@NoOp|NoOp@NoOp|Move(S)@Move(S)|NoOp@NoOp|NoOp@NoOp|NoOp@NoOp|NoOp@NoOp|NoOp@NoOp|NoOp@NoOp|NoOp@NoOp
181656542:NoOp@NoOp|NoOp@NoOp|Move(S)@Move(S)|NoOp@NoOp|NoOp@NoOp|NoOp@NoOp|NoOp@NoOp|NoOp@NoOp|NoOp@NoOp|NoOp@NoOp
181664959:NoOp@NoOp|NoOp@NoOp|Move(S)@Move(S)|NoOp@NoOp|NoOp@NoOp|NoOp@NoOp|NoOp@NoOp|NoOp@NoOp|NoOp@NoOp|NoOp@NoOp
181673459:NoOp@NoOp|NoOp@NoOp|Move(S)@Move(S)|NoOp@NoOp|NoOp@NoOp|NoOp@NoOp|NoOp@NoOp|NoOp@NoOp|NoOp@NoOp|NoOp@NoOp
181681625:NoOp@NoOp|NoOp@NoOp|Move(S)@Move(S)|NoOp@NoOp|NoOp@NoOp|NoOp@NoOp|NoOp@NoOp|NoOp@NoOp|NoOp@NoOp|NoOp@NoOp
181690042:NoOp@NoOp|NoOp@NoOp|Move(S)@Move(S)|NoOp@NoOp|NoOp@NoOp|NoOp@NoOp|NoOp@NoOp|NoOp@NoOp|NoOp@NoOp|NoOp@NoOp
181698459:NoOp@NoOp|NoOp@NoOp|Move(S)@Move(S)|NoOp@NoOp|NoOp@NoOp|NoOp@NoOp|NoOp@NoOp|NoOp@NoOp|NoOp@NoOp|NoOp@NoOp
181707042:NoOp@NoOp|NoOp@NoOp|Move(W)@Move(W)|NoOp@NoOp|NoOp@NoOp|NoOp@NoOp|NoOp@NoOp|NoOp@NoOp|NoOp@NoOp|NoOp@NoOp
181716167:NoOp@NoOp|NoOp@NoOp|Move(W)@Move(W)|NoOp@NoOp|NoOp@NoOp|NoOp@NoOp|NoOp@NoOp|NoOp@NoOp|NoOp@NoOp|NoOp@NoOp
181725417:NoOp@NoOp|NoOp@NoOp|Move(N)@Move(N)|NoOp@NoOp|NoOp@NoOp|NoOp@NoOp|NoOp@NoOp|NoOp@NoOp|NoOp@NoOp|NoOp@NoOp
181735167:NoOp@NoOp|NoOp@NoOp|Move(W)@Move(W)|NoOp@NoOp|NoOp@NoOp|NoOp@NoOp|NoOp@NoOp|NoOp@NoOp|NoOp@NoOp|NoOp@NoOp
181744584:Move(E)@Move(E)|NoOp@NoOp|NoOp@NoOp|NoOp@NoOp|NoOp@NoOp|NoOp@NoOp|NoOp@NoOp|NoOp@NoOp|NoOp@NoOp|NoOp@NoOp
181752959:Move(S)@Move(S)|NoOp@NoOp|NoOp@NoOp|NoOp@NoOp|NoOp@NoOp|NoOp@NoOp|NoOp@NoOp|NoOp@NoOp|NoOp@NoOp|NoOp@NoOp
181761167:Move(S)@Move(S)|NoOp@NoOp|NoOp@NoOp|NoOp@NoOp|NoOp@NoOp|NoOp@NoOp|NoOp@NoOp|NoOp@NoOp|NoOp@NoOp|NoOp@NoOp
181769417:Move(E)@Move(E)|NoOp@NoOp|NoOp@NoOp|NoOp@NoOp|NoOp@NoOp|NoOp@NoOp|NoOp@NoOp|NoOp@NoOp|NoOp@NoOp|NoOp@NoOp
181778334:Move(E)@Move(E)|NoOp@NoOp|NoOp@NoOp|NoOp@NoOp|NoOp@NoOp|NoOp@NoOp|NoOp@NoOp|NoOp@NoOp|NoOp@NoOp|NoOp@NoOp
181786500:Move(E)@Move(E)|NoOp@NoOp|NoOp@NoOp|NoOp@NoOp|NoOp@NoOp|NoOp@NoOp|NoOp@NoOp|NoOp@NoOp|NoOp@NoOp|NoOp@NoOp
181794792:Move(E)@Move(E)|NoOp@NoOp|NoOp@NoOp|NoOp@NoOp|NoOp@NoOp|NoOp@NoOp|NoOp@NoOp|NoOp@NoOp|NoOp@NoOp|NoOp@NoOp
181802625:Move(N)@Move(N)|NoOp@NoOp|NoOp@NoOp|NoOp@NoOp|NoOp@NoOp|NoOp@NoOp|NoOp@NoOp|NoOp@NoOp|NoOp@NoOp|NoOp@NoOp
181810667:Move(E)@Move(E)|NoOp@NoOp|NoOp@NoOp|NoOp@NoOp|NoOp@NoOp|NoOp@NoOp|NoOp@NoOp|NoOp@NoOp|NoOp@NoOp|NoOp@NoOp
181818750:Move(E)@Move(E)|NoOp@NoOp|NoOp@NoOp|NoOp@NoOp|NoOp@NoOp|NoOp@NoOp|NoOp@NoOp|NoOp@NoOp|NoOp@NoOp|NoOp@NoOp
181827959:Move(S)@Move(S)|NoOp@NoOp|NoOp@NoOp|NoOp@NoOp|NoOp@NoOp|NoOp@NoOp|NoOp@NoOp|NoOp@NoOp|NoOp@NoOp|NoOp@NoOp
181837875:Move(E)@Move(E)|NoOp@NoOp|NoOp@NoOp|NoOp@NoOp|NoOp@NoOp|NoOp@NoOp|NoOp@NoOp|NoOp@NoOp|NoOp@NoOp|NoOp@NoOp
181846625:Move(E)@Move(E)|NoOp@NoOp|NoOp@NoOp|NoOp@NoOp|NoOp@NoOp|NoOp@NoOp|NoOp@NoOp|NoOp@NoOp|NoOp@NoOp|NoOp@NoOp
181855125:Move(E)@Move(E)|NoOp@NoOp|NoOp@NoOp|NoOp@NoOp|NoOp@NoOp|NoOp@NoOp|NoOp@NoOp|NoOp@NoOp|NoOp@NoOp|NoOp@NoOp
181863542:Move(E)@Move(E)|NoOp@NoOp|NoOp@NoOp|NoOp@NoOp|NoOp@NoOp|NoOp@NoOp|NoOp@NoOp|NoOp@NoOp|NoOp@NoOp|NoOp@NoOp
181872042:Move(E)@Move(E)|NoOp@NoOp|NoOp@NoOp|NoOp@NoOp|NoOp@NoOp|NoOp@NoOp|NoOp@NoOp|NoOp@NoOp|NoOp@NoOp|NoOp@NoOp
181880292:Move(E)@Move(E)|NoOp@NoOp|NoOp@NoOp|NoOp@NoOp|NoOp@NoOp|NoOp@NoOp|NoOp@NoOp|NoOp@NoOp|NoOp@NoOp|NoOp@NoOp
181888667:Move(E)@Move(E)|NoOp@NoOp|NoOp@NoOp|NoOp@NoOp|NoOp@NoOp|NoOp@NoOp|NoOp@NoOp|NoOp@NoOp|NoOp@NoOp|NoOp@NoOp
181896875:Move(E)@Move(E)|NoOp@NoOp|NoOp@NoOp|NoOp@NoOp|NoOp@NoOp|NoOp@NoOp|NoOp@NoOp|NoOp@NoOp|NoOp@NoOp|NoOp@NoOp
181905084:Move(N)@Move(N)|NoOp@NoOp|NoOp@NoOp|NoOp@NoOp|NoOp@NoOp|NoOp@NoOp|NoOp@NoOp|NoOp@NoOp|NoOp@NoOp|NoOp@NoOp
181913334:Push(E,S)@Push(E,S)|NoOp@NoOp|NoOp@NoOp|NoOp@NoOp|NoOp@NoOp|NoOp@NoOp|NoOp@NoOp|NoOp@NoOp|NoOp@NoOp|NoOp@NoOp
181921834:Push(S,W)@Push(S,W)|NoOp@NoOp|NoOp@NoOp|NoOp@NoOp|NoOp@NoOp|NoOp@NoOp|NoOp@NoOp|NoOp@NoOp|NoOp@NoOp|NoOp@NoOp
181930042:Push(W,W)@Push(W,W)|NoOp@NoOp|NoOp@NoOp|NoOp@NoOp|NoOp@NoOp|NoOp@NoOp|NoOp@NoOp|NoOp@NoOp|NoOp@NoOp|NoOp@NoOp
181938417:Push(W,W)@Push(W,W)|NoOp@NoOp|NoOp@NoOp|NoOp@NoOp|NoOp@NoOp|NoOp@NoOp|NoOp@NoOp|NoOp@NoOp|NoOp@NoOp|NoOp@NoOp
181946500:Push(W,W)@Push(W,W)|NoOp@NoOp|NoOp@NoOp|NoOp@NoOp|NoOp@NoOp|NoOp@NoOp|NoOp@NoOp|NoOp@NoOp|NoOp@NoOp|NoOp@NoOp
181954709:Push(W,W)@Push(W,W)|NoOp@NoOp|NoOp@NoOp|NoOp@NoOp|NoOp@NoOp|NoOp@NoOp|NoOp@NoOp|NoOp@NoOp|NoOp@NoOp|NoOp@NoOp
181963084:Push(W,W)@Push(W,W)|NoOp@NoOp|NoOp@NoOp|NoOp@NoOp|NoOp@NoOp|NoOp@NoOp|NoOp@NoOp|NoOp@NoOp|NoOp@NoOp|NoOp@NoOp
181971500:Push(W,W)@Push(W,W)|NoOp@NoOp|NoOp@NoOp|NoOp@NoOp|NoOp@NoOp|NoOp@NoOp|NoOp@NoOp|NoOp@NoOp|NoOp@NoOp|NoOp@NoOp
181979834:Push(W,W)@Push(W,W)|NoOp@NoOp|NoOp@NoOp|NoOp@NoOp|NoOp@NoOp|NoOp@NoOp|NoOp@NoOp|NoOp@NoOp|NoOp@NoOp|NoOp@NoOp
181988292:Push(W,W)@Push(W,W)|NoOp@NoOp|NoOp@NoOp|NoOp@NoOp|NoOp@NoOp|NoOp@NoOp|NoOp@NoOp|NoOp@NoOp|NoOp@NoOp|NoOp@NoOp
181996750:Push(W,N)@Push(W,N)|NoOp@NoOp|NoOp@NoOp|NoOp@NoOp|NoOp@NoOp|NoOp@NoOp|NoOp@NoOp|NoOp@NoOp|NoOp@NoOp|NoOp@NoOp
182005000:Push(N,N)@Push(N,N)|NoOp@NoOp|NoOp@NoOp|NoOp@NoOp|NoOp@NoOp|NoOp@NoOp|NoOp@NoOp|NoOp@NoOp|NoOp@NoOp|NoOp@NoOp
182013459:Push(N,N)@Push(N,N)|NoOp@NoOp|NoOp@NoOp|NoOp@NoOp|NoOp@NoOp|NoOp@NoOp|NoOp@NoOp|NoOp@NoOp|NoOp@NoOp|NoOp@NoOp
182021875:Push(N,N)@Push(N,N)|NoOp@NoOp|NoOp@NoOp|NoOp@NoOp|NoOp@NoOp|NoOp@NoOp|NoOp@NoOp|NoOp@NoOp|NoOp@NoOp|NoOp@NoOp
182030209:Push(N,N)@Push(N,N)|NoOp@NoOp|NoOp@NoOp|NoOp@NoOp|NoOp@NoOp|NoOp@NoOp|NoOp@NoOp|NoOp@NoOp|NoOp@NoOp|NoOp@NoOp
182039167:Push(N,N)@Push(N,N)|NoOp@NoOp|NoOp@NoOp|NoOp@NoOp|NoOp@NoOp|NoOp@NoOp|NoOp@NoOp|NoOp@NoOp|NoOp@NoOp|NoOp@NoOp
182047084:Push(N,N)@Push(N,N)|NoOp@NoOp|NoOp@NoOp|NoOp@NoOp|NoOp@NoOp|NoOp@NoOp|NoOp@NoOp|NoOp@NoOp|NoOp@NoOp|NoOp@NoOp
182055334:Push(N,N)@Push(N,N)|NoOp@NoOp|NoOp@NoOp|NoOp@NoOp|NoOp@NoOp|NoOp@NoOp|NoOp@NoOp|NoOp@NoOp|NoOp@NoOp|NoOp@NoOp
182063584:Push(N,N)@Push(N,N)|NoOp@NoOp|NoOp@NoOp|NoOp@NoOp|NoOp@NoOp|NoOp@NoOp|NoOp@NoOp|NoOp@NoOp|NoOp@NoOp|NoOp@NoOp
182071792:Push(N,N)@Push(N,N)|NoOp@NoOp|NoOp@NoOp|NoOp@NoOp|NoOp@NoOp|NoOp@NoOp|NoOp@NoOp|NoOp@NoOp|NoOp@NoOp|NoOp@NoOp
182079959:Push(N,N)@Push(N,N)|NoOp@NoOp|NoOp@NoOp|NoOp@NoOp|NoOp@NoOp|NoOp@NoOp|NoOp@NoOp|NoOp@NoOp|NoOp@NoOp|NoOp@NoOp
182088209:Push(N,N)@Push(N,N)|NoOp@NoOp|NoOp@NoOp|NoOp@NoOp|NoOp@NoOp|NoOp@NoOp|NoOp@NoOp|NoOp@NoOp|NoOp@NoOp|NoOp@NoOp
182096750:Push(N,N)@Push(N,N)|NoOp@NoOp|NoOp@NoOp|NoOp@NoOp|NoOp@NoOp|NoOp@NoOp|NoOp@NoOp|NoOp@NoOp|NoOp@NoOp|NoOp@NoOp
182105042:Push(N,N)@Push(N,N)|NoOp@NoOp|NoOp@NoOp|NoOp@NoOp|NoOp@NoOp|NoOp@NoOp|NoOp@NoOp|NoOp@NoOp|NoOp@NoOp|NoOp@NoOp
182113417:Push(N,W)@Push(N,W)|NoOp@NoOp|NoOp@NoOp|NoOp@NoOp|NoOp@NoOp|NoOp@NoOp|NoOp@NoOp|NoOp@NoOp|NoOp@NoOp|NoOp@NoOp
182121709:Push(W,W)@Push(W,W)|NoOp@NoOp|NoOp@NoOp|NoOp@NoOp|NoOp@NoOp|NoOp@NoOp|NoOp@NoOp|NoOp@NoOp|NoOp@NoOp|NoOp@NoOp
182130167:Push(W,N)@Push(W,N)|NoOp@NoOp|NoOp@NoOp|NoOp@NoOp|NoOp@NoOp|NoOp@NoOp|NoOp@NoOp|NoOp@NoOp|NoOp@NoOp|NoOp@NoOp
182139417:Push(N,W)@Push(N,W)|NoOp@NoOp|NoOp@NoOp|NoOp@NoOp|NoOp@NoOp|NoOp@NoOp|NoOp@NoOp|NoOp@NoOp|NoOp@NoOp|NoOp@NoOp
182149417:Push(W,W)@Push(W,W)|NoOp@NoOp|NoOp@NoOp|NoOp@NoOp|NoOp@NoOp|NoOp@NoOp|NoOp@NoOp|NoOp@NoOp|NoOp@NoOp|NoOp@NoOp
182157959:Push(W,W)@Push(W,W)|NoOp@NoOp|NoOp@NoOp|NoOp@NoOp|NoOp@NoOp|NoOp@NoOp|NoOp@NoOp|NoOp@NoOp|NoOp@NoOp|NoOp@NoOp
182166459:Push(W,W)@Push(W,W)|NoOp@NoOp|NoOp@NoOp|NoOp@NoOp|NoOp@NoOp|NoOp@NoOp|NoOp@NoOp|NoOp@NoOp|NoOp@NoOp|NoOp@NoOp
182174875:Push(W,W)@Push(W,W)|NoOp@NoOp|NoOp@NoOp|NoOp@NoOp|NoOp@NoOp|NoOp@NoOp|NoOp@NoOp|NoOp@NoOp|NoOp@NoOp|NoOp@NoOp
182183125:Push(W,W)@Push(W,W)|NoOp@NoOp|NoOp@NoOp|NoOp@NoOp|NoOp@NoOp|NoOp@NoOp|NoOp@NoOp|NoOp@NoOp|NoOp@NoOp|NoOp@NoOp
182191375:Push(W,N)@Push(W,N)|NoOp@NoOp|NoOp@NoOp|NoOp@NoOp|NoOp@NoOp|NoOp@NoOp|NoOp@NoOp|NoOp@NoOp|NoOp@NoOp|NoOp@NoOp
182199375:Push(N,N)@Push(N,N)|NoOp@NoOp|NoOp@NoOp|NoOp@NoOp|NoOp@NoOp|NoOp@NoOp|NoOp@NoOp|NoOp@NoOp|NoOp@NoOp|NoOp@NoOp
182207417:Push(N,N)@Push(N,N)|NoOp@NoOp|NoOp@NoOp|NoOp@NoOp|NoOp@NoOp|NoOp@NoOp|NoOp@NoOp|NoOp@NoOp|NoOp@NoOp|NoOp@NoOp
182216500:Push(N,N)@Push(N,N)|NoOp@NoOp|NoOp@NoOp|NoOp@NoOp|NoOp@NoOp|NoOp@NoOp|NoOp@NoOp|NoOp@NoOp|NoOp@NoOp|NoOp@NoOp
182225834:Move(S)@Move(S)|NoOp@NoOp|NoOp@NoOp|NoOp@NoOp|NoOp@NoOp|NoOp@NoOp|NoOp@NoOp|NoOp@NoOp|NoOp@NoOp|NoOp@NoOp
182233667:Move(S)@Move(S)|NoOp@NoOp|NoOp@NoOp|NoOp@NoOp|NoOp@NoOp|NoOp@NoOp|NoOp@NoOp|NoOp@NoOp|NoOp@NoOp|NoOp@NoOp
182242084:Move(S)@Move(S)|NoOp@NoOp|NoOp@NoOp|NoOp@NoOp|NoOp@NoOp|NoOp@NoOp|NoOp@NoOp|NoOp@NoOp|NoOp@NoOp|NoOp@NoOp
182250292:Move(S)@Move(S)|NoOp@NoOp|NoOp@NoOp|NoOp@NoOp|NoOp@NoOp|NoOp@NoOp|NoOp@NoOp|NoOp@NoOp|NoOp@NoOp|NoOp@NoOp
182258625:Move(W)@Move(W)|NoOp@NoOp|NoOp@NoOp|NoOp@NoOp|NoOp@NoOp|NoOp@NoOp|NoOp@NoOp|NoOp@NoOp|NoOp@NoOp|NoOp@NoOp
182266792:Move(S)@Move(S)|NoOp@NoOp|NoOp@NoOp|NoOp@NoOp|NoOp@NoOp|NoOp@NoOp|NoOp@NoOp|NoOp@NoOp|NoOp@NoOp|NoOp@NoOp
182274875:Move(S)@Move(S)|NoOp@NoOp|NoOp@NoOp|NoOp@NoOp|NoOp@NoOp|NoOp@NoOp|NoOp@NoOp|NoOp@NoOp|NoOp@NoOp|NoOp@NoOp
182283209:Move(S)@Move(S)|NoOp@NoOp|NoOp@NoOp|NoOp@NoOp|NoOp@NoOp|NoOp@NoOp|NoOp@NoOp|NoOp@NoOp|NoOp@NoOp|NoOp@NoOp
182291459:Move(S)@Move(S)|NoOp@NoOp|NoOp@NoOp|NoOp@NoOp|NoOp@NoOp|NoOp@NoOp|NoOp@NoOp|NoOp@NoOp|NoOp@NoOp|NoOp@NoOp
182299334:Move(S)@Move(S)|NoOp@NoOp|NoOp@NoOp|NoOp@NoOp|NoOp@NoOp|NoOp@NoOp|NoOp@NoOp|NoOp@NoOp|NoOp@NoOp|NoOp@NoOp
182307500:Move(S)@Move(S)|NoOp@NoOp|NoOp@NoOp|NoOp@NoOp|NoOp@NoOp|NoOp@NoOp|NoOp@NoOp|NoOp@NoOp|NoOp@NoOp|NoOp@NoOp
182315959:Move(S)@Move(S)|NoOp@NoOp|NoOp@NoOp|NoOp@NoOp|NoOp@NoOp|NoOp@NoOp|NoOp@NoOp|NoOp@NoOp|NoOp@NoOp|NoOp@NoOp
182324209:Move(S)@Move(S)|NoOp@NoOp|NoOp@NoOp|NoOp@NoOp|NoOp@NoOp|NoOp@NoOp|NoOp@NoOp|NoOp@NoOp|NoOp@NoOp|NoOp@NoOp
182337042:Move(S)@Move(S)|NoOp@NoOp|NoOp@NoOp|NoOp@NoOp|NoOp@NoOp|NoOp@NoOp|NoOp@NoOp|NoOp@NoOp|NoOp@NoOp|NoOp@NoOp
182345125:Move(S)@Move(S)|NoOp@NoOp|NoOp@NoOp|NoOp@NoOp|NoOp@NoOp|NoOp@NoOp|NoOp@NoOp|NoOp@NoOp|NoOp@NoOp|NoOp@NoOp
182353167:Move(S)@Move(S)|NoOp@NoOp|NoOp@NoOp|NoOp@NoOp|NoOp@NoOp|NoOp@NoOp|NoOp@NoOp|NoOp@NoOp|NoOp@NoOp|NoOp@NoOp
182360834:Move(S)@Move(S)|NoOp@NoOp|NoOp@NoOp|NoOp@NoOp|NoOp@NoOp|NoOp@NoOp|NoOp@NoOp|NoOp@NoOp|NoOp@NoOp|NoOp@NoOp
182368584:Move(E)@Move(E)|NoOp@NoOp|NoOp@NoOp|NoOp@NoOp|NoOp@NoOp|NoOp@NoOp|NoOp@NoOp|NoOp@NoOp|NoOp@NoOp|NoOp@NoOp
182376459:Move(E)@Move(E)|NoOp@NoOp|NoOp@NoOp|NoOp@NoOp|NoOp@NoOp|NoOp@NoOp|NoOp@NoOp|NoOp@NoOp|NoOp@NoOp|NoOp@NoOp
182384500:NoOp@NoOp|NoOp@NoOp|NoOp@NoOp|Move(E)@Move(E)|NoOp@NoOp|NoOp@NoOp|NoOp@NoOp|NoOp@NoOp|NoOp@NoOp|NoOp@NoOp
182402667:NoOp@NoOp|NoOp@NoOp|NoOp@NoOp|Move(S)@Move(S)|NoOp@NoOp|NoOp@NoOp|NoOp@NoOp|NoOp@NoOp|NoOp@NoOp|NoOp@NoOp
182412375:NoOp@NoOp|NoOp@NoOp|NoOp@NoOp|Move(E)@Move(E)|NoOp@NoOp|NoOp@NoOp|NoOp@NoOp|NoOp@NoOp|NoOp@NoOp|NoOp@NoOp
182421709:NoOp@NoOp|NoOp@NoOp|NoOp@NoOp|Move(E)@Move(E)|NoOp@NoOp|NoOp@NoOp|NoOp@NoOp|NoOp@NoOp|NoOp@NoOp|NoOp@NoOp
182432542:NoOp@NoOp|NoOp@NoOp|NoOp@NoOp|Move(E)@Move(E)|NoOp@NoOp|NoOp@NoOp|NoOp@NoOp|NoOp@NoOp|NoOp@NoOp|NoOp@NoOp
182441959:NoOp@NoOp|NoOp@NoOp|NoOp@NoOp|Move(E)@Move(E)|NoOp@NoOp|NoOp@NoOp|NoOp@NoOp|NoOp@NoOp|NoOp@NoOp|NoOp@NoOp
182450167:NoOp@NoOp|NoOp@NoOp|NoOp@NoOp|Move(N)@Move(N)|NoOp@NoOp|NoOp@NoOp|NoOp@NoOp|NoOp@NoOp|NoOp@NoOp|NoOp@NoOp
182462500:NoOp@NoOp|NoOp@NoOp|NoOp@NoOp|Move(E)@Move(E)|NoOp@NoOp|NoOp@NoOp|NoOp@NoOp|NoOp@NoOp|NoOp@NoOp|NoOp@NoOp
182470834:NoOp@NoOp|NoOp@NoOp|NoOp@NoOp|Move(E)@Move(E)|NoOp@NoOp|NoOp@NoOp|NoOp@NoOp|NoOp@NoOp|NoOp@NoOp|NoOp@NoOp
182480125:NoOp@NoOp|NoOp@NoOp|NoOp@NoOp|Pull(W,W)@Pull(W,W)|NoOp@NoOp|NoOp@NoOp|NoOp@NoOp|NoOp@NoOp|NoOp@NoOp|NoOp@NoOp
182489167:NoOp@NoOp|NoOp@NoOp|NoOp@NoOp|Push(E,N)@Push(E,N)|NoOp@NoOp|NoOp@NoOp|NoOp@NoOp|NoOp@NoOp|NoOp@NoOp|NoOp@NoOp
182497667:NoOp@NoOp|NoOp@NoOp|NoOp@NoOp|Push(N,N)@Push(N,N)|NoOp@NoOp|NoOp@NoOp|NoOp@NoOp|NoOp@NoOp|NoOp@NoOp|NoOp@NoOp
182505625:NoOp@NoOp|NoOp@NoOp|NoOp@NoOp|Push(N,N)@Push(N,N)|NoOp@NoOp|NoOp@NoOp|NoOp@NoOp|NoOp@NoOp|NoOp@NoOp|NoOp@NoOp
182519500:NoOp@NoOp|NoOp@NoOp|NoOp@NoOp|Push(N,N)@Push(N,N)|NoOp@NoOp|NoOp@NoOp|NoOp@NoOp|NoOp@NoOp|NoOp@NoOp|NoOp@NoOp
182534667:NoOp@NoOp|NoOp@NoOp|NoOp@NoOp|Push(N,N)@Push(N,N)|NoOp@NoOp|NoOp@NoOp|NoOp@NoOp|NoOp@NoOp|NoOp@NoOp|NoOp@NoOp
182547000:NoOp@NoOp|NoOp@NoOp|NoOp@NoOp|Push(N,N)@Push(N,N)|NoOp@NoOp|NoOp@NoOp|NoOp@NoOp|NoOp@NoOp|NoOp@NoOp|NoOp@NoOp
182558334:NoOp@NoOp|NoOp@NoOp|NoOp@NoOp|Push(N,N)@Push(N,N)|NoOp@NoOp|NoOp@NoOp|NoOp@NoOp|NoOp@NoOp|NoOp@NoOp|NoOp@NoOp
182569084:NoOp@NoOp|NoOp@NoOp|NoOp@NoOp|Push(N,N)@Push(N,N)|NoOp@NoOp|NoOp@NoOp|NoOp@NoOp|NoOp@NoOp|NoOp@NoOp|NoOp@NoOp
182579917:NoOp@NoOp|NoOp@NoOp|NoOp@NoOp|Push(N,N)@Push(N,N)|NoOp@NoOp|NoOp@NoOp|NoOp@NoOp|NoOp@NoOp|NoOp@NoOp|NoOp@NoOp
182591042:NoOp@NoOp|NoOp@NoOp|NoOp@NoOp|Push(N,N)@Push(N,N)|NoOp@NoOp|NoOp@NoOp|NoOp@NoOp|NoOp@NoOp|NoOp@NoOp|NoOp@NoOp
182607209:NoOp@NoOp|NoOp@NoOp|NoOp@NoOp|Push(N,N)@Push(N,N)|NoOp@NoOp|NoOp@NoOp|NoOp@NoOp|NoOp@NoOp|NoOp@NoOp|NoOp@NoOp
182619209:NoOp@NoOp|NoOp@NoOp|NoOp@NoOp|Push(N,N)@Push(N,N)|NoOp@NoOp|NoOp@NoOp|NoOp@NoOp|NoOp@NoOp|NoOp@NoOp|NoOp@NoOp
182630667:NoOp@NoOp|NoOp@NoOp|NoOp@NoOp|Push(N,N)@Push(N,N)|NoOp@NoOp|NoOp@NoOp|NoOp@NoOp|NoOp@NoOp|NoOp@NoOp|NoOp@NoOp
182642917:NoOp@NoOp|NoOp@NoOp|NoOp@NoOp|Push(N,W)@Push(N,W)|NoOp@NoOp|NoOp@NoOp|NoOp@NoOp|NoOp@NoOp|NoOp@NoOp|NoOp@NoOp
182653792:NoOp@NoOp|NoOp@NoOp|NoOp@NoOp|Push(W,W)@Push(W,W)|NoOp@NoOp|NoOp@NoOp|NoOp@NoOp|NoOp@NoOp|NoOp@NoOp|NoOp@NoOp
182672667:NoOp@NoOp|NoOp@NoOp|NoOp@NoOp|Push(W,N)@Push(W,N)|NoOp@NoOp|NoOp@NoOp|NoOp@NoOp|NoOp@NoOp|NoOp@NoOp|NoOp@NoOp
182684750:NoOp@NoOp|NoOp@NoOp|NoOp@NoOp|Push(N,W)@Push(N,W)|NoOp@NoOp|NoOp@NoOp|NoOp@NoOp|NoOp@NoOp|NoOp@NoOp|NoOp@NoOp
182700667:NoOp@NoOp|NoOp@NoOp|NoOp@NoOp|Push(W,W)@Push(W,W)|NoOp@NoOp|NoOp@NoOp|NoOp@NoOp|NoOp@NoOp|NoOp@NoOp|NoOp@NoOp
182716959:NoOp@NoOp|NoOp@NoOp|NoOp@NoOp|Push(W,W)@Push(W,W)|NoOp@NoOp|NoOp@NoOp|NoOp@NoOp|NoOp@NoOp|NoOp@NoOp|NoOp@NoOp
182732959:NoOp@NoOp|NoOp@NoOp|NoOp@NoOp|Push(W,W)@Push(W,W)|NoOp@NoOp|NoOp@NoOp|NoOp@NoOp|NoOp@NoOp|NoOp@NoOp|NoOp@NoOp
182748375:NoOp@NoOp|NoOp@NoOp|NoOp@NoOp|Push(W,W)@Push(W,W)|NoOp@NoOp|NoOp@NoOp|NoOp@NoOp|NoOp@NoOp|NoOp@NoOp|NoOp@NoOp
182764292:NoOp@NoOp|NoOp@NoOp|NoOp@NoOp|Push(W,W)@Push(W,W)|NoOp@NoOp|NoOp@NoOp|NoOp@NoOp|NoOp@NoOp|NoOp@NoOp|NoOp@NoOp
182775584:NoOp@NoOp|NoOp@NoOp|NoOp@NoOp|Push(W,N)@Push(W,N)|NoOp@NoOp|NoOp@NoOp|NoOp@NoOp|NoOp@NoOp|NoOp@NoOp|NoOp@NoOp
182787334:NoOp@NoOp|NoOp@NoOp|NoOp@NoOp|Push(N,N)@Push(N,N)|NoOp@NoOp|NoOp@NoOp|NoOp@NoOp|NoOp@NoOp|NoOp@NoOp|NoOp@NoOp
182797834:NoOp@NoOp|NoOp@NoOp|NoOp@NoOp|Push(N,N)@Push(N,N)|NoOp@NoOp|NoOp@NoOp|NoOp@NoOp|NoOp@NoOp|NoOp@NoOp|NoOp@NoOp
182809209:NoOp@NoOp|NoOp@NoOp|NoOp@NoOp|Move(S)@Move(S)|NoOp@NoOp|NoOp@NoOp|NoOp@NoOp|NoOp@NoOp|NoOp@NoOp|NoOp@NoOp
182819917:NoOp@NoOp|NoOp@NoOp|NoOp@NoOp|Move(S)@Move(S)|NoOp@NoOp|NoOp@NoOp|NoOp@NoOp|NoOp@NoOp|NoOp@NoOp|NoOp@NoOp
182831084:NoOp@NoOp|NoOp@NoOp|NoOp@NoOp|Move(S)@Move(S)|NoOp@NoOp|NoOp@NoOp|NoOp@NoOp|NoOp@NoOp|NoOp@NoOp|NoOp@NoOp
182847750:NoOp@NoOp|NoOp@NoOp|NoOp@NoOp|Move(W)@Move(W)|NoOp@NoOp|NoOp@NoOp|NoOp@NoOp|NoOp@NoOp|NoOp@NoOp|NoOp@NoOp
182860417:NoOp@NoOp|NoOp@NoOp|NoOp@NoOp|Move(S)@Move(S)|NoOp@NoOp|NoOp@NoOp|NoOp@NoOp|NoOp@NoOp|NoOp@NoOp|NoOp@NoOp
182871375:NoOp@NoOp|NoOp@NoOp|NoOp@NoOp|Move(S)@Move(S)|NoOp@NoOp|NoOp@NoOp|NoOp@NoOp|NoOp@NoOp|NoOp@NoOp|NoOp@NoOp
182883917:NoOp@NoOp|NoOp@NoOp|NoOp@NoOp|Move(S)@Move(S)|NoOp@NoOp|NoOp@NoOp|NoOp@NoOp|NoOp@NoOp|NoOp@NoOp|NoOp@NoOp
182900250:NoOp@NoOp|NoOp@NoOp|NoOp@NoOp|Move(S)@Move(S)|NoOp@NoOp|NoOp@NoOp|NoOp@NoOp|NoOp@NoOp|NoOp@NoOp|NoOp@NoOp
182912750:NoOp@NoOp|NoOp@NoOp|NoOp@NoOp|Move(S)@Move(S)|NoOp@NoOp|NoOp@NoOp|NoOp@NoOp|NoOp@NoOp|NoOp@NoOp|NoOp@NoOp
182926500:NoOp@NoOp|NoOp@NoOp|NoOp@NoOp|Move(S)@Move(S)|NoOp@NoOp|NoOp@NoOp|NoOp@NoOp|NoOp@NoOp|NoOp@NoOp|NoOp@NoOp
182937459:NoOp@NoOp|NoOp@NoOp|NoOp@NoOp|Move(S)@Move(S)|NoOp@NoOp|NoOp@NoOp|NoOp@NoOp|NoOp@NoOp|NoOp@NoOp|NoOp@NoOp
182947709:NoOp@NoOp|NoOp@NoOp|NoOp@NoOp|Move(S)@Move(S)|NoOp@NoOp|NoOp@NoOp|NoOp@NoOp|NoOp@NoOp|NoOp@NoOp|NoOp@NoOp
182958834:NoOp@NoOp|NoOp@NoOp|NoOp@NoOp|Move(S)@Move(S)|NoOp@NoOp|NoOp@NoOp|NoOp@NoOp|NoOp@NoOp|NoOp@NoOp|NoOp@NoOp
182969500:NoOp@NoOp|NoOp@NoOp|NoOp@NoOp|Move(S)@Move(S)|NoOp@NoOp|NoOp@NoOp|NoOp@NoOp|NoOp@NoOp|NoOp@NoOp|NoOp@NoOp
182979542:NoOp@NoOp|NoOp@NoOp|NoOp@NoOp|Move(S)@Move(S)|NoOp@NoOp|NoOp@NoOp|NoOp@NoOp|NoOp@NoOp|NoOp@NoOp|NoOp@NoOp
182992959:NoOp@NoOp|NoOp@NoOp|NoOp@NoOp|Move(S)@Move(S)|NoOp@NoOp|NoOp@NoOp|NoOp@NoOp|NoOp@NoOp|NoOp@NoOp|NoOp@NoOp
183004042:NoOp@NoOp|NoOp@NoOp|NoOp@NoOp|Move(S)@Move(S)|NoOp@NoOp|NoOp@NoOp|NoOp@NoOp|NoOp@NoOp|NoOp@NoOp|NoOp@NoOp
183014875:NoOp@NoOp|NoOp@NoOp|NoOp@NoOp|Move(E)@Move(E)|NoOp@NoOp|NoOp@NoOp|NoOp@NoOp|NoOp@NoOp|NoOp@NoOp|NoOp@NoOp
183025459:NoOp@NoOp|NoOp@NoOp|NoOp@NoOp|Move(E)@Move(E)|NoOp@NoOp|NoOp@NoOp|NoOp@NoOp|NoOp@NoOp|NoOp@NoOp|NoOp@NoOp
183036917:NoOp@NoOp|Move(S)@Move(S)|NoOp@NoOp|NoOp@NoOp|NoOp@NoOp|NoOp@NoOp|NoOp@NoOp|NoOp@NoOp|NoOp@NoOp|NoOp@NoOp
183047584:NoOp@NoOp|Move(S)@Move(S)|NoOp@NoOp|NoOp@NoOp|NoOp@NoOp|NoOp@NoOp|NoOp@NoOp|NoOp@NoOp|NoOp@NoOp|NoOp@NoOp
183062292:NoOp@NoOp|Move(E)@Move(E)|NoOp@NoOp|NoOp@NoOp|NoOp@NoOp|NoOp@NoOp|NoOp@NoOp|NoOp@NoOp|NoOp@NoOp|NoOp@NoOp
183074375:NoOp@NoOp|Move(E)@Move(E)|NoOp@NoOp|NoOp@NoOp|NoOp@NoOp|NoOp@NoOp|NoOp@NoOp|NoOp@NoOp|NoOp@NoOp|NoOp@NoOp
183086709:NoOp@NoOp|Move(E)@Move(E)|NoOp@NoOp|NoOp@NoOp|NoOp@NoOp|NoOp@NoOp|NoOp@NoOp|NoOp@NoOp|NoOp@NoOp|NoOp@NoOp
183098042:NoOp@NoOp|Move(N)@Move(N)|NoOp@NoOp|NoOp@NoOp|NoOp@NoOp|NoOp@NoOp|NoOp@NoOp|NoOp@NoOp|NoOp@NoOp|NoOp@NoOp
183109417:NoOp@NoOp|Move(E)@Move(E)|NoOp@NoOp|NoOp@NoOp|NoOp@NoOp|NoOp@NoOp|NoOp@NoOp|NoOp@NoOp|NoOp@NoOp|NoOp@NoOp
183120042:NoOp@NoOp|Move(E)@Move(E)|NoOp@NoOp|NoOp@NoOp|NoOp@NoOp|NoOp@NoOp|NoOp@NoOp|NoOp@NoOp|NoOp@NoOp|NoOp@NoOp
183137125:NoOp@NoOp|Move(S)@Move(S)|NoOp@NoOp|NoOp@NoOp|NoOp@NoOp|NoOp@NoOp|NoOp@NoOp|NoOp@NoOp|NoOp@NoOp|NoOp@NoOp
183149417:NoOp@NoOp|Move(E)@Move(E)|NoOp@NoOp|NoOp@NoOp|NoOp@NoOp|NoOp@NoOp|NoOp@NoOp|NoOp@NoOp|NoOp@NoOp|NoOp@NoOp
183160209:NoOp@NoOp|Move(E)@Move(E)|NoOp@NoOp|NoOp@NoOp|NoOp@NoOp|NoOp@NoOp|NoOp@NoOp|NoOp@NoOp|NoOp@NoOp|NoOp@NoOp
183173875:NoOp@NoOp|Move(E)@Move(E)|NoOp@NoOp|NoOp@NoOp|NoOp@NoOp|NoOp@NoOp|NoOp@NoOp|NoOp@NoOp|NoOp@NoOp|NoOp@NoOp
183187000:NoOp@NoOp|Move(E)@Move(E)|NoOp@NoOp|NoOp@NoOp|NoOp@NoOp|NoOp@NoOp|NoOp@NoOp|NoOp@NoOp|NoOp@NoOp|NoOp@NoOp
183197792:NoOp@NoOp|Move(N)@Move(N)|NoOp@NoOp|NoOp@NoOp|NoOp@NoOp|NoOp@NoOp|NoOp@NoOp|NoOp@NoOp|NoOp@NoOp|NoOp@NoOp
183208750:NoOp@NoOp|Move(E)@Move(E)|NoOp@NoOp|NoOp@NoOp|NoOp@NoOp|NoOp@NoOp|NoOp@NoOp|NoOp@NoOp|NoOp@NoOp|NoOp@NoOp
183225375:NoOp@NoOp|Move(E)@Move(E)|NoOp@NoOp|NoOp@NoOp|NoOp@NoOp|NoOp@NoOp|NoOp@NoOp|NoOp@NoOp|NoOp@NoOp|NoOp@NoOp
183237542:NoOp@NoOp|Push(E,S)@Push(E,S)|NoOp@NoOp|NoOp@NoOp|NoOp@NoOp|NoOp@NoOp|NoOp@NoOp|NoOp@NoOp|NoOp@NoOp|NoOp@NoOp
183249042:NoOp@NoOp|Push(S,W)@Push(S,W)|NoOp@NoOp|NoOp@NoOp|NoOp@NoOp|NoOp@NoOp|NoOp@NoOp|NoOp@NoOp|NoOp@NoOp|NoOp@NoOp
183259834:NoOp@NoOp|Push(W,W)@Push(W,W)|NoOp@NoOp|NoOp@NoOp|NoOp@NoOp|NoOp@NoOp|NoOp@NoOp|NoOp@NoOp|NoOp@NoOp|NoOp@NoOp
183271542:NoOp@NoOp|Push(W,W)@Push(W,W)|NoOp@NoOp|NoOp@NoOp|NoOp@NoOp|NoOp@NoOp|NoOp@NoOp|NoOp@NoOp|NoOp@NoOp|NoOp@NoOp
183285792:NoOp@NoOp|Push(W,W)@Push(W,W)|NoOp@NoOp|NoOp@NoOp|NoOp@NoOp|NoOp@NoOp|NoOp@NoOp|NoOp@NoOp|NoOp@NoOp|NoOp@NoOp
183305459:NoOp@NoOp|Push(W,W)@Push(W,W)|NoOp@NoOp|NoOp@NoOp|NoOp@NoOp|NoOp@NoOp|NoOp@NoOp|NoOp@NoOp|NoOp@NoOp|NoOp@NoOp
183322667:NoOp@NoOp|Push(W,N)@Push(W,N)|NoOp@NoOp|NoOp@NoOp|NoOp@NoOp|NoOp@NoOp|NoOp@NoOp|NoOp@NoOp|NoOp@NoOp|NoOp@NoOp
183335042:NoOp@NoOp|Push(N,W)@Push(N,W)|NoOp@NoOp|NoOp@NoOp|NoOp@NoOp|NoOp@NoOp|NoOp@NoOp|NoOp@NoOp|NoOp@NoOp|NoOp@NoOp
183346375:NoOp@NoOp|Push(W,W)@Push(W,W)|NoOp@NoOp|NoOp@NoOp|NoOp@NoOp|NoOp@NoOp|NoOp@NoOp|NoOp@NoOp|NoOp@NoOp|NoOp@NoOp
183358209:NoOp@NoOp|Push(W,N)@Push(W,N)|NoOp@NoOp|NoOp@NoOp|NoOp@NoOp|NoOp@NoOp|NoOp@NoOp|NoOp@NoOp|NoOp@NoOp|NoOp@NoOp
183371125:NoOp@NoOp|Push(N,N)@Push(N,N)|NoOp@NoOp|NoOp@NoOp|NoOp@NoOp|NoOp@NoOp|NoOp@NoOp|NoOp@NoOp|NoOp@NoOp|NoOp@NoOp
183386459:NoOp@NoOp|Push(N,N)@Push(N,N)|NoOp@NoOp|NoOp@NoOp|NoOp@NoOp|NoOp@NoOp|NoOp@NoOp|NoOp@NoOp|NoOp@NoOp|NoOp@NoOp
183398542:NoOp@NoOp|Push(N,N)@Push(N,N)|NoOp@NoOp|NoOp@NoOp|NoOp@NoOp|NoOp@NoOp|NoOp@NoOp|NoOp@NoOp|NoOp@NoOp|NoOp@NoOp
183410000:NoOp@NoOp|Push(N,N)@Push(N,N)|NoOp@NoOp|NoOp@NoOp|NoOp@NoOp|NoOp@NoOp|NoOp@NoOp|NoOp@NoOp|NoOp@NoOp|NoOp@NoOp
183422250:NoOp@NoOp|Push(N,N)@Push(N,N)|NoOp@NoOp|NoOp@NoOp|NoOp@NoOp|NoOp@NoOp|NoOp@NoOp|NoOp@NoOp|NoOp@NoOp|NoOp@NoOp
183433042:NoOp@NoOp|Push(N,N)@Push(N,N)|NoOp@NoOp|NoOp@NoOp|NoOp@NoOp|NoOp@NoOp|NoOp@NoOp|NoOp@NoOp|NoOp@NoOp|NoOp@NoOp
183444792:NoOp@NoOp|Push(N,N)@Push(N,N)|NoOp@NoOp|NoOp@NoOp|NoOp@NoOp|NoOp@NoOp|NoOp@NoOp|NoOp@NoOp|NoOp@NoOp|NoOp@NoOp
183461542:NoOp@NoOp|Push(N,N)@Push(N,N)|NoOp@NoOp|NoOp@NoOp|NoOp@NoOp|NoOp@NoOp|NoOp@NoOp|NoOp@NoOp|NoOp@NoOp|NoOp@NoOp
183474834:NoOp@NoOp|Push(N,N)@Push(N,N)|NoOp@NoOp|NoOp@NoOp|NoOp@NoOp|NoOp@NoOp|NoOp@NoOp|NoOp@NoOp|NoOp@NoOp|NoOp@NoOp
183488834:NoOp@NoOp|Push(N,N)@Push(N,N)|NoOp@NoOp|NoOp@NoOp|NoOp@NoOp|NoOp@NoOp|NoOp@NoOp|NoOp@NoOp|NoOp@NoOp|NoOp@NoOp
183499459:NoOp@NoOp|Push(N,N)@Push(N,N)|NoOp@NoOp|NoOp@NoOp|NoOp@NoOp|NoOp@NoOp|NoOp@NoOp|NoOp@NoOp|NoOp@NoOp|NoOp@NoOp
183510625:NoOp@NoOp|Push(N,N)@Push(N,N)|NoOp@NoOp|NoOp@NoOp|NoOp@NoOp|NoOp@NoOp|NoOp@NoOp|NoOp@NoOp|NoOp@NoOp|NoOp@NoOp
183520959:NoOp@NoOp|Push(N,W)@Push(N,W)|NoOp@NoOp|NoOp@NoOp|NoOp@NoOp|NoOp@NoOp|NoOp@NoOp|NoOp@NoOp|NoOp@NoOp|NoOp@NoOp
183537167:NoOp@NoOp|Push(W,W)@Push(W,W)|NoOp@NoOp|NoOp@NoOp|NoOp@NoOp|NoOp@NoOp|NoOp@NoOp|NoOp@NoOp|NoOp@NoOp|NoOp@NoOp
183548667:NoOp@NoOp|Push(W,N)@Push(W,N)|NoOp@NoOp|NoOp@NoOp|NoOp@NoOp|NoOp@NoOp|NoOp@NoOp|NoOp@NoOp|NoOp@NoOp|NoOp@NoOp
183560084:NoOp@NoOp|Push(N,W)@Push(N,W)|NoOp@NoOp|NoOp@NoOp|NoOp@NoOp|NoOp@NoOp|NoOp@NoOp|NoOp@NoOp|NoOp@NoOp|NoOp@NoOp
183570917:NoOp@NoOp|Push(W,W)@Push(W,W)|NoOp@NoOp|NoOp@NoOp|NoOp@NoOp|NoOp@NoOp|NoOp@NoOp|NoOp@NoOp|NoOp@NoOp|NoOp@NoOp
183581417:NoOp@NoOp|Push(W,W)@Push(W,W)|NoOp@NoOp|NoOp@NoOp|NoOp@NoOp|NoOp@NoOp|NoOp@NoOp|NoOp@NoOp|NoOp@NoOp|NoOp@NoOp
183594042:NoOp@NoOp|Push(W,W)@Push(W,W)|NoOp@NoOp|NoOp@NoOp|NoOp@NoOp|NoOp@NoOp|NoOp@NoOp|NoOp@NoOp|NoOp@NoOp|NoOp@NoOp
183618375:NoOp@NoOp|Push(W,W)@Push(W,W)|NoOp@NoOp|NoOp@NoOp|NoOp@NoOp|NoOp@NoOp|NoOp@NoOp|NoOp@NoOp|NoOp@NoOp|NoOp@NoOp
183629959:NoOp@NoOp|Push(W,W)@Push(W,W)|NoOp@NoOp|NoOp@NoOp|NoOp@NoOp|NoOp@NoOp|NoOp@NoOp|NoOp@NoOp|NoOp@NoOp|NoOp@NoOp
183643750:NoOp@NoOp|Push(W,N)@Push(W,N)|NoOp@NoOp|NoOp@NoOp|NoOp@NoOp|NoOp@NoOp|NoOp@NoOp|NoOp@NoOp|NoOp@NoOp|NoOp@NoOp
183656917:NoOp@NoOp|Push(N,N)@Push(N,N)|NoOp@NoOp|NoOp@NoOp|NoOp@NoOp|NoOp@NoOp|NoOp@NoOp|NoOp@NoOp|NoOp@NoOp|NoOp@NoOp
183685334:NoOp@NoOp|NoOp@NoOp|NoOp@NoOp|NoOp@NoOp|NoOp@NoOp|NoOp@NoOp|NoOp@NoOp|NoOp@NoOp|NoOp@NoOp|Move(W)@Move(W)
183696625:NoOp@NoOp|NoOp@NoOp|NoOp@NoOp|NoOp@NoOp|NoOp@NoOp|NoOp@NoOp|NoOp@NoOp|NoOp@NoOp|NoOp@NoOp|Move(W)@Move(W)
183707834:NoOp@NoOp|NoOp@NoOp|NoOp@NoOp|NoOp@NoOp|NoOp@NoOp|NoOp@NoOp|NoOp@NoOp|NoOp@NoOp|NoOp@NoOp|Move(W)@Move(W)
183725250:NoOp@NoOp|NoOp@NoOp|NoOp@NoOp|NoOp@NoOp|NoOp@NoOp|NoOp@NoOp|NoOp@NoOp|NoOp@NoOp|NoOp@NoOp|Move(W)@Move(W)
183741959:NoOp@NoOp|NoOp@NoOp|NoOp@NoOp|NoOp@NoOp|NoOp@NoOp|NoOp@NoOp|NoOp@NoOp|NoOp@NoOp|NoOp@NoOp|Move(W)@Move(W)
183754917:NoOp@NoOp|NoOp@NoOp|NoOp@NoOp|NoOp@NoOp|NoOp@NoOp|NoOp@NoOp|NoOp@NoOp|NoOp@NoOp|NoOp@NoOp|Move(W)@Move(W)
183765292:NoOp@NoOp|NoOp@NoOp|NoOp@NoOp|NoOp@NoOp|NoOp@NoOp|NoOp@NoOp|NoOp@NoOp|NoOp@NoOp|NoOp@NoOp|Move(N)@Move(N)
183776084:NoOp@NoOp|NoOp@NoOp|NoOp@NoOp|NoOp@NoOp|NoOp@NoOp|NoOp@NoOp|NoOp@NoOp|NoOp@NoOp|NoOp@NoOp|Move(N)@Move(N)
183786500:NoOp@NoOp|NoOp@NoOp|NoOp@NoOp|NoOp@NoOp|NoOp@NoOp|NoOp@NoOp|NoOp@NoOp|NoOp@NoOp|NoOp@NoOp|Move(W)@Move(W)
183805375:NoOp@NoOp|NoOp@NoOp|NoOp@NoOp|NoOp@NoOp|NoOp@NoOp|NoOp@NoOp|NoOp@NoOp|NoOp@NoOp|NoOp@NoOp|Move(W)@Move(W)
183822334:NoOp@NoOp|NoOp@NoOp|NoOp@NoOp|NoOp@NoOp|NoOp@NoOp|NoOp@NoOp|NoOp@NoOp|NoOp@NoOp|NoOp@NoOp|Move(W)@Move(W)
183834584:NoOp@NoOp|NoOp@NoOp|NoOp@NoOp|NoOp@NoOp|NoOp@NoOp|NoOp@NoOp|NoOp@NoOp|NoOp@NoOp|NoOp@NoOp|Move(W)@Move(W)
183845417:NoOp@NoOp|NoOp@NoOp|NoOp@NoOp|NoOp@NoOp|NoOp@NoOp|NoOp@NoOp|NoOp@NoOp|NoOp@NoOp|NoOp@NoOp|Move(W)@Move(W)
183855834:NoOp@NoOp|NoOp@NoOp|NoOp@NoOp|NoOp@NoOp|NoOp@NoOp|NoOp@NoOp|NoOp@NoOp|NoOp@NoOp|NoOp@NoOp|Move(W)@Move(W)
183867584:NoOp@NoOp|NoOp@NoOp|NoOp@NoOp|NoOp@NoOp|NoOp@NoOp|NoOp@NoOp|NoOp@NoOp|NoOp@NoOp|NoOp@NoOp|Move(W)@Move(W)
183884209:NoOp@NoOp|NoOp@NoOp|NoOp@NoOp|Move(E)@Move(E)|NoOp@NoOp|NoOp@NoOp|NoOp@NoOp|NoOp@NoOp|NoOp@NoOp|NoOp@NoOp
183895542:NoOp@NoOp|NoOp@NoOp|NoOp@NoOp|Move(S)@Move(S)|NoOp@NoOp|NoOp@NoOp|NoOp@NoOp|NoOp@NoOp|NoOp@NoOp|NoOp@NoOp
183906167:NoOp@NoOp|NoOp@NoOp|NoOp@NoOp|Move(E)@Move(E)|NoOp@NoOp|NoOp@NoOp|NoOp@NoOp|NoOp@NoOp|NoOp@NoOp|NoOp@NoOp
183917334:NoOp@NoOp|NoOp@NoOp|NoOp@NoOp|Move(E)@Move(E)|NoOp@NoOp|NoOp@NoOp|NoOp@NoOp|NoOp@NoOp|NoOp@NoOp|NoOp@NoOp
183927750:NoOp@NoOp|NoOp@NoOp|NoOp@NoOp|Move(E)@Move(E)|NoOp@NoOp|NoOp@NoOp|NoOp@NoOp|NoOp@NoOp|NoOp@NoOp|NoOp@NoOp
183937959:NoOp@NoOp|NoOp@NoOp|NoOp@NoOp|Move(E)@Move(E)|NoOp@NoOp|NoOp@NoOp|NoOp@NoOp|NoOp@NoOp|NoOp@NoOp|NoOp@NoOp
183955042:NoOp@NoOp|NoOp@NoOp|NoOp@NoOp|Move(N)@Move(N)|NoOp@NoOp|NoOp@NoOp|NoOp@NoOp|NoOp@NoOp|NoOp@NoOp|NoOp@NoOp
183967500:NoOp@NoOp|NoOp@NoOp|NoOp@NoOp|Move(E)@Move(E)|NoOp@NoOp|NoOp@NoOp|NoOp@NoOp|NoOp@NoOp|NoOp@NoOp|NoOp@NoOp
183978334:NoOp@NoOp|NoOp@NoOp|NoOp@NoOp|Move(E)@Move(E)|NoOp@NoOp|NoOp@NoOp|NoOp@NoOp|NoOp@NoOp|NoOp@NoOp|NoOp@NoOp
183990125:NoOp@NoOp|NoOp@NoOp|NoOp@NoOp|Move(S)@Move(S)|NoOp@NoOp|NoOp@NoOp|NoOp@NoOp|NoOp@NoOp|NoOp@NoOp|NoOp@NoOp
184001042:NoOp@NoOp|NoOp@NoOp|NoOp@NoOp|Move(E)@Move(E)|NoOp@NoOp|NoOp@NoOp|NoOp@NoOp|NoOp@NoOp|NoOp@NoOp|NoOp@NoOp
184012084:NoOp@NoOp|NoOp@NoOp|NoOp@NoOp|Move(E)@Move(E)|NoOp@NoOp|NoOp@NoOp|NoOp@NoOp|NoOp@NoOp|NoOp@NoOp|NoOp@NoOp
184025834:NoOp@NoOp|NoOp@NoOp|NoOp@NoOp|Move(E)@Move(E)|NoOp@NoOp|NoOp@NoOp|NoOp@NoOp|NoOp@NoOp|NoOp@NoOp|NoOp@NoOp
184036625:NoOp@NoOp|NoOp@NoOp|NoOp@NoOp|Move(E)@Move(E)|NoOp@NoOp|NoOp@NoOp|NoOp@NoOp|NoOp@NoOp|NoOp@NoOp|NoOp@NoOp
184047584:NoOp@NoOp|NoOp@NoOp|NoOp@NoOp|Move(N)@Move(N)|NoOp@NoOp|NoOp@NoOp|NoOp@NoOp|NoOp@NoOp|NoOp@NoOp|NoOp@NoOp
184058334:NoOp@NoOp|NoOp@NoOp|NoOp@NoOp|Move(E)@Move(E)|NoOp@NoOp|NoOp@NoOp|NoOp@NoOp|NoOp@NoOp|NoOp@NoOp|NoOp@NoOp
184068792:NoOp@NoOp|NoOp@NoOp|NoOp@NoOp|Move(E)@Move(E)|NoOp@NoOp|NoOp@NoOp|NoOp@NoOp|NoOp@NoOp|NoOp@NoOp|NoOp@NoOp
184080250:NoOp@NoOp|NoOp@NoOp|NoOp@NoOp|Move(E)@Move(E)|NoOp@NoOp|NoOp@NoOp|NoOp@NoOp|NoOp@NoOp|NoOp@NoOp|NoOp@NoOp
184090584:NoOp@NoOp|NoOp@NoOp|NoOp@NoOp|Move(E)@Move(E)|NoOp@NoOp|NoOp@NoOp|NoOp@NoOp|NoOp@NoOp|NoOp@NoOp|NoOp@NoOp
184107792:NoOp@NoOp|NoOp@NoOp|NoOp@NoOp|Move(E)@Move(E)|NoOp@NoOp|NoOp@NoOp|NoOp@NoOp|NoOp@NoOp|NoOp@NoOp|NoOp@NoOp
184119042:NoOp@NoOp|NoOp@NoOp|NoOp@NoOp|Move(E)@Move(E)|NoOp@NoOp|NoOp@NoOp|NoOp@NoOp|NoOp@NoOp|NoOp@NoOp|NoOp@NoOp
184130250:NoOp@NoOp|NoOp@NoOp|NoOp@NoOp|Push(E,E)@Push(E,E)|NoOp@NoOp|NoOp@NoOp|NoOp@NoOp|NoOp@NoOp|NoOp@NoOp|NoOp@NoOp
184141042:NoOp@NoOp|NoOp@NoOp|NoOp@NoOp|Push(E,E)@Push(E,E)|NoOp@NoOp|NoOp@NoOp|NoOp@NoOp|NoOp@NoOp|NoOp@NoOp|NoOp@NoOp
184151750:NoOp@NoOp|NoOp@NoOp|NoOp@NoOp|Push(E,E)@Push(E,E)|NoOp@NoOp|NoOp@NoOp|NoOp@NoOp|NoOp@NoOp|NoOp@NoOp|NoOp@NoOp
184166959:NoOp@NoOp|NoOp@NoOp|NoOp@NoOp|Push(E,E)@Push(E,E)|NoOp@NoOp|NoOp@NoOp|NoOp@NoOp|NoOp@NoOp|NoOp@NoOp|NoOp@NoOp
184181792:NoOp@NoOp|NoOp@NoOp|NoOp@NoOp|Push(E,E)@Push(E,E)|NoOp@NoOp|NoOp@NoOp|NoOp@NoOp|NoOp@NoOp|NoOp@NoOp|NoOp@NoOp
184192959:NoOp@NoOp|NoOp@NoOp|NoOp@NoOp|Push(E,N)@Push(E,N)|NoOp@NoOp|NoOp@NoOp|NoOp@NoOp|NoOp@NoOp|NoOp@NoOp|NoOp@NoOp
184203625:NoOp@NoOp|NoOp@NoOp|NoOp@NoOp|Push(N,N)@Push(N,N)|NoOp@NoOp|NoOp@NoOp|NoOp@NoOp|NoOp@NoOp|NoOp@NoOp|NoOp@NoOp
184214542:NoOp@NoOp|NoOp@NoOp|NoOp@NoOp|Push(N,N)@Push(N,N)|NoOp@NoOp|NoOp@NoOp|NoOp@NoOp|NoOp@NoOp|NoOp@NoOp|NoOp@NoOp
184228167:NoOp@NoOp|NoOp@NoOp|NoOp@NoOp|Push(N,N)@Push(N,N)|NoOp@NoOp|NoOp@NoOp|NoOp@NoOp|NoOp@NoOp|NoOp@NoOp|NoOp@NoOp
184243209:NoOp@NoOp|NoOp@NoOp|NoOp@NoOp|Push(N,N)@Push(N,N)|NoOp@NoOp|NoOp@NoOp|NoOp@NoOp|NoOp@NoOp|NoOp@NoOp|NoOp@NoOp
184263792:NoOp@NoOp|NoOp@NoOp|NoOp@NoOp|Push(N,N)@Push(N,N)|NoOp@NoOp|NoOp@NoOp|NoOp@NoOp|NoOp@NoOp|NoOp@NoOp|NoOp@NoOp
184276625:NoOp@NoOp|NoOp@NoOp|NoOp@NoOp|Push(N,N)@Push(N,N)|NoOp@NoOp|NoOp@NoOp|NoOp@NoOp|NoOp@NoOp|NoOp@NoOp|NoOp@NoOp
184286875:NoOp@NoOp|NoOp@NoOp|NoOp@NoOp|Push(N,N)@Push(N,N)|NoOp@NoOp|NoOp@NoOp|NoOp@NoOp|NoOp@NoOp|NoOp@NoOp|NoOp@NoOp
184297584:NoOp@NoOp|NoOp@NoOp|NoOp@NoOp|Push(N,N)@Push(N,N)|NoOp@NoOp|NoOp@NoOp|NoOp@NoOp|NoOp@NoOp|NoOp@NoOp|NoOp@NoOp
184308375:NoOp@NoOp|NoOp@NoOp|NoOp@NoOp|Push(N,N)@Push(N,N)|NoOp@NoOp|NoOp@NoOp|NoOp@NoOp|NoOp@NoOp|NoOp@NoOp|NoOp@NoOp
184319209:NoOp@NoOp|NoOp@NoOp|NoOp@NoOp|Push(N,N)@Push(N,N)|NoOp@NoOp|NoOp@NoOp|NoOp@NoOp|NoOp@NoOp|NoOp@NoOp|NoOp@NoOp
184332584:NoOp@NoOp|NoOp@NoOp|NoOp@NoOp|Push(N,N)@Push(N,N)|NoOp@NoOp|NoOp@NoOp|NoOp@NoOp|NoOp@NoOp|NoOp@NoOp|NoOp@NoOp
184344084:NoOp@NoOp|NoOp@NoOp|NoOp@NoOp|Push(N,N)@Push(N,N)|NoOp@NoOp|NoOp@NoOp|NoOp@NoOp|NoOp@NoOp|NoOp@NoOp|NoOp@NoOp
184354459:NoOp@NoOp|NoOp@NoOp|NoOp@NoOp|Push(N,N)@Push(N,N)|NoOp@NoOp|NoOp@NoOp|NoOp@NoOp|NoOp@NoOp|NoOp@NoOp|NoOp@NoOp
184368792:NoOp@NoOp|NoOp@NoOp|NoOp@NoOp|Push(N,E)@Push(N,E)|NoOp@NoOp|NoOp@NoOp|NoOp@NoOp|NoOp@NoOp|NoOp@NoOp|NoOp@NoOp
184380500:NoOp@NoOp|NoOp@NoOp|NoOp@NoOp|Push(E,E)@Push(E,E)|NoOp@NoOp|NoOp@NoOp|NoOp@NoOp|NoOp@NoOp|NoOp@NoOp|NoOp@NoOp
184393042:NoOp@NoOp|NoOp@NoOp|NoOp@NoOp|Push(E,E)@Push(E,E)|NoOp@NoOp|NoOp@NoOp|NoOp@NoOp|NoOp@NoOp|NoOp@NoOp|NoOp@NoOp
184411375:NoOp@NoOp|NoOp@NoOp|NoOp@NoOp|Push(E,E)@Push(E,E)|NoOp@NoOp|NoOp@NoOp|NoOp@NoOp|NoOp@NoOp|NoOp@NoOp|NoOp@NoOp
184423250:NoOp@NoOp|NoOp@NoOp|NoOp@NoOp|Push(E,E)@Push(E,E)|NoOp@NoOp|NoOp@NoOp|NoOp@NoOp|NoOp@NoOp|NoOp@NoOp|NoOp@NoOp
184433375:NoOp@NoOp|NoOp@NoOp|NoOp@NoOp|Push(E,E)@Push(E,E)|NoOp@NoOp|NoOp@NoOp|NoOp@NoOp|NoOp@NoOp|NoOp@NoOp|NoOp@NoOp
184444000:NoOp@NoOp|NoOp@NoOp|NoOp@NoOp|Push(E,E)@Push(E,E)|NoOp@NoOp|NoOp@NoOp|NoOp@NoOp|NoOp@NoOp|NoOp@NoOp|NoOp@NoOp
184454167:NoOp@NoOp|NoOp@NoOp|NoOp@NoOp|Push(E,E)@Push(E,E)|NoOp@NoOp|NoOp@NoOp|NoOp@NoOp|NoOp@NoOp|NoOp@NoOp|NoOp@NoOp
184468125:NoOp@NoOp|NoOp@NoOp|NoOp@NoOp|Push(E,E)@Push(E,E)|NoOp@NoOp|NoOp@NoOp|NoOp@NoOp|NoOp@NoOp|NoOp@NoOp|NoOp@NoOp
184484375:NoOp@NoOp|NoOp@NoOp|NoOp@NoOp|Push(E,N)@Push(E,N)|NoOp@NoOp|NoOp@NoOp|NoOp@NoOp|NoOp@NoOp|NoOp@NoOp|NoOp@NoOp
184496792:NoOp@NoOp|NoOp@NoOp|NoOp@NoOp|Push(N,N)@Push(N,N)|NoOp@NoOp|NoOp@NoOp|NoOp@NoOp|NoOp@NoOp|NoOp@NoOp|NoOp@NoOp
184512334:NoOp@NoOp|NoOp@NoOp|NoOp@NoOp|Push(N,E)@Push(N,E)|NoOp@NoOp|NoOp@NoOp|NoOp@NoOp|NoOp@NoOp|NoOp@NoOp|NoOp@NoOp
184525959:NoOp@NoOp|NoOp@NoOp|NoOp@NoOp|Push(E,E)@Push(E,E)|NoOp@NoOp|NoOp@NoOp|NoOp@NoOp|NoOp@NoOp|NoOp@NoOp|NoOp@NoOp
184536667:NoOp@NoOp|NoOp@NoOp|NoOp@NoOp|Push(E,E)@Push(E,E)|NoOp@NoOp|NoOp@NoOp|NoOp@NoOp|NoOp@NoOp|NoOp@NoOp|NoOp@NoOp
184550750:NoOp@NoOp|NoOp@NoOp|NoOp@NoOp|Push(E,E)@Push(E,E)|NoOp@NoOp|NoOp@NoOp|NoOp@NoOp|NoOp@NoOp|NoOp@NoOp|NoOp@NoOp
184563542:NoOp@NoOp|NoOp@NoOp|NoOp@NoOp|Push(E,E)@Push(E,E)|NoOp@NoOp|NoOp@NoOp|NoOp@NoOp|NoOp@NoOp|NoOp@NoOp|NoOp@NoOp
184578959:NoOp@NoOp|Move(S)@Move(S)|NoOp@NoOp|NoOp@NoOp|NoOp@NoOp|NoOp@NoOp|NoOp@NoOp|NoOp@NoOp|NoOp@NoOp|NoOp@NoOp
184589250:NoOp@NoOp|Move(S)@Move(S)|NoOp@NoOp|NoOp@NoOp|NoOp@NoOp|NoOp@NoOp|NoOp@NoOp|NoOp@NoOp|NoOp@NoOp|NoOp@NoOp
184600334:NoOp@NoOp|Move(W)@Move(W)|NoOp@NoOp|NoOp@NoOp|NoOp@NoOp|NoOp@NoOp|NoOp@NoOp|NoOp@NoOp|NoOp@NoOp|NoOp@NoOp
184614125:NoOp@NoOp|Move(S)@Move(S)|NoOp@NoOp|NoOp@NoOp|NoOp@NoOp|NoOp@NoOp|NoOp@NoOp|NoOp@NoOp|NoOp@NoOp|NoOp@NoOp
184628042:NoOp@NoOp|Move(S)@Move(S)|NoOp@NoOp|NoOp@NoOp|NoOp@NoOp|NoOp@NoOp|NoOp@NoOp|NoOp@NoOp|NoOp@NoOp|NoOp@NoOp
184642959:NoOp@NoOp|Move(S)@Move(S)|NoOp@NoOp|NoOp@NoOp|NoOp@NoOp|NoOp@NoOp|NoOp@NoOp|NoOp@NoOp|NoOp@NoOp|NoOp@NoOp
184663875:NoOp@NoOp|Move(S)@Move(S)|NoOp@NoOp|NoOp@NoOp|NoOp@NoOp|NoOp@NoOp|NoOp@NoOp|NoOp@NoOp|NoOp@NoOp|NoOp@NoOp
184678334:NoOp@NoOp|Move(S)@Move(S)|NoOp@NoOp|NoOp@NoOp|NoOp@NoOp|NoOp@NoOp|NoOp@NoOp|NoOp@NoOp|NoOp@NoOp|NoOp@NoOp
184690667:NoOp@NoOp|Move(S)@Move(S)|NoOp@NoOp|NoOp@NoOp|NoOp@NoOp|NoOp@NoOp|NoOp@NoOp|NoOp@NoOp|NoOp@NoOp|NoOp@NoOp
184702584:NoOp@NoOp|Move(S)@Move(S)|NoOp@NoOp|NoOp@NoOp|NoOp@NoOp|NoOp@NoOp|NoOp@NoOp|NoOp@NoOp|NoOp@NoOp|NoOp@NoOp
184714875:NoOp@NoOp|Move(S)@Move(S)|NoOp@NoOp|NoOp@NoOp|NoOp@NoOp|NoOp@NoOp|NoOp@NoOp|NoOp@NoOp|NoOp@NoOp|NoOp@NoOp
184726042:NoOp@NoOp|Move(S)@Move(S)|NoOp@NoOp|NoOp@NoOp|NoOp@NoOp|NoOp@NoOp|NoOp@NoOp|NoOp@NoOp|NoOp@NoOp|NoOp@NoOp
184746292:NoOp@NoOp|Move(S)@Move(S)|NoOp@NoOp|NoOp@NoOp|NoOp@NoOp|NoOp@NoOp|NoOp@NoOp|NoOp@NoOp|NoOp@NoOp|NoOp@NoOp
184758750:NoOp@NoOp|Move(S)@Move(S)|NoOp@NoOp|NoOp@NoOp|NoOp@NoOp|NoOp@NoOp|NoOp@NoOp|NoOp@NoOp|NoOp@NoOp|NoOp@NoOp
184770209:NoOp@NoOp|Move(S)@Move(S)|NoOp@NoOp|NoOp@NoOp|NoOp@NoOp|NoOp@NoOp|NoOp@NoOp|NoOp@NoOp|NoOp@NoOp|NoOp@NoOp
184784875:NoOp@NoOp|Move(S)@Move(S)|NoOp@NoOp|NoOp@NoOp|NoOp@NoOp|NoOp@NoOp|NoOp@NoOp|NoOp@NoOp|NoOp@NoOp|NoOp@NoOp
184798334:NoOp@NoOp|Move(E)@Move(E)|NoOp@NoOp|NoOp@NoOp|NoOp@NoOp|NoOp@NoOp|NoOp@NoOp|NoOp@NoOp|NoOp@NoOp|NoOp@NoOp
184811250:NoOp@NoOp|Move(E)@Move(E)|NoOp@NoOp|NoOp@NoOp|NoOp@NoOp|NoOp@NoOp|NoOp@NoOp|NoOp@NoOp|NoOp@NoOp|NoOp@NoOp
184824917:NoOp@NoOp|Move(E)@Move(E)|NoOp@NoOp|NoOp@NoOp|NoOp@NoOp|NoOp@NoOp|NoOp@NoOp|NoOp@NoOp|NoOp@NoOp|NoOp@NoOp
184836959:NoOp@NoOp|Move(N)@Move(N)|NoOp@NoOp|NoOp@NoOp|NoOp@NoOp|NoOp@NoOp|NoOp@NoOp|NoOp@NoOp|NoOp@NoOp|NoOp@NoOp
184851209:NoOp@NoOp|Move(E)@Move(E)|NoOp@NoOp|NoOp@NoOp|NoOp@NoOp|NoOp@NoOp|NoOp@NoOp|NoOp@NoOp|NoOp@NoOp|NoOp@NoOp
184864917:NoOp@NoOp|NoOp@NoOp|NoOp@NoOp|Move(W)@Move(W)|NoOp@NoOp|NoOp@NoOp|NoOp@NoOp|NoOp@NoOp|NoOp@NoOp|NoOp@NoOp
184879667:NoOp@NoOp|NoOp@NoOp|NoOp@NoOp|Move(W)@Move(W)|NoOp@NoOp|NoOp@NoOp|NoOp@NoOp|NoOp@NoOp|NoOp@NoOp|NoOp@NoOp
184893334:NoOp@NoOp|NoOp@NoOp|NoOp@NoOp|Move(W)@Move(W)|NoOp@NoOp|NoOp@NoOp|NoOp@NoOp|NoOp@NoOp|NoOp@NoOp|NoOp@NoOp
184911542:NoOp@NoOp|NoOp@NoOp|NoOp@NoOp|Move(W)@Move(W)|NoOp@NoOp|NoOp@NoOp|NoOp@NoOp|NoOp@NoOp|NoOp@NoOp|NoOp@NoOp
184927292:NoOp@NoOp|NoOp@NoOp|NoOp@NoOp|Move(S)@Move(S)|NoOp@NoOp|NoOp@NoOp|NoOp@NoOp|NoOp@NoOp|NoOp@NoOp|NoOp@NoOp
184939292:NoOp@NoOp|NoOp@NoOp|NoOp@NoOp|Move(S)@Move(S)|NoOp@NoOp|NoOp@NoOp|NoOp@NoOp|NoOp@NoOp|NoOp@NoOp|NoOp@NoOp
184952625:NoOp@NoOp|NoOp@NoOp|NoOp@NoOp|Move(W)@Move(W)|NoOp@NoOp|NoOp@NoOp|NoOp@NoOp|NoOp@NoOp|NoOp@NoOp|NoOp@NoOp
184967917:NoOp@NoOp|NoOp@NoOp|NoOp@NoOp|Move(W)@Move(W)|NoOp@NoOp|NoOp@NoOp|NoOp@NoOp|NoOp@NoOp|NoOp@NoOp|NoOp@NoOp
184979292:NoOp@NoOp|NoOp@NoOp|NoOp@NoOp|Move(W)@Move(W)|NoOp@NoOp|NoOp@NoOp|NoOp@NoOp|NoOp@NoOp|NoOp@NoOp|NoOp@NoOp
184990292:NoOp@NoOp|NoOp@NoOp|NoOp@NoOp|Move(W)@Move(W)|NoOp@NoOp|NoOp@NoOp|NoOp@NoOp|NoOp@NoOp|NoOp@NoOp|NoOp@NoOp
185007000:NoOp@NoOp|NoOp@NoOp|NoOp@NoOp|Move(W)@Move(W)|NoOp@NoOp|NoOp@NoOp|NoOp@NoOp|NoOp@NoOp|NoOp@NoOp|NoOp@NoOp
185019042:NoOp@NoOp|NoOp@NoOp|NoOp@NoOp|Move(W)@Move(W)|NoOp@NoOp|NoOp@NoOp|NoOp@NoOp|NoOp@NoOp|NoOp@NoOp|NoOp@NoOp
185029209:NoOp@NoOp|NoOp@NoOp|NoOp@NoOp|Move(W)@Move(W)|NoOp@NoOp|NoOp@NoOp|NoOp@NoOp|NoOp@NoOp|NoOp@NoOp|NoOp@NoOp
185040459:NoOp@NoOp|NoOp@NoOp|NoOp@NoOp|Move(W)@Move(W)|NoOp@NoOp|NoOp@NoOp|NoOp@NoOp|NoOp@NoOp|NoOp@NoOp|NoOp@NoOp
185051292:NoOp@NoOp|NoOp@NoOp|NoOp@NoOp|Move(W)@Move(W)|NoOp@NoOp|NoOp@NoOp|NoOp@NoOp|NoOp@NoOp|NoOp@NoOp|NoOp@NoOp
185061709:NoOp@NoOp|NoOp@NoOp|NoOp@NoOp|Move(W)@Move(W)|NoOp@NoOp|NoOp@NoOp|NoOp@NoOp|NoOp@NoOp|NoOp@NoOp|NoOp@NoOp
185072334:NoOp@NoOp|NoOp@NoOp|NoOp@NoOp|Move(W)@Move(W)|NoOp@NoOp|NoOp@NoOp|NoOp@NoOp|NoOp@NoOp|NoOp@NoOp|NoOp@NoOp
185085334:NoOp@NoOp|NoOp@NoOp|NoOp@NoOp|Move(W)@Move(W)|NoOp@NoOp|NoOp@NoOp|NoOp@NoOp|NoOp@NoOp|NoOp@NoOp|NoOp@NoOp
185096167:NoOp@NoOp|NoOp@NoOp|NoOp@NoOp|Move(W)@Move(W)|NoOp@NoOp|NoOp@NoOp|NoOp@NoOp|NoOp@NoOp|NoOp@NoOp|NoOp@NoOp
185106917:NoOp@NoOp|NoOp@NoOp|NoOp@NoOp|Move(W)@Move(W)|NoOp@NoOp|NoOp@NoOp|NoOp@NoOp|NoOp@NoOp|NoOp@NoOp|NoOp@NoOp
185123334:NoOp@NoOp|NoOp@NoOp|NoOp@NoOp|Move(W)@Move(W)|NoOp@NoOp|NoOp@NoOp|NoOp@NoOp|NoOp@NoOp|NoOp@NoOp|NoOp@NoOp
185134459:NoOp@NoOp|NoOp@NoOp|NoOp@NoOp|Move(W)@Move(W)|NoOp@NoOp|NoOp@NoOp|NoOp@NoOp|NoOp@NoOp|NoOp@NoOp|NoOp@NoOp
185144792:NoOp@NoOp|NoOp@NoOp|NoOp@NoOp|Move(W)@Move(W)|NoOp@NoOp|NoOp@NoOp|NoOp@NoOp|NoOp@NoOp|NoOp@NoOp|NoOp@NoOp
185154875:NoOp@NoOp|NoOp@NoOp|NoOp@NoOp|Move(W)@Move(W)|NoOp@NoOp|NoOp@NoOp|NoOp@NoOp|NoOp@NoOp|NoOp@NoOp|NoOp@NoOp
185166667:NoOp@NoOp|NoOp@NoOp|NoOp@NoOp|Move(W)@Move(W)|NoOp@NoOp|NoOp@NoOp|NoOp@NoOp|NoOp@NoOp|NoOp@NoOp|NoOp@NoOp
185178000:NoOp@NoOp|NoOp@NoOp|NoOp@NoOp|Move(W)@Move(W)|NoOp@NoOp|NoOp@NoOp|NoOp@NoOp|NoOp@NoOp|NoOp@NoOp|NoOp@NoOp
185188959:NoOp@NoOp|NoOp@NoOp|NoOp@NoOp|Move(W)@Move(W)|NoOp@NoOp|NoOp@NoOp|NoOp@NoOp|NoOp@NoOp|NoOp@NoOp|NoOp@NoOp
185203792:NoOp@NoOp|NoOp@NoOp|NoOp@NoOp|Move(W)@Move(W)|NoOp@NoOp|NoOp@NoOp|NoOp@NoOp|NoOp@NoOp|NoOp@NoOp|NoOp@NoOp
185213917:NoOp@NoOp|NoOp@NoOp|NoOp@NoOp|Move(W)@Move(W)|NoOp@NoOp|NoOp@NoOp|NoOp@NoOp|NoOp@NoOp|NoOp@NoOp|NoOp@NoOp
185224917:NoOp@NoOp|NoOp@NoOp|NoOp@NoOp|Move(W)@Move(W)|NoOp@NoOp|NoOp@NoOp|NoOp@NoOp|NoOp@NoOp|NoOp@NoOp|NoOp@NoOp
185235834:NoOp@NoOp|NoOp@NoOp|NoOp@NoOp|Move(W)@Move(W)|NoOp@NoOp|NoOp@NoOp|NoOp@NoOp|NoOp@NoOp|NoOp@NoOp|NoOp@NoOp
185246250:NoOp@NoOp|NoOp@NoOp|NoOp@NoOp|Move(S)@Move(S)|NoOp@NoOp|NoOp@NoOp|NoOp@NoOp|NoOp@NoOp|NoOp@NoOp|NoOp@NoOp
185256792:NoOp@NoOp|NoOp@NoOp|NoOp@NoOp|Move(S)@Move(S)|NoOp@NoOp|NoOp@NoOp|NoOp@NoOp|NoOp@NoOp|NoOp@NoOp|NoOp@NoOp
185269750:NoOp@NoOp|NoOp@NoOp|NoOp@NoOp|Move(E)@Move(E)|NoOp@NoOp|NoOp@NoOp|NoOp@NoOp|NoOp@NoOp|NoOp@NoOp|NoOp@NoOp
185281167:NoOp@NoOp|NoOp@NoOp|NoOp@NoOp|Move(E)@Move(E)|NoOp@NoOp|NoOp@NoOp|NoOp@NoOp|NoOp@NoOp|NoOp@NoOp|NoOp@NoOp
185291834:NoOp@NoOp|NoOp@NoOp|NoOp@NoOp|Move(S)@Move(S)|NoOp@NoOp|NoOp@NoOp|NoOp@NoOp|NoOp@NoOp|NoOp@NoOp|NoOp@NoOp
185302292:NoOp@NoOp|NoOp@NoOp|NoOp@NoOp|Move(E)@Move(E)|NoOp@NoOp|NoOp@NoOp|NoOp@NoOp|NoOp@NoOp|NoOp@NoOp|NoOp@NoOp
185312667:NoOp@NoOp|NoOp@NoOp|NoOp@NoOp|Move(E)@Move(E)|NoOp@NoOp|NoOp@NoOp|NoOp@NoOp|NoOp@NoOp|NoOp@NoOp|NoOp@NoOp
185323334:NoOp@NoOp|NoOp@NoOp|NoOp@NoOp|Move(E)@Move(E)|NoOp@NoOp|NoOp@NoOp|NoOp@NoOp|NoOp@NoOp|NoOp@NoOp|NoOp@NoOp
185337167:NoOp@NoOp|NoOp@NoOp|NoOp@NoOp|Move(E)@Move(E)|NoOp@NoOp|NoOp@NoOp|NoOp@NoOp|NoOp@NoOp|NoOp@NoOp|NoOp@NoOp
185348042:NoOp@NoOp|NoOp@NoOp|NoOp@NoOp|Push(E,N)@Push(E,N)|NoOp@NoOp|NoOp@NoOp|NoOp@NoOp|NoOp@NoOp|NoOp@NoOp|NoOp@NoOp
185358875:NoOp@NoOp|NoOp@NoOp|NoOp@NoOp|Push(N,W)@Push(N,W)|NoOp@NoOp|NoOp@NoOp|NoOp@NoOp|NoOp@NoOp|NoOp@NoOp|NoOp@NoOp
185369375:NoOp@NoOp|NoOp@NoOp|NoOp@NoOp|Push(W,W)@Push(W,W)|NoOp@NoOp|NoOp@NoOp|NoOp@NoOp|NoOp@NoOp|NoOp@NoOp|NoOp@NoOp
185380667:NoOp@NoOp|NoOp@NoOp|NoOp@NoOp|Push(W,W)@Push(W,W)|NoOp@NoOp|NoOp@NoOp|NoOp@NoOp|NoOp@NoOp|NoOp@NoOp|NoOp@NoOp
185391959:NoOp@NoOp|NoOp@NoOp|NoOp@NoOp|Push(W,W)@Push(W,W)|NoOp@NoOp|NoOp@NoOp|NoOp@NoOp|NoOp@NoOp|NoOp@NoOp|NoOp@NoOp
185405667:NoOp@NoOp|NoOp@NoOp|NoOp@NoOp|Push(W,W)@Push(W,W)|NoOp@NoOp|NoOp@NoOp|NoOp@NoOp|NoOp@NoOp|NoOp@NoOp|NoOp@NoOp
185416542:NoOp@NoOp|NoOp@NoOp|NoOp@NoOp|Push(W,W)@Push(W,W)|NoOp@NoOp|NoOp@NoOp|NoOp@NoOp|NoOp@NoOp|NoOp@NoOp|NoOp@NoOp
185427042:NoOp@NoOp|NoOp@NoOp|NoOp@NoOp|Push(W,W)@Push(W,W)|NoOp@NoOp|NoOp@NoOp|NoOp@NoOp|NoOp@NoOp|NoOp@NoOp|NoOp@NoOp
185437584:NoOp@NoOp|NoOp@NoOp|NoOp@NoOp|Push(W,N)@Push(W,N)|NoOp@NoOp|NoOp@NoOp|NoOp@NoOp|NoOp@NoOp|NoOp@NoOp|NoOp@NoOp
185448834:NoOp@NoOp|NoOp@NoOp|NoOp@NoOp|Push(N,W)@Push(N,W)|NoOp@NoOp|NoOp@NoOp|NoOp@NoOp|NoOp@NoOp|NoOp@NoOp|NoOp@NoOp
185459667:NoOp@NoOp|NoOp@NoOp|NoOp@NoOp|Push(W,W)@Push(W,W)|NoOp@NoOp|NoOp@NoOp|NoOp@NoOp|NoOp@NoOp|NoOp@NoOp|NoOp@NoOp
185472750:NoOp@NoOp|NoOp@NoOp|NoOp@NoOp|Push(W,N)@Push(W,N)|NoOp@NoOp|NoOp@NoOp|NoOp@NoOp|NoOp@NoOp|NoOp@NoOp|NoOp@NoOp
185484500:NoOp@NoOp|NoOp@NoOp|NoOp@NoOp|Push(N,W)@Push(N,W)|NoOp@NoOp|NoOp@NoOp|NoOp@NoOp|NoOp@NoOp|NoOp@NoOp|NoOp@NoOp
185494875:NoOp@NoOp|NoOp@NoOp|NoOp@NoOp|Push(W,W)@Push(W,W)|NoOp@NoOp|NoOp@NoOp|NoOp@NoOp|NoOp@NoOp|NoOp@NoOp|NoOp@NoOp
185511000:NoOp@NoOp|NoOp@NoOp|NoOp@NoOp|Push(W,W)@Push(W,W)|NoOp@NoOp|NoOp@NoOp|NoOp@NoOp|NoOp@NoOp|NoOp@NoOp|NoOp@NoOp
185523292:NoOp@NoOp|NoOp@NoOp|NoOp@NoOp|Push(W,W)@Push(W,W)|NoOp@NoOp|NoOp@NoOp|NoOp@NoOp|NoOp@NoOp|NoOp@NoOp|NoOp@NoOp
185535750:NoOp@NoOp|NoOp@NoOp|NoOp@NoOp|Push(W,W)@Push(W,W)|NoOp@NoOp|NoOp@NoOp|NoOp@NoOp|NoOp@NoOp|NoOp@NoOp|NoOp@NoOp
185547500:NoOp@NoOp|NoOp@NoOp|NoOp@NoOp|Push(W,W)@Push(W,W)|NoOp@NoOp|NoOp@NoOp|NoOp@NoOp|NoOp@NoOp|NoOp@NoOp|NoOp@NoOp
185560667:NoOp@NoOp|NoOp@NoOp|NoOp@NoOp|Push(W,N)@Push(W,N)|NoOp@NoOp|NoOp@NoOp|NoOp@NoOp|NoOp@NoOp|NoOp@NoOp|NoOp@NoOp
185571834:NoOp@NoOp|NoOp@NoOp|Move(E)@Move(E)|NoOp@NoOp|NoOp@NoOp|NoOp@NoOp|NoOp@NoOp|NoOp@NoOp|NoOp@NoOp|NoOp@NoOp
185582917:NoOp@NoOp|NoOp@NoOp|Move(S)@Move(S)|NoOp@NoOp|NoOp@NoOp|NoOp@NoOp|NoOp@NoOp|NoOp@NoOp|NoOp@NoOp|NoOp@NoOp
185593917:NoOp@NoOp|NoOp@NoOp|Move(E)@Move(E)|NoOp@NoOp|NoOp@NoOp|NoOp@NoOp|NoOp@NoOp|NoOp@NoOp|NoOp@NoOp|NoOp@NoOp
185605417:NoOp@NoOp|NoOp@NoOp|Move(E)@Move(E)|NoOp@NoOp|NoOp@NoOp|NoOp@NoOp|NoOp@NoOp|NoOp@NoOp|NoOp@NoOp|NoOp@NoOp
185621167:NoOp@NoOp|NoOp@NoOp|Move(E)@Move(E)|NoOp@NoOp|NoOp@NoOp|NoOp@NoOp|NoOp@NoOp|NoOp@NoOp|NoOp@NoOp|NoOp@NoOp
185636459:NoOp@NoOp|NoOp@NoOp|Move(E)@Move(E)|NoOp@NoOp|NoOp@NoOp|NoOp@NoOp|NoOp@NoOp|NoOp@NoOp|NoOp@NoOp|NoOp@NoOp
185647834:NoOp@NoOp|NoOp@NoOp|Pull(W,W)@Pull(W,W)|NoOp@NoOp|NoOp@NoOp|NoOp@NoOp|NoOp@NoOp|NoOp@NoOp|NoOp@NoOp|NoOp@NoOp
185659042:NoOp@NoOp|NoOp@NoOp|Pull(W,W)@Pull(W,W)|NoOp@NoOp|NoOp@NoOp|NoOp@NoOp|NoOp@NoOp|NoOp@NoOp|NoOp@NoOp|NoOp@NoOp
185670542:NoOp@NoOp|NoOp@NoOp|Pull(W,W)@Pull(W,W)|NoOp@NoOp|NoOp@NoOp|NoOp@NoOp|NoOp@NoOp|NoOp@NoOp|NoOp@NoOp|NoOp@NoOp
185680917:NoOp@NoOp|NoOp@NoOp|Push(E,N)@Push(E,N)|NoOp@NoOp|NoOp@NoOp|NoOp@NoOp|NoOp@NoOp|NoOp@NoOp|NoOp@NoOp|NoOp@NoOp
185692084:NoOp@NoOp|NoOp@NoOp|Push(N,N)@Push(N,N)|NoOp@NoOp|NoOp@NoOp|NoOp@NoOp|NoOp@NoOp|NoOp@NoOp|NoOp@NoOp|NoOp@NoOp
185705334:NoOp@NoOp|NoOp@NoOp|Push(N,N)@Push(N,N)|NoOp@NoOp|NoOp@NoOp|NoOp@NoOp|NoOp@NoOp|NoOp@NoOp|NoOp@NoOp|NoOp@NoOp
185717375:NoOp@NoOp|NoOp@NoOp|Push(N,N)@Push(N,N)|NoOp@NoOp|NoOp@NoOp|NoOp@NoOp|NoOp@NoOp|NoOp@NoOp|NoOp@NoOp|NoOp@NoOp
185728209:NoOp@NoOp|NoOp@NoOp|Push(N,N)@Push(N,N)|NoOp@NoOp|NoOp@NoOp|NoOp@NoOp|NoOp@NoOp|NoOp@NoOp|NoOp@NoOp|NoOp@NoOp
185743959:NoOp@NoOp|NoOp@NoOp|Push(N,N)@Push(N,N)|NoOp@NoOp|NoOp@NoOp|NoOp@NoOp|NoOp@NoOp|NoOp@NoOp|NoOp@NoOp|NoOp@NoOp
185756167:NoOp@NoOp|NoOp@NoOp|Push(N,N)@Push(N,N)|NoOp@NoOp|NoOp@NoOp|NoOp@NoOp|NoOp@NoOp|NoOp@NoOp|NoOp@NoOp|NoOp@NoOp
185767250:NoOp@NoOp|NoOp@NoOp|Push(N,N)@Push(N,N)|NoOp@NoOp|NoOp@NoOp|NoOp@NoOp|NoOp@NoOp|NoOp@NoOp|NoOp@NoOp|NoOp@NoOp
185784334:NoOp@NoOp|NoOp@NoOp|Push(N,N)@Push(N,N)|NoOp@NoOp|NoOp@NoOp|NoOp@NoOp|NoOp@NoOp|NoOp@NoOp|NoOp@NoOp|NoOp@NoOp
185795375:NoOp@NoOp|NoOp@NoOp|Push(N,N)@Push(N,N)|NoOp@NoOp|NoOp@NoOp|NoOp@NoOp|NoOp@NoOp|NoOp@NoOp|NoOp@NoOp|NoOp@NoOp
185806292:NoOp@NoOp|NoOp@NoOp|Push(N,N)@Push(N,N)|NoOp@NoOp|NoOp@NoOp|NoOp@NoOp|NoOp@NoOp|NoOp@NoOp|NoOp@NoOp|NoOp@NoOp
185817250:NoOp@NoOp|NoOp@NoOp|Push(N,N)@Push(N,N)|NoOp@NoOp|NoOp@NoOp|NoOp@NoOp|NoOp@NoOp|NoOp@NoOp|NoOp@NoOp|NoOp@NoOp
185827459:NoOp@NoOp|NoOp@NoOp|Push(N,N)@Push(N,N)|NoOp@NoOp|NoOp@NoOp|NoOp@NoOp|NoOp@NoOp|NoOp@NoOp|NoOp@NoOp|NoOp@NoOp
185839584:NoOp@NoOp|NoOp@NoOp|Push(N,W)@Push(N,W)|NoOp@NoOp|NoOp@NoOp|NoOp@NoOp|NoOp@NoOp|NoOp@NoOp|NoOp@NoOp|NoOp@NoOp
185857167:NoOp@NoOp|NoOp@NoOp|Push(W,W)@Push(W,W)|NoOp@NoOp|NoOp@NoOp|NoOp@NoOp|NoOp@NoOp|NoOp@NoOp|NoOp@NoOp|NoOp@NoOp
185869917:NoOp@NoOp|NoOp@NoOp|Push(W,S)@Push(W,S)|NoOp@NoOp|NoOp@NoOp|NoOp@NoOp|NoOp@NoOp|NoOp@NoOp|NoOp@NoOp|NoOp@NoOp
185881709:NoOp@NoOp|NoOp@NoOp|Push(S,S)@Push(S,S)|NoOp@NoOp|NoOp@NoOp|NoOp@NoOp|NoOp@NoOp|NoOp@NoOp|NoOp@NoOp|NoOp@NoOp
185898417:NoOp@NoOp|NoOp@NoOp|Push(S,W)@Push(S,W)|NoOp@NoOp|NoOp@NoOp|NoOp@NoOp|NoOp@NoOp|NoOp@NoOp|NoOp@NoOp|NoOp@NoOp
185914667:NoOp@NoOp|NoOp@NoOp|Push(W,W)@Push(W,W)|NoOp@NoOp|NoOp@NoOp|NoOp@NoOp|NoOp@NoOp|NoOp@NoOp|NoOp@NoOp|NoOp@NoOp
185930459:NoOp@NoOp|NoOp@NoOp|Push(W,W)@Push(W,W)|NoOp@NoOp|NoOp@NoOp|NoOp@NoOp|NoOp@NoOp|NoOp@NoOp|NoOp@NoOp|NoOp@NoOp
185949125:NoOp@NoOp|Move(E)@Move(E)|NoOp@NoOp|NoOp@NoOp|NoOp@NoOp|NoOp@NoOp|NoOp@NoOp|NoOp@NoOp|NoOp@NoOp|NoOp@NoOp
185965084:NoOp@NoOp|Move(E)@Move(E)|NoOp@NoOp|NoOp@NoOp|NoOp@NoOp|NoOp@NoOp|NoOp@NoOp|NoOp@NoOp|NoOp@NoOp|NoOp@NoOp
185977167:NoOp@NoOp|Move(E)@Move(E)|NoOp@NoOp|NoOp@NoOp|NoOp@NoOp|NoOp@NoOp|NoOp@NoOp|NoOp@NoOp|NoOp@NoOp|NoOp@NoOp
185991917:NoOp@NoOp|Move(S)@Move(S)|NoOp@NoOp|NoOp@NoOp|NoOp@NoOp|NoOp@NoOp|NoOp@NoOp|NoOp@NoOp|NoOp@NoOp|NoOp@NoOp
186004167:NoOp@NoOp|Move(E)@Move(E)|NoOp@NoOp|NoOp@NoOp|NoOp@NoOp|NoOp@NoOp|NoOp@NoOp|NoOp@NoOp|NoOp@NoOp|NoOp@NoOp
186015500:NoOp@NoOp|Move(E)@Move(E)|NoOp@NoOp|NoOp@NoOp|NoOp@NoOp|NoOp@NoOp|NoOp@NoOp|NoOp@NoOp|NoOp@NoOp|NoOp@NoOp
186026584:NoOp@NoOp|Move(N)@Move(N)|NoOp@NoOp|NoOp@NoOp|NoOp@NoOp|NoOp@NoOp|NoOp@NoOp|NoOp@NoOp|NoOp@NoOp|NoOp@NoOp
186041459:NoOp@NoOp|Move(N)@Move(N)|NoOp@NoOp|NoOp@NoOp|NoOp@NoOp|NoOp@NoOp|NoOp@NoOp|NoOp@NoOp|NoOp@NoOp|NoOp@NoOp
186052000:NoOp@NoOp|Move(N)@Move(N)|NoOp@NoOp|NoOp@NoOp|NoOp@NoOp|NoOp@NoOp|NoOp@NoOp|NoOp@NoOp|NoOp@NoOp|NoOp@NoOp
186062834:NoOp@NoOp|Move(N)@Move(N)|NoOp@NoOp|NoOp@NoOp|NoOp@NoOp|NoOp@NoOp|NoOp@NoOp|NoOp@NoOp|NoOp@NoOp|NoOp@NoOp
186073625:NoOp@NoOp|Move(N)@Move(N)|NoOp@NoOp|NoOp@NoOp|NoOp@NoOp|NoOp@NoOp|NoOp@NoOp|NoOp@NoOp|NoOp@NoOp|NoOp@NoOp
186084417:NoOp@NoOp|Move(N)@Move(N)|NoOp@NoOp|NoOp@NoOp|NoOp@NoOp|NoOp@NoOp|NoOp@NoOp|NoOp@NoOp|NoOp@NoOp|NoOp@NoOp
186094584:NoOp@NoOp|Move(N)@Move(N)|NoOp@NoOp|NoOp@NoOp|NoOp@NoOp|NoOp@NoOp|NoOp@NoOp|NoOp@NoOp|NoOp@NoOp|NoOp@NoOp
186108500:NoOp@NoOp|Move(N)@Move(N)|NoOp@NoOp|NoOp@NoOp|NoOp@NoOp|NoOp@NoOp|NoOp@NoOp|NoOp@NoOp|NoOp@NoOp|NoOp@NoOp
186119792:NoOp@NoOp|Move(N)@Move(N)|NoOp@NoOp|NoOp@NoOp|NoOp@NoOp|NoOp@NoOp|NoOp@NoOp|NoOp@NoOp|NoOp@NoOp|NoOp@NoOp
186135834:NoOp@NoOp|Move(N)@Move(N)|NoOp@NoOp|NoOp@NoOp|NoOp@NoOp|NoOp@NoOp|NoOp@NoOp|NoOp@NoOp|NoOp@NoOp|NoOp@NoOp
186147834:NoOp@NoOp|Move(N)@Move(N)|NoOp@NoOp|NoOp@NoOp|NoOp@NoOp|NoOp@NoOp|NoOp@NoOp|NoOp@NoOp|NoOp@NoOp|NoOp@NoOp
186158542:NoOp@NoOp|Move(N)@Move(N)|NoOp@NoOp|NoOp@NoOp|NoOp@NoOp|NoOp@NoOp|NoOp@NoOp|NoOp@NoOp|NoOp@NoOp|NoOp@NoOp
186169584:NoOp@NoOp|Move(N)@Move(N)|NoOp@NoOp|NoOp@NoOp|NoOp@NoOp|NoOp@NoOp|NoOp@NoOp|NoOp@NoOp|NoOp@NoOp|NoOp@NoOp
186184792:NoOp@NoOp|Move(N)@Move(N)|NoOp@NoOp|NoOp@NoOp|NoOp@NoOp|NoOp@NoOp|NoOp@NoOp|NoOp@NoOp|NoOp@NoOp|NoOp@NoOp
186196542:NoOp@NoOp|Move(E)@Move(E)|NoOp@NoOp|NoOp@NoOp|NoOp@NoOp|NoOp@NoOp|NoOp@NoOp|NoOp@NoOp|NoOp@NoOp|NoOp@NoOp
186207000:NoOp@NoOp|Move(E)@Move(E)|NoOp@NoOp|NoOp@NoOp|NoOp@NoOp|NoOp@NoOp|NoOp@NoOp|NoOp@NoOp|NoOp@NoOp|NoOp@NoOp
186217292:NoOp@NoOp|Move(E)@Move(E)|NoOp@NoOp|NoOp@NoOp|NoOp@NoOp|NoOp@NoOp|NoOp@NoOp|NoOp@NoOp|NoOp@NoOp|NoOp@NoOp
186228084:NoOp@NoOp|Move(E)@Move(E)|NoOp@NoOp|NoOp@NoOp|NoOp@NoOp|NoOp@NoOp|NoOp@NoOp|NoOp@NoOp|NoOp@NoOp|NoOp@NoOp
186240459:NoOp@NoOp|Move(E)@Move(E)|NoOp@NoOp|NoOp@NoOp|NoOp@NoOp|NoOp@NoOp|NoOp@NoOp|NoOp@NoOp|NoOp@NoOp|NoOp@NoOp
186255625:NoOp@NoOp|Move(E)@Move(E)|NoOp@NoOp|NoOp@NoOp|NoOp@NoOp|NoOp@NoOp|NoOp@NoOp|NoOp@NoOp|NoOp@NoOp|NoOp@NoOp
186266209:NoOp@NoOp|Move(E)@Move(E)|NoOp@NoOp|NoOp@NoOp|NoOp@NoOp|NoOp@NoOp|NoOp@NoOp|NoOp@NoOp|NoOp@NoOp|NoOp@NoOp
186277792:NoOp@NoOp|Move(E)@Move(E)|NoOp@NoOp|NoOp@NoOp|NoOp@NoOp|NoOp@NoOp|NoOp@NoOp|NoOp@NoOp|NoOp@NoOp|NoOp@NoOp
186289167:NoOp@NoOp|Move(E)@Move(E)|NoOp@NoOp|NoOp@NoOp|NoOp@NoOp|NoOp@NoOp|NoOp@NoOp|NoOp@NoOp|NoOp@NoOp|NoOp@NoOp
186299125:NoOp@NoOp|Move(E)@Move(E)|NoOp@NoOp|NoOp@NoOp|NoOp@NoOp|NoOp@NoOp|NoOp@NoOp|NoOp@NoOp|NoOp@NoOp|NoOp@NoOp
186309542:NoOp@NoOp|Move(E)@Move(E)|NoOp@NoOp|NoOp@NoOp|NoOp@NoOp|NoOp@NoOp|NoOp@NoOp|NoOp@NoOp|NoOp@NoOp|NoOp@NoOp
186322709:NoOp@NoOp|Move(E)@Move(E)|NoOp@NoOp|NoOp@NoOp|NoOp@NoOp|NoOp@NoOp|NoOp@NoOp|NoOp@NoOp|NoOp@NoOp|NoOp@NoOp
186333209:NoOp@NoOp|Move(E)@Move(E)|NoOp@NoOp|NoOp@NoOp|NoOp@NoOp|NoOp@NoOp|NoOp@NoOp|NoOp@NoOp|NoOp@NoOp|NoOp@NoOp
186343750:NoOp@NoOp|Move(E)@Move(E)|NoOp@NoOp|NoOp@NoOp|NoOp@NoOp|NoOp@NoOp|NoOp@NoOp|NoOp@NoOp|NoOp@NoOp|NoOp@NoOp
186353959:NoOp@NoOp|Move(E)@Move(E)|NoOp@NoOp|NoOp@NoOp|NoOp@NoOp|NoOp@NoOp|NoOp@NoOp|NoOp@NoOp|NoOp@NoOp|NoOp@NoOp
186364209:NoOp@NoOp|Move(E)@Move(E)|NoOp@NoOp|NoOp@NoOp|NoOp@NoOp|NoOp@NoOp|NoOp@NoOp|NoOp@NoOp|NoOp@NoOp|NoOp@NoOp
186376959:NoOp@NoOp|Move(N)@Move(N)|NoOp@NoOp|NoOp@NoOp|NoOp@NoOp|NoOp@NoOp|NoOp@NoOp|NoOp@NoOp|NoOp@NoOp|NoOp@NoOp
186389375:NoOp@NoOp|Move(N)@Move(N)|NoOp@NoOp|NoOp@NoOp|NoOp@NoOp|NoOp@NoOp|NoOp@NoOp|NoOp@NoOp|NoOp@NoOp|NoOp@NoOp
186402750:NoOp@NoOp|Move(W)@Move(W)|NoOp@NoOp|NoOp@NoOp|NoOp@NoOp|NoOp@NoOp|NoOp@NoOp|NoOp@NoOp|NoOp@NoOp|NoOp@NoOp
186413000:NoOp@NoOp|Move(W)@Move(W)|NoOp@NoOp|NoOp@NoOp|NoOp@NoOp|NoOp@NoOp|NoOp@NoOp|NoOp@NoOp|NoOp@NoOp|NoOp@NoOp
186424084:NoOp@NoOp|Move(W)@Move(W)|NoOp@NoOp|NoOp@NoOp|NoOp@NoOp|NoOp@NoOp|NoOp@NoOp|NoOp@NoOp|NoOp@NoOp|NoOp@NoOp
186435250:NoOp@NoOp|Move(W)@Move(W)|NoOp@NoOp|NoOp@NoOp|NoOp@NoOp|NoOp@NoOp|NoOp@NoOp|NoOp@NoOp|NoOp@NoOp|NoOp@NoOp
186447167:NoOp@NoOp|Move(W)@Move(W)|NoOp@NoOp|NoOp@NoOp|NoOp@NoOp|NoOp@NoOp|NoOp@NoOp|NoOp@NoOp|NoOp@NoOp|NoOp@NoOp
186459209:NoOp@NoOp|Move(W)@Move(W)|NoOp@NoOp|NoOp@NoOp|NoOp@NoOp|NoOp@NoOp|NoOp@NoOp|NoOp@NoOp|NoOp@NoOp|NoOp@NoOp
186474584:NoOp@NoOp|Move(W)@Move(W)|NoOp@NoOp|NoOp@NoOp|NoOp@NoOp|NoOp@NoOp|NoOp@NoOp|NoOp@NoOp|NoOp@NoOp|NoOp@NoOp
186487209:NoOp@NoOp|Pull(E,E)@Pull(E,E)|NoOp@NoOp|NoOp@NoOp|NoOp@NoOp|NoOp@NoOp|NoOp@NoOp|NoOp@NoOp|NoOp@NoOp|NoOp@NoOp
186500334:NoOp@NoOp|Pull(E,E)@Pull(E,E)|NoOp@NoOp|NoOp@NoOp|NoOp@NoOp|NoOp@NoOp|NoOp@NoOp|NoOp@NoOp|NoOp@NoOp|NoOp@NoOp
186510500:NoOp@NoOp|Pull(E,E)@Pull(E,E)|NoOp@NoOp|NoOp@NoOp|NoOp@NoOp|NoOp@NoOp|NoOp@NoOp|NoOp@NoOp|NoOp@NoOp|NoOp@NoOp
186522292:NoOp@NoOp|Pull(E,E)@Pull(E,E)|NoOp@NoOp|NoOp@NoOp|NoOp@NoOp|NoOp@NoOp|NoOp@NoOp|NoOp@NoOp|NoOp@NoOp|NoOp@NoOp
186532542:NoOp@NoOp|Pull(E,E)@Pull(E,E)|NoOp@NoOp|NoOp@NoOp|NoOp@NoOp|NoOp@NoOp|NoOp@NoOp|NoOp@NoOp|NoOp@NoOp|NoOp@NoOp
186547000:NoOp@NoOp|Pull(E,E)@Pull(E,E)|NoOp@NoOp|NoOp@NoOp|NoOp@NoOp|NoOp@NoOp|NoOp@NoOp|NoOp@NoOp|NoOp@NoOp|NoOp@NoOp
186557834:NoOp@NoOp|Pull(E,E)@Pull(E,E)|NoOp@NoOp|NoOp@NoOp|NoOp@NoOp|NoOp@NoOp|NoOp@NoOp|NoOp@NoOp|NoOp@NoOp|NoOp@NoOp
186568375:NoOp@NoOp|Pull(N,E)@Pull(N,E)|NoOp@NoOp|NoOp@NoOp|NoOp@NoOp|NoOp@NoOp|NoOp@NoOp|NoOp@NoOp|NoOp@NoOp|NoOp@NoOp
186578959:NoOp@NoOp|Push(S,S)@Push(S,S)|NoOp@NoOp|NoOp@NoOp|NoOp@NoOp|NoOp@NoOp|NoOp@NoOp|NoOp@NoOp|NoOp@NoOp|NoOp@NoOp
186589584:NoOp@NoOp|Push(S,S)@Push(S,S)|NoOp@NoOp|NoOp@NoOp|NoOp@NoOp|NoOp@NoOp|NoOp@NoOp|NoOp@NoOp|NoOp@NoOp|NoOp@NoOp
186601125:NoOp@NoOp|Push(S,E)@Push(S,E)|NoOp@NoOp|NoOp@NoOp|NoOp@NoOp|NoOp@NoOp|NoOp@NoOp|NoOp@NoOp|NoOp@NoOp|NoOp@NoOp
186618459:NoOp@NoOp|Push(E,E)@Push(E,E)|NoOp@NoOp|NoOp@NoOp|NoOp@NoOp|NoOp@NoOp|NoOp@NoOp|NoOp@NoOp|NoOp@NoOp|NoOp@NoOp
186630667:NoOp@NoOp|Push(E,S)@Push(E,S)|NoOp@NoOp|NoOp@NoOp|NoOp@NoOp|NoOp@NoOp|NoOp@NoOp|NoOp@NoOp|NoOp@NoOp|NoOp@NoOp
186641875:NoOp@NoOp|Push(S,S)@Push(S,S)|NoOp@NoOp|NoOp@NoOp|NoOp@NoOp|NoOp@NoOp|NoOp@NoOp|NoOp@NoOp|NoOp@NoOp|NoOp@NoOp
186653417:NoOp@NoOp|Push(S,S)@Push(S,S)|NoOp@NoOp|NoOp@NoOp|NoOp@NoOp|NoOp@NoOp|NoOp@NoOp|NoOp@NoOp|NoOp@NoOp|NoOp@NoOp
186663959:NoOp@NoOp|Push(S,S)@Push(S,S)|NoOp@NoOp|NoOp@NoOp|NoOp@NoOp|NoOp@NoOp|NoOp@NoOp|NoOp@NoOp|NoOp@NoOp|NoOp@NoOp
186674625:NoOp@NoOp|Push(S,S)@Push(S,S)|NoOp@NoOp|NoOp@NoOp|NoOp@NoOp|NoOp@NoOp|NoOp@NoOp|NoOp@NoOp|NoOp@NoOp|NoOp@NoOp
186687417:NoOp@NoOp|Push(S,E)@Push(S,E)|NoOp@NoOp|NoOp@NoOp|NoOp@NoOp|NoOp@NoOp|NoOp@NoOp|NoOp@NoOp|NoOp@NoOp|NoOp@NoOp
186698584:NoOp@NoOp|Push(E,E)@Push(E,E)|NoOp@NoOp|NoOp@NoOp|NoOp@NoOp|NoOp@NoOp|NoOp@NoOp|NoOp@NoOp|NoOp@NoOp|NoOp@NoOp
186709167:NoOp@NoOp|Push(E,E)@Push(E,E)|NoOp@NoOp|NoOp@NoOp|NoOp@NoOp|NoOp@NoOp|NoOp@NoOp|NoOp@NoOp|NoOp@NoOp|NoOp@NoOp
186720417:NoOp@NoOp|Push(E,E)@Push(E,E)|NoOp@NoOp|NoOp@NoOp|NoOp@NoOp|NoOp@NoOp|NoOp@NoOp|NoOp@NoOp|NoOp@NoOp|NoOp@NoOp
186731209:NoOp@NoOp|Push(E,S)@Push(E,S)|NoOp@NoOp|NoOp@NoOp|NoOp@NoOp|NoOp@NoOp|NoOp@NoOp|NoOp@NoOp|NoOp@NoOp|NoOp@NoOp
186742084:NoOp@NoOp|Push(S,S)@Push(S,S)|NoOp@NoOp|NoOp@NoOp|NoOp@NoOp|NoOp@NoOp|NoOp@NoOp|NoOp@NoOp|NoOp@NoOp|NoOp@NoOp
186755500:NoOp@NoOp|Push(S,S)@Push(S,S)|NoOp@NoOp|NoOp@NoOp|NoOp@NoOp|NoOp@NoOp|NoOp@NoOp|NoOp@NoOp|NoOp@NoOp|NoOp@NoOp
186766250:NoOp@NoOp|Push(S,W)@Push(S,W)|NoOp@NoOp|NoOp@NoOp|NoOp@NoOp|NoOp@NoOp|NoOp@NoOp|NoOp@NoOp|NoOp@NoOp|NoOp@NoOp
186776917:NoOp@NoOp|Push(W,W)@Push(W,W)|NoOp@NoOp|NoOp@NoOp|NoOp@NoOp|NoOp@NoOp|NoOp@NoOp|NoOp@NoOp|NoOp@NoOp|NoOp@NoOp
186788209:NoOp@NoOp|Move(N)@Move(N)|NoOp@NoOp|NoOp@NoOp|NoOp@NoOp|NoOp@NoOp|NoOp@NoOp|NoOp@NoOp|NoOp@NoOp|NoOp@NoOp
186798542:NoOp@NoOp|Move(E)@Move(E)|NoOp@NoOp|NoOp@NoOp|NoOp@NoOp|NoOp@NoOp|NoOp@NoOp|NoOp@NoOp|NoOp@NoOp|NoOp@NoOp
186809959:NoOp@NoOp|Move(N)@Move(N)|NoOp@NoOp|NoOp@NoOp|NoOp@NoOp|NoOp@NoOp|NoOp@NoOp|NoOp@NoOp|NoOp@NoOp|NoOp@NoOp
186821500:NoOp@NoOp|Move(N)@Move(N)|NoOp@NoOp|NoOp@NoOp|NoOp@NoOp|NoOp@NoOp|NoOp@NoOp|NoOp@NoOp|NoOp@NoOp|NoOp@NoOp
186837167:NoOp@NoOp|Move(E)@Move(E)|NoOp@NoOp|NoOp@NoOp|NoOp@NoOp|NoOp@NoOp|NoOp@NoOp|NoOp@NoOp|NoOp@NoOp|NoOp@NoOp
186847375:NoOp@NoOp|Move(E)@Move(E)|NoOp@NoOp|NoOp@NoOp|NoOp@NoOp|NoOp@NoOp|NoOp@NoOp|NoOp@NoOp|NoOp@NoOp|NoOp@NoOp
186858167:NoOp@NoOp|Move(E)@Move(E)|NoOp@NoOp|NoOp@NoOp|NoOp@NoOp|NoOp@NoOp|NoOp@NoOp|NoOp@NoOp|NoOp@NoOp|NoOp@NoOp
186872625:NoOp@NoOp|Move(S)@Move(S)|NoOp@NoOp|NoOp@NoOp|NoOp@NoOp|NoOp@NoOp|NoOp@NoOp|NoOp@NoOp|NoOp@NoOp|NoOp@NoOp
186885209:NoOp@NoOp|Move(S)@Move(S)|NoOp@NoOp|NoOp@NoOp|NoOp@NoOp|NoOp@NoOp|NoOp@NoOp|NoOp@NoOp|NoOp@NoOp|NoOp@NoOp
186901000:NoOp@NoOp|Move(S)@Move(S)|NoOp@NoOp|NoOp@NoOp|NoOp@NoOp|NoOp@NoOp|NoOp@NoOp|NoOp@NoOp|NoOp@NoOp|NoOp@NoOp
186915459:NoOp@NoOp|Move(S)@Move(S)|NoOp@NoOp|NoOp@NoOp|NoOp@NoOp|NoOp@NoOp|NoOp@NoOp|NoOp@NoOp|NoOp@NoOp|NoOp@NoOp
186927250:NoOp@NoOp|Move(S)@Move(S)|NoOp@NoOp|NoOp@NoOp|NoOp@NoOp|NoOp@NoOp|NoOp@NoOp|NoOp@NoOp|NoOp@NoOp|NoOp@NoOp
186938084:NoOp@NoOp|Move(S)@Move(S)|NoOp@NoOp|NoOp@NoOp|NoOp@NoOp|NoOp@NoOp|NoOp@NoOp|NoOp@NoOp|NoOp@NoOp|NoOp@NoOp
186948792:NoOp@NoOp|Move(W)@Move(W)|NoOp@NoOp|NoOp@NoOp|NoOp@NoOp|NoOp@NoOp|NoOp@NoOp|NoOp@NoOp|NoOp@NoOp|NoOp@NoOp
186959334:NoOp@NoOp|Move(W)@Move(W)|NoOp@NoOp|NoOp@NoOp|NoOp@NoOp|NoOp@NoOp|NoOp@NoOp|NoOp@NoOp|NoOp@NoOp|NoOp@NoOp
186970209:NoOp@NoOp|Move(W)@Move(W)|NoOp@NoOp|NoOp@NoOp|NoOp@NoOp|NoOp@NoOp|NoOp@NoOp|NoOp@NoOp|NoOp@NoOp|NoOp@NoOp
186986334:NoOp@NoOp|Move(W)@Move(W)|NoOp@NoOp|NoOp@NoOp|NoOp@NoOp|NoOp@NoOp|NoOp@NoOp|NoOp@NoOp|NoOp@NoOp|NoOp@NoOp
186998042:NoOp@NoOp|Move(W)@Move(W)|NoOp@NoOp|NoOp@NoOp|NoOp@NoOp|NoOp@NoOp|NoOp@NoOp|NoOp@NoOp|NoOp@NoOp|NoOp@NoOp
187009542:NoOp@NoOp|Move(W)@Move(W)|NoOp@NoOp|NoOp@NoOp|NoOp@NoOp|NoOp@NoOp|NoOp@NoOp|NoOp@NoOp|NoOp@NoOp|NoOp@NoOp
187020875:NoOp@NoOp|Move(W)@Move(W)|NoOp@NoOp|NoOp@NoOp|NoOp@NoOp|NoOp@NoOp|NoOp@NoOp|NoOp@NoOp|NoOp@NoOp|NoOp@NoOp
187031750:NoOp@NoOp|Move(W)@Move(W)|NoOp@NoOp|NoOp@NoOp|NoOp@NoOp|NoOp@NoOp|NoOp@NoOp|NoOp@NoOp|NoOp@NoOp|NoOp@NoOp
187042209:NoOp@NoOp|Move(W)@Move(W)|NoOp@NoOp|NoOp@NoOp|NoOp@NoOp|NoOp@NoOp|NoOp@NoOp|NoOp@NoOp|NoOp@NoOp|NoOp@NoOp
187057584:NoOp@NoOp|Move(S)@Move(S)|NoOp@NoOp|NoOp@NoOp|NoOp@NoOp|NoOp@NoOp|NoOp@NoOp|NoOp@NoOp|NoOp@NoOp|NoOp@NoOp
187069417:NoOp@NoOp|Move(S)@Move(S)|NoOp@NoOp|NoOp@NoOp|NoOp@NoOp|NoOp@NoOp|NoOp@NoOp|NoOp@NoOp|NoOp@NoOp|NoOp@NoOp
187083209:NoOp@NoOp|Move(S)@Move(S)|NoOp@NoOp|NoOp@NoOp|NoOp@NoOp|NoOp@NoOp|NoOp@NoOp|NoOp@NoOp|NoOp@NoOp|NoOp@NoOp
187095209:NoOp@NoOp|Move(W)@Move(W)|NoOp@NoOp|NoOp@NoOp|NoOp@NoOp|NoOp@NoOp|NoOp@NoOp|NoOp@NoOp|NoOp@NoOp|NoOp@NoOp
187107750:NoOp@NoOp|Move(W)@Move(W)|NoOp@NoOp|NoOp@NoOp|NoOp@NoOp|NoOp@NoOp|NoOp@NoOp|NoOp@NoOp|NoOp@NoOp|NoOp@NoOp
187118959:NoOp@NoOp|Move(W)@Move(W)|NoOp@NoOp|NoOp@NoOp|NoOp@NoOp|NoOp@NoOp|NoOp@NoOp|NoOp@NoOp|NoOp@NoOp|NoOp@NoOp
187136084:NoOp@NoOp|Move(W)@Move(W)|NoOp@NoOp|NoOp@NoOp|NoOp@NoOp|NoOp@NoOp|NoOp@NoOp|NoOp@NoOp|NoOp@NoOp|NoOp@NoOp
187148167:NoOp@NoOp|Move(W)@Move(W)|NoOp@NoOp|NoOp@NoOp|NoOp@NoOp|NoOp@NoOp|NoOp@NoOp|NoOp@NoOp|NoOp@NoOp|NoOp@NoOp
187160459:NoOp@NoOp|Move(W)@Move(W)|NoOp@NoOp|NoOp@NoOp|NoOp@NoOp|NoOp@NoOp|NoOp@NoOp|NoOp@NoOp|NoOp@NoOp|NoOp@NoOp
187173334:NoOp@NoOp|Move(W)@Move(W)|NoOp@NoOp|NoOp@NoOp|NoOp@NoOp|NoOp@NoOp|NoOp@NoOp|NoOp@NoOp|NoOp@NoOp|NoOp@NoOp
187186375:NoOp@NoOp|Move(W)@Move(W)|NoOp@NoOp|NoOp@NoOp|NoOp@NoOp|NoOp@NoOp|NoOp@NoOp|NoOp@NoOp|NoOp@NoOp|NoOp@NoOp
187198417:NoOp@NoOp|Move(W)@Move(W)|NoOp@NoOp|NoOp@NoOp|NoOp@NoOp|NoOp@NoOp|NoOp@NoOp|NoOp@NoOp|NoOp@NoOp|NoOp@NoOp
187213334:NoOp@NoOp|Move(W)@Move(W)|NoOp@NoOp|NoOp@NoOp|NoOp@NoOp|NoOp@NoOp|NoOp@NoOp|NoOp@NoOp|NoOp@NoOp|NoOp@NoOp
187230459:NoOp@NoOp|Move(W)@Move(W)|NoOp@NoOp|NoOp@NoOp|NoOp@NoOp|NoOp@NoOp|NoOp@NoOp|NoOp@NoOp|NoOp@NoOp|NoOp@NoOp
187241834:NoOp@NoOp|Move(W)@Move(W)|NoOp@NoOp|NoOp@NoOp|NoOp@NoOp|NoOp@NoOp|NoOp@NoOp|NoOp@NoOp|NoOp@NoOp|NoOp@NoOp
187252375:NoOp@NoOp|Move(W)@Move(W)|NoOp@NoOp|NoOp@NoOp|NoOp@NoOp|NoOp@NoOp|NoOp@NoOp|NoOp@NoOp|NoOp@NoOp|NoOp@NoOp
187264042:NoOp@NoOp|Move(W)@Move(W)|NoOp@NoOp|NoOp@NoOp|NoOp@NoOp|NoOp@NoOp|NoOp@NoOp|NoOp@NoOp|NoOp@NoOp|NoOp@NoOp
187277209:NoOp@NoOp|Move(W)@Move(W)|NoOp@NoOp|NoOp@NoOp|NoOp@NoOp|NoOp@NoOp|NoOp@NoOp|NoOp@NoOp|NoOp@NoOp|NoOp@NoOp
187289917:NoOp@NoOp|Move(W)@Move(W)|NoOp@NoOp|NoOp@NoOp|NoOp@NoOp|NoOp@NoOp|NoOp@NoOp|NoOp@NoOp|NoOp@NoOp|NoOp@NoOp
187302834:NoOp@NoOp|Move(W)@Move(W)|NoOp@NoOp|NoOp@NoOp|NoOp@NoOp|NoOp@NoOp|NoOp@NoOp|NoOp@NoOp|NoOp@NoOp|NoOp@NoOp
187315125:NoOp@NoOp|Move(W)@Move(W)|NoOp@NoOp|NoOp@NoOp|NoOp@NoOp|NoOp@NoOp|NoOp@NoOp|NoOp@NoOp|NoOp@NoOp|NoOp@NoOp
187327084:NoOp@NoOp|Move(N)@Move(N)|NoOp@NoOp|NoOp@NoOp|NoOp@NoOp|NoOp@NoOp|NoOp@NoOp|NoOp@NoOp|NoOp@NoOp|NoOp@NoOp
187340792:NoOp@NoOp|Move(W)@Move(W)|NoOp@NoOp|NoOp@NoOp|NoOp@NoOp|NoOp@NoOp|NoOp@NoOp|NoOp@NoOp|NoOp@NoOp|NoOp@NoOp
187351875:NoOp@NoOp|Move(W)@Move(W)|NoOp@NoOp|NoOp@NoOp|NoOp@NoOp|NoOp@NoOp|NoOp@NoOp|NoOp@NoOp|NoOp@NoOp|NoOp@NoOp
187366917:NoOp@NoOp|Move(W)@Move(W)|NoOp@NoOp|NoOp@NoOp|NoOp@NoOp|NoOp@NoOp|NoOp@NoOp|NoOp@NoOp|NoOp@NoOp|NoOp@NoOp
187384375:NoOp@NoOp|NoOp@NoOp|Move(E)@Move(E)|NoOp@NoOp|NoOp@NoOp|NoOp@NoOp|NoOp@NoOp|NoOp@NoOp|NoOp@NoOp|NoOp@NoOp
187397167:NoOp@NoOp|NoOp@NoOp|Move(E)@Move(E)|NoOp@NoOp|NoOp@NoOp|NoOp@NoOp|NoOp@NoOp|NoOp@NoOp|NoOp@NoOp|NoOp@NoOp
187410084:NoOp@NoOp|NoOp@NoOp|Move(N)@Move(N)|NoOp@NoOp|NoOp@NoOp|NoOp@NoOp|NoOp@NoOp|NoOp@NoOp|NoOp@NoOp|NoOp@NoOp
187421709:NoOp@NoOp|NoOp@NoOp|Move(N)@Move(N)|NoOp@NoOp|NoOp@NoOp|NoOp@NoOp|NoOp@NoOp|NoOp@NoOp|NoOp@NoOp|NoOp@NoOp
187432959:NoOp@NoOp|NoOp@NoOp|Move(E)@Move(E)|NoOp@NoOp|NoOp@NoOp|NoOp@NoOp|NoOp@NoOp|NoOp@NoOp|NoOp@NoOp|NoOp@NoOp
187446750:NoOp@NoOp|NoOp@NoOp|Move(E)@Move(E)|NoOp@NoOp|NoOp@NoOp|NoOp@NoOp|NoOp@NoOp|NoOp@NoOp|NoOp@NoOp|NoOp@NoOp
187467667:NoOp@NoOp|NoOp@NoOp|Move(S)@Move(S)|NoOp@NoOp|NoOp@NoOp|NoOp@NoOp|NoOp@NoOp|NoOp@NoOp|NoOp@NoOp|NoOp@NoOp
187479917:NoOp@NoOp|NoOp@NoOp|Move(S)@Move(S)|NoOp@NoOp|NoOp@NoOp|NoOp@NoOp|NoOp@NoOp|NoOp@NoOp|NoOp@NoOp|NoOp@NoOp
187490750:NoOp@NoOp|NoOp@NoOp|Move(S)@Move(S)|NoOp@NoOp|NoOp@NoOp|NoOp@NoOp|NoOp@NoOp|NoOp@NoOp|NoOp@NoOp|NoOp@NoOp
187501250:NoOp@NoOp|NoOp@NoOp|Move(S)@Move(S)|NoOp@NoOp|NoOp@NoOp|NoOp@NoOp|NoOp@NoOp|NoOp@NoOp|NoOp@NoOp|NoOp@NoOp
187511917:NoOp@NoOp|NoOp@NoOp|Move(S)@Move(S)|NoOp@NoOp|NoOp@NoOp|NoOp@NoOp|NoOp@NoOp|NoOp@NoOp|NoOp@NoOp|NoOp@NoOp
187522417:NoOp@NoOp|NoOp@NoOp|Move(S)@Move(S)|NoOp@NoOp|NoOp@NoOp|NoOp@NoOp|NoOp@NoOp|NoOp@NoOp|NoOp@NoOp|NoOp@NoOp
187538500:NoOp@NoOp|NoOp@NoOp|Move(S)@Move(S)|NoOp@NoOp|NoOp@NoOp|NoOp@NoOp|NoOp@NoOp|NoOp@NoOp|NoOp@NoOp|NoOp@NoOp
187550250:NoOp@NoOp|NoOp@NoOp|Move(S)@Move(S)|NoOp@NoOp|NoOp@NoOp|NoOp@NoOp|NoOp@NoOp|NoOp@NoOp|NoOp@NoOp|NoOp@NoOp
187560667:NoOp@NoOp|NoOp@NoOp|Move(S)@Move(S)|NoOp@NoOp|NoOp@NoOp|NoOp@NoOp|NoOp@NoOp|NoOp@NoOp|NoOp@NoOp|NoOp@NoOp
187574459:NoOp@NoOp|NoOp@NoOp|Move(S)@Move(S)|NoOp@NoOp|NoOp@NoOp|NoOp@NoOp|NoOp@NoOp|NoOp@NoOp|NoOp@NoOp|NoOp@NoOp
187585209:NoOp@NoOp|NoOp@NoOp|Move(S)@Move(S)|NoOp@NoOp|NoOp@NoOp|NoOp@NoOp|NoOp@NoOp|NoOp@NoOp|NoOp@NoOp|NoOp@NoOp
187595209:NoOp@NoOp|NoOp@NoOp|Move(S)@Move(S)|NoOp@NoOp|NoOp@NoOp|NoOp@NoOp|NoOp@NoOp|NoOp@NoOp|NoOp@NoOp|NoOp@NoOp
187606167:NoOp@NoOp|NoOp@NoOp|Move(S)@Move(S)|NoOp@NoOp|NoOp@NoOp|NoOp@NoOp|NoOp@NoOp|NoOp@NoOp|NoOp@NoOp|NoOp@NoOp
187620667:NoOp@NoOp|NoOp@NoOp|Move(W)@Move(W)|NoOp@NoOp|NoOp@NoOp|NoOp@NoOp|NoOp@NoOp|NoOp@NoOp|NoOp@NoOp|NoOp@NoOp
187631292:NoOp@NoOp|NoOp@NoOp|Move(W)@Move(W)|NoOp@NoOp|NoOp@NoOp|NoOp@NoOp|NoOp@NoOp|NoOp@NoOp|NoOp@NoOp|NoOp@NoOp
187642250:NoOp@NoOp|NoOp@NoOp|Move(N)@Move(N)|NoOp@NoOp|NoOp@NoOp|NoOp@NoOp|NoOp@NoOp|NoOp@NoOp|NoOp@NoOp|NoOp@NoOp
187653417:NoOp@NoOp|NoOp@NoOp|Move(W)@Move(W)|NoOp@NoOp|NoOp@NoOp|NoOp@NoOp|NoOp@NoOp|NoOp@NoOp|NoOp@NoOp|NoOp@NoOp
187665417:NoOp@NoOp|NoOp@NoOp|NoOp@NoOp|NoOp@NoOp|NoOp@NoOp|NoOp@NoOp|NoOp@NoOp|Move(N)@Move(N)|NoOp@NoOp|NoOp@NoOp
187676584:NoOp@NoOp|NoOp@NoOp|NoOp@NoOp|NoOp@NoOp|NoOp@NoOp|NoOp@NoOp|NoOp@NoOp|Move(E)@Move(E)|NoOp@NoOp|NoOp@NoOp
187689667:NoOp@NoOp|NoOp@NoOp|NoOp@NoOp|NoOp@NoOp|NoOp@NoOp|NoOp@NoOp|NoOp@NoOp|Move(E)@Move(E)|NoOp@NoOp|NoOp@NoOp
187701167:NoOp@NoOp|NoOp@NoOp|NoOp@NoOp|NoOp@NoOp|NoOp@NoOp|NoOp@NoOp|NoOp@NoOp|Move(N)@Move(N)|NoOp@NoOp|NoOp@NoOp
187716792:NoOp@NoOp|NoOp@NoOp|NoOp@NoOp|NoOp@NoOp|NoOp@NoOp|NoOp@NoOp|NoOp@NoOp|Move(N)@Move(N)|NoOp@NoOp|NoOp@NoOp
187735625:NoOp@NoOp|NoOp@NoOp|NoOp@NoOp|NoOp@NoOp|NoOp@NoOp|NoOp@NoOp|NoOp@NoOp|Move(N)@Move(N)|NoOp@NoOp|NoOp@NoOp
187746292:NoOp@NoOp|NoOp@NoOp|NoOp@NoOp|NoOp@NoOp|NoOp@NoOp|NoOp@NoOp|NoOp@NoOp|Move(N)@Move(N)|NoOp@NoOp|NoOp@NoOp
187757334:NoOp@NoOp|NoOp@NoOp|NoOp@NoOp|NoOp@NoOp|NoOp@NoOp|NoOp@NoOp|NoOp@NoOp|Move(N)@Move(N)|NoOp@NoOp|NoOp@NoOp
187770625:NoOp@NoOp|NoOp@NoOp|NoOp@NoOp|NoOp@NoOp|NoOp@NoOp|NoOp@NoOp|NoOp@NoOp|Move(N)@Move(N)|NoOp@NoOp|NoOp@NoOp
187781709:NoOp@NoOp|NoOp@NoOp|NoOp@NoOp|NoOp@NoOp|NoOp@NoOp|NoOp@NoOp|NoOp@NoOp|Move(N)@Move(N)|NoOp@NoOp|NoOp@NoOp
187792834:NoOp@NoOp|NoOp@NoOp|NoOp@NoOp|NoOp@NoOp|NoOp@NoOp|NoOp@NoOp|NoOp@NoOp|Move(N)@Move(N)|NoOp@NoOp|NoOp@NoOp
187803250:NoOp@NoOp|NoOp@NoOp|NoOp@NoOp|NoOp@NoOp|NoOp@NoOp|NoOp@NoOp|NoOp@NoOp|Move(W)@Move(W)|NoOp@NoOp|NoOp@NoOp
187813834:NoOp@NoOp|NoOp@NoOp|NoOp@NoOp|NoOp@NoOp|NoOp@NoOp|NoOp@NoOp|NoOp@NoOp|Move(W)@Move(W)|NoOp@NoOp|NoOp@NoOp
187824250:NoOp@NoOp|NoOp@NoOp|NoOp@NoOp|NoOp@NoOp|NoOp@NoOp|NoOp@NoOp|NoOp@NoOp|Move(W)@Move(W)|NoOp@NoOp|NoOp@NoOp
187841542:NoOp@NoOp|NoOp@NoOp|NoOp@NoOp|NoOp@NoOp|NoOp@NoOp|NoOp@NoOp|NoOp@NoOp|Move(W)@Move(W)|NoOp@NoOp|NoOp@NoOp
187859542:NoOp@NoOp|NoOp@NoOp|NoOp@NoOp|NoOp@NoOp|NoOp@NoOp|NoOp@NoOp|NoOp@NoOp|Move(W)@Move(W)|NoOp@NoOp|NoOp@NoOp
187870375:NoOp@NoOp|NoOp@NoOp|NoOp@NoOp|NoOp@NoOp|NoOp@NoOp|NoOp@NoOp|NoOp@NoOp|Move(W)@Move(W)|NoOp@NoOp|NoOp@NoOp
187881792:NoOp@NoOp|NoOp@NoOp|NoOp@NoOp|NoOp@NoOp|NoOp@NoOp|NoOp@NoOp|NoOp@NoOp|Move(W)@Move(W)|NoOp@NoOp|NoOp@NoOp
187892875:NoOp@NoOp|NoOp@NoOp|NoOp@NoOp|NoOp@NoOp|NoOp@NoOp|NoOp@NoOp|NoOp@NoOp|Move(W)@Move(W)|NoOp@NoOp|NoOp@NoOp
187903875:NoOp@NoOp|NoOp@NoOp|NoOp@NoOp|NoOp@NoOp|NoOp@NoOp|NoOp@NoOp|NoOp@NoOp|Move(S)@Move(S)|NoOp@NoOp|NoOp@NoOp
187920125:NoOp@NoOp|NoOp@NoOp|NoOp@NoOp|NoOp@NoOp|NoOp@NoOp|NoOp@NoOp|NoOp@NoOp|Move(S)@Move(S)|NoOp@NoOp|NoOp@NoOp
187931709:NoOp@NoOp|NoOp@NoOp|NoOp@NoOp|NoOp@NoOp|NoOp@NoOp|NoOp@NoOp|NoOp@NoOp|Move(S)@Move(S)|NoOp@NoOp|NoOp@NoOp
187942792:NoOp@NoOp|NoOp@NoOp|NoOp@NoOp|NoOp@NoOp|NoOp@NoOp|NoOp@NoOp|NoOp@NoOp|Move(S)@Move(S)|NoOp@NoOp|NoOp@NoOp
187958542:NoOp@NoOp|NoOp@NoOp|NoOp@NoOp|NoOp@NoOp|NoOp@NoOp|NoOp@NoOp|NoOp@NoOp|Move(S)@Move(S)|NoOp@NoOp|NoOp@NoOp
187971834:NoOp@NoOp|NoOp@NoOp|NoOp@NoOp|NoOp@NoOp|NoOp@NoOp|NoOp@NoOp|NoOp@NoOp|Move(S)@Move(S)|NoOp@NoOp|NoOp@NoOp
187982792:NoOp@NoOp|NoOp@NoOp|NoOp@NoOp|NoOp@NoOp|NoOp@NoOp|NoOp@NoOp|NoOp@NoOp|Move(W)@Move(W)|NoOp@NoOp|NoOp@NoOp
187993959:NoOp@NoOp|NoOp@NoOp|NoOp@NoOp|NoOp@NoOp|NoOp@NoOp|NoOp@NoOp|NoOp@NoOp|Move(W)@Move(W)|NoOp@NoOp|NoOp@NoOp
188009084:NoOp@NoOp|NoOp@NoOp|NoOp@NoOp|NoOp@NoOp|NoOp@NoOp|NoOp@NoOp|NoOp@NoOp|Move(W)@Move(W)|NoOp@NoOp|NoOp@NoOp
188020500:NoOp@NoOp|NoOp@NoOp|NoOp@NoOp|NoOp@NoOp|NoOp@NoOp|NoOp@NoOp|NoOp@NoOp|Move(W)@Move(W)|NoOp@NoOp|NoOp@NoOp
188030917:NoOp@NoOp|NoOp@NoOp|NoOp@NoOp|NoOp@NoOp|NoOp@NoOp|NoOp@NoOp|NoOp@NoOp|Move(W)@Move(W)|NoOp@NoOp|NoOp@NoOp
188041667:NoOp@NoOp|NoOp@NoOp|NoOp@NoOp|NoOp@NoOp|NoOp@NoOp|NoOp@NoOp|NoOp@NoOp|Move(W)@Move(W)|NoOp@NoOp|NoOp@NoOp
188053209:NoOp@NoOp|NoOp@NoOp|NoOp@NoOp|NoOp@NoOp|NoOp@NoOp|NoOp@NoOp|NoOp@NoOp|Move(W)@Move(W)|NoOp@NoOp|NoOp@NoOp
188063125:NoOp@NoOp|NoOp@NoOp|NoOp@NoOp|NoOp@NoOp|NoOp@NoOp|NoOp@NoOp|NoOp@NoOp|Move(W)@Move(W)|NoOp@NoOp|NoOp@NoOp
188080125:NoOp@NoOp|NoOp@NoOp|NoOp@NoOp|NoOp@NoOp|NoOp@NoOp|NoOp@NoOp|NoOp@NoOp|Move(W)@Move(W)|NoOp@NoOp|NoOp@NoOp
188092000:NoOp@NoOp|NoOp@NoOp|NoOp@NoOp|NoOp@NoOp|NoOp@NoOp|NoOp@NoOp|NoOp@NoOp|Move(S)@Move(S)|NoOp@NoOp|NoOp@NoOp
188105209:NoOp@NoOp|NoOp@NoOp|NoOp@NoOp|NoOp@NoOp|NoOp@NoOp|NoOp@NoOp|NoOp@NoOp|Move(S)@Move(S)|NoOp@NoOp|NoOp@NoOp
188118042:NoOp@NoOp|NoOp@NoOp|NoOp@NoOp|NoOp@NoOp|NoOp@NoOp|NoOp@NoOp|NoOp@NoOp|Move(S)@Move(S)|NoOp@NoOp|NoOp@NoOp
188129709:NoOp@NoOp|NoOp@NoOp|NoOp@NoOp|NoOp@NoOp|NoOp@NoOp|NoOp@NoOp|NoOp@NoOp|Move(W)@Move(W)|NoOp@NoOp|NoOp@NoOp
188140042:NoOp@NoOp|NoOp@NoOp|NoOp@NoOp|NoOp@NoOp|NoOp@NoOp|NoOp@NoOp|NoOp@NoOp|Move(W)@Move(W)|NoOp@NoOp|NoOp@NoOp
188166542:NoOp@NoOp|NoOp@NoOp|NoOp@NoOp|NoOp@NoOp|NoOp@NoOp|NoOp@NoOp|NoOp@NoOp|Move(W)@Move(W)|NoOp@NoOp|NoOp@NoOp
188180834:NoOp@NoOp|NoOp@NoOp|NoOp@NoOp|NoOp@NoOp|NoOp@NoOp|NoOp@NoOp|NoOp@NoOp|Move(W)@Move(W)|NoOp@NoOp|NoOp@NoOp
188191625:NoOp@NoOp|NoOp@NoOp|NoOp@NoOp|NoOp@NoOp|NoOp@NoOp|NoOp@NoOp|NoOp@NoOp|Move(W)@Move(W)|NoOp@NoOp|NoOp@NoOp
188203042:NoOp@NoOp|NoOp@NoOp|NoOp@NoOp|NoOp@NoOp|NoOp@NoOp|NoOp@NoOp|NoOp@NoOp|Move(W)@Move(W)|NoOp@NoOp|NoOp@NoOp
188213709:NoOp@NoOp|NoOp@NoOp|NoOp@NoOp|NoOp@NoOp|NoOp@NoOp|NoOp@NoOp|NoOp@NoOp|Move(W)@Move(W)|NoOp@NoOp|NoOp@NoOp
188224834:NoOp@NoOp|NoOp@NoOp|NoOp@NoOp|NoOp@NoOp|NoOp@NoOp|NoOp@NoOp|NoOp@NoOp|Move(W)@Move(W)|NoOp@NoOp|NoOp@NoOp
188240792:NoOp@NoOp|NoOp@NoOp|NoOp@NoOp|NoOp@NoOp|NoOp@NoOp|NoOp@NoOp|NoOp@NoOp|Move(W)@Move(W)|NoOp@NoOp|NoOp@NoOp
188251834:NoOp@NoOp|NoOp@NoOp|NoOp@NoOp|NoOp@NoOp|NoOp@NoOp|NoOp@NoOp|NoOp@NoOp|Move(W)@Move(W)|NoOp@NoOp|NoOp@NoOp
188261959:NoOp@NoOp|NoOp@NoOp|NoOp@NoOp|NoOp@NoOp|NoOp@NoOp|NoOp@NoOp|NoOp@NoOp|Move(W)@Move(W)|NoOp@NoOp|NoOp@NoOp
188275084:NoOp@NoOp|NoOp@NoOp|NoOp@NoOp|NoOp@NoOp|NoOp@NoOp|NoOp@NoOp|NoOp@NoOp|Move(W)@Move(W)|NoOp@NoOp|NoOp@NoOp
188288167:NoOp@NoOp|NoOp@NoOp|NoOp@NoOp|NoOp@NoOp|NoOp@NoOp|NoOp@NoOp|NoOp@NoOp|Move(W)@Move(W)|NoOp@NoOp|NoOp@NoOp
188299000:NoOp@NoOp|NoOp@NoOp|NoOp@NoOp|NoOp@NoOp|NoOp@NoOp|NoOp@NoOp|NoOp@NoOp|Move(W)@Move(W)|NoOp@NoOp|NoOp@NoOp
188312250:NoOp@NoOp|NoOp@NoOp|NoOp@NoOp|NoOp@NoOp|NoOp@NoOp|NoOp@NoOp|NoOp@NoOp|Move(W)@Move(W)|NoOp@NoOp|NoOp@NoOp
188324084:NoOp@NoOp|NoOp@NoOp|NoOp@NoOp|NoOp@NoOp|NoOp@NoOp|NoOp@NoOp|NoOp@NoOp|Move(W)@Move(W)|NoOp@NoOp|NoOp@NoOp
188334667:NoOp@NoOp|NoOp@NoOp|NoOp@NoOp|NoOp@NoOp|NoOp@NoOp|NoOp@NoOp|NoOp@NoOp|Move(W)@Move(W)|NoOp@NoOp|NoOp@NoOp
188344875:NoOp@NoOp|NoOp@NoOp|NoOp@NoOp|NoOp@NoOp|NoOp@NoOp|NoOp@NoOp|NoOp@NoOp|Move(W)@Move(W)|NoOp@NoOp|NoOp@NoOp
188358125:NoOp@NoOp|NoOp@NoOp|NoOp@NoOp|NoOp@NoOp|NoOp@NoOp|NoOp@NoOp|NoOp@NoOp|Move(S)@Move(S)|NoOp@NoOp|NoOp@NoOp
188369250:NoOp@NoOp|NoOp@NoOp|NoOp@NoOp|NoOp@NoOp|NoOp@NoOp|NoOp@NoOp|NoOp@NoOp|Move(W)@Move(W)|NoOp@NoOp|NoOp@NoOp
188380042:NoOp@NoOp|NoOp@NoOp|NoOp@NoOp|NoOp@NoOp|NoOp@NoOp|NoOp@NoOp|NoOp@NoOp|Move(W)@Move(W)|NoOp@NoOp|NoOp@NoOp
188394792:NoOp@NoOp|NoOp@NoOp|NoOp@NoOp|NoOp@NoOp|NoOp@NoOp|NoOp@NoOp|NoOp@NoOp|Move(W)@Move(W)|NoOp@NoOp|NoOp@NoOp
188405250:NoOp@NoOp|NoOp@NoOp|NoOp@NoOp|NoOp@NoOp|NoOp@NoOp|NoOp@NoOp|NoOp@NoOp|NoOp@NoOp|Move(W)@Move(W)|NoOp@NoOp
188415625:NoOp@NoOp|NoOp@NoOp|NoOp@NoOp|NoOp@NoOp|NoOp@NoOp|NoOp@NoOp|NoOp@NoOp|NoOp@NoOp|Move(W)@Move(W)|NoOp@NoOp
188426209:NoOp@NoOp|NoOp@NoOp|NoOp@NoOp|NoOp@NoOp|NoOp@NoOp|NoOp@NoOp|NoOp@NoOp|NoOp@NoOp|Move(W)@Move(W)|NoOp@NoOp
188438209:NoOp@NoOp|NoOp@NoOp|NoOp@NoOp|NoOp@NoOp|NoOp@NoOp|NoOp@NoOp|NoOp@NoOp|NoOp@NoOp|Move(W)@Move(W)|NoOp@NoOp
188451834:NoOp@NoOp|NoOp@NoOp|NoOp@NoOp|NoOp@NoOp|NoOp@NoOp|NoOp@NoOp|NoOp@NoOp|NoOp@NoOp|Move(W)@Move(W)|NoOp@NoOp
188465417:NoOp@NoOp|NoOp@NoOp|NoOp@NoOp|NoOp@NoOp|NoOp@NoOp|NoOp@NoOp|NoOp@NoOp|NoOp@NoOp|Move(W)@Move(W)|NoOp@NoOp
188476375:NoOp@NoOp|NoOp@NoOp|NoOp@NoOp|NoOp@NoOp|NoOp@NoOp|NoOp@NoOp|NoOp@NoOp|NoOp@NoOp|Move(S)@Move(S)|NoOp@NoOp
188487000:NoOp@NoOp|NoOp@NoOp|NoOp@NoOp|NoOp@NoOp|NoOp@NoOp|NoOp@NoOp|NoOp@NoOp|NoOp@NoOp|Move(S)@Move(S)|NoOp@NoOp
188498834:NoOp@NoOp|NoOp@NoOp|NoOp@NoOp|NoOp@NoOp|NoOp@NoOp|NoOp@NoOp|NoOp@NoOp|NoOp@NoOp|Move(S)@Move(S)|NoOp@NoOp
188509625:NoOp@NoOp|NoOp@NoOp|NoOp@NoOp|NoOp@NoOp|NoOp@NoOp|NoOp@NoOp|NoOp@NoOp|NoOp@NoOp|Move(S)@Move(S)|NoOp@NoOp
188521542:NoOp@NoOp|NoOp@NoOp|NoOp@NoOp|NoOp@NoOp|NoOp@NoOp|NoOp@NoOp|NoOp@NoOp|NoOp@NoOp|Move(S)@Move(S)|NoOp@NoOp
188537417:NoOp@NoOp|NoOp@NoOp|NoOp@NoOp|NoOp@NoOp|NoOp@NoOp|NoOp@NoOp|NoOp@NoOp|NoOp@NoOp|Move(S)@Move(S)|NoOp@NoOp
188547917:NoOp@NoOp|NoOp@NoOp|NoOp@NoOp|NoOp@NoOp|NoOp@NoOp|NoOp@NoOp|NoOp@NoOp|NoOp@NoOp|Move(S)@Move(S)|NoOp@NoOp
188559000:NoOp@NoOp|NoOp@NoOp|NoOp@NoOp|NoOp@NoOp|NoOp@NoOp|NoOp@NoOp|NoOp@NoOp|NoOp@NoOp|Move(S)@Move(S)|NoOp@NoOp
188569250:NoOp@NoOp|NoOp@NoOp|NoOp@NoOp|NoOp@NoOp|NoOp@NoOp|NoOp@NoOp|NoOp@NoOp|NoOp@NoOp|Move(S)@Move(S)|NoOp@NoOp
188581084:NoOp@NoOp|NoOp@NoOp|NoOp@NoOp|NoOp@NoOp|NoOp@NoOp|NoOp@NoOp|NoOp@NoOp|NoOp@NoOp|Move(S)@Move(S)|NoOp@NoOp
188591292:NoOp@NoOp|NoOp@NoOp|NoOp@NoOp|NoOp@NoOp|NoOp@NoOp|NoOp@NoOp|NoOp@NoOp|NoOp@NoOp|Move(S)@Move(S)|NoOp@NoOp
188605292:NoOp@NoOp|NoOp@NoOp|NoOp@NoOp|NoOp@NoOp|NoOp@NoOp|NoOp@NoOp|NoOp@NoOp|NoOp@NoOp|Move(S)@Move(S)|NoOp@NoOp
188616250:NoOp@NoOp|NoOp@NoOp|NoOp@NoOp|NoOp@NoOp|NoOp@NoOp|NoOp@NoOp|NoOp@NoOp|NoOp@NoOp|Move(S)@Move(S)|NoOp@NoOp
188626709:NoOp@NoOp|NoOp@NoOp|NoOp@NoOp|NoOp@NoOp|NoOp@NoOp|NoOp@NoOp|NoOp@NoOp|NoOp@NoOp|Move(S)@Move(S)|NoOp@NoOp
188637084:NoOp@NoOp|NoOp@NoOp|NoOp@NoOp|NoOp@NoOp|NoOp@NoOp|NoOp@NoOp|NoOp@NoOp|NoOp@NoOp|Move(S)@Move(S)|NoOp@NoOp
188647500:NoOp@NoOp|NoOp@NoOp|NoOp@NoOp|NoOp@NoOp|NoOp@NoOp|NoOp@NoOp|NoOp@NoOp|NoOp@NoOp|Move(S)@Move(S)|NoOp@NoOp
188658167:NoOp@NoOp|NoOp@NoOp|NoOp@NoOp|NoOp@NoOp|NoOp@NoOp|NoOp@NoOp|NoOp@NoOp|NoOp@NoOp|Move(S)@Move(S)|NoOp@NoOp
188674292:NoOp@NoOp|NoOp@NoOp|NoOp@NoOp|NoOp@NoOp|NoOp@NoOp|NoOp@NoOp|NoOp@NoOp|NoOp@NoOp|Move(W)@Move(W)|NoOp@NoOp
188685209:NoOp@NoOp|NoOp@NoOp|NoOp@NoOp|NoOp@NoOp|NoOp@NoOp|NoOp@NoOp|NoOp@NoOp|NoOp@NoOp|Move(W)@Move(W)|NoOp@NoOp
188695709:NoOp@NoOp|NoOp@NoOp|NoOp@NoOp|NoOp@NoOp|NoOp@NoOp|NoOp@NoOp|NoOp@NoOp|NoOp@NoOp|Move(W)@Move(W)|NoOp@NoOp
188705959:NoOp@NoOp|NoOp@NoOp|NoOp@NoOp|NoOp@NoOp|NoOp@NoOp|NoOp@NoOp|NoOp@NoOp|NoOp@NoOp|Move(W)@Move(W)|NoOp@NoOp
188720709:NoOp@NoOp|NoOp@NoOp|NoOp@NoOp|NoOp@NoOp|NoOp@NoOp|NoOp@NoOp|NoOp@NoOp|NoOp@NoOp|Move(W)@Move(W)|NoOp@NoOp
188732500:NoOp@NoOp|NoOp@NoOp|NoOp@NoOp|NoOp@NoOp|NoOp@NoOp|NoOp@NoOp|NoOp@NoOp|NoOp@NoOp|Move(W)@Move(W)|NoOp@NoOp
188745750:NoOp@NoOp|NoOp@NoOp|NoOp@NoOp|NoOp@NoOp|NoOp@NoOp|NoOp@NoOp|NoOp@NoOp|NoOp@NoOp|Move(W)@Move(W)|NoOp@NoOp
188761125:NoOp@NoOp|NoOp@NoOp|NoOp@NoOp|NoOp@NoOp|NoOp@NoOp|NoOp@NoOp|NoOp@NoOp|NoOp@NoOp|Move(W)@Move(W)|NoOp@NoOp
188772000:NoOp@NoOp|NoOp@NoOp|NoOp@NoOp|NoOp@NoOp|NoOp@NoOp|NoOp@NoOp|NoOp@NoOp|NoOp@NoOp|Move(W)@Move(W)|NoOp@NoOp
188782750:NoOp@NoOp|NoOp@NoOp|NoOp@NoOp|NoOp@NoOp|NoOp@NoOp|NoOp@NoOp|NoOp@NoOp|NoOp@NoOp|Move(S)@Move(S)|NoOp@NoOp
188793334:NoOp@NoOp|NoOp@NoOp|NoOp@NoOp|NoOp@NoOp|NoOp@NoOp|NoOp@NoOp|NoOp@NoOp|NoOp@NoOp|Move(S)@Move(S)|NoOp@NoOp
188803959:NoOp@NoOp|NoOp@NoOp|NoOp@NoOp|NoOp@NoOp|NoOp@NoOp|NoOp@NoOp|NoOp@NoOp|NoOp@NoOp|Move(S)@Move(S)|NoOp@NoOp
188814459:NoOp@NoOp|NoOp@NoOp|NoOp@NoOp|NoOp@NoOp|NoOp@NoOp|NoOp@NoOp|NoOp@NoOp|NoOp@NoOp|Move(W)@Move(W)|NoOp@NoOp
188828792:NoOp@NoOp|NoOp@NoOp|NoOp@NoOp|NoOp@NoOp|NoOp@NoOp|NoOp@NoOp|NoOp@NoOp|NoOp@NoOp|Move(W)@Move(W)|NoOp@NoOp
188840042:NoOp@NoOp|NoOp@NoOp|NoOp@NoOp|NoOp@NoOp|NoOp@NoOp|NoOp@NoOp|NoOp@NoOp|NoOp@NoOp|Move(W)@Move(W)|NoOp@NoOp
188850500:NoOp@NoOp|NoOp@NoOp|NoOp@NoOp|NoOp@NoOp|NoOp@NoOp|NoOp@NoOp|NoOp@NoOp|NoOp@NoOp|Move(W)@Move(W)|NoOp@NoOp
188861084:NoOp@NoOp|NoOp@NoOp|NoOp@NoOp|NoOp@NoOp|NoOp@NoOp|NoOp@NoOp|NoOp@NoOp|NoOp@NoOp|Move(W)@Move(W)|NoOp@NoOp
188871834:NoOp@NoOp|NoOp@NoOp|NoOp@NoOp|NoOp@NoOp|NoOp@NoOp|NoOp@NoOp|NoOp@NoOp|NoOp@NoOp|Move(W)@Move(W)|NoOp@NoOp
188882000:NoOp@NoOp|NoOp@NoOp|NoOp@NoOp|NoOp@NoOp|NoOp@NoOp|NoOp@NoOp|NoOp@NoOp|NoOp@NoOp|Move(W)@Move(W)|NoOp@NoOp
188895500:NoOp@NoOp|NoOp@NoOp|NoOp@NoOp|NoOp@NoOp|NoOp@NoOp|NoOp@NoOp|NoOp@NoOp|NoOp@NoOp|Move(W)@Move(W)|NoOp@NoOp
188907417:NoOp@NoOp|NoOp@NoOp|NoOp@NoOp|NoOp@NoOp|NoOp@NoOp|NoOp@NoOp|NoOp@NoOp|NoOp@NoOp|Move(W)@Move(W)|NoOp@NoOp
188917959:NoOp@NoOp|NoOp@NoOp|NoOp@NoOp|NoOp@NoOp|NoOp@NoOp|NoOp@NoOp|NoOp@NoOp|NoOp@NoOp|Move(W)@Move(W)|NoOp@NoOp
188928125:NoOp@NoOp|NoOp@NoOp|NoOp@NoOp|NoOp@NoOp|NoOp@NoOp|NoOp@NoOp|NoOp@NoOp|NoOp@NoOp|Move(W)@Move(W)|NoOp@NoOp
188938084:NoOp@NoOp|NoOp@NoOp|NoOp@NoOp|NoOp@NoOp|NoOp@NoOp|NoOp@NoOp|NoOp@NoOp|NoOp@NoOp|Move(W)@Move(W)|NoOp@NoOp
188949584:NoOp@NoOp|NoOp@NoOp|NoOp@NoOp|NoOp@NoOp|NoOp@NoOp|NoOp@NoOp|NoOp@NoOp|NoOp@NoOp|Move(W)@Move(W)|NoOp@NoOp
188962417:NoOp@NoOp|NoOp@NoOp|NoOp@NoOp|NoOp@NoOp|NoOp@NoOp|NoOp@NoOp|NoOp@NoOp|NoOp@NoOp|Move(W)@Move(W)|NoOp@NoOp
188973334:NoOp@NoOp|NoOp@NoOp|NoOp@NoOp|NoOp@NoOp|NoOp@NoOp|NoOp@NoOp|NoOp@NoOp|NoOp@NoOp|Move(W)@Move(W)|NoOp@NoOp
188983792:NoOp@NoOp|NoOp@NoOp|NoOp@NoOp|NoOp@NoOp|NoOp@NoOp|NoOp@NoOp|NoOp@NoOp|NoOp@NoOp|Move(W)@Move(W)|NoOp@NoOp
188994250:NoOp@NoOp|NoOp@NoOp|NoOp@NoOp|NoOp@NoOp|NoOp@NoOp|NoOp@NoOp|NoOp@NoOp|NoOp@NoOp|Move(W)@Move(W)|NoOp@NoOp
189007000:NoOp@NoOp|NoOp@NoOp|NoOp@NoOp|NoOp@NoOp|NoOp@NoOp|NoOp@NoOp|NoOp@NoOp|NoOp@NoOp|Move(W)@Move(W)|NoOp@NoOp
189018209:NoOp@NoOp|NoOp@NoOp|NoOp@NoOp|NoOp@NoOp|NoOp@NoOp|NoOp@NoOp|NoOp@NoOp|NoOp@NoOp|Move(S)@Move(S)|NoOp@NoOp
189032042:NoOp@NoOp|NoOp@NoOp|NoOp@NoOp|NoOp@NoOp|NoOp@NoOp|NoOp@NoOp|NoOp@NoOp|NoOp@NoOp|Move(W)@Move(W)|NoOp@NoOp
189043042:NoOp@NoOp|NoOp@NoOp|NoOp@NoOp|Move(S)@Move(S)|NoOp@NoOp|NoOp@NoOp|NoOp@NoOp|NoOp@NoOp|NoOp@NoOp|NoOp@NoOp
189053250:NoOp@NoOp|NoOp@NoOp|NoOp@NoOp|Move(W)@Move(W)|NoOp@NoOp|NoOp@NoOp|NoOp@NoOp|NoOp@NoOp|NoOp@NoOp|NoOp@NoOp
189064584:NoOp@NoOp|NoOp@NoOp|NoOp@NoOp|Move(S)@Move(S)|NoOp@NoOp|NoOp@NoOp|NoOp@NoOp|NoOp@NoOp|NoOp@NoOp|NoOp@NoOp
189075667:NoOp@NoOp|NoOp@NoOp|NoOp@NoOp|Move(S)@Move(S)|NoOp@NoOp|NoOp@NoOp|NoOp@NoOp|NoOp@NoOp|NoOp@NoOp|NoOp@NoOp
189092167:NoOp@NoOp|NoOp@NoOp|NoOp@NoOp|Move(S)@Move(S)|NoOp@NoOp|NoOp@NoOp|NoOp@NoOp|NoOp@NoOp|NoOp@NoOp|NoOp@NoOp
189103917:NoOp@NoOp|NoOp@NoOp|NoOp@NoOp|Move(S)@Move(S)|NoOp@NoOp|NoOp@NoOp|NoOp@NoOp|NoOp@NoOp|NoOp@NoOp|NoOp@NoOp
189120417:NoOp@NoOp|NoOp@NoOp|NoOp@NoOp|Move(S)@Move(S)|NoOp@NoOp|NoOp@NoOp|NoOp@NoOp|NoOp@NoOp|NoOp@NoOp|NoOp@NoOp
189132292:NoOp@NoOp|NoOp@NoOp|NoOp@NoOp|Move(S)@Move(S)|NoOp@NoOp|NoOp@NoOp|NoOp@NoOp|NoOp@NoOp|NoOp@NoOp|NoOp@NoOp
189143209:NoOp@NoOp|NoOp@NoOp|NoOp@NoOp|Move(S)@Move(S)|NoOp@NoOp|NoOp@NoOp|NoOp@NoOp|NoOp@NoOp|NoOp@NoOp|NoOp@NoOp
189153500:NoOp@NoOp|NoOp@NoOp|NoOp@NoOp|Move(S)@Move(S)|NoOp@NoOp|NoOp@NoOp|NoOp@NoOp|NoOp@NoOp|NoOp@NoOp|NoOp@NoOp
189164125:NoOp@NoOp|NoOp@NoOp|NoOp@NoOp|Move(S)@Move(S)|NoOp@NoOp|NoOp@NoOp|NoOp@NoOp|NoOp@NoOp|NoOp@NoOp|NoOp@NoOp
189174834:NoOp@NoOp|NoOp@NoOp|NoOp@NoOp|Move(S)@Move(S)|NoOp@NoOp|NoOp@NoOp|NoOp@NoOp|NoOp@NoOp|NoOp@NoOp|NoOp@NoOp
189189209:NoOp@NoOp|NoOp@NoOp|NoOp@NoOp|Move(S)@Move(S)|NoOp@NoOp|NoOp@NoOp|NoOp@NoOp|NoOp@NoOp|NoOp@NoOp|NoOp@NoOp
189200167:NoOp@NoOp|NoOp@NoOp|NoOp@NoOp|Move(S)@Move(S)|NoOp@NoOp|NoOp@NoOp|NoOp@NoOp|NoOp@NoOp|NoOp@NoOp|NoOp@NoOp
189210750:NoOp@NoOp|NoOp@NoOp|NoOp@NoOp|Move(S)@Move(S)|NoOp@NoOp|NoOp@NoOp|NoOp@NoOp|NoOp@NoOp|NoOp@NoOp|NoOp@NoOp
189221209:NoOp@NoOp|NoOp@NoOp|NoOp@NoOp|Move(E)@Move(E)|NoOp@NoOp|NoOp@NoOp|NoOp@NoOp|NoOp@NoOp|NoOp@NoOp|NoOp@NoOp
189231834:NoOp@NoOp|NoOp@NoOp|NoOp@NoOp|Move(E)@Move(E)|NoOp@NoOp|NoOp@NoOp|NoOp@NoOp|NoOp@NoOp|NoOp@NoOp|NoOp@NoOp
189242042:NoOp@NoOp|NoOp@NoOp|NoOp@NoOp|NoOp@NoOp|Move(N)@Move(N)|NoOp@NoOp|NoOp@NoOp|NoOp@NoOp|NoOp@NoOp|NoOp@NoOp
189259500:NoOp@NoOp|NoOp@NoOp|NoOp@NoOp|NoOp@NoOp|Move(W)@Move(W)|NoOp@NoOp|NoOp@NoOp|NoOp@NoOp|NoOp@NoOp|NoOp@NoOp
189272292:NoOp@NoOp|NoOp@NoOp|NoOp@NoOp|NoOp@NoOp|Move(W)@Move(W)|NoOp@NoOp|NoOp@NoOp|NoOp@NoOp|NoOp@NoOp|NoOp@NoOp
189283542:NoOp@NoOp|NoOp@NoOp|NoOp@NoOp|NoOp@NoOp|Move(N)@Move(N)|NoOp@NoOp|NoOp@NoOp|NoOp@NoOp|NoOp@NoOp|NoOp@NoOp
189295167:NoOp@NoOp|NoOp@NoOp|NoOp@NoOp|NoOp@NoOp|Move(N)@Move(N)|NoOp@NoOp|NoOp@NoOp|NoOp@NoOp|NoOp@NoOp|NoOp@NoOp
189306125:NoOp@NoOp|NoOp@NoOp|NoOp@NoOp|NoOp@NoOp|Move(W)@Move(W)|NoOp@NoOp|NoOp@NoOp|NoOp@NoOp|NoOp@NoOp|NoOp@NoOp
189317542:NoOp@NoOp|NoOp@NoOp|NoOp@NoOp|NoOp@NoOp|Move(W)@Move(W)|NoOp@NoOp|NoOp@NoOp|NoOp@NoOp|NoOp@NoOp|NoOp@NoOp
189330750:NoOp@NoOp|NoOp@NoOp|NoOp@NoOp|NoOp@NoOp|Move(S)@Move(S)|NoOp@NoOp|NoOp@NoOp|NoOp@NoOp|NoOp@NoOp|NoOp@NoOp
189342042:NoOp@NoOp|NoOp@NoOp|NoOp@NoOp|NoOp@NoOp|Move(S)@Move(S)|NoOp@NoOp|NoOp@NoOp|NoOp@NoOp|NoOp@NoOp|NoOp@NoOp
189353209:NoOp@NoOp|NoOp@NoOp|NoOp@NoOp|NoOp@NoOp|Move(S)@Move(S)|NoOp@NoOp|NoOp@NoOp|NoOp@NoOp|NoOp@NoOp|NoOp@NoOp
189364250:NoOp@NoOp|NoOp@NoOp|NoOp@NoOp|NoOp@NoOp|Move(S)@Move(S)|NoOp@NoOp|NoOp@NoOp|NoOp@NoOp|NoOp@NoOp|NoOp@NoOp
189375917:NoOp@NoOp|NoOp@NoOp|NoOp@NoOp|NoOp@NoOp|Move(S)@Move(S)|NoOp@NoOp|NoOp@NoOp|NoOp@NoOp|NoOp@NoOp|NoOp@NoOp
189386375:NoOp@NoOp|NoOp@NoOp|NoOp@NoOp|NoOp@NoOp|Move(S)@Move(S)|NoOp@NoOp|NoOp@NoOp|NoOp@NoOp|NoOp@NoOp|NoOp@NoOp
189400292:NoOp@NoOp|NoOp@NoOp|NoOp@NoOp|NoOp@NoOp|Move(S)@Move(S)|NoOp@NoOp|NoOp@NoOp|NoOp@NoOp|NoOp@NoOp|NoOp@NoOp
189411209:NoOp@NoOp|NoOp@NoOp|NoOp@NoOp|NoOp@NoOp|Move(S)@Move(S)|NoOp@NoOp|NoOp@NoOp|NoOp@NoOp|NoOp@NoOp|NoOp@NoOp
189421667:NoOp@NoOp|NoOp@NoOp|NoOp@NoOp|NoOp@NoOp|Move(S)@Move(S)|NoOp@NoOp|NoOp@NoOp|NoOp@NoOp|NoOp@NoOp|NoOp@NoOp
189432334:NoOp@NoOp|NoOp@NoOp|NoOp@NoOp|NoOp@NoOp|Move(S)@Move(S)|NoOp@NoOp|NoOp@NoOp|NoOp@NoOp|NoOp@NoOp|NoOp@NoOp
189442750:NoOp@NoOp|NoOp@NoOp|NoOp@NoOp|NoOp@NoOp|Move(S)@Move(S)|NoOp@NoOp|NoOp@NoOp|NoOp@NoOp|NoOp@NoOp|NoOp@NoOp
189453417:NoOp@NoOp|NoOp@NoOp|NoOp@NoOp|NoOp@NoOp|Move(S)@Move(S)|NoOp@NoOp|NoOp@NoOp|NoOp@NoOp|NoOp@NoOp|NoOp@NoOp
189463625:NoOp@NoOp|NoOp@NoOp|NoOp@NoOp|NoOp@NoOp|Move(S)@Move(S)|NoOp@NoOp|NoOp@NoOp|NoOp@NoOp|NoOp@NoOp|NoOp@NoOp
189479792:NoOp@NoOp|NoOp@NoOp|NoOp@NoOp|NoOp@NoOp|Move(S)@Move(S)|NoOp@NoOp|NoOp@NoOp|NoOp@NoOp|NoOp@NoOp|NoOp@NoOp
189490250:NoOp@NoOp|NoOp@NoOp|NoOp@NoOp|NoOp@NoOp|Move(W)@Move(W)|NoOp@NoOp|NoOp@NoOp|NoOp@NoOp|NoOp@NoOp|NoOp@NoOp
189501000:NoOp@NoOp|NoOp@NoOp|NoOp@NoOp|NoOp@NoOp|Move(W)@Move(W)|NoOp@NoOp|NoOp@NoOp|NoOp@NoOp|NoOp@NoOp|NoOp@NoOp
189511542:NoOp@NoOp|NoOp@NoOp|NoOp@NoOp|NoOp@NoOp|Move(W)@Move(W)|NoOp@NoOp|NoOp@NoOp|NoOp@NoOp|NoOp@NoOp|NoOp@NoOp
189522834:NoOp@NoOp|NoOp@NoOp|NoOp@NoOp|NoOp@NoOp|Move(W)@Move(W)|NoOp@NoOp|NoOp@NoOp|NoOp@NoOp|NoOp@NoOp|NoOp@NoOp
189538334:NoOp@NoOp|NoOp@NoOp|NoOp@NoOp|NoOp@NoOp|Move(W)@Move(W)|NoOp@NoOp|NoOp@NoOp|NoOp@NoOp|NoOp@NoOp|NoOp@NoOp
189554500:NoOp@NoOp|NoOp@NoOp|NoOp@NoOp|NoOp@NoOp|Move(W)@Move(W)|NoOp@NoOp|NoOp@NoOp|NoOp@NoOp|NoOp@NoOp|NoOp@NoOp
189565667:NoOp@NoOp|NoOp@NoOp|NoOp@NoOp|NoOp@NoOp|Move(W)@Move(W)|NoOp@NoOp|NoOp@NoOp|NoOp@NoOp|NoOp@NoOp|NoOp@NoOp
189577375:NoOp@NoOp|NoOp@NoOp|NoOp@NoOp|NoOp@NoOp|Move(W)@Move(W)|NoOp@NoOp|NoOp@NoOp|NoOp@NoOp|NoOp@NoOp|NoOp@NoOp
189587875:NoOp@NoOp|NoOp@NoOp|NoOp@NoOp|NoOp@NoOp|Move(W)@Move(W)|NoOp@NoOp|NoOp@NoOp|NoOp@NoOp|NoOp@NoOp|NoOp@NoOp
189598625:NoOp@NoOp|NoOp@NoOp|NoOp@NoOp|NoOp@NoOp|Move(W)@Move(W)|NoOp@NoOp|NoOp@NoOp|NoOp@NoOp|NoOp@NoOp|NoOp@NoOp
189609709:NoOp@NoOp|NoOp@NoOp|NoOp@NoOp|NoOp@NoOp|Move(W)@Move(W)|NoOp@NoOp|NoOp@NoOp|NoOp@NoOp|NoOp@NoOp|NoOp@NoOp
189622875:NoOp@NoOp|NoOp@NoOp|NoOp@NoOp|NoOp@NoOp|Move(W)@Move(W)|NoOp@NoOp|NoOp@NoOp|NoOp@NoOp|NoOp@NoOp|NoOp@NoOp
189634625:NoOp@NoOp|NoOp@NoOp|NoOp@NoOp|NoOp@NoOp|Move(W)@Move(W)|NoOp@NoOp|NoOp@NoOp|NoOp@NoOp|NoOp@NoOp|NoOp@NoOp
189645042:NoOp@NoOp|NoOp@NoOp|NoOp@NoOp|NoOp@NoOp|Move(W)@Move(W)|NoOp@NoOp|NoOp@NoOp|NoOp@NoOp|NoOp@NoOp|NoOp@NoOp
189658792:NoOp@NoOp|NoOp@NoOp|NoOp@NoOp|NoOp@NoOp|Move(W)@Move(W)|NoOp@NoOp|NoOp@NoOp|NoOp@NoOp|NoOp@NoOp|NoOp@NoOp
189669000:NoOp@NoOp|NoOp@NoOp|NoOp@NoOp|NoOp@NoOp|Move(W)@Move(W)|NoOp@NoOp|NoOp@NoOp|NoOp@NoOp|NoOp@NoOp|NoOp@NoOp
189679375:NoOp@NoOp|NoOp@NoOp|NoOp@NoOp|NoOp@NoOp|Move(W)@Move(W)|NoOp@NoOp|NoOp@NoOp|NoOp@NoOp|NoOp@NoOp|NoOp@NoOp
189692292:NoOp@NoOp|NoOp@NoOp|NoOp@NoOp|NoOp@NoOp|Move(W)@Move(W)|NoOp@NoOp|NoOp@NoOp|NoOp@NoOp|NoOp@NoOp|NoOp@NoOp
189703750:NoOp@NoOp|NoOp@NoOp|NoOp@NoOp|NoOp@NoOp|NoOp@NoOp|Move(W)@Move(W)|NoOp@NoOp|NoOp@NoOp|NoOp@NoOp|NoOp@NoOp
189714417:NoOp@NoOp|NoOp@NoOp|NoOp@NoOp|NoOp@NoOp|NoOp@NoOp|Move(N)@Move(N)|NoOp@NoOp|NoOp@NoOp|NoOp@NoOp|NoOp@NoOp
189725167:NoOp@NoOp|NoOp@NoOp|NoOp@NoOp|NoOp@NoOp|Move(W)@Move(W)|NoOp@NoOp|NoOp@NoOp|NoOp@NoOp|NoOp@NoOp|NoOp@NoOp
189736584:NoOp@NoOp|NoOp@NoOp|NoOp@NoOp|NoOp@NoOp|Move(W)@Move(W)|NoOp@NoOp|NoOp@NoOp|NoOp@NoOp|NoOp@NoOp|NoOp@NoOp
189748209:NoOp@NoOp|NoOp@NoOp|NoOp@NoOp|NoOp@NoOp|Move(W)@Move(W)|NoOp@NoOp|NoOp@NoOp|NoOp@NoOp|NoOp@NoOp|NoOp@NoOp
189764125:NoOp@NoOp|NoOp@NoOp|NoOp@NoOp|NoOp@NoOp|NoOp@NoOp|Move(S)@Move(S)|NoOp@NoOp|NoOp@NoOp|NoOp@NoOp|NoOp@NoOp
189775250:NoOp@NoOp|NoOp@NoOp|NoOp@NoOp|NoOp@NoOp|NoOp@NoOp|Move(E)@Move(E)|NoOp@NoOp|NoOp@NoOp|NoOp@NoOp|NoOp@NoOp
#end
#solved
true
#numactions
1117
#time
189775250
#end
