#domain
hospital
#levelname
moveMAcat
#colors
red: 0,1,A
blue: 2,3,B
green: 4,5,C
cyan: 6,7,D
brown: X,8
orange: 9,E
#initial
++++++++++++++++++++++++++++++++++++++++++++
+8                                         +
+   1 A                              3 B   +
+   + +                              + +   +
+   + +             9                + +   +
+   + +                              + +   +
+   + +                              + +   +
+   XXXXXXXXXXXXXXXXXXXXXXXXXXXXXXXXXXXX   +
+   X                                  X   +
+   X   0 A          E           2 B   X   +
+   X   + +                      + +   X   +
+   X   + +                      + +   X   +
+   X   + +                      + +   X   +
+   X   + +                      + +   X   +
+   X   + +                      + +   X   +
+   X                                  X   +
+ ++X+++++++++++++        ++++++++++   X++ +
+   X   +                          +   X   +
+++ X   +        ++++++++++        +   X +++
+   X   +        +        +        +   X   +
+ ++X   +        +        +        +   X++ +
+   X   +        ++++++++++        +   X   +
+++ X   +                          +   X +++
+   X   ++++++++++        +++++++++++++X   +
+ ++X                                  X++ +
+   X   + +                      + +   X   +
+++ X   + +                      + +   X +++
+   X   + +                      + +   X   +
+ ++X   + +                      + +   X++ +
+   X   + +                      + +   X   +
+   X   4 C                      6 D   X   +
+   X                                  X   +
+   XXXXXXXXXXXXXXXXXXXXXXXXXXXXXXXXXXXX   +
+   + +                              + +   +
+   + +                              + +   +
+   + +                              + +   +
+   + +                              + +   +
+   + +                              + +   +
+   5 C                              7 D   +
+                                          +
++++++++++++++++++++++++++++++++++++++++++++
#goal
++++++++++++++++++++++++++++++++++++++++++++
+8                       9                 +
+   C 1                              D 3   +
+   + +                              + +   +
+   + +                              + +   +
+   + +                              + +   +
+   + +                              + +   +
+   X XXXXXXXXXXXXXXXXXXXXXXXXXXXXXXXXXX   +
+   X                                  X   +
+   X   C                        D     X   +
+   X   + +                      + +   X   +
+   X   + +                      + +   X   +
+   X   + +                      + +   X   +
+   X   + +                      + +   X   +
+   X   + +                      + +   X   +
+   X                                  X   +
+ ++X+++++++++++++        ++++++++++   X++ +
+   X   +2                        4+   X   +
+++ X   +        ++++++++++        +   X +++
+   X   +        +        +        +   X   +
+ ++X   +        +        +        +   X++ +
+   X   +        ++++++++++        +   X   +
+++ X   +6                        0+   X +++
+   X   ++++++++++        +++++++++++++X   +
+ ++X                                  X++ +
+   X   + +                      + +   X   +
+++ X   + +                      + +   X +++
+   X   + +           E          + +   X   +
+ ++X   + +                      + +   X++ +
+   X   + +                      + +   X   +
+   X   A                        B     X   +
+   X                                  X   +
+   XXXXXXXXXXXXXXXXXXXXXXXXXXXXXXXXXXXX   +
+   + +                              + +   +
+   + +                          X   + +   +
+   + +                              + +   +
+   + +                              + +   +
+   + +                              + +   +
+   A 5                              B 7   +
+                                          +
++++++++++++++++++++++++++++++++++++++++++++
#end
#clientname
Dracarys
#actions
3223338100:NoOp@NoOp|NoOp@NoOp|NoOp@NoOp|NoOp@NoOp|NoOp@NoOp|NoOp@NoOp|NoOp@NoOp|NoOp@NoOp|Move(E)@Move(E)|NoOp@NoOp
3223451500:NoOp@NoOp|NoOp@NoOp|NoOp@NoOp|NoOp@NoOp|NoOp@NoOp|NoOp@NoOp|NoOp@NoOp|NoOp@NoOp|Move(E)@Move(E)|NoOp@NoOp
3223569400:NoOp@NoOp|NoOp@NoOp|NoOp@NoOp|NoOp@NoOp|NoOp@NoOp|NoOp@NoOp|NoOp@NoOp|NoOp@NoOp|Move(E)@Move(E)|NoOp@NoOp
3223696600:NoOp@NoOp|NoOp@NoOp|NoOp@NoOp|NoOp@NoOp|NoOp@NoOp|NoOp@NoOp|NoOp@NoOp|NoOp@NoOp|Move(E)@Move(E)|NoOp@NoOp
3223765700:NoOp@NoOp|NoOp@NoOp|NoOp@NoOp|NoOp@NoOp|NoOp@NoOp|NoOp@NoOp|NoOp@NoOp|NoOp@NoOp|Move(E)@Move(E)|NoOp@NoOp
3223840700:NoOp@NoOp|NoOp@NoOp|NoOp@NoOp|NoOp@NoOp|NoOp@NoOp|NoOp@NoOp|NoOp@NoOp|NoOp@NoOp|Move(E)@Move(E)|NoOp@NoOp
3223911100:NoOp@NoOp|NoOp@NoOp|NoOp@NoOp|NoOp@NoOp|NoOp@NoOp|NoOp@NoOp|NoOp@NoOp|NoOp@NoOp|Move(S)@Move(S)|NoOp@NoOp
3224001000:NoOp@NoOp|NoOp@NoOp|NoOp@NoOp|NoOp@NoOp|NoOp@NoOp|NoOp@NoOp|NoOp@NoOp|NoOp@NoOp|Move(S)@Move(S)|NoOp@NoOp
3224076300:NoOp@NoOp|NoOp@NoOp|NoOp@NoOp|NoOp@NoOp|NoOp@NoOp|NoOp@NoOp|NoOp@NoOp|NoOp@NoOp|Move(S)@Move(S)|NoOp@NoOp
3224190800:NoOp@NoOp|NoOp@NoOp|NoOp@NoOp|NoOp@NoOp|NoOp@NoOp|NoOp@NoOp|NoOp@NoOp|NoOp@NoOp|Move(S)@Move(S)|NoOp@NoOp
3224273200:NoOp@NoOp|NoOp@NoOp|NoOp@NoOp|NoOp@NoOp|NoOp@NoOp|NoOp@NoOp|NoOp@NoOp|NoOp@NoOp|Move(S)@Move(S)|NoOp@NoOp
3224350300:NoOp@NoOp|NoOp@NoOp|NoOp@NoOp|NoOp@NoOp|NoOp@NoOp|NoOp@NoOp|NoOp@NoOp|NoOp@NoOp|Move(E)@Move(E)|NoOp@NoOp
3224424700:NoOp@NoOp|NoOp@NoOp|NoOp@NoOp|NoOp@NoOp|NoOp@NoOp|NoOp@NoOp|NoOp@NoOp|NoOp@NoOp|Move(E)@Move(E)|NoOp@NoOp
3224513400:NoOp@NoOp|NoOp@NoOp|NoOp@NoOp|NoOp@NoOp|NoOp@NoOp|NoOp@NoOp|NoOp@NoOp|NoOp@NoOp|Move(E)@Move(E)|NoOp@NoOp
3224598800:NoOp@NoOp|NoOp@NoOp|NoOp@NoOp|NoOp@NoOp|NoOp@NoOp|NoOp@NoOp|NoOp@NoOp|NoOp@NoOp|Move(E)@Move(E)|NoOp@NoOp
3224673000:NoOp@NoOp|NoOp@NoOp|NoOp@NoOp|NoOp@NoOp|NoOp@NoOp|NoOp@NoOp|NoOp@NoOp|NoOp@NoOp|Move(E)@Move(E)|NoOp@NoOp
3224751900:NoOp@NoOp|NoOp@NoOp|NoOp@NoOp|NoOp@NoOp|NoOp@NoOp|NoOp@NoOp|NoOp@NoOp|NoOp@NoOp|Move(E)@Move(E)|NoOp@NoOp
3224836900:NoOp@NoOp|NoOp@NoOp|NoOp@NoOp|NoOp@NoOp|NoOp@NoOp|NoOp@NoOp|NoOp@NoOp|NoOp@NoOp|Move(E)@Move(E)|NoOp@NoOp
3224929100:NoOp@NoOp|NoOp@NoOp|NoOp@NoOp|NoOp@NoOp|NoOp@NoOp|NoOp@NoOp|NoOp@NoOp|NoOp@NoOp|Move(E)@Move(E)|NoOp@NoOp
3225042600:NoOp@NoOp|NoOp@NoOp|NoOp@NoOp|NoOp@NoOp|NoOp@NoOp|NoOp@NoOp|NoOp@NoOp|NoOp@NoOp|Move(E)@Move(E)|NoOp@NoOp
3225134400:NoOp@NoOp|NoOp@NoOp|NoOp@NoOp|NoOp@NoOp|NoOp@NoOp|NoOp@NoOp|NoOp@NoOp|NoOp@NoOp|Move(E)@Move(E)|NoOp@NoOp
3225203400:NoOp@NoOp|NoOp@NoOp|NoOp@NoOp|NoOp@NoOp|NoOp@NoOp|NoOp@NoOp|NoOp@NoOp|NoOp@NoOp|Move(E)@Move(E)|NoOp@NoOp
3225275800:NoOp@NoOp|NoOp@NoOp|NoOp@NoOp|NoOp@NoOp|NoOp@NoOp|NoOp@NoOp|NoOp@NoOp|NoOp@NoOp|Move(E)@Move(E)|NoOp@NoOp
3225340900:NoOp@NoOp|NoOp@NoOp|NoOp@NoOp|NoOp@NoOp|NoOp@NoOp|NoOp@NoOp|NoOp@NoOp|NoOp@NoOp|Move(E)@Move(E)|NoOp@NoOp
3225446400:NoOp@NoOp|NoOp@NoOp|NoOp@NoOp|NoOp@NoOp|NoOp@NoOp|NoOp@NoOp|NoOp@NoOp|NoOp@NoOp|Pull(N,N)@Pull(N,N)|NoOp@NoOp
3225538600:NoOp@NoOp|NoOp@NoOp|NoOp@NoOp|NoOp@NoOp|NoOp@NoOp|NoOp@NoOp|NoOp@NoOp|NoOp@NoOp|Push(S,W)@Push(S,W)|NoOp@NoOp
3225604800:NoOp@NoOp|Move(N)@Move(N)|NoOp@NoOp|NoOp@NoOp|NoOp@NoOp|NoOp@NoOp|NoOp@NoOp|NoOp@NoOp|NoOp@NoOp|NoOp@NoOp
3225672000:NoOp@NoOp|Move(E)@Move(E)|NoOp@NoOp|NoOp@NoOp|NoOp@NoOp|NoOp@NoOp|NoOp@NoOp|NoOp@NoOp|NoOp@NoOp|NoOp@NoOp
3225736900:NoOp@NoOp|NoOp@NoOp|NoOp@NoOp|NoOp@NoOp|NoOp@NoOp|Move(E)@Move(E)|NoOp@NoOp|NoOp@NoOp|NoOp@NoOp|NoOp@NoOp
3225802800:NoOp@NoOp|NoOp@NoOp|NoOp@NoOp|NoOp@NoOp|NoOp@NoOp|Pull(W,W)@Pull(W,W)|NoOp@NoOp|NoOp@NoOp|NoOp@NoOp|NoOp@NoOp
3225876300:NoOp@NoOp|NoOp@NoOp|NoOp@NoOp|NoOp@NoOp|NoOp@NoOp|Pull(W,W)@Pull(W,W)|NoOp@NoOp|NoOp@NoOp|NoOp@NoOp|NoOp@NoOp
3225941600:NoOp@NoOp|NoOp@NoOp|NoOp@NoOp|NoOp@NoOp|NoOp@NoOp|Pull(W,W)@Pull(W,W)|NoOp@NoOp|NoOp@NoOp|NoOp@NoOp|NoOp@NoOp
3226015100:NoOp@NoOp|NoOp@NoOp|NoOp@NoOp|NoOp@NoOp|NoOp@NoOp|Push(E,N)@Push(E,N)|NoOp@NoOp|NoOp@NoOp|NoOp@NoOp|NoOp@NoOp
3226093600:NoOp@NoOp|NoOp@NoOp|NoOp@NoOp|NoOp@NoOp|NoOp@NoOp|Push(N,N)@Push(N,N)|NoOp@NoOp|NoOp@NoOp|NoOp@NoOp|NoOp@NoOp
3226173500:NoOp@NoOp|NoOp@NoOp|NoOp@NoOp|NoOp@NoOp|NoOp@NoOp|Push(N,N)@Push(N,N)|NoOp@NoOp|NoOp@NoOp|NoOp@NoOp|NoOp@NoOp
3226293700:NoOp@NoOp|NoOp@NoOp|NoOp@NoOp|NoOp@NoOp|NoOp@NoOp|Push(N,N)@Push(N,N)|NoOp@NoOp|NoOp@NoOp|NoOp@NoOp|NoOp@NoOp
3226363600:NoOp@NoOp|NoOp@NoOp|NoOp@NoOp|NoOp@NoOp|NoOp@NoOp|Push(N,N)@Push(N,N)|NoOp@NoOp|NoOp@NoOp|NoOp@NoOp|NoOp@NoOp
3226436000:NoOp@NoOp|NoOp@NoOp|NoOp@NoOp|NoOp@NoOp|NoOp@NoOp|Push(N,N)@Push(N,N)|NoOp@NoOp|NoOp@NoOp|NoOp@NoOp|NoOp@NoOp
3226502300:NoOp@NoOp|NoOp@NoOp|NoOp@NoOp|NoOp@NoOp|NoOp@NoOp|Push(N,N)@Push(N,N)|NoOp@NoOp|NoOp@NoOp|NoOp@NoOp|NoOp@NoOp
3226561700:NoOp@NoOp|NoOp@NoOp|NoOp@NoOp|NoOp@NoOp|NoOp@NoOp|Push(N,N)@Push(N,N)|NoOp@NoOp|NoOp@NoOp|NoOp@NoOp|NoOp@NoOp
3226634400:NoOp@NoOp|NoOp@NoOp|NoOp@NoOp|NoOp@NoOp|NoOp@NoOp|Push(N,N)@Push(N,N)|NoOp@NoOp|NoOp@NoOp|NoOp@NoOp|NoOp@NoOp
3226699900:NoOp@NoOp|NoOp@NoOp|NoOp@NoOp|NoOp@NoOp|NoOp@NoOp|Push(N,W)@Push(N,W)|NoOp@NoOp|NoOp@NoOp|NoOp@NoOp|NoOp@NoOp
3226758400:NoOp@NoOp|NoOp@NoOp|NoOp@NoOp|NoOp@NoOp|NoOp@NoOp|Push(W,W)@Push(W,W)|NoOp@NoOp|NoOp@NoOp|NoOp@NoOp|NoOp@NoOp
3226820700:NoOp@NoOp|NoOp@NoOp|NoOp@NoOp|NoOp@NoOp|NoOp@NoOp|Push(W,N)@Push(W,N)|NoOp@NoOp|NoOp@NoOp|NoOp@NoOp|NoOp@NoOp
3226887500:NoOp@NoOp|NoOp@NoOp|NoOp@NoOp|NoOp@NoOp|NoOp@NoOp|Push(N,N)@Push(N,N)|NoOp@NoOp|NoOp@NoOp|NoOp@NoOp|NoOp@NoOp
3226954300:NoOp@NoOp|NoOp@NoOp|NoOp@NoOp|NoOp@NoOp|NoOp@NoOp|Push(N,E)@Push(N,E)|NoOp@NoOp|NoOp@NoOp|NoOp@NoOp|NoOp@NoOp
3227019400:NoOp@NoOp|NoOp@NoOp|NoOp@NoOp|NoOp@NoOp|NoOp@NoOp|Push(E,E)@Push(E,E)|NoOp@NoOp|NoOp@NoOp|NoOp@NoOp|NoOp@NoOp
3227083900:NoOp@NoOp|NoOp@NoOp|NoOp@NoOp|NoOp@NoOp|NoOp@NoOp|Push(E,N)@Push(E,N)|NoOp@NoOp|NoOp@NoOp|NoOp@NoOp|NoOp@NoOp
3227155500:NoOp@NoOp|NoOp@NoOp|NoOp@NoOp|NoOp@NoOp|NoOp@NoOp|Push(N,N)@Push(N,N)|NoOp@NoOp|NoOp@NoOp|NoOp@NoOp|NoOp@NoOp
3227222500:NoOp@NoOp|NoOp@NoOp|NoOp@NoOp|NoOp@NoOp|NoOp@NoOp|Push(N,W)@Push(N,W)|NoOp@NoOp|NoOp@NoOp|NoOp@NoOp|NoOp@NoOp
3227279400:NoOp@NoOp|NoOp@NoOp|NoOp@NoOp|NoOp@NoOp|NoOp@NoOp|Push(W,W)@Push(W,W)|NoOp@NoOp|NoOp@NoOp|NoOp@NoOp|NoOp@NoOp
3227341900:NoOp@NoOp|NoOp@NoOp|NoOp@NoOp|NoOp@NoOp|NoOp@NoOp|Push(W,N)@Push(W,N)|NoOp@NoOp|NoOp@NoOp|NoOp@NoOp|NoOp@NoOp
3227401200:NoOp@NoOp|NoOp@NoOp|NoOp@NoOp|NoOp@NoOp|NoOp@NoOp|Push(N,N)@Push(N,N)|NoOp@NoOp|NoOp@NoOp|NoOp@NoOp|NoOp@NoOp
3227460900:NoOp@NoOp|NoOp@NoOp|NoOp@NoOp|NoOp@NoOp|NoOp@NoOp|Push(N,E)@Push(N,E)|NoOp@NoOp|NoOp@NoOp|NoOp@NoOp|NoOp@NoOp
3227527400:NoOp@NoOp|NoOp@NoOp|NoOp@NoOp|NoOp@NoOp|NoOp@NoOp|Push(E,E)@Push(E,E)|NoOp@NoOp|NoOp@NoOp|NoOp@NoOp|NoOp@NoOp
3227590300:NoOp@NoOp|NoOp@NoOp|NoOp@NoOp|NoOp@NoOp|NoOp@NoOp|Push(E,N)@Push(E,N)|NoOp@NoOp|NoOp@NoOp|NoOp@NoOp|NoOp@NoOp
3227659400:NoOp@NoOp|NoOp@NoOp|NoOp@NoOp|NoOp@NoOp|NoOp@NoOp|Push(N,N)@Push(N,N)|NoOp@NoOp|NoOp@NoOp|NoOp@NoOp|NoOp@NoOp
3227759100:NoOp@NoOp|NoOp@NoOp|NoOp@NoOp|NoOp@NoOp|NoOp@NoOp|Push(N,W)@Push(N,W)|NoOp@NoOp|NoOp@NoOp|NoOp@NoOp|NoOp@NoOp
3227868300:NoOp@NoOp|NoOp@NoOp|NoOp@NoOp|NoOp@NoOp|NoOp@NoOp|Push(W,W)@Push(W,W)|NoOp@NoOp|NoOp@NoOp|NoOp@NoOp|NoOp@NoOp
3227968200:NoOp@NoOp|NoOp@NoOp|NoOp@NoOp|NoOp@NoOp|NoOp@NoOp|Push(W,N)@Push(W,N)|NoOp@NoOp|NoOp@NoOp|NoOp@NoOp|NoOp@NoOp
3228021800:NoOp@NoOp|NoOp@NoOp|NoOp@NoOp|NoOp@NoOp|NoOp@NoOp|Push(N,N)@Push(N,N)|NoOp@NoOp|NoOp@NoOp|NoOp@NoOp|NoOp@NoOp
3228100400:NoOp@NoOp|NoOp@NoOp|NoOp@NoOp|NoOp@NoOp|NoOp@NoOp|Push(N,E)@Push(N,E)|NoOp@NoOp|NoOp@NoOp|NoOp@NoOp|NoOp@NoOp
3228181900:NoOp@NoOp|NoOp@NoOp|NoOp@NoOp|NoOp@NoOp|NoOp@NoOp|Push(E,E)@Push(E,E)|NoOp@NoOp|NoOp@NoOp|NoOp@NoOp|NoOp@NoOp
3228243400:NoOp@NoOp|NoOp@NoOp|NoOp@NoOp|NoOp@NoOp|NoOp@NoOp|Push(E,N)@Push(E,N)|NoOp@NoOp|NoOp@NoOp|NoOp@NoOp|NoOp@NoOp
3228304300:NoOp@NoOp|NoOp@NoOp|NoOp@NoOp|NoOp@NoOp|NoOp@NoOp|Push(N,N)@Push(N,N)|NoOp@NoOp|NoOp@NoOp|NoOp@NoOp|NoOp@NoOp
3228367700:NoOp@NoOp|NoOp@NoOp|NoOp@NoOp|NoOp@NoOp|NoOp@NoOp|Push(N,W)@Push(N,W)|NoOp@NoOp|NoOp@NoOp|NoOp@NoOp|NoOp@NoOp
3228432400:NoOp@NoOp|NoOp@NoOp|NoOp@NoOp|NoOp@NoOp|NoOp@NoOp|Push(W,W)@Push(W,W)|NoOp@NoOp|NoOp@NoOp|NoOp@NoOp|NoOp@NoOp
3228490200:NoOp@NoOp|NoOp@NoOp|NoOp@NoOp|NoOp@NoOp|NoOp@NoOp|Push(W,N)@Push(W,N)|NoOp@NoOp|NoOp@NoOp|NoOp@NoOp|NoOp@NoOp
3228553200:NoOp@NoOp|NoOp@NoOp|NoOp@NoOp|NoOp@NoOp|NoOp@NoOp|Push(N,N)@Push(N,N)|NoOp@NoOp|NoOp@NoOp|NoOp@NoOp|NoOp@NoOp
3228615100:NoOp@NoOp|NoOp@NoOp|NoOp@NoOp|NoOp@NoOp|NoOp@NoOp|Push(N,N)@Push(N,N)|NoOp@NoOp|NoOp@NoOp|NoOp@NoOp|NoOp@NoOp
3228673900:NoOp@NoOp|NoOp@NoOp|NoOp@NoOp|NoOp@NoOp|NoOp@NoOp|Push(N,N)@Push(N,N)|NoOp@NoOp|NoOp@NoOp|NoOp@NoOp|NoOp@NoOp
3228736400:NoOp@NoOp|NoOp@NoOp|NoOp@NoOp|NoOp@NoOp|NoOp@NoOp|Push(N,N)@Push(N,N)|NoOp@NoOp|NoOp@NoOp|NoOp@NoOp|NoOp@NoOp
3228796800:NoOp@NoOp|NoOp@NoOp|NoOp@NoOp|NoOp@NoOp|NoOp@NoOp|Push(N,N)@Push(N,N)|NoOp@NoOp|NoOp@NoOp|NoOp@NoOp|NoOp@NoOp
3228858500:NoOp@NoOp|NoOp@NoOp|NoOp@NoOp|NoOp@NoOp|NoOp@NoOp|Push(N,N)@Push(N,N)|NoOp@NoOp|NoOp@NoOp|NoOp@NoOp|NoOp@NoOp
3228919500:NoOp@NoOp|NoOp@NoOp|NoOp@NoOp|NoOp@NoOp|NoOp@NoOp|Push(N,N)@Push(N,N)|NoOp@NoOp|NoOp@NoOp|NoOp@NoOp|NoOp@NoOp
3228979400:NoOp@NoOp|NoOp@NoOp|NoOp@NoOp|NoOp@NoOp|NoOp@NoOp|Push(N,N)@Push(N,N)|NoOp@NoOp|NoOp@NoOp|NoOp@NoOp|NoOp@NoOp
3229046900:NoOp@NoOp|NoOp@NoOp|NoOp@NoOp|NoOp@NoOp|NoOp@NoOp|Push(N,N)@Push(N,N)|NoOp@NoOp|NoOp@NoOp|NoOp@NoOp|NoOp@NoOp
3229109500:NoOp@NoOp|NoOp@NoOp|NoOp@NoOp|NoOp@NoOp|NoOp@NoOp|Push(N,N)@Push(N,N)|NoOp@NoOp|NoOp@NoOp|NoOp@NoOp|NoOp@NoOp
3229172800:NoOp@NoOp|NoOp@NoOp|NoOp@NoOp|NoOp@NoOp|NoOp@NoOp|Push(N,N)@Push(N,N)|NoOp@NoOp|NoOp@NoOp|NoOp@NoOp|NoOp@NoOp
3229231100:NoOp@NoOp|NoOp@NoOp|NoOp@NoOp|NoOp@NoOp|NoOp@NoOp|Push(N,N)@Push(N,N)|NoOp@NoOp|NoOp@NoOp|NoOp@NoOp|NoOp@NoOp
3229296300:NoOp@NoOp|NoOp@NoOp|NoOp@NoOp|NoOp@NoOp|NoOp@NoOp|Push(N,N)@Push(N,N)|NoOp@NoOp|NoOp@NoOp|NoOp@NoOp|NoOp@NoOp
3229358800:NoOp@NoOp|NoOp@NoOp|NoOp@NoOp|NoOp@NoOp|NoOp@NoOp|Push(N,N)@Push(N,N)|NoOp@NoOp|NoOp@NoOp|NoOp@NoOp|NoOp@NoOp
3229417600:NoOp@NoOp|NoOp@NoOp|NoOp@NoOp|NoOp@NoOp|NoOp@NoOp|Push(N,E)@Push(N,E)|NoOp@NoOp|NoOp@NoOp|NoOp@NoOp|NoOp@NoOp
3229485600:NoOp@NoOp|NoOp@NoOp|NoOp@NoOp|NoOp@NoOp|NoOp@NoOp|Push(E,E)@Push(E,E)|NoOp@NoOp|NoOp@NoOp|NoOp@NoOp|NoOp@NoOp
3229544000:NoOp@NoOp|NoOp@NoOp|NoOp@NoOp|NoOp@NoOp|NoOp@NoOp|Push(E,E)@Push(E,E)|NoOp@NoOp|NoOp@NoOp|NoOp@NoOp|NoOp@NoOp
3229606000:NoOp@NoOp|NoOp@NoOp|NoOp@NoOp|Move(N)@Move(N)|NoOp@NoOp|NoOp@NoOp|NoOp@NoOp|NoOp@NoOp|NoOp@NoOp|NoOp@NoOp
3229663100:NoOp@NoOp|NoOp@NoOp|NoOp@NoOp|Move(E)@Move(E)|NoOp@NoOp|NoOp@NoOp|NoOp@NoOp|NoOp@NoOp|NoOp@NoOp|NoOp@NoOp
3229724100:NoOp@NoOp|NoOp@NoOp|NoOp@NoOp|NoOp@NoOp|NoOp@NoOp|NoOp@NoOp|NoOp@NoOp|NoOp@NoOp|Move(S)@Move(S)|NoOp@NoOp
3229782000:NoOp@NoOp|NoOp@NoOp|NoOp@NoOp|NoOp@NoOp|NoOp@NoOp|NoOp@NoOp|NoOp@NoOp|NoOp@NoOp|Move(S)@Move(S)|NoOp@NoOp
3229841700:NoOp@NoOp|NoOp@NoOp|NoOp@NoOp|NoOp@NoOp|NoOp@NoOp|NoOp@NoOp|NoOp@NoOp|NoOp@NoOp|Move(S)@Move(S)|NoOp@NoOp
3229900200:NoOp@NoOp|NoOp@NoOp|NoOp@NoOp|NoOp@NoOp|NoOp@NoOp|NoOp@NoOp|NoOp@NoOp|NoOp@NoOp|Move(S)@Move(S)|NoOp@NoOp
3229962800:NoOp@NoOp|NoOp@NoOp|NoOp@NoOp|NoOp@NoOp|NoOp@NoOp|NoOp@NoOp|NoOp@NoOp|NoOp@NoOp|Move(S)@Move(S)|NoOp@NoOp
3230018900:NoOp@NoOp|NoOp@NoOp|NoOp@NoOp|NoOp@NoOp|NoOp@NoOp|NoOp@NoOp|NoOp@NoOp|NoOp@NoOp|Move(S)@Move(S)|NoOp@NoOp
3230078700:NoOp@NoOp|NoOp@NoOp|NoOp@NoOp|NoOp@NoOp|NoOp@NoOp|NoOp@NoOp|NoOp@NoOp|NoOp@NoOp|Move(S)@Move(S)|NoOp@NoOp
3230134500:NoOp@NoOp|NoOp@NoOp|NoOp@NoOp|NoOp@NoOp|NoOp@NoOp|NoOp@NoOp|NoOp@NoOp|NoOp@NoOp|Move(S)@Move(S)|NoOp@NoOp
3230197300:NoOp@NoOp|NoOp@NoOp|NoOp@NoOp|NoOp@NoOp|NoOp@NoOp|NoOp@NoOp|NoOp@NoOp|NoOp@NoOp|Move(S)@Move(S)|NoOp@NoOp
3230252600:NoOp@NoOp|NoOp@NoOp|NoOp@NoOp|NoOp@NoOp|NoOp@NoOp|NoOp@NoOp|NoOp@NoOp|NoOp@NoOp|Move(S)@Move(S)|NoOp@NoOp
3230313500:NoOp@NoOp|NoOp@NoOp|NoOp@NoOp|NoOp@NoOp|NoOp@NoOp|NoOp@NoOp|NoOp@NoOp|NoOp@NoOp|Move(S)@Move(S)|NoOp@NoOp
3230374600:NoOp@NoOp|NoOp@NoOp|NoOp@NoOp|NoOp@NoOp|NoOp@NoOp|NoOp@NoOp|NoOp@NoOp|NoOp@NoOp|Move(E)@Move(E)|NoOp@NoOp
3230434600:NoOp@NoOp|NoOp@NoOp|NoOp@NoOp|NoOp@NoOp|NoOp@NoOp|NoOp@NoOp|NoOp@NoOp|NoOp@NoOp|Move(E)@Move(E)|NoOp@NoOp
3230498900:NoOp@NoOp|NoOp@NoOp|NoOp@NoOp|NoOp@NoOp|NoOp@NoOp|NoOp@NoOp|NoOp@NoOp|NoOp@NoOp|Move(E)@Move(E)|NoOp@NoOp
3230561600:NoOp@NoOp|NoOp@NoOp|NoOp@NoOp|NoOp@NoOp|NoOp@NoOp|NoOp@NoOp|NoOp@NoOp|NoOp@NoOp|Move(E)@Move(E)|NoOp@NoOp
3230621200:NoOp@NoOp|NoOp@NoOp|NoOp@NoOp|NoOp@NoOp|NoOp@NoOp|NoOp@NoOp|NoOp@NoOp|NoOp@NoOp|Move(E)@Move(E)|NoOp@NoOp
3230680800:NoOp@NoOp|NoOp@NoOp|NoOp@NoOp|NoOp@NoOp|NoOp@NoOp|NoOp@NoOp|NoOp@NoOp|NoOp@NoOp|Move(E)@Move(E)|NoOp@NoOp
3230741700:NoOp@NoOp|NoOp@NoOp|NoOp@NoOp|NoOp@NoOp|NoOp@NoOp|NoOp@NoOp|NoOp@NoOp|NoOp@NoOp|Move(E)@Move(E)|NoOp@NoOp
3230803100:NoOp@NoOp|NoOp@NoOp|NoOp@NoOp|NoOp@NoOp|NoOp@NoOp|NoOp@NoOp|NoOp@NoOp|NoOp@NoOp|Move(S)@Move(S)|NoOp@NoOp
3230864900:NoOp@NoOp|NoOp@NoOp|NoOp@NoOp|NoOp@NoOp|NoOp@NoOp|NoOp@NoOp|NoOp@NoOp|NoOp@NoOp|Move(S)@Move(S)|NoOp@NoOp
3230926900:NoOp@NoOp|NoOp@NoOp|NoOp@NoOp|NoOp@NoOp|NoOp@NoOp|NoOp@NoOp|NoOp@NoOp|NoOp@NoOp|Move(S)@Move(S)|NoOp@NoOp
3230985300:NoOp@NoOp|NoOp@NoOp|NoOp@NoOp|NoOp@NoOp|NoOp@NoOp|NoOp@NoOp|NoOp@NoOp|NoOp@NoOp|Move(S)@Move(S)|NoOp@NoOp
3231051200:NoOp@NoOp|NoOp@NoOp|NoOp@NoOp|NoOp@NoOp|NoOp@NoOp|NoOp@NoOp|NoOp@NoOp|NoOp@NoOp|Move(S)@Move(S)|NoOp@NoOp
3231113700:NoOp@NoOp|NoOp@NoOp|NoOp@NoOp|NoOp@NoOp|NoOp@NoOp|NoOp@NoOp|NoOp@NoOp|NoOp@NoOp|Move(W)@Move(W)|NoOp@NoOp
3231173900:NoOp@NoOp|NoOp@NoOp|NoOp@NoOp|NoOp@NoOp|NoOp@NoOp|NoOp@NoOp|NoOp@NoOp|NoOp@NoOp|Move(W)@Move(W)|NoOp@NoOp
3231237600:NoOp@NoOp|NoOp@NoOp|NoOp@NoOp|NoOp@NoOp|NoOp@NoOp|NoOp@NoOp|NoOp@NoOp|NoOp@NoOp|Move(S)@Move(S)|NoOp@NoOp
3231299700:NoOp@NoOp|NoOp@NoOp|NoOp@NoOp|NoOp@NoOp|NoOp@NoOp|NoOp@NoOp|NoOp@NoOp|NoOp@NoOp|Move(S)@Move(S)|NoOp@NoOp
3231356800:NoOp@NoOp|NoOp@NoOp|NoOp@NoOp|NoOp@NoOp|NoOp@NoOp|NoOp@NoOp|NoOp@NoOp|NoOp@NoOp|Move(E)@Move(E)|NoOp@NoOp
3231415200:NoOp@NoOp|NoOp@NoOp|NoOp@NoOp|NoOp@NoOp|NoOp@NoOp|NoOp@NoOp|NoOp@NoOp|NoOp@NoOp|Move(E)@Move(E)|NoOp@NoOp
3231493800:NoOp@NoOp|NoOp@NoOp|NoOp@NoOp|NoOp@NoOp|NoOp@NoOp|NoOp@NoOp|NoOp@NoOp|NoOp@NoOp|Move(E)@Move(E)|NoOp@NoOp
3231554200:NoOp@NoOp|NoOp@NoOp|NoOp@NoOp|NoOp@NoOp|NoOp@NoOp|NoOp@NoOp|NoOp@NoOp|NoOp@NoOp|Move(E)@Move(E)|NoOp@NoOp
3231615500:NoOp@NoOp|NoOp@NoOp|NoOp@NoOp|NoOp@NoOp|NoOp@NoOp|NoOp@NoOp|NoOp@NoOp|NoOp@NoOp|Move(E)@Move(E)|NoOp@NoOp
3231668400:NoOp@NoOp|NoOp@NoOp|NoOp@NoOp|NoOp@NoOp|NoOp@NoOp|NoOp@NoOp|NoOp@NoOp|NoOp@NoOp|Move(E)@Move(E)|NoOp@NoOp
3231730400:NoOp@NoOp|NoOp@NoOp|NoOp@NoOp|NoOp@NoOp|NoOp@NoOp|NoOp@NoOp|NoOp@NoOp|NoOp@NoOp|Move(E)@Move(E)|NoOp@NoOp
3231790000:NoOp@NoOp|NoOp@NoOp|NoOp@NoOp|NoOp@NoOp|NoOp@NoOp|NoOp@NoOp|NoOp@NoOp|NoOp@NoOp|Move(E)@Move(E)|NoOp@NoOp
3231846700:NoOp@NoOp|NoOp@NoOp|NoOp@NoOp|NoOp@NoOp|NoOp@NoOp|NoOp@NoOp|NoOp@NoOp|NoOp@NoOp|Move(E)@Move(E)|NoOp@NoOp
3231903000:NoOp@NoOp|NoOp@NoOp|NoOp@NoOp|NoOp@NoOp|NoOp@NoOp|NoOp@NoOp|NoOp@NoOp|NoOp@NoOp|Move(E)@Move(E)|NoOp@NoOp
3231963200:NoOp@NoOp|NoOp@NoOp|NoOp@NoOp|NoOp@NoOp|NoOp@NoOp|NoOp@NoOp|NoOp@NoOp|NoOp@NoOp|Move(E)@Move(E)|NoOp@NoOp
3232023900:NoOp@NoOp|NoOp@NoOp|NoOp@NoOp|NoOp@NoOp|NoOp@NoOp|NoOp@NoOp|NoOp@NoOp|NoOp@NoOp|Move(E)@Move(E)|NoOp@NoOp
3232083900:NoOp@NoOp|NoOp@NoOp|NoOp@NoOp|NoOp@NoOp|NoOp@NoOp|NoOp@NoOp|NoOp@NoOp|NoOp@NoOp|Move(E)@Move(E)|NoOp@NoOp
3232145400:NoOp@NoOp|NoOp@NoOp|NoOp@NoOp|NoOp@NoOp|NoOp@NoOp|NoOp@NoOp|NoOp@NoOp|NoOp@NoOp|Pull(W,W)@Pull(W,W)|NoOp@NoOp
3232204800:NoOp@NoOp|NoOp@NoOp|NoOp@NoOp|NoOp@NoOp|NoOp@NoOp|NoOp@NoOp|NoOp@NoOp|NoOp@NoOp|Push(E,S)@Push(E,S)|NoOp@NoOp
3232265200:NoOp@NoOp|NoOp@NoOp|NoOp@NoOp|NoOp@NoOp|NoOp@NoOp|NoOp@NoOp|NoOp@NoOp|NoOp@NoOp|Move(W)@Move(W)|NoOp@NoOp
3232325700:NoOp@NoOp|NoOp@NoOp|NoOp@NoOp|NoOp@NoOp|NoOp@NoOp|NoOp@NoOp|NoOp@NoOp|NoOp@NoOp|Move(S)@Move(S)|NoOp@NoOp
3232389000:NoOp@NoOp|NoOp@NoOp|NoOp@NoOp|NoOp@NoOp|NoOp@NoOp|NoOp@NoOp|Move(E)@Move(E)|NoOp@NoOp|NoOp@NoOp|NoOp@NoOp
3232450800:NoOp@NoOp|NoOp@NoOp|NoOp@NoOp|NoOp@NoOp|NoOp@NoOp|NoOp@NoOp|Pull(W,W)@Pull(W,W)|NoOp@NoOp|NoOp@NoOp|NoOp@NoOp
3232507300:NoOp@NoOp|NoOp@NoOp|NoOp@NoOp|NoOp@NoOp|NoOp@NoOp|NoOp@NoOp|Push(E,N)@Push(E,N)|NoOp@NoOp|NoOp@NoOp|NoOp@NoOp
3232572000:NoOp@NoOp|NoOp@NoOp|NoOp@NoOp|NoOp@NoOp|NoOp@NoOp|NoOp@NoOp|Push(N,N)@Push(N,N)|NoOp@NoOp|NoOp@NoOp|NoOp@NoOp
3232630400:NoOp@NoOp|NoOp@NoOp|NoOp@NoOp|NoOp@NoOp|NoOp@NoOp|NoOp@NoOp|Push(N,N)@Push(N,N)|NoOp@NoOp|NoOp@NoOp|NoOp@NoOp
3232690200:NoOp@NoOp|NoOp@NoOp|NoOp@NoOp|NoOp@NoOp|NoOp@NoOp|NoOp@NoOp|Push(N,N)@Push(N,N)|NoOp@NoOp|NoOp@NoOp|NoOp@NoOp
3232752500:NoOp@NoOp|NoOp@NoOp|NoOp@NoOp|NoOp@NoOp|NoOp@NoOp|NoOp@NoOp|Push(N,N)@Push(N,N)|NoOp@NoOp|NoOp@NoOp|NoOp@NoOp
3232810500:NoOp@NoOp|NoOp@NoOp|NoOp@NoOp|NoOp@NoOp|NoOp@NoOp|NoOp@NoOp|Push(N,N)@Push(N,N)|NoOp@NoOp|NoOp@NoOp|NoOp@NoOp
3232872400:NoOp@NoOp|NoOp@NoOp|NoOp@NoOp|NoOp@NoOp|NoOp@NoOp|NoOp@NoOp|Push(N,W)@Push(N,W)|NoOp@NoOp|NoOp@NoOp|NoOp@NoOp
3232936900:NoOp@NoOp|NoOp@NoOp|NoOp@NoOp|NoOp@NoOp|NoOp@NoOp|NoOp@NoOp|Push(W,W)@Push(W,W)|NoOp@NoOp|NoOp@NoOp|NoOp@NoOp
3233005200:NoOp@NoOp|NoOp@NoOp|NoOp@NoOp|NoOp@NoOp|NoOp@NoOp|NoOp@NoOp|Push(W,W)@Push(W,W)|NoOp@NoOp|NoOp@NoOp|NoOp@NoOp
3233064100:NoOp@NoOp|NoOp@NoOp|NoOp@NoOp|NoOp@NoOp|NoOp@NoOp|NoOp@NoOp|Push(W,W)@Push(W,W)|NoOp@NoOp|NoOp@NoOp|NoOp@NoOp
3233121700:NoOp@NoOp|NoOp@NoOp|NoOp@NoOp|NoOp@NoOp|NoOp@NoOp|NoOp@NoOp|Push(W,W)@Push(W,W)|NoOp@NoOp|NoOp@NoOp|NoOp@NoOp
3233183800:NoOp@NoOp|NoOp@NoOp|NoOp@NoOp|NoOp@NoOp|NoOp@NoOp|NoOp@NoOp|Push(W,W)@Push(W,W)|NoOp@NoOp|NoOp@NoOp|NoOp@NoOp
3233241200:NoOp@NoOp|NoOp@NoOp|NoOp@NoOp|NoOp@NoOp|NoOp@NoOp|NoOp@NoOp|Push(W,W)@Push(W,W)|NoOp@NoOp|NoOp@NoOp|NoOp@NoOp
3233306700:NoOp@NoOp|NoOp@NoOp|NoOp@NoOp|NoOp@NoOp|NoOp@NoOp|NoOp@NoOp|Push(W,W)@Push(W,W)|NoOp@NoOp|NoOp@NoOp|NoOp@NoOp
3233369400:NoOp@NoOp|NoOp@NoOp|NoOp@NoOp|NoOp@NoOp|NoOp@NoOp|NoOp@NoOp|Push(W,W)@Push(W,W)|NoOp@NoOp|NoOp@NoOp|NoOp@NoOp
3233433800:NoOp@NoOp|NoOp@NoOp|NoOp@NoOp|NoOp@NoOp|NoOp@NoOp|NoOp@NoOp|Push(W,N)@Push(W,N)|NoOp@NoOp|NoOp@NoOp|NoOp@NoOp
3233494100:NoOp@NoOp|NoOp@NoOp|NoOp@NoOp|NoOp@NoOp|NoOp@NoOp|NoOp@NoOp|Push(N,N)@Push(N,N)|NoOp@NoOp|NoOp@NoOp|NoOp@NoOp
3233556500:NoOp@NoOp|NoOp@NoOp|NoOp@NoOp|NoOp@NoOp|NoOp@NoOp|NoOp@NoOp|Push(N,E)@Push(N,E)|NoOp@NoOp|NoOp@NoOp|NoOp@NoOp
3233619600:NoOp@NoOp|NoOp@NoOp|NoOp@NoOp|NoOp@NoOp|NoOp@NoOp|NoOp@NoOp|Push(E,E)@Push(E,E)|NoOp@NoOp|NoOp@NoOp|NoOp@NoOp
3233681500:NoOp@NoOp|NoOp@NoOp|NoOp@NoOp|NoOp@NoOp|NoOp@NoOp|NoOp@NoOp|Push(E,N)@Push(E,N)|NoOp@NoOp|NoOp@NoOp|NoOp@NoOp
3233740100:NoOp@NoOp|NoOp@NoOp|NoOp@NoOp|NoOp@NoOp|NoOp@NoOp|NoOp@NoOp|Push(N,N)@Push(N,N)|NoOp@NoOp|NoOp@NoOp|NoOp@NoOp
3233799900:NoOp@NoOp|NoOp@NoOp|NoOp@NoOp|NoOp@NoOp|NoOp@NoOp|NoOp@NoOp|Push(N,N)@Push(N,N)|NoOp@NoOp|NoOp@NoOp|NoOp@NoOp
3233861000:NoOp@NoOp|NoOp@NoOp|NoOp@NoOp|NoOp@NoOp|NoOp@NoOp|NoOp@NoOp|Push(N,N)@Push(N,N)|NoOp@NoOp|NoOp@NoOp|NoOp@NoOp
3233923400:NoOp@NoOp|NoOp@NoOp|NoOp@NoOp|NoOp@NoOp|NoOp@NoOp|NoOp@NoOp|Push(N,N)@Push(N,N)|NoOp@NoOp|NoOp@NoOp|NoOp@NoOp
3233982800:NoOp@NoOp|NoOp@NoOp|NoOp@NoOp|NoOp@NoOp|NoOp@NoOp|NoOp@NoOp|Push(N,W)@Push(N,W)|NoOp@NoOp|NoOp@NoOp|NoOp@NoOp
3234042500:NoOp@NoOp|NoOp@NoOp|NoOp@NoOp|NoOp@NoOp|NoOp@NoOp|NoOp@NoOp|Push(W,W)@Push(W,W)|NoOp@NoOp|NoOp@NoOp|NoOp@NoOp
3234100400:NoOp@NoOp|NoOp@NoOp|NoOp@NoOp|NoOp@NoOp|NoOp@NoOp|NoOp@NoOp|Push(W,N)@Push(W,N)|NoOp@NoOp|NoOp@NoOp|NoOp@NoOp
3234165500:NoOp@NoOp|NoOp@NoOp|NoOp@NoOp|NoOp@NoOp|NoOp@NoOp|NoOp@NoOp|Push(N,N)@Push(N,N)|NoOp@NoOp|NoOp@NoOp|NoOp@NoOp
3234228300:NoOp@NoOp|NoOp@NoOp|NoOp@NoOp|NoOp@NoOp|NoOp@NoOp|NoOp@NoOp|Push(N,N)@Push(N,N)|NoOp@NoOp|NoOp@NoOp|NoOp@NoOp
3234285600:NoOp@NoOp|NoOp@NoOp|NoOp@NoOp|NoOp@NoOp|NoOp@NoOp|NoOp@NoOp|Push(N,N)@Push(N,N)|NoOp@NoOp|NoOp@NoOp|NoOp@NoOp
3234346200:NoOp@NoOp|NoOp@NoOp|NoOp@NoOp|NoOp@NoOp|NoOp@NoOp|NoOp@NoOp|Push(N,N)@Push(N,N)|NoOp@NoOp|NoOp@NoOp|NoOp@NoOp
3234407700:NoOp@NoOp|NoOp@NoOp|NoOp@NoOp|NoOp@NoOp|NoOp@NoOp|NoOp@NoOp|Push(N,N)@Push(N,N)|NoOp@NoOp|NoOp@NoOp|NoOp@NoOp
3234495400:NoOp@NoOp|NoOp@NoOp|NoOp@NoOp|NoOp@NoOp|NoOp@NoOp|NoOp@NoOp|Push(N,N)@Push(N,N)|NoOp@NoOp|NoOp@NoOp|NoOp@NoOp
3234579400:NoOp@NoOp|NoOp@NoOp|NoOp@NoOp|NoOp@NoOp|NoOp@NoOp|NoOp@NoOp|Push(N,N)@Push(N,N)|NoOp@NoOp|NoOp@NoOp|NoOp@NoOp
3234649300:NoOp@NoOp|NoOp@NoOp|NoOp@NoOp|NoOp@NoOp|NoOp@NoOp|NoOp@NoOp|Push(N,N)@Push(N,N)|NoOp@NoOp|NoOp@NoOp|NoOp@NoOp
3234728700:NoOp@NoOp|NoOp@NoOp|NoOp@NoOp|NoOp@NoOp|NoOp@NoOp|NoOp@NoOp|Push(N,W)@Push(N,W)|NoOp@NoOp|NoOp@NoOp|NoOp@NoOp
3234810500:NoOp@NoOp|NoOp@NoOp|NoOp@NoOp|NoOp@NoOp|NoOp@NoOp|NoOp@NoOp|Push(W,W)@Push(W,W)|NoOp@NoOp|NoOp@NoOp|NoOp@NoOp
3234899200:NoOp@NoOp|NoOp@NoOp|NoOp@NoOp|NoOp@NoOp|NoOp@NoOp|NoOp@NoOp|Push(W,W)@Push(W,W)|NoOp@NoOp|NoOp@NoOp|NoOp@NoOp
3234986400:NoOp@NoOp|NoOp@NoOp|NoOp@NoOp|NoOp@NoOp|NoOp@NoOp|NoOp@NoOp|Push(W,W)@Push(W,W)|NoOp@NoOp|NoOp@NoOp|NoOp@NoOp
3235068800:NoOp@NoOp|NoOp@NoOp|NoOp@NoOp|NoOp@NoOp|NoOp@NoOp|NoOp@NoOp|Push(W,W)@Push(W,W)|NoOp@NoOp|NoOp@NoOp|NoOp@NoOp
3235158500:NoOp@NoOp|NoOp@NoOp|NoOp@NoOp|NoOp@NoOp|NoOp@NoOp|NoOp@NoOp|Push(W,N)@Push(W,N)|NoOp@NoOp|NoOp@NoOp|NoOp@NoOp
3235245700:NoOp@NoOp|NoOp@NoOp|NoOp@NoOp|NoOp@NoOp|NoOp@NoOp|NoOp@NoOp|Push(N,N)@Push(N,N)|NoOp@NoOp|NoOp@NoOp|NoOp@NoOp
3235330700:NoOp@NoOp|NoOp@NoOp|NoOp@NoOp|NoOp@NoOp|NoOp@NoOp|NoOp@NoOp|Push(N,N)@Push(N,N)|NoOp@NoOp|NoOp@NoOp|NoOp@NoOp
3235408200:NoOp@NoOp|NoOp@NoOp|NoOp@NoOp|NoOp@NoOp|NoOp@NoOp|NoOp@NoOp|Push(N,E)@Push(N,E)|NoOp@NoOp|NoOp@NoOp|NoOp@NoOp
3235473300:NoOp@NoOp|NoOp@NoOp|NoOp@NoOp|NoOp@NoOp|NoOp@NoOp|NoOp@NoOp|Push(E,N)@Push(E,N)|NoOp@NoOp|NoOp@NoOp|NoOp@NoOp
3235541000:NoOp@NoOp|NoOp@NoOp|NoOp@NoOp|NoOp@NoOp|NoOp@NoOp|NoOp@NoOp|Push(N,N)@Push(N,N)|NoOp@NoOp|NoOp@NoOp|NoOp@NoOp
3235602000:NoOp@NoOp|NoOp@NoOp|NoOp@NoOp|NoOp@NoOp|NoOp@NoOp|NoOp@NoOp|Push(N,N)@Push(N,N)|NoOp@NoOp|NoOp@NoOp|NoOp@NoOp
3235675900:NoOp@NoOp|NoOp@NoOp|NoOp@NoOp|NoOp@NoOp|NoOp@NoOp|NoOp@NoOp|Push(N,E)@Push(N,E)|NoOp@NoOp|NoOp@NoOp|NoOp@NoOp
3235746100:NoOp@NoOp|NoOp@NoOp|NoOp@NoOp|NoOp@NoOp|NoOp@NoOp|NoOp@NoOp|Push(E,E)@Push(E,E)|NoOp@NoOp|NoOp@NoOp|NoOp@NoOp
3235817200:NoOp@NoOp|NoOp@NoOp|NoOp@NoOp|NoOp@NoOp|NoOp@NoOp|NoOp@NoOp|Push(E,E)@Push(E,E)|NoOp@NoOp|NoOp@NoOp|NoOp@NoOp
3235882400:NoOp@NoOp|NoOp@NoOp|NoOp@NoOp|NoOp@NoOp|NoOp@NoOp|NoOp@NoOp|Push(E,E)@Push(E,E)|NoOp@NoOp|NoOp@NoOp|NoOp@NoOp
3235962100:NoOp@NoOp|NoOp@NoOp|NoOp@NoOp|NoOp@NoOp|NoOp@NoOp|NoOp@NoOp|Push(E,E)@Push(E,E)|NoOp@NoOp|NoOp@NoOp|NoOp@NoOp
3236033300:NoOp@NoOp|NoOp@NoOp|NoOp@NoOp|NoOp@NoOp|NoOp@NoOp|NoOp@NoOp|Push(E,E)@Push(E,E)|NoOp@NoOp|NoOp@NoOp|NoOp@NoOp
3236115700:NoOp@NoOp|NoOp@NoOp|NoOp@NoOp|NoOp@NoOp|NoOp@NoOp|NoOp@NoOp|Push(E,E)@Push(E,E)|NoOp@NoOp|NoOp@NoOp|NoOp@NoOp
3236207500:NoOp@NoOp|NoOp@NoOp|NoOp@NoOp|NoOp@NoOp|NoOp@NoOp|NoOp@NoOp|Push(E,E)@Push(E,E)|NoOp@NoOp|NoOp@NoOp|NoOp@NoOp
3236286400:NoOp@NoOp|NoOp@NoOp|NoOp@NoOp|NoOp@NoOp|NoOp@NoOp|NoOp@NoOp|Push(E,E)@Push(E,E)|NoOp@NoOp|NoOp@NoOp|NoOp@NoOp
3236370300:NoOp@NoOp|NoOp@NoOp|NoOp@NoOp|NoOp@NoOp|NoOp@NoOp|NoOp@NoOp|Push(E,E)@Push(E,E)|NoOp@NoOp|NoOp@NoOp|NoOp@NoOp
3236463800:NoOp@NoOp|NoOp@NoOp|NoOp@NoOp|NoOp@NoOp|NoOp@NoOp|NoOp@NoOp|Push(E,E)@Push(E,E)|NoOp@NoOp|NoOp@NoOp|NoOp@NoOp
3236545600:NoOp@NoOp|NoOp@NoOp|NoOp@NoOp|NoOp@NoOp|NoOp@NoOp|NoOp@NoOp|Push(E,E)@Push(E,E)|NoOp@NoOp|NoOp@NoOp|NoOp@NoOp
3236622300:NoOp@NoOp|NoOp@NoOp|NoOp@NoOp|NoOp@NoOp|NoOp@NoOp|NoOp@NoOp|Push(E,E)@Push(E,E)|NoOp@NoOp|NoOp@NoOp|NoOp@NoOp
3236694500:NoOp@NoOp|NoOp@NoOp|NoOp@NoOp|NoOp@NoOp|NoOp@NoOp|NoOp@NoOp|Push(E,E)@Push(E,E)|NoOp@NoOp|NoOp@NoOp|NoOp@NoOp
3236784000:NoOp@NoOp|NoOp@NoOp|NoOp@NoOp|NoOp@NoOp|NoOp@NoOp|NoOp@NoOp|Push(E,E)@Push(E,E)|NoOp@NoOp|NoOp@NoOp|NoOp@NoOp
3236850200:NoOp@NoOp|NoOp@NoOp|NoOp@NoOp|NoOp@NoOp|NoOp@NoOp|NoOp@NoOp|Push(E,E)@Push(E,E)|NoOp@NoOp|NoOp@NoOp|NoOp@NoOp
3236921300:Move(E)@Move(E)|NoOp@NoOp|NoOp@NoOp|NoOp@NoOp|NoOp@NoOp|NoOp@NoOp|NoOp@NoOp|NoOp@NoOp|NoOp@NoOp|NoOp@NoOp
3237007800:Move(S)@Move(S)|NoOp@NoOp|NoOp@NoOp|NoOp@NoOp|NoOp@NoOp|NoOp@NoOp|NoOp@NoOp|NoOp@NoOp|NoOp@NoOp|NoOp@NoOp
3237090000:Move(S)@Move(S)|NoOp@NoOp|NoOp@NoOp|NoOp@NoOp|NoOp@NoOp|NoOp@NoOp|NoOp@NoOp|NoOp@NoOp|NoOp@NoOp|NoOp@NoOp
3237187500:Move(S)@Move(S)|NoOp@NoOp|NoOp@NoOp|NoOp@NoOp|NoOp@NoOp|NoOp@NoOp|NoOp@NoOp|NoOp@NoOp|NoOp@NoOp|NoOp@NoOp
3237246500:Move(S)@Move(S)|NoOp@NoOp|NoOp@NoOp|NoOp@NoOp|NoOp@NoOp|NoOp@NoOp|NoOp@NoOp|NoOp@NoOp|NoOp@NoOp|NoOp@NoOp
3237331200:Move(S)@Move(S)|NoOp@NoOp|NoOp@NoOp|NoOp@NoOp|NoOp@NoOp|NoOp@NoOp|NoOp@NoOp|NoOp@NoOp|NoOp@NoOp|NoOp@NoOp
3237420300:Move(S)@Move(S)|NoOp@NoOp|NoOp@NoOp|NoOp@NoOp|NoOp@NoOp|NoOp@NoOp|NoOp@NoOp|NoOp@NoOp|NoOp@NoOp|NoOp@NoOp
3237498600:Move(E)@Move(E)|NoOp@NoOp|NoOp@NoOp|NoOp@NoOp|NoOp@NoOp|NoOp@NoOp|NoOp@NoOp|NoOp@NoOp|NoOp@NoOp|NoOp@NoOp
3237571900:Move(E)@Move(E)|NoOp@NoOp|NoOp@NoOp|NoOp@NoOp|NoOp@NoOp|NoOp@NoOp|NoOp@NoOp|NoOp@NoOp|NoOp@NoOp|NoOp@NoOp
3237648700:Move(E)@Move(E)|NoOp@NoOp|NoOp@NoOp|NoOp@NoOp|NoOp@NoOp|NoOp@NoOp|NoOp@NoOp|NoOp@NoOp|NoOp@NoOp|NoOp@NoOp
3237720000:Move(E)@Move(E)|NoOp@NoOp|NoOp@NoOp|NoOp@NoOp|NoOp@NoOp|NoOp@NoOp|NoOp@NoOp|NoOp@NoOp|NoOp@NoOp|NoOp@NoOp
3237781900:Move(E)@Move(E)|NoOp@NoOp|NoOp@NoOp|NoOp@NoOp|NoOp@NoOp|NoOp@NoOp|NoOp@NoOp|NoOp@NoOp|NoOp@NoOp|NoOp@NoOp
3237851200:Move(E)@Move(E)|NoOp@NoOp|NoOp@NoOp|NoOp@NoOp|NoOp@NoOp|NoOp@NoOp|NoOp@NoOp|NoOp@NoOp|NoOp@NoOp|NoOp@NoOp
3237935000:Move(E)@Move(E)|NoOp@NoOp|NoOp@NoOp|NoOp@NoOp|NoOp@NoOp|NoOp@NoOp|NoOp@NoOp|NoOp@NoOp|NoOp@NoOp|NoOp@NoOp
3238003100:Move(E)@Move(E)|NoOp@NoOp|NoOp@NoOp|NoOp@NoOp|NoOp@NoOp|NoOp@NoOp|NoOp@NoOp|NoOp@NoOp|NoOp@NoOp|NoOp@NoOp
3238067200:Move(E)@Move(E)|NoOp@NoOp|NoOp@NoOp|NoOp@NoOp|NoOp@NoOp|NoOp@NoOp|NoOp@NoOp|NoOp@NoOp|NoOp@NoOp|NoOp@NoOp
3238129900:Move(S)@Move(S)|NoOp@NoOp|NoOp@NoOp|NoOp@NoOp|NoOp@NoOp|NoOp@NoOp|NoOp@NoOp|NoOp@NoOp|NoOp@NoOp|NoOp@NoOp
3238208100:Move(S)@Move(S)|NoOp@NoOp|NoOp@NoOp|NoOp@NoOp|NoOp@NoOp|NoOp@NoOp|NoOp@NoOp|NoOp@NoOp|NoOp@NoOp|NoOp@NoOp
3238272400:Move(E)@Move(E)|NoOp@NoOp|NoOp@NoOp|NoOp@NoOp|NoOp@NoOp|NoOp@NoOp|NoOp@NoOp|NoOp@NoOp|NoOp@NoOp|NoOp@NoOp
3238333600:Move(E)@Move(E)|NoOp@NoOp|NoOp@NoOp|NoOp@NoOp|NoOp@NoOp|NoOp@NoOp|NoOp@NoOp|NoOp@NoOp|NoOp@NoOp|NoOp@NoOp
3238391600:Move(E)@Move(E)|NoOp@NoOp|NoOp@NoOp|NoOp@NoOp|NoOp@NoOp|NoOp@NoOp|NoOp@NoOp|NoOp@NoOp|NoOp@NoOp|NoOp@NoOp
3238461800:Move(E)@Move(E)|NoOp@NoOp|NoOp@NoOp|NoOp@NoOp|NoOp@NoOp|NoOp@NoOp|NoOp@NoOp|NoOp@NoOp|NoOp@NoOp|NoOp@NoOp
3238525500:Move(E)@Move(E)|NoOp@NoOp|NoOp@NoOp|NoOp@NoOp|NoOp@NoOp|NoOp@NoOp|NoOp@NoOp|NoOp@NoOp|NoOp@NoOp|NoOp@NoOp
3238586600:Move(E)@Move(E)|NoOp@NoOp|NoOp@NoOp|NoOp@NoOp|NoOp@NoOp|NoOp@NoOp|NoOp@NoOp|NoOp@NoOp|NoOp@NoOp|NoOp@NoOp
3238647400:Move(E)@Move(E)|NoOp@NoOp|NoOp@NoOp|NoOp@NoOp|NoOp@NoOp|NoOp@NoOp|NoOp@NoOp|NoOp@NoOp|NoOp@NoOp|NoOp@NoOp
3238708200:Move(E)@Move(E)|NoOp@NoOp|NoOp@NoOp|NoOp@NoOp|NoOp@NoOp|NoOp@NoOp|NoOp@NoOp|NoOp@NoOp|NoOp@NoOp|NoOp@NoOp
3238769100:Move(E)@Move(E)|NoOp@NoOp|NoOp@NoOp|NoOp@NoOp|NoOp@NoOp|NoOp@NoOp|NoOp@NoOp|NoOp@NoOp|NoOp@NoOp|NoOp@NoOp
3238830700:Move(S)@Move(S)|NoOp@NoOp|NoOp@NoOp|NoOp@NoOp|NoOp@NoOp|NoOp@NoOp|NoOp@NoOp|NoOp@NoOp|NoOp@NoOp|NoOp@NoOp
3238897600:Move(S)@Move(S)|NoOp@NoOp|NoOp@NoOp|NoOp@NoOp|NoOp@NoOp|NoOp@NoOp|NoOp@NoOp|NoOp@NoOp|NoOp@NoOp|NoOp@NoOp
3238958900:Move(S)@Move(S)|NoOp@NoOp|NoOp@NoOp|NoOp@NoOp|NoOp@NoOp|NoOp@NoOp|NoOp@NoOp|NoOp@NoOp|NoOp@NoOp|NoOp@NoOp
3239019100:Move(S)@Move(S)|NoOp@NoOp|NoOp@NoOp|NoOp@NoOp|NoOp@NoOp|NoOp@NoOp|NoOp@NoOp|NoOp@NoOp|NoOp@NoOp|NoOp@NoOp
3239081400:Move(S)@Move(S)|NoOp@NoOp|NoOp@NoOp|NoOp@NoOp|NoOp@NoOp|NoOp@NoOp|NoOp@NoOp|NoOp@NoOp|NoOp@NoOp|NoOp@NoOp
3239159300:Move(E)@Move(E)|NoOp@NoOp|NoOp@NoOp|NoOp@NoOp|NoOp@NoOp|NoOp@NoOp|NoOp@NoOp|NoOp@NoOp|NoOp@NoOp|NoOp@NoOp
3239222700:Move(E)@Move(E)|NoOp@NoOp|NoOp@NoOp|NoOp@NoOp|NoOp@NoOp|NoOp@NoOp|NoOp@NoOp|NoOp@NoOp|NoOp@NoOp|NoOp@NoOp
3239286100:Move(E)@Move(E)|NoOp@NoOp|NoOp@NoOp|NoOp@NoOp|NoOp@NoOp|NoOp@NoOp|NoOp@NoOp|NoOp@NoOp|NoOp@NoOp|NoOp@NoOp
3239345500:Move(E)@Move(E)|NoOp@NoOp|NoOp@NoOp|NoOp@NoOp|NoOp@NoOp|NoOp@NoOp|NoOp@NoOp|NoOp@NoOp|NoOp@NoOp|NoOp@NoOp
3239412800:Move(E)@Move(E)|NoOp@NoOp|NoOp@NoOp|NoOp@NoOp|NoOp@NoOp|NoOp@NoOp|NoOp@NoOp|NoOp@NoOp|NoOp@NoOp|NoOp@NoOp
3239477900:Move(E)@Move(E)|NoOp@NoOp|NoOp@NoOp|NoOp@NoOp|NoOp@NoOp|NoOp@NoOp|NoOp@NoOp|NoOp@NoOp|NoOp@NoOp|NoOp@NoOp
3239534900:Move(E)@Move(E)|NoOp@NoOp|NoOp@NoOp|NoOp@NoOp|NoOp@NoOp|NoOp@NoOp|NoOp@NoOp|NoOp@NoOp|NoOp@NoOp|NoOp@NoOp
3239596200:NoOp@NoOp|NoOp@NoOp|NoOp@NoOp|NoOp@NoOp|Move(E)@Move(E)|NoOp@NoOp|NoOp@NoOp|NoOp@NoOp|NoOp@NoOp|NoOp@NoOp
3239656300:NoOp@NoOp|NoOp@NoOp|NoOp@NoOp|NoOp@NoOp|Push(E,E)@Push(E,E)|NoOp@NoOp|NoOp@NoOp|NoOp@NoOp|NoOp@NoOp|NoOp@NoOp
3239717000:NoOp@NoOp|NoOp@NoOp|NoOp@NoOp|NoOp@NoOp|Push(E,N)@Push(E,N)|NoOp@NoOp|NoOp@NoOp|NoOp@NoOp|NoOp@NoOp|NoOp@NoOp
3239788200:NoOp@NoOp|NoOp@NoOp|NoOp@NoOp|NoOp@NoOp|Push(N,N)@Push(N,N)|NoOp@NoOp|NoOp@NoOp|NoOp@NoOp|NoOp@NoOp|NoOp@NoOp
3239851600:NoOp@NoOp|NoOp@NoOp|NoOp@NoOp|NoOp@NoOp|Push(N,N)@Push(N,N)|NoOp@NoOp|NoOp@NoOp|NoOp@NoOp|NoOp@NoOp|NoOp@NoOp
3239940900:NoOp@NoOp|NoOp@NoOp|NoOp@NoOp|NoOp@NoOp|Push(N,N)@Push(N,N)|NoOp@NoOp|NoOp@NoOp|NoOp@NoOp|NoOp@NoOp|NoOp@NoOp
3240023900:NoOp@NoOp|NoOp@NoOp|NoOp@NoOp|NoOp@NoOp|Push(N,N)@Push(N,N)|NoOp@NoOp|NoOp@NoOp|NoOp@NoOp|NoOp@NoOp|NoOp@NoOp
3240092700:NoOp@NoOp|NoOp@NoOp|NoOp@NoOp|NoOp@NoOp|Push(N,N)@Push(N,N)|NoOp@NoOp|NoOp@NoOp|NoOp@NoOp|NoOp@NoOp|NoOp@NoOp
3240182900:NoOp@NoOp|NoOp@NoOp|NoOp@NoOp|NoOp@NoOp|Push(N,E)@Push(N,E)|NoOp@NoOp|NoOp@NoOp|NoOp@NoOp|NoOp@NoOp|NoOp@NoOp
3240257100:NoOp@NoOp|NoOp@NoOp|NoOp@NoOp|NoOp@NoOp|Push(E,E)@Push(E,E)|NoOp@NoOp|NoOp@NoOp|NoOp@NoOp|NoOp@NoOp|NoOp@NoOp
3240329000:NoOp@NoOp|NoOp@NoOp|NoOp@NoOp|NoOp@NoOp|Push(E,E)@Push(E,E)|NoOp@NoOp|NoOp@NoOp|NoOp@NoOp|NoOp@NoOp|NoOp@NoOp
3240410700:NoOp@NoOp|NoOp@NoOp|NoOp@NoOp|NoOp@NoOp|Push(E,E)@Push(E,E)|NoOp@NoOp|NoOp@NoOp|NoOp@NoOp|NoOp@NoOp|NoOp@NoOp
3240509700:NoOp@NoOp|NoOp@NoOp|NoOp@NoOp|NoOp@NoOp|Push(E,E)@Push(E,E)|NoOp@NoOp|NoOp@NoOp|NoOp@NoOp|NoOp@NoOp|NoOp@NoOp
3240602700:NoOp@NoOp|NoOp@NoOp|NoOp@NoOp|NoOp@NoOp|Push(E,E)@Push(E,E)|NoOp@NoOp|NoOp@NoOp|NoOp@NoOp|NoOp@NoOp|NoOp@NoOp
3240710400:NoOp@NoOp|NoOp@NoOp|NoOp@NoOp|NoOp@NoOp|Push(E,E)@Push(E,E)|NoOp@NoOp|NoOp@NoOp|NoOp@NoOp|NoOp@NoOp|NoOp@NoOp
3240807100:NoOp@NoOp|NoOp@NoOp|NoOp@NoOp|NoOp@NoOp|Push(E,N)@Push(E,N)|NoOp@NoOp|NoOp@NoOp|NoOp@NoOp|NoOp@NoOp|NoOp@NoOp
3240900400:NoOp@NoOp|NoOp@NoOp|NoOp@NoOp|NoOp@NoOp|Push(N,N)@Push(N,N)|NoOp@NoOp|NoOp@NoOp|NoOp@NoOp|NoOp@NoOp|NoOp@NoOp
3240995800:NoOp@NoOp|NoOp@NoOp|NoOp@NoOp|NoOp@NoOp|Push(N,W)@Push(N,W)|NoOp@NoOp|NoOp@NoOp|NoOp@NoOp|NoOp@NoOp|NoOp@NoOp
3241098800:NoOp@NoOp|NoOp@NoOp|NoOp@NoOp|NoOp@NoOp|Push(W,W)@Push(W,W)|NoOp@NoOp|NoOp@NoOp|NoOp@NoOp|NoOp@NoOp|NoOp@NoOp
3241181000:NoOp@NoOp|NoOp@NoOp|NoOp@NoOp|NoOp@NoOp|Push(W,N)@Push(W,N)|NoOp@NoOp|NoOp@NoOp|NoOp@NoOp|NoOp@NoOp|NoOp@NoOp
3241274200:NoOp@NoOp|NoOp@NoOp|NoOp@NoOp|NoOp@NoOp|Push(N,N)@Push(N,N)|NoOp@NoOp|NoOp@NoOp|NoOp@NoOp|NoOp@NoOp|NoOp@NoOp
3241413700:NoOp@NoOp|NoOp@NoOp|NoOp@NoOp|NoOp@NoOp|Push(N,N)@Push(N,N)|NoOp@NoOp|NoOp@NoOp|NoOp@NoOp|NoOp@NoOp|NoOp@NoOp
3241675000:NoOp@NoOp|NoOp@NoOp|NoOp@NoOp|NoOp@NoOp|Push(N,N)@Push(N,N)|NoOp@NoOp|NoOp@NoOp|NoOp@NoOp|NoOp@NoOp|NoOp@NoOp
3241908900:NoOp@NoOp|NoOp@NoOp|NoOp@NoOp|NoOp@NoOp|Push(N,N)@Push(N,N)|NoOp@NoOp|NoOp@NoOp|NoOp@NoOp|NoOp@NoOp|NoOp@NoOp
3242084200:NoOp@NoOp|NoOp@NoOp|NoOp@NoOp|NoOp@NoOp|Push(N,E)@Push(N,E)|NoOp@NoOp|NoOp@NoOp|NoOp@NoOp|NoOp@NoOp|NoOp@NoOp
3242316300:NoOp@NoOp|NoOp@NoOp|NoOp@NoOp|NoOp@NoOp|Push(E,E)@Push(E,E)|NoOp@NoOp|NoOp@NoOp|NoOp@NoOp|NoOp@NoOp|NoOp@NoOp
3242574100:NoOp@NoOp|NoOp@NoOp|NoOp@NoOp|NoOp@NoOp|Push(E,N)@Push(E,N)|NoOp@NoOp|NoOp@NoOp|NoOp@NoOp|NoOp@NoOp|NoOp@NoOp
3242828800:NoOp@NoOp|NoOp@NoOp|NoOp@NoOp|NoOp@NoOp|Push(N,N)@Push(N,N)|NoOp@NoOp|NoOp@NoOp|NoOp@NoOp|NoOp@NoOp|NoOp@NoOp
3243038500:NoOp@NoOp|NoOp@NoOp|NoOp@NoOp|NoOp@NoOp|Push(N,W)@Push(N,W)|NoOp@NoOp|NoOp@NoOp|NoOp@NoOp|NoOp@NoOp|NoOp@NoOp
3243126400:NoOp@NoOp|NoOp@NoOp|NoOp@NoOp|NoOp@NoOp|Push(W,W)@Push(W,W)|NoOp@NoOp|NoOp@NoOp|NoOp@NoOp|NoOp@NoOp|NoOp@NoOp
3243231400:NoOp@NoOp|NoOp@NoOp|NoOp@NoOp|NoOp@NoOp|Push(W,W)@Push(W,W)|NoOp@NoOp|NoOp@NoOp|NoOp@NoOp|NoOp@NoOp|NoOp@NoOp
3243298900:NoOp@NoOp|NoOp@NoOp|NoOp@NoOp|NoOp@NoOp|Push(W,W)@Push(W,W)|NoOp@NoOp|NoOp@NoOp|NoOp@NoOp|NoOp@NoOp|NoOp@NoOp
3243378200:NoOp@NoOp|NoOp@NoOp|NoOp@NoOp|NoOp@NoOp|Push(W,W)@Push(W,W)|NoOp@NoOp|NoOp@NoOp|NoOp@NoOp|NoOp@NoOp|NoOp@NoOp
3243450600:NoOp@NoOp|NoOp@NoOp|NoOp@NoOp|NoOp@NoOp|Push(W,W)@Push(W,W)|NoOp@NoOp|NoOp@NoOp|NoOp@NoOp|NoOp@NoOp|NoOp@NoOp
3243525200:NoOp@NoOp|NoOp@NoOp|NoOp@NoOp|NoOp@NoOp|Push(W,W)@Push(W,W)|NoOp@NoOp|NoOp@NoOp|NoOp@NoOp|NoOp@NoOp|NoOp@NoOp
3243595300:NoOp@NoOp|NoOp@NoOp|NoOp@NoOp|NoOp@NoOp|Push(W,W)@Push(W,W)|NoOp@NoOp|NoOp@NoOp|NoOp@NoOp|NoOp@NoOp|NoOp@NoOp
3243697500:NoOp@NoOp|NoOp@NoOp|NoOp@NoOp|NoOp@NoOp|Push(W,W)@Push(W,W)|NoOp@NoOp|NoOp@NoOp|NoOp@NoOp|NoOp@NoOp|NoOp@NoOp
3243796400:NoOp@NoOp|NoOp@NoOp|NoOp@NoOp|NoOp@NoOp|Push(W,N)@Push(W,N)|NoOp@NoOp|NoOp@NoOp|NoOp@NoOp|NoOp@NoOp|NoOp@NoOp
3243884200:NoOp@NoOp|NoOp@NoOp|NoOp@NoOp|NoOp@NoOp|Push(N,N)@Push(N,N)|NoOp@NoOp|NoOp@NoOp|NoOp@NoOp|NoOp@NoOp|NoOp@NoOp
3243955500:NoOp@NoOp|NoOp@NoOp|NoOp@NoOp|NoOp@NoOp|Push(N,N)@Push(N,N)|NoOp@NoOp|NoOp@NoOp|NoOp@NoOp|NoOp@NoOp|NoOp@NoOp
3244035300:NoOp@NoOp|NoOp@NoOp|NoOp@NoOp|NoOp@NoOp|Push(N,N)@Push(N,N)|NoOp@NoOp|NoOp@NoOp|NoOp@NoOp|NoOp@NoOp|NoOp@NoOp
3244105800:NoOp@NoOp|NoOp@NoOp|NoOp@NoOp|NoOp@NoOp|Push(N,N)@Push(N,N)|NoOp@NoOp|NoOp@NoOp|NoOp@NoOp|NoOp@NoOp|NoOp@NoOp
3244191500:NoOp@NoOp|NoOp@NoOp|NoOp@NoOp|NoOp@NoOp|Push(N,N)@Push(N,N)|NoOp@NoOp|NoOp@NoOp|NoOp@NoOp|NoOp@NoOp|NoOp@NoOp
3244253700:NoOp@NoOp|NoOp@NoOp|NoOp@NoOp|NoOp@NoOp|Push(N,W)@Push(N,W)|NoOp@NoOp|NoOp@NoOp|NoOp@NoOp|NoOp@NoOp|NoOp@NoOp
3244319600:NoOp@NoOp|NoOp@NoOp|Move(W)@Move(W)|NoOp@NoOp|NoOp@NoOp|NoOp@NoOp|NoOp@NoOp|NoOp@NoOp|NoOp@NoOp|NoOp@NoOp
3244380200:NoOp@NoOp|NoOp@NoOp|Move(S)@Move(S)|NoOp@NoOp|NoOp@NoOp|NoOp@NoOp|NoOp@NoOp|NoOp@NoOp|NoOp@NoOp|NoOp@NoOp
3244471900:NoOp@NoOp|NoOp@NoOp|Move(S)@Move(S)|NoOp@NoOp|NoOp@NoOp|NoOp@NoOp|NoOp@NoOp|NoOp@NoOp|NoOp@NoOp|NoOp@NoOp
3244537800:NoOp@NoOp|NoOp@NoOp|Move(S)@Move(S)|NoOp@NoOp|NoOp@NoOp|NoOp@NoOp|NoOp@NoOp|NoOp@NoOp|NoOp@NoOp|NoOp@NoOp
3244603400:NoOp@NoOp|NoOp@NoOp|Move(S)@Move(S)|NoOp@NoOp|NoOp@NoOp|NoOp@NoOp|NoOp@NoOp|NoOp@NoOp|NoOp@NoOp|NoOp@NoOp
3244668800:NoOp@NoOp|NoOp@NoOp|Move(S)@Move(S)|NoOp@NoOp|NoOp@NoOp|NoOp@NoOp|NoOp@NoOp|NoOp@NoOp|NoOp@NoOp|NoOp@NoOp
3244730600:NoOp@NoOp|NoOp@NoOp|Move(S)@Move(S)|NoOp@NoOp|NoOp@NoOp|NoOp@NoOp|NoOp@NoOp|NoOp@NoOp|NoOp@NoOp|NoOp@NoOp
3244788400:NoOp@NoOp|NoOp@NoOp|Move(W)@Move(W)|NoOp@NoOp|NoOp@NoOp|NoOp@NoOp|NoOp@NoOp|NoOp@NoOp|NoOp@NoOp|NoOp@NoOp
3244854000:NoOp@NoOp|NoOp@NoOp|Move(W)@Move(W)|NoOp@NoOp|NoOp@NoOp|NoOp@NoOp|NoOp@NoOp|NoOp@NoOp|NoOp@NoOp|NoOp@NoOp
3244909100:NoOp@NoOp|NoOp@NoOp|Move(W)@Move(W)|NoOp@NoOp|NoOp@NoOp|NoOp@NoOp|NoOp@NoOp|NoOp@NoOp|NoOp@NoOp|NoOp@NoOp
3244968600:NoOp@NoOp|NoOp@NoOp|Move(W)@Move(W)|NoOp@NoOp|NoOp@NoOp|NoOp@NoOp|NoOp@NoOp|NoOp@NoOp|NoOp@NoOp|NoOp@NoOp
3245029200:NoOp@NoOp|NoOp@NoOp|Move(W)@Move(W)|NoOp@NoOp|NoOp@NoOp|NoOp@NoOp|NoOp@NoOp|NoOp@NoOp|NoOp@NoOp|NoOp@NoOp
3245093000:NoOp@NoOp|NoOp@NoOp|Move(W)@Move(W)|NoOp@NoOp|NoOp@NoOp|NoOp@NoOp|NoOp@NoOp|NoOp@NoOp|NoOp@NoOp|NoOp@NoOp
3245172100:NoOp@NoOp|NoOp@NoOp|Move(W)@Move(W)|NoOp@NoOp|NoOp@NoOp|NoOp@NoOp|NoOp@NoOp|NoOp@NoOp|NoOp@NoOp|NoOp@NoOp
3245235100:NoOp@NoOp|NoOp@NoOp|Move(S)@Move(S)|NoOp@NoOp|NoOp@NoOp|NoOp@NoOp|NoOp@NoOp|NoOp@NoOp|NoOp@NoOp|NoOp@NoOp
3245300700:NoOp@NoOp|NoOp@NoOp|Move(S)@Move(S)|NoOp@NoOp|NoOp@NoOp|NoOp@NoOp|NoOp@NoOp|NoOp@NoOp|NoOp@NoOp|NoOp@NoOp
3245372000:NoOp@NoOp|NoOp@NoOp|Move(W)@Move(W)|NoOp@NoOp|NoOp@NoOp|NoOp@NoOp|NoOp@NoOp|NoOp@NoOp|NoOp@NoOp|NoOp@NoOp
3245439200:NoOp@NoOp|NoOp@NoOp|Move(W)@Move(W)|NoOp@NoOp|NoOp@NoOp|NoOp@NoOp|NoOp@NoOp|NoOp@NoOp|NoOp@NoOp|NoOp@NoOp
3245504100:NoOp@NoOp|NoOp@NoOp|Move(W)@Move(W)|NoOp@NoOp|NoOp@NoOp|NoOp@NoOp|NoOp@NoOp|NoOp@NoOp|NoOp@NoOp|NoOp@NoOp
3245579500:NoOp@NoOp|NoOp@NoOp|Move(W)@Move(W)|NoOp@NoOp|NoOp@NoOp|NoOp@NoOp|NoOp@NoOp|NoOp@NoOp|NoOp@NoOp|NoOp@NoOp
3245643900:NoOp@NoOp|NoOp@NoOp|Move(W)@Move(W)|NoOp@NoOp|NoOp@NoOp|NoOp@NoOp|NoOp@NoOp|NoOp@NoOp|NoOp@NoOp|NoOp@NoOp
3245716300:NoOp@NoOp|NoOp@NoOp|Move(W)@Move(W)|NoOp@NoOp|NoOp@NoOp|NoOp@NoOp|NoOp@NoOp|NoOp@NoOp|NoOp@NoOp|NoOp@NoOp
3245790000:NoOp@NoOp|NoOp@NoOp|Move(W)@Move(W)|NoOp@NoOp|NoOp@NoOp|NoOp@NoOp|NoOp@NoOp|NoOp@NoOp|NoOp@NoOp|NoOp@NoOp
3245860100:NoOp@NoOp|NoOp@NoOp|Move(W)@Move(W)|NoOp@NoOp|NoOp@NoOp|NoOp@NoOp|NoOp@NoOp|NoOp@NoOp|NoOp@NoOp|NoOp@NoOp
3245926800:NoOp@NoOp|NoOp@NoOp|Move(W)@Move(W)|NoOp@NoOp|NoOp@NoOp|NoOp@NoOp|NoOp@NoOp|NoOp@NoOp|NoOp@NoOp|NoOp@NoOp
3245998800:NoOp@NoOp|NoOp@NoOp|Move(W)@Move(W)|NoOp@NoOp|NoOp@NoOp|NoOp@NoOp|NoOp@NoOp|NoOp@NoOp|NoOp@NoOp|NoOp@NoOp
3246069000:NoOp@NoOp|NoOp@NoOp|Move(W)@Move(W)|NoOp@NoOp|NoOp@NoOp|NoOp@NoOp|NoOp@NoOp|NoOp@NoOp|NoOp@NoOp|NoOp@NoOp
3246137400:NoOp@NoOp|NoOp@NoOp|Move(W)@Move(W)|NoOp@NoOp|NoOp@NoOp|NoOp@NoOp|NoOp@NoOp|NoOp@NoOp|NoOp@NoOp|NoOp@NoOp
3246219100:NoOp@NoOp|NoOp@NoOp|Move(W)@Move(W)|NoOp@NoOp|NoOp@NoOp|NoOp@NoOp|NoOp@NoOp|NoOp@NoOp|NoOp@NoOp|NoOp@NoOp
3246283500:NoOp@NoOp|NoOp@NoOp|Move(W)@Move(W)|NoOp@NoOp|NoOp@NoOp|NoOp@NoOp|NoOp@NoOp|NoOp@NoOp|NoOp@NoOp|NoOp@NoOp
3246347500:NoOp@NoOp|NoOp@NoOp|Move(W)@Move(W)|NoOp@NoOp|NoOp@NoOp|NoOp@NoOp|NoOp@NoOp|NoOp@NoOp|NoOp@NoOp|NoOp@NoOp
3246405500:NoOp@NoOp|NoOp@NoOp|Move(W)@Move(W)|NoOp@NoOp|NoOp@NoOp|NoOp@NoOp|NoOp@NoOp|NoOp@NoOp|NoOp@NoOp|NoOp@NoOp
3246487800:NoOp@NoOp|NoOp@NoOp|NoOp@NoOp|NoOp@NoOp|NoOp@NoOp|NoOp@NoOp|NoOp@NoOp|NoOp@NoOp|Move(S)@Move(S)|NoOp@NoOp
3246552800:NoOp@NoOp|NoOp@NoOp|NoOp@NoOp|NoOp@NoOp|NoOp@NoOp|NoOp@NoOp|NoOp@NoOp|NoOp@NoOp|Move(S)@Move(S)|NoOp@NoOp
3246614100:NoOp@NoOp|NoOp@NoOp|NoOp@NoOp|NoOp@NoOp|NoOp@NoOp|NoOp@NoOp|NoOp@NoOp|NoOp@NoOp|Move(S)@Move(S)|NoOp@NoOp
3246672300:NoOp@NoOp|NoOp@NoOp|NoOp@NoOp|NoOp@NoOp|NoOp@NoOp|NoOp@NoOp|NoOp@NoOp|NoOp@NoOp|Move(S)@Move(S)|NoOp@NoOp
3246740400:NoOp@NoOp|NoOp@NoOp|NoOp@NoOp|NoOp@NoOp|NoOp@NoOp|NoOp@NoOp|NoOp@NoOp|NoOp@NoOp|Move(E)@Move(E)|NoOp@NoOp
3246814600:NoOp@NoOp|NoOp@NoOp|NoOp@NoOp|NoOp@NoOp|NoOp@NoOp|NoOp@NoOp|NoOp@NoOp|NoOp@NoOp|Pull(W,W)@Pull(W,W)|NoOp@NoOp
3246897400:NoOp@NoOp|NoOp@NoOp|NoOp@NoOp|NoOp@NoOp|NoOp@NoOp|NoOp@NoOp|NoOp@NoOp|NoOp@NoOp|Push(E,N)@Push(E,N)|NoOp@NoOp
3246991100:NoOp@NoOp|NoOp@NoOp|NoOp@NoOp|NoOp@NoOp|Move(N)@Move(N)|NoOp@NoOp|NoOp@NoOp|NoOp@NoOp|NoOp@NoOp|NoOp@NoOp
3247100800:Move(N)@Move(N)|NoOp@NoOp|NoOp@NoOp|NoOp@NoOp|NoOp@NoOp|NoOp@NoOp|NoOp@NoOp|NoOp@NoOp|NoOp@NoOp|NoOp@NoOp
3247223800:Move(N)@Move(N)|NoOp@NoOp|NoOp@NoOp|NoOp@NoOp|NoOp@NoOp|NoOp@NoOp|NoOp@NoOp|NoOp@NoOp|NoOp@NoOp|NoOp@NoOp
3247333000:Move(N)@Move(N)|NoOp@NoOp|NoOp@NoOp|NoOp@NoOp|NoOp@NoOp|NoOp@NoOp|NoOp@NoOp|NoOp@NoOp|NoOp@NoOp|NoOp@NoOp
3247472300:Move(N)@Move(N)|NoOp@NoOp|NoOp@NoOp|NoOp@NoOp|NoOp@NoOp|NoOp@NoOp|NoOp@NoOp|NoOp@NoOp|NoOp@NoOp|NoOp@NoOp
3247591600:Move(N)@Move(N)|NoOp@NoOp|NoOp@NoOp|NoOp@NoOp|NoOp@NoOp|NoOp@NoOp|NoOp@NoOp|NoOp@NoOp|NoOp@NoOp|NoOp@NoOp
3247697100:Move(W)@Move(W)|NoOp@NoOp|NoOp@NoOp|NoOp@NoOp|NoOp@NoOp|NoOp@NoOp|NoOp@NoOp|NoOp@NoOp|NoOp@NoOp|NoOp@NoOp
3247811800:Move(W)@Move(W)|NoOp@NoOp|NoOp@NoOp|NoOp@NoOp|NoOp@NoOp|NoOp@NoOp|NoOp@NoOp|NoOp@NoOp|NoOp@NoOp|NoOp@NoOp
3247951300:Move(W)@Move(W)|NoOp@NoOp|NoOp@NoOp|NoOp@NoOp|NoOp@NoOp|NoOp@NoOp|NoOp@NoOp|NoOp@NoOp|NoOp@NoOp|NoOp@NoOp
3248086800:Move(W)@Move(W)|NoOp@NoOp|NoOp@NoOp|NoOp@NoOp|NoOp@NoOp|NoOp@NoOp|NoOp@NoOp|NoOp@NoOp|NoOp@NoOp|NoOp@NoOp
3248220800:Move(W)@Move(W)|NoOp@NoOp|NoOp@NoOp|NoOp@NoOp|NoOp@NoOp|NoOp@NoOp|NoOp@NoOp|NoOp@NoOp|NoOp@NoOp|NoOp@NoOp
3248352000:Move(W)@Move(W)|NoOp@NoOp|NoOp@NoOp|NoOp@NoOp|NoOp@NoOp|NoOp@NoOp|NoOp@NoOp|NoOp@NoOp|NoOp@NoOp|NoOp@NoOp
3248471400:Move(W)@Move(W)|NoOp@NoOp|NoOp@NoOp|NoOp@NoOp|NoOp@NoOp|NoOp@NoOp|NoOp@NoOp|NoOp@NoOp|NoOp@NoOp|NoOp@NoOp
3248595500:Move(W)@Move(W)|NoOp@NoOp|NoOp@NoOp|NoOp@NoOp|NoOp@NoOp|NoOp@NoOp|NoOp@NoOp|NoOp@NoOp|NoOp@NoOp|NoOp@NoOp
3248668500:Move(W)@Move(W)|NoOp@NoOp|NoOp@NoOp|NoOp@NoOp|NoOp@NoOp|NoOp@NoOp|NoOp@NoOp|NoOp@NoOp|NoOp@NoOp|NoOp@NoOp
3248735200:Move(N)@Move(N)|NoOp@NoOp|NoOp@NoOp|NoOp@NoOp|NoOp@NoOp|NoOp@NoOp|NoOp@NoOp|NoOp@NoOp|NoOp@NoOp|NoOp@NoOp
3248797700:Move(N)@Move(N)|NoOp@NoOp|NoOp@NoOp|NoOp@NoOp|NoOp@NoOp|NoOp@NoOp|NoOp@NoOp|NoOp@NoOp|NoOp@NoOp|NoOp@NoOp
3248861100:Move(N)@Move(N)|NoOp@NoOp|NoOp@NoOp|NoOp@NoOp|NoOp@NoOp|NoOp@NoOp|NoOp@NoOp|NoOp@NoOp|NoOp@NoOp|NoOp@NoOp
3248920200:Move(N)@Move(N)|NoOp@NoOp|NoOp@NoOp|NoOp@NoOp|NoOp@NoOp|NoOp@NoOp|NoOp@NoOp|NoOp@NoOp|NoOp@NoOp|NoOp@NoOp
3248980400:Move(N)@Move(N)|NoOp@NoOp|NoOp@NoOp|NoOp@NoOp|NoOp@NoOp|NoOp@NoOp|NoOp@NoOp|NoOp@NoOp|NoOp@NoOp|NoOp@NoOp
3249044900:Move(N)@Move(N)|NoOp@NoOp|NoOp@NoOp|NoOp@NoOp|NoOp@NoOp|NoOp@NoOp|NoOp@NoOp|NoOp@NoOp|NoOp@NoOp|NoOp@NoOp
3249105800:Move(N)@Move(N)|NoOp@NoOp|NoOp@NoOp|NoOp@NoOp|NoOp@NoOp|NoOp@NoOp|NoOp@NoOp|NoOp@NoOp|NoOp@NoOp|NoOp@NoOp
3249182100:Move(W)@Move(W)|NoOp@NoOp|NoOp@NoOp|NoOp@NoOp|NoOp@NoOp|NoOp@NoOp|NoOp@NoOp|NoOp@NoOp|NoOp@NoOp|NoOp@NoOp
3249248200:Move(W)@Move(W)|NoOp@NoOp|NoOp@NoOp|NoOp@NoOp|NoOp@NoOp|NoOp@NoOp|NoOp@NoOp|NoOp@NoOp|NoOp@NoOp|NoOp@NoOp
3249304800:Move(W)@Move(W)|NoOp@NoOp|NoOp@NoOp|NoOp@NoOp|NoOp@NoOp|NoOp@NoOp|NoOp@NoOp|NoOp@NoOp|NoOp@NoOp|NoOp@NoOp
3249363700:Move(W)@Move(W)|NoOp@NoOp|NoOp@NoOp|NoOp@NoOp|NoOp@NoOp|NoOp@NoOp|NoOp@NoOp|NoOp@NoOp|NoOp@NoOp|NoOp@NoOp
3249425900:Move(W)@Move(W)|NoOp@NoOp|NoOp@NoOp|NoOp@NoOp|NoOp@NoOp|NoOp@NoOp|NoOp@NoOp|NoOp@NoOp|NoOp@NoOp|NoOp@NoOp
3249487700:Move(N)@Move(N)|NoOp@NoOp|NoOp@NoOp|NoOp@NoOp|NoOp@NoOp|NoOp@NoOp|NoOp@NoOp|NoOp@NoOp|NoOp@NoOp|NoOp@NoOp
3249548900:Move(W)@Move(W)|NoOp@NoOp|NoOp@NoOp|NoOp@NoOp|NoOp@NoOp|NoOp@NoOp|NoOp@NoOp|NoOp@NoOp|NoOp@NoOp|NoOp@NoOp
3249611000:Move(W)@Move(W)|NoOp@NoOp|NoOp@NoOp|NoOp@NoOp|NoOp@NoOp|NoOp@NoOp|NoOp@NoOp|NoOp@NoOp|NoOp@NoOp|NoOp@NoOp
3249669000:Move(W)@Move(W)|NoOp@NoOp|NoOp@NoOp|NoOp@NoOp|NoOp@NoOp|NoOp@NoOp|NoOp@NoOp|NoOp@NoOp|NoOp@NoOp|NoOp@NoOp
3249726200:Move(W)@Move(W)|NoOp@NoOp|NoOp@NoOp|NoOp@NoOp|NoOp@NoOp|NoOp@NoOp|NoOp@NoOp|NoOp@NoOp|NoOp@NoOp|NoOp@NoOp
3249785200:Move(W)@Move(W)|NoOp@NoOp|NoOp@NoOp|NoOp@NoOp|NoOp@NoOp|NoOp@NoOp|NoOp@NoOp|NoOp@NoOp|NoOp@NoOp|NoOp@NoOp
3249845600:Move(W)@Move(W)|NoOp@NoOp|NoOp@NoOp|NoOp@NoOp|NoOp@NoOp|NoOp@NoOp|NoOp@NoOp|NoOp@NoOp|NoOp@NoOp|NoOp@NoOp
3249907200:Move(W)@Move(W)|NoOp@NoOp|NoOp@NoOp|NoOp@NoOp|NoOp@NoOp|NoOp@NoOp|NoOp@NoOp|NoOp@NoOp|NoOp@NoOp|NoOp@NoOp
3249972100:Move(W)@Move(W)|NoOp@NoOp|NoOp@NoOp|NoOp@NoOp|NoOp@NoOp|NoOp@NoOp|NoOp@NoOp|NoOp@NoOp|NoOp@NoOp|NoOp@NoOp
3250027600:Move(W)@Move(W)|NoOp@NoOp|NoOp@NoOp|NoOp@NoOp|NoOp@NoOp|NoOp@NoOp|NoOp@NoOp|NoOp@NoOp|NoOp@NoOp|NoOp@NoOp
3250088400:Pull(E,E)@Pull(E,E)|NoOp@NoOp|NoOp@NoOp|NoOp@NoOp|NoOp@NoOp|NoOp@NoOp|NoOp@NoOp|NoOp@NoOp|NoOp@NoOp|NoOp@NoOp
3250151100:Push(W,S)@Push(W,S)|NoOp@NoOp|NoOp@NoOp|NoOp@NoOp|NoOp@NoOp|NoOp@NoOp|NoOp@NoOp|NoOp@NoOp|NoOp@NoOp|NoOp@NoOp
3250212700:Push(S,S)@Push(S,S)|NoOp@NoOp|NoOp@NoOp|NoOp@NoOp|NoOp@NoOp|NoOp@NoOp|NoOp@NoOp|NoOp@NoOp|NoOp@NoOp|NoOp@NoOp
3250274500:Push(S,S)@Push(S,S)|NoOp@NoOp|NoOp@NoOp|NoOp@NoOp|NoOp@NoOp|NoOp@NoOp|NoOp@NoOp|NoOp@NoOp|NoOp@NoOp|NoOp@NoOp
3250336300:Push(S,S)@Push(S,S)|NoOp@NoOp|NoOp@NoOp|NoOp@NoOp|NoOp@NoOp|NoOp@NoOp|NoOp@NoOp|NoOp@NoOp|NoOp@NoOp|NoOp@NoOp
3250397900:Push(S,S)@Push(S,S)|NoOp@NoOp|NoOp@NoOp|NoOp@NoOp|NoOp@NoOp|NoOp@NoOp|NoOp@NoOp|NoOp@NoOp|NoOp@NoOp|NoOp@NoOp
3250495700:Push(S,S)@Push(S,S)|NoOp@NoOp|NoOp@NoOp|NoOp@NoOp|NoOp@NoOp|NoOp@NoOp|NoOp@NoOp|NoOp@NoOp|NoOp@NoOp|NoOp@NoOp
3250572500:Push(S,E)@Push(S,E)|NoOp@NoOp|NoOp@NoOp|NoOp@NoOp|NoOp@NoOp|NoOp@NoOp|NoOp@NoOp|NoOp@NoOp|NoOp@NoOp|NoOp@NoOp
3250639300:Push(E,E)@Push(E,E)|NoOp@NoOp|NoOp@NoOp|NoOp@NoOp|NoOp@NoOp|NoOp@NoOp|NoOp@NoOp|NoOp@NoOp|NoOp@NoOp|NoOp@NoOp
3250702600:Push(E,E)@Push(E,E)|NoOp@NoOp|NoOp@NoOp|NoOp@NoOp|NoOp@NoOp|NoOp@NoOp|NoOp@NoOp|NoOp@NoOp|NoOp@NoOp|NoOp@NoOp
3250765500:Push(E,E)@Push(E,E)|NoOp@NoOp|NoOp@NoOp|NoOp@NoOp|NoOp@NoOp|NoOp@NoOp|NoOp@NoOp|NoOp@NoOp|NoOp@NoOp|NoOp@NoOp
3250829900:Push(E,E)@Push(E,E)|NoOp@NoOp|NoOp@NoOp|NoOp@NoOp|NoOp@NoOp|NoOp@NoOp|NoOp@NoOp|NoOp@NoOp|NoOp@NoOp|NoOp@NoOp
3250891000:Push(E,E)@Push(E,E)|NoOp@NoOp|NoOp@NoOp|NoOp@NoOp|NoOp@NoOp|NoOp@NoOp|NoOp@NoOp|NoOp@NoOp|NoOp@NoOp|NoOp@NoOp
3250952400:Push(E,E)@Push(E,E)|NoOp@NoOp|NoOp@NoOp|NoOp@NoOp|NoOp@NoOp|NoOp@NoOp|NoOp@NoOp|NoOp@NoOp|NoOp@NoOp|NoOp@NoOp
3251014400:Push(E,S)@Push(E,S)|NoOp@NoOp|NoOp@NoOp|NoOp@NoOp|NoOp@NoOp|NoOp@NoOp|NoOp@NoOp|NoOp@NoOp|NoOp@NoOp|NoOp@NoOp
3251077900:Push(S,S)@Push(S,S)|NoOp@NoOp|NoOp@NoOp|NoOp@NoOp|NoOp@NoOp|NoOp@NoOp|NoOp@NoOp|NoOp@NoOp|NoOp@NoOp|NoOp@NoOp
3251140000:Push(S,W)@Push(S,W)|NoOp@NoOp|NoOp@NoOp|NoOp@NoOp|NoOp@NoOp|NoOp@NoOp|NoOp@NoOp|NoOp@NoOp|NoOp@NoOp|NoOp@NoOp
3251212100:Push(W,W)@Push(W,W)|NoOp@NoOp|NoOp@NoOp|NoOp@NoOp|NoOp@NoOp|NoOp@NoOp|NoOp@NoOp|NoOp@NoOp|NoOp@NoOp|NoOp@NoOp
3251273600:Push(W,S)@Push(W,S)|NoOp@NoOp|NoOp@NoOp|NoOp@NoOp|NoOp@NoOp|NoOp@NoOp|NoOp@NoOp|NoOp@NoOp|NoOp@NoOp|NoOp@NoOp
3251335400:Push(S,S)@Push(S,S)|NoOp@NoOp|NoOp@NoOp|NoOp@NoOp|NoOp@NoOp|NoOp@NoOp|NoOp@NoOp|NoOp@NoOp|NoOp@NoOp|NoOp@NoOp
3251397600:Push(S,S)@Push(S,S)|NoOp@NoOp|NoOp@NoOp|NoOp@NoOp|NoOp@NoOp|NoOp@NoOp|NoOp@NoOp|NoOp@NoOp|NoOp@NoOp|NoOp@NoOp
3251459800:Push(S,S)@Push(S,S)|NoOp@NoOp|NoOp@NoOp|NoOp@NoOp|NoOp@NoOp|NoOp@NoOp|NoOp@NoOp|NoOp@NoOp|NoOp@NoOp|NoOp@NoOp
3251526800:Push(S,S)@Push(S,S)|NoOp@NoOp|NoOp@NoOp|NoOp@NoOp|NoOp@NoOp|NoOp@NoOp|NoOp@NoOp|NoOp@NoOp|NoOp@NoOp|NoOp@NoOp
3251606900:Push(S,E)@Push(S,E)|NoOp@NoOp|NoOp@NoOp|NoOp@NoOp|NoOp@NoOp|NoOp@NoOp|NoOp@NoOp|NoOp@NoOp|NoOp@NoOp|NoOp@NoOp
3251680600:Push(E,E)@Push(E,E)|NoOp@NoOp|NoOp@NoOp|NoOp@NoOp|NoOp@NoOp|NoOp@NoOp|NoOp@NoOp|NoOp@NoOp|NoOp@NoOp|NoOp@NoOp
3251746100:Push(E,S)@Push(E,S)|NoOp@NoOp|NoOp@NoOp|NoOp@NoOp|NoOp@NoOp|NoOp@NoOp|NoOp@NoOp|NoOp@NoOp|NoOp@NoOp|NoOp@NoOp
3251816400:Push(S,S)@Push(S,S)|NoOp@NoOp|NoOp@NoOp|NoOp@NoOp|NoOp@NoOp|NoOp@NoOp|NoOp@NoOp|NoOp@NoOp|NoOp@NoOp|NoOp@NoOp
3251880100:Push(S,S)@Push(S,S)|NoOp@NoOp|NoOp@NoOp|NoOp@NoOp|NoOp@NoOp|NoOp@NoOp|NoOp@NoOp|NoOp@NoOp|NoOp@NoOp|NoOp@NoOp
3251941300:Push(S,S)@Push(S,S)|NoOp@NoOp|NoOp@NoOp|NoOp@NoOp|NoOp@NoOp|NoOp@NoOp|NoOp@NoOp|NoOp@NoOp|NoOp@NoOp|NoOp@NoOp
3252002700:Push(S,S)@Push(S,S)|NoOp@NoOp|NoOp@NoOp|NoOp@NoOp|NoOp@NoOp|NoOp@NoOp|NoOp@NoOp|NoOp@NoOp|NoOp@NoOp|NoOp@NoOp
3252063500:Push(S,S)@Push(S,S)|NoOp@NoOp|NoOp@NoOp|NoOp@NoOp|NoOp@NoOp|NoOp@NoOp|NoOp@NoOp|NoOp@NoOp|NoOp@NoOp|NoOp@NoOp
3252124900:Push(S,S)@Push(S,S)|NoOp@NoOp|NoOp@NoOp|NoOp@NoOp|NoOp@NoOp|NoOp@NoOp|NoOp@NoOp|NoOp@NoOp|NoOp@NoOp|NoOp@NoOp
3252200600:Push(S,S)@Push(S,S)|NoOp@NoOp|NoOp@NoOp|NoOp@NoOp|NoOp@NoOp|NoOp@NoOp|NoOp@NoOp|NoOp@NoOp|NoOp@NoOp|NoOp@NoOp
3252276300:Push(S,W)@Push(S,W)|NoOp@NoOp|NoOp@NoOp|NoOp@NoOp|NoOp@NoOp|NoOp@NoOp|NoOp@NoOp|NoOp@NoOp|NoOp@NoOp|NoOp@NoOp
3252340600:Push(W,W)@Push(W,W)|NoOp@NoOp|NoOp@NoOp|NoOp@NoOp|NoOp@NoOp|NoOp@NoOp|NoOp@NoOp|NoOp@NoOp|NoOp@NoOp|NoOp@NoOp
3252403100:Push(W,W)@Push(W,W)|NoOp@NoOp|NoOp@NoOp|NoOp@NoOp|NoOp@NoOp|NoOp@NoOp|NoOp@NoOp|NoOp@NoOp|NoOp@NoOp|NoOp@NoOp
3252464600:Push(W,W)@Push(W,W)|NoOp@NoOp|NoOp@NoOp|NoOp@NoOp|NoOp@NoOp|NoOp@NoOp|NoOp@NoOp|NoOp@NoOp|NoOp@NoOp|NoOp@NoOp
3252525700:Push(W,W)@Push(W,W)|NoOp@NoOp|NoOp@NoOp|NoOp@NoOp|NoOp@NoOp|NoOp@NoOp|NoOp@NoOp|NoOp@NoOp|NoOp@NoOp|NoOp@NoOp
3252587100:Push(W,W)@Push(W,W)|NoOp@NoOp|NoOp@NoOp|NoOp@NoOp|NoOp@NoOp|NoOp@NoOp|NoOp@NoOp|NoOp@NoOp|NoOp@NoOp|NoOp@NoOp
3252648400:Push(W,W)@Push(W,W)|NoOp@NoOp|NoOp@NoOp|NoOp@NoOp|NoOp@NoOp|NoOp@NoOp|NoOp@NoOp|NoOp@NoOp|NoOp@NoOp|NoOp@NoOp
3252709600:Push(W,W)@Push(W,W)|NoOp@NoOp|NoOp@NoOp|NoOp@NoOp|NoOp@NoOp|NoOp@NoOp|NoOp@NoOp|NoOp@NoOp|NoOp@NoOp|NoOp@NoOp
3252798100:Push(W,W)@Push(W,W)|NoOp@NoOp|NoOp@NoOp|NoOp@NoOp|NoOp@NoOp|NoOp@NoOp|NoOp@NoOp|NoOp@NoOp|NoOp@NoOp|NoOp@NoOp
3252883100:Push(W,W)@Push(W,W)|NoOp@NoOp|NoOp@NoOp|NoOp@NoOp|NoOp@NoOp|NoOp@NoOp|NoOp@NoOp|NoOp@NoOp|NoOp@NoOp|NoOp@NoOp
3252964500:NoOp@NoOp|NoOp@NoOp|Move(E)@Move(E)|NoOp@NoOp|NoOp@NoOp|NoOp@NoOp|NoOp@NoOp|NoOp@NoOp|NoOp@NoOp|NoOp@NoOp
3253043800:NoOp@NoOp|NoOp@NoOp|Move(E)@Move(E)|NoOp@NoOp|NoOp@NoOp|NoOp@NoOp|NoOp@NoOp|NoOp@NoOp|NoOp@NoOp|NoOp@NoOp
3253138500:NoOp@NoOp|NoOp@NoOp|Move(E)@Move(E)|NoOp@NoOp|NoOp@NoOp|NoOp@NoOp|NoOp@NoOp|NoOp@NoOp|NoOp@NoOp|NoOp@NoOp
3253221600:NoOp@NoOp|NoOp@NoOp|Move(E)@Move(E)|NoOp@NoOp|NoOp@NoOp|NoOp@NoOp|NoOp@NoOp|NoOp@NoOp|NoOp@NoOp|NoOp@NoOp
3253301800:NoOp@NoOp|NoOp@NoOp|Move(E)@Move(E)|NoOp@NoOp|NoOp@NoOp|NoOp@NoOp|NoOp@NoOp|NoOp@NoOp|NoOp@NoOp|NoOp@NoOp
3253380500:NoOp@NoOp|NoOp@NoOp|Move(E)@Move(E)|NoOp@NoOp|NoOp@NoOp|NoOp@NoOp|NoOp@NoOp|NoOp@NoOp|NoOp@NoOp|NoOp@NoOp
3253460100:NoOp@NoOp|NoOp@NoOp|Move(E)@Move(E)|NoOp@NoOp|NoOp@NoOp|NoOp@NoOp|NoOp@NoOp|NoOp@NoOp|NoOp@NoOp|NoOp@NoOp
3253540700:NoOp@NoOp|NoOp@NoOp|Move(E)@Move(E)|NoOp@NoOp|NoOp@NoOp|NoOp@NoOp|NoOp@NoOp|NoOp@NoOp|NoOp@NoOp|NoOp@NoOp
3253619900:NoOp@NoOp|NoOp@NoOp|Move(E)@Move(E)|NoOp@NoOp|NoOp@NoOp|NoOp@NoOp|NoOp@NoOp|NoOp@NoOp|NoOp@NoOp|NoOp@NoOp
3253721100:NoOp@NoOp|NoOp@NoOp|Move(N)@Move(N)|NoOp@NoOp|NoOp@NoOp|NoOp@NoOp|NoOp@NoOp|NoOp@NoOp|NoOp@NoOp|NoOp@NoOp
3253806900:NoOp@NoOp|NoOp@NoOp|Move(N)@Move(N)|NoOp@NoOp|NoOp@NoOp|NoOp@NoOp|NoOp@NoOp|NoOp@NoOp|NoOp@NoOp|NoOp@NoOp
3253880900:NoOp@NoOp|NoOp@NoOp|Move(N)@Move(N)|NoOp@NoOp|NoOp@NoOp|NoOp@NoOp|NoOp@NoOp|NoOp@NoOp|NoOp@NoOp|NoOp@NoOp
3253964300:NoOp@NoOp|NoOp@NoOp|Move(N)@Move(N)|NoOp@NoOp|NoOp@NoOp|NoOp@NoOp|NoOp@NoOp|NoOp@NoOp|NoOp@NoOp|NoOp@NoOp
3254069100:NoOp@NoOp|NoOp@NoOp|Move(N)@Move(N)|NoOp@NoOp|NoOp@NoOp|NoOp@NoOp|NoOp@NoOp|NoOp@NoOp|NoOp@NoOp|NoOp@NoOp
3254164700:NoOp@NoOp|NoOp@NoOp|Move(N)@Move(N)|NoOp@NoOp|NoOp@NoOp|NoOp@NoOp|NoOp@NoOp|NoOp@NoOp|NoOp@NoOp|NoOp@NoOp
3254250600:NoOp@NoOp|NoOp@NoOp|Move(N)@Move(N)|NoOp@NoOp|NoOp@NoOp|NoOp@NoOp|NoOp@NoOp|NoOp@NoOp|NoOp@NoOp|NoOp@NoOp
3254328700:NoOp@NoOp|NoOp@NoOp|Move(E)@Move(E)|NoOp@NoOp|NoOp@NoOp|NoOp@NoOp|NoOp@NoOp|NoOp@NoOp|NoOp@NoOp|NoOp@NoOp
3254396800:NoOp@NoOp|NoOp@NoOp|Move(E)@Move(E)|NoOp@NoOp|NoOp@NoOp|NoOp@NoOp|NoOp@NoOp|NoOp@NoOp|NoOp@NoOp|NoOp@NoOp
3254473100:NoOp@NoOp|NoOp@NoOp|Move(E)@Move(E)|NoOp@NoOp|NoOp@NoOp|NoOp@NoOp|NoOp@NoOp|NoOp@NoOp|NoOp@NoOp|NoOp@NoOp
3254554900:NoOp@NoOp|NoOp@NoOp|Move(E)@Move(E)|NoOp@NoOp|NoOp@NoOp|NoOp@NoOp|NoOp@NoOp|NoOp@NoOp|NoOp@NoOp|NoOp@NoOp
3254629100:NoOp@NoOp|NoOp@NoOp|Move(N)@Move(N)|NoOp@NoOp|NoOp@NoOp|NoOp@NoOp|NoOp@NoOp|NoOp@NoOp|NoOp@NoOp|NoOp@NoOp
3254703900:NoOp@NoOp|NoOp@NoOp|Move(E)@Move(E)|NoOp@NoOp|NoOp@NoOp|NoOp@NoOp|NoOp@NoOp|NoOp@NoOp|NoOp@NoOp|NoOp@NoOp
3254794900:NoOp@NoOp|NoOp@NoOp|Move(E)@Move(E)|NoOp@NoOp|NoOp@NoOp|NoOp@NoOp|NoOp@NoOp|NoOp@NoOp|NoOp@NoOp|NoOp@NoOp
3254880300:NoOp@NoOp|NoOp@NoOp|Move(E)@Move(E)|NoOp@NoOp|NoOp@NoOp|NoOp@NoOp|NoOp@NoOp|NoOp@NoOp|NoOp@NoOp|NoOp@NoOp
3254959000:NoOp@NoOp|NoOp@NoOp|Move(E)@Move(E)|NoOp@NoOp|NoOp@NoOp|NoOp@NoOp|NoOp@NoOp|NoOp@NoOp|NoOp@NoOp|NoOp@NoOp
3255037300:NoOp@NoOp|NoOp@NoOp|Move(E)@Move(E)|NoOp@NoOp|NoOp@NoOp|NoOp@NoOp|NoOp@NoOp|NoOp@NoOp|NoOp@NoOp|NoOp@NoOp
3255112400:NoOp@NoOp|NoOp@NoOp|Move(E)@Move(E)|NoOp@NoOp|NoOp@NoOp|NoOp@NoOp|NoOp@NoOp|NoOp@NoOp|NoOp@NoOp|NoOp@NoOp
3255194000:NoOp@NoOp|NoOp@NoOp|Move(E)@Move(E)|NoOp@NoOp|NoOp@NoOp|NoOp@NoOp|NoOp@NoOp|NoOp@NoOp|NoOp@NoOp|NoOp@NoOp
3255253500:NoOp@NoOp|NoOp@NoOp|Move(E)@Move(E)|NoOp@NoOp|NoOp@NoOp|NoOp@NoOp|NoOp@NoOp|NoOp@NoOp|NoOp@NoOp|NoOp@NoOp
3255315100:NoOp@NoOp|NoOp@NoOp|Move(E)@Move(E)|NoOp@NoOp|NoOp@NoOp|NoOp@NoOp|NoOp@NoOp|NoOp@NoOp|NoOp@NoOp|NoOp@NoOp
3255376400:NoOp@NoOp|NoOp@NoOp|Move(E)@Move(E)|NoOp@NoOp|NoOp@NoOp|NoOp@NoOp|NoOp@NoOp|NoOp@NoOp|NoOp@NoOp|NoOp@NoOp
3255437200:NoOp@NoOp|NoOp@NoOp|Move(E)@Move(E)|NoOp@NoOp|NoOp@NoOp|NoOp@NoOp|NoOp@NoOp|NoOp@NoOp|NoOp@NoOp|NoOp@NoOp
3255498100:NoOp@NoOp|NoOp@NoOp|Move(E)@Move(E)|NoOp@NoOp|NoOp@NoOp|NoOp@NoOp|NoOp@NoOp|NoOp@NoOp|NoOp@NoOp|NoOp@NoOp
3255559600:NoOp@NoOp|NoOp@NoOp|Pull(W,W)@Pull(W,W)|NoOp@NoOp|NoOp@NoOp|NoOp@NoOp|NoOp@NoOp|NoOp@NoOp|NoOp@NoOp|NoOp@NoOp
3255622100:NoOp@NoOp|NoOp@NoOp|Push(E,S)@Push(E,S)|NoOp@NoOp|NoOp@NoOp|NoOp@NoOp|NoOp@NoOp|NoOp@NoOp|NoOp@NoOp|NoOp@NoOp
3255684100:NoOp@NoOp|NoOp@NoOp|Push(S,S)@Push(S,S)|NoOp@NoOp|NoOp@NoOp|NoOp@NoOp|NoOp@NoOp|NoOp@NoOp|NoOp@NoOp|NoOp@NoOp
3255745600:NoOp@NoOp|NoOp@NoOp|Push(S,S)@Push(S,S)|NoOp@NoOp|NoOp@NoOp|NoOp@NoOp|NoOp@NoOp|NoOp@NoOp|NoOp@NoOp|NoOp@NoOp
3255807100:NoOp@NoOp|NoOp@NoOp|Push(S,S)@Push(S,S)|NoOp@NoOp|NoOp@NoOp|NoOp@NoOp|NoOp@NoOp|NoOp@NoOp|NoOp@NoOp|NoOp@NoOp
3255874000:NoOp@NoOp|NoOp@NoOp|Push(S,S)@Push(S,S)|NoOp@NoOp|NoOp@NoOp|NoOp@NoOp|NoOp@NoOp|NoOp@NoOp|NoOp@NoOp|NoOp@NoOp
3255935300:NoOp@NoOp|NoOp@NoOp|Push(S,S)@Push(S,S)|NoOp@NoOp|NoOp@NoOp|NoOp@NoOp|NoOp@NoOp|NoOp@NoOp|NoOp@NoOp|NoOp@NoOp
3255997000:NoOp@NoOp|NoOp@NoOp|Push(S,W)@Push(S,W)|NoOp@NoOp|NoOp@NoOp|NoOp@NoOp|NoOp@NoOp|NoOp@NoOp|NoOp@NoOp|NoOp@NoOp
3256058500:NoOp@NoOp|NoOp@NoOp|Push(W,W)@Push(W,W)|NoOp@NoOp|NoOp@NoOp|NoOp@NoOp|NoOp@NoOp|NoOp@NoOp|NoOp@NoOp|NoOp@NoOp
3256119400:NoOp@NoOp|NoOp@NoOp|Push(W,W)@Push(W,W)|NoOp@NoOp|NoOp@NoOp|NoOp@NoOp|NoOp@NoOp|NoOp@NoOp|NoOp@NoOp|NoOp@NoOp
3256180400:NoOp@NoOp|NoOp@NoOp|Push(W,W)@Push(W,W)|NoOp@NoOp|NoOp@NoOp|NoOp@NoOp|NoOp@NoOp|NoOp@NoOp|NoOp@NoOp|NoOp@NoOp
3256241000:NoOp@NoOp|NoOp@NoOp|Push(W,W)@Push(W,W)|NoOp@NoOp|NoOp@NoOp|NoOp@NoOp|NoOp@NoOp|NoOp@NoOp|NoOp@NoOp|NoOp@NoOp
3256304200:NoOp@NoOp|NoOp@NoOp|Push(W,W)@Push(W,W)|NoOp@NoOp|NoOp@NoOp|NoOp@NoOp|NoOp@NoOp|NoOp@NoOp|NoOp@NoOp|NoOp@NoOp
3256365300:NoOp@NoOp|NoOp@NoOp|Push(W,W)@Push(W,W)|NoOp@NoOp|NoOp@NoOp|NoOp@NoOp|NoOp@NoOp|NoOp@NoOp|NoOp@NoOp|NoOp@NoOp
3256436800:NoOp@NoOp|NoOp@NoOp|Push(W,W)@Push(W,W)|NoOp@NoOp|NoOp@NoOp|NoOp@NoOp|NoOp@NoOp|NoOp@NoOp|NoOp@NoOp|NoOp@NoOp
3256524900:NoOp@NoOp|NoOp@NoOp|Push(W,W)@Push(W,W)|NoOp@NoOp|NoOp@NoOp|NoOp@NoOp|NoOp@NoOp|NoOp@NoOp|NoOp@NoOp|NoOp@NoOp
3256588400:NoOp@NoOp|NoOp@NoOp|Push(W,S)@Push(W,S)|NoOp@NoOp|NoOp@NoOp|NoOp@NoOp|NoOp@NoOp|NoOp@NoOp|NoOp@NoOp|NoOp@NoOp
3256664400:NoOp@NoOp|NoOp@NoOp|Push(S,S)@Push(S,S)|NoOp@NoOp|NoOp@NoOp|NoOp@NoOp|NoOp@NoOp|NoOp@NoOp|NoOp@NoOp|NoOp@NoOp
3256752800:NoOp@NoOp|NoOp@NoOp|Push(S,E)@Push(S,E)|NoOp@NoOp|NoOp@NoOp|NoOp@NoOp|NoOp@NoOp|NoOp@NoOp|NoOp@NoOp|NoOp@NoOp
3256840500:NoOp@NoOp|NoOp@NoOp|Push(E,E)@Push(E,E)|NoOp@NoOp|NoOp@NoOp|NoOp@NoOp|NoOp@NoOp|NoOp@NoOp|NoOp@NoOp|NoOp@NoOp
3256929900:NoOp@NoOp|NoOp@NoOp|Push(E,S)@Push(E,S)|NoOp@NoOp|NoOp@NoOp|NoOp@NoOp|NoOp@NoOp|NoOp@NoOp|NoOp@NoOp|NoOp@NoOp
3257010400:NoOp@NoOp|NoOp@NoOp|Push(S,S)@Push(S,S)|NoOp@NoOp|NoOp@NoOp|NoOp@NoOp|NoOp@NoOp|NoOp@NoOp|NoOp@NoOp|NoOp@NoOp
3257102900:NoOp@NoOp|NoOp@NoOp|Push(S,S)@Push(S,S)|NoOp@NoOp|NoOp@NoOp|NoOp@NoOp|NoOp@NoOp|NoOp@NoOp|NoOp@NoOp|NoOp@NoOp
3257189600:NoOp@NoOp|NoOp@NoOp|Push(S,S)@Push(S,S)|NoOp@NoOp|NoOp@NoOp|NoOp@NoOp|NoOp@NoOp|NoOp@NoOp|NoOp@NoOp|NoOp@NoOp
3257271700:NoOp@NoOp|NoOp@NoOp|Push(S,S)@Push(S,S)|NoOp@NoOp|NoOp@NoOp|NoOp@NoOp|NoOp@NoOp|NoOp@NoOp|NoOp@NoOp|NoOp@NoOp
3257349000:NoOp@NoOp|NoOp@NoOp|Push(S,W)@Push(S,W)|NoOp@NoOp|NoOp@NoOp|NoOp@NoOp|NoOp@NoOp|NoOp@NoOp|NoOp@NoOp|NoOp@NoOp
3257426300:NoOp@NoOp|NoOp@NoOp|Push(W,W)@Push(W,W)|NoOp@NoOp|NoOp@NoOp|NoOp@NoOp|NoOp@NoOp|NoOp@NoOp|NoOp@NoOp|NoOp@NoOp
3257503100:NoOp@NoOp|NoOp@NoOp|Push(W,S)@Push(W,S)|NoOp@NoOp|NoOp@NoOp|NoOp@NoOp|NoOp@NoOp|NoOp@NoOp|NoOp@NoOp|NoOp@NoOp
3257579700:NoOp@NoOp|NoOp@NoOp|Push(S,S)@Push(S,S)|NoOp@NoOp|NoOp@NoOp|NoOp@NoOp|NoOp@NoOp|NoOp@NoOp|NoOp@NoOp|NoOp@NoOp
3257655500:NoOp@NoOp|NoOp@NoOp|Push(S,S)@Push(S,S)|NoOp@NoOp|NoOp@NoOp|NoOp@NoOp|NoOp@NoOp|NoOp@NoOp|NoOp@NoOp|NoOp@NoOp
3257737300:NoOp@NoOp|NoOp@NoOp|Push(S,S)@Push(S,S)|NoOp@NoOp|NoOp@NoOp|NoOp@NoOp|NoOp@NoOp|NoOp@NoOp|NoOp@NoOp|NoOp@NoOp
3257825000:NoOp@NoOp|NoOp@NoOp|Push(S,S)@Push(S,S)|NoOp@NoOp|NoOp@NoOp|NoOp@NoOp|NoOp@NoOp|NoOp@NoOp|NoOp@NoOp|NoOp@NoOp
3257907500:NoOp@NoOp|NoOp@NoOp|Push(S,S)@Push(S,S)|NoOp@NoOp|NoOp@NoOp|NoOp@NoOp|NoOp@NoOp|NoOp@NoOp|NoOp@NoOp|NoOp@NoOp
3257986800:NoOp@NoOp|NoOp@NoOp|Push(S,S)@Push(S,S)|NoOp@NoOp|NoOp@NoOp|NoOp@NoOp|NoOp@NoOp|NoOp@NoOp|NoOp@NoOp|NoOp@NoOp
3258064900:NoOp@NoOp|NoOp@NoOp|Push(S,S)@Push(S,S)|NoOp@NoOp|NoOp@NoOp|NoOp@NoOp|NoOp@NoOp|NoOp@NoOp|NoOp@NoOp|NoOp@NoOp
3258161800:NoOp@NoOp|NoOp@NoOp|Push(S,E)@Push(S,E)|NoOp@NoOp|NoOp@NoOp|NoOp@NoOp|NoOp@NoOp|NoOp@NoOp|NoOp@NoOp|NoOp@NoOp
3258251700:NoOp@NoOp|NoOp@NoOp|Push(E,E)@Push(E,E)|NoOp@NoOp|NoOp@NoOp|NoOp@NoOp|NoOp@NoOp|NoOp@NoOp|NoOp@NoOp|NoOp@NoOp
3258349800:NoOp@NoOp|NoOp@NoOp|Push(E,E)@Push(E,E)|NoOp@NoOp|NoOp@NoOp|NoOp@NoOp|NoOp@NoOp|NoOp@NoOp|NoOp@NoOp|NoOp@NoOp
3258450400:NoOp@NoOp|NoOp@NoOp|Push(E,E)@Push(E,E)|NoOp@NoOp|NoOp@NoOp|NoOp@NoOp|NoOp@NoOp|NoOp@NoOp|NoOp@NoOp|NoOp@NoOp
3258568400:NoOp@NoOp|NoOp@NoOp|Push(E,E)@Push(E,E)|NoOp@NoOp|NoOp@NoOp|NoOp@NoOp|NoOp@NoOp|NoOp@NoOp|NoOp@NoOp|NoOp@NoOp
3258656700:NoOp@NoOp|NoOp@NoOp|Push(E,E)@Push(E,E)|NoOp@NoOp|NoOp@NoOp|NoOp@NoOp|NoOp@NoOp|NoOp@NoOp|NoOp@NoOp|NoOp@NoOp
3258745300:NoOp@NoOp|NoOp@NoOp|Push(E,E)@Push(E,E)|NoOp@NoOp|NoOp@NoOp|NoOp@NoOp|NoOp@NoOp|NoOp@NoOp|NoOp@NoOp|NoOp@NoOp
3258839100:NoOp@NoOp|NoOp@NoOp|Push(E,E)@Push(E,E)|NoOp@NoOp|NoOp@NoOp|NoOp@NoOp|NoOp@NoOp|NoOp@NoOp|NoOp@NoOp|NoOp@NoOp
3258933800:NoOp@NoOp|NoOp@NoOp|NoOp@NoOp|NoOp@NoOp|NoOp@NoOp|NoOp@NoOp|NoOp@NoOp|NoOp@NoOp|Move(W)@Move(W)|NoOp@NoOp
3259024100:NoOp@NoOp|NoOp@NoOp|NoOp@NoOp|NoOp@NoOp|NoOp@NoOp|NoOp@NoOp|NoOp@NoOp|NoOp@NoOp|Move(N)@Move(N)|NoOp@NoOp
3259114900:NoOp@NoOp|NoOp@NoOp|NoOp@NoOp|NoOp@NoOp|NoOp@NoOp|NoOp@NoOp|NoOp@NoOp|NoOp@NoOp|Move(N)@Move(N)|NoOp@NoOp
3259213600:NoOp@NoOp|NoOp@NoOp|NoOp@NoOp|NoOp@NoOp|NoOp@NoOp|NoOp@NoOp|NoOp@NoOp|NoOp@NoOp|Move(N)@Move(N)|NoOp@NoOp
3259274200:NoOp@NoOp|NoOp@NoOp|NoOp@NoOp|NoOp@NoOp|NoOp@NoOp|NoOp@NoOp|NoOp@NoOp|NoOp@NoOp|Move(N)@Move(N)|NoOp@NoOp
3259331800:NoOp@NoOp|NoOp@NoOp|NoOp@NoOp|NoOp@NoOp|NoOp@NoOp|NoOp@NoOp|NoOp@NoOp|NoOp@NoOp|Move(N)@Move(N)|NoOp@NoOp
3259384200:NoOp@NoOp|NoOp@NoOp|NoOp@NoOp|NoOp@NoOp|NoOp@NoOp|NoOp@NoOp|NoOp@NoOp|NoOp@NoOp|Move(W)@Move(W)|NoOp@NoOp
3259434400:NoOp@NoOp|NoOp@NoOp|NoOp@NoOp|NoOp@NoOp|NoOp@NoOp|NoOp@NoOp|NoOp@NoOp|NoOp@NoOp|Move(W)@Move(W)|NoOp@NoOp
3259506000:NoOp@NoOp|NoOp@NoOp|NoOp@NoOp|NoOp@NoOp|NoOp@NoOp|NoOp@NoOp|NoOp@NoOp|NoOp@NoOp|Move(W)@Move(W)|NoOp@NoOp
3259591400:NoOp@NoOp|NoOp@NoOp|NoOp@NoOp|NoOp@NoOp|NoOp@NoOp|NoOp@NoOp|NoOp@NoOp|NoOp@NoOp|Move(W)@Move(W)|NoOp@NoOp
3259687100:NoOp@NoOp|NoOp@NoOp|NoOp@NoOp|NoOp@NoOp|NoOp@NoOp|NoOp@NoOp|NoOp@NoOp|NoOp@NoOp|Move(W)@Move(W)|NoOp@NoOp
3259779200:NoOp@NoOp|NoOp@NoOp|NoOp@NoOp|NoOp@NoOp|NoOp@NoOp|NoOp@NoOp|NoOp@NoOp|NoOp@NoOp|Move(W)@Move(W)|NoOp@NoOp
3259852400:NoOp@NoOp|NoOp@NoOp|NoOp@NoOp|NoOp@NoOp|NoOp@NoOp|NoOp@NoOp|NoOp@NoOp|NoOp@NoOp|Move(W)@Move(W)|NoOp@NoOp
3259935200:NoOp@NoOp|NoOp@NoOp|NoOp@NoOp|NoOp@NoOp|NoOp@NoOp|NoOp@NoOp|NoOp@NoOp|NoOp@NoOp|Move(W)@Move(W)|NoOp@NoOp
3260006300:NoOp@NoOp|NoOp@NoOp|NoOp@NoOp|NoOp@NoOp|NoOp@NoOp|NoOp@NoOp|NoOp@NoOp|NoOp@NoOp|Move(W)@Move(W)|NoOp@NoOp
3260072000:NoOp@NoOp|NoOp@NoOp|NoOp@NoOp|NoOp@NoOp|NoOp@NoOp|NoOp@NoOp|NoOp@NoOp|NoOp@NoOp|Move(W)@Move(W)|NoOp@NoOp
3260139200:NoOp@NoOp|NoOp@NoOp|NoOp@NoOp|NoOp@NoOp|NoOp@NoOp|NoOp@NoOp|NoOp@NoOp|NoOp@NoOp|Move(W)@Move(W)|NoOp@NoOp
3260206100:NoOp@NoOp|NoOp@NoOp|NoOp@NoOp|NoOp@NoOp|NoOp@NoOp|NoOp@NoOp|NoOp@NoOp|NoOp@NoOp|Move(W)@Move(W)|NoOp@NoOp
3260262800:NoOp@NoOp|NoOp@NoOp|NoOp@NoOp|NoOp@NoOp|NoOp@NoOp|NoOp@NoOp|NoOp@NoOp|NoOp@NoOp|Move(N)@Move(N)|NoOp@NoOp
3260327100:NoOp@NoOp|NoOp@NoOp|NoOp@NoOp|NoOp@NoOp|NoOp@NoOp|NoOp@NoOp|NoOp@NoOp|NoOp@NoOp|Move(N)@Move(N)|NoOp@NoOp
3260392100:NoOp@NoOp|NoOp@NoOp|NoOp@NoOp|NoOp@NoOp|NoOp@NoOp|NoOp@NoOp|NoOp@NoOp|NoOp@NoOp|Move(E)@Move(E)|NoOp@NoOp
3260461800:NoOp@NoOp|NoOp@NoOp|NoOp@NoOp|NoOp@NoOp|NoOp@NoOp|NoOp@NoOp|NoOp@NoOp|NoOp@NoOp|Move(E)@Move(E)|NoOp@NoOp
3260526100:NoOp@NoOp|NoOp@NoOp|NoOp@NoOp|NoOp@NoOp|NoOp@NoOp|NoOp@NoOp|NoOp@NoOp|NoOp@NoOp|Move(N)@Move(N)|NoOp@NoOp
3260586700:NoOp@NoOp|NoOp@NoOp|NoOp@NoOp|NoOp@NoOp|NoOp@NoOp|NoOp@NoOp|NoOp@NoOp|NoOp@NoOp|Move(N)@Move(N)|NoOp@NoOp
3260651400:NoOp@NoOp|NoOp@NoOp|NoOp@NoOp|NoOp@NoOp|NoOp@NoOp|NoOp@NoOp|NoOp@NoOp|NoOp@NoOp|Move(N)@Move(N)|NoOp@NoOp
3260730800:NoOp@NoOp|NoOp@NoOp|NoOp@NoOp|NoOp@NoOp|NoOp@NoOp|NoOp@NoOp|NoOp@NoOp|NoOp@NoOp|Move(N)@Move(N)|NoOp@NoOp
3260799000:NoOp@NoOp|NoOp@NoOp|NoOp@NoOp|NoOp@NoOp|NoOp@NoOp|NoOp@NoOp|NoOp@NoOp|NoOp@NoOp|Move(N)@Move(N)|NoOp@NoOp
3260863800:NoOp@NoOp|NoOp@NoOp|NoOp@NoOp|NoOp@NoOp|NoOp@NoOp|NoOp@NoOp|NoOp@NoOp|NoOp@NoOp|Move(W)@Move(W)|NoOp@NoOp
3260930700:NoOp@NoOp|NoOp@NoOp|NoOp@NoOp|NoOp@NoOp|NoOp@NoOp|NoOp@NoOp|NoOp@NoOp|NoOp@NoOp|Move(W)@Move(W)|NoOp@NoOp
3260993600:NoOp@NoOp|NoOp@NoOp|NoOp@NoOp|NoOp@NoOp|NoOp@NoOp|NoOp@NoOp|NoOp@NoOp|NoOp@NoOp|Move(N)@Move(N)|NoOp@NoOp
3261057300:NoOp@NoOp|NoOp@NoOp|NoOp@NoOp|NoOp@NoOp|NoOp@NoOp|NoOp@NoOp|NoOp@NoOp|NoOp@NoOp|Move(N)@Move(N)|NoOp@NoOp
3261122100:NoOp@NoOp|NoOp@NoOp|NoOp@NoOp|NoOp@NoOp|NoOp@NoOp|NoOp@NoOp|NoOp@NoOp|NoOp@NoOp|Move(W)@Move(W)|NoOp@NoOp
3261193300:NoOp@NoOp|NoOp@NoOp|NoOp@NoOp|NoOp@NoOp|NoOp@NoOp|NoOp@NoOp|NoOp@NoOp|NoOp@NoOp|Move(W)@Move(W)|NoOp@NoOp
3261269500:NoOp@NoOp|NoOp@NoOp|NoOp@NoOp|NoOp@NoOp|NoOp@NoOp|NoOp@NoOp|NoOp@NoOp|NoOp@NoOp|Move(W)@Move(W)|NoOp@NoOp
3261344500:NoOp@NoOp|NoOp@NoOp|NoOp@NoOp|NoOp@NoOp|NoOp@NoOp|NoOp@NoOp|NoOp@NoOp|NoOp@NoOp|Move(W)@Move(W)|NoOp@NoOp
3261415000:NoOp@NoOp|NoOp@NoOp|NoOp@NoOp|NoOp@NoOp|NoOp@NoOp|NoOp@NoOp|NoOp@NoOp|NoOp@NoOp|Move(W)@Move(W)|NoOp@NoOp
3261484600:NoOp@NoOp|NoOp@NoOp|NoOp@NoOp|NoOp@NoOp|NoOp@NoOp|NoOp@NoOp|NoOp@NoOp|NoOp@NoOp|Move(W)@Move(W)|NoOp@NoOp
3261545600:NoOp@NoOp|NoOp@NoOp|NoOp@NoOp|NoOp@NoOp|NoOp@NoOp|NoOp@NoOp|NoOp@NoOp|NoOp@NoOp|Move(W)@Move(W)|NoOp@NoOp
3261613900:NoOp@NoOp|NoOp@NoOp|NoOp@NoOp|NoOp@NoOp|NoOp@NoOp|NoOp@NoOp|NoOp@NoOp|NoOp@NoOp|Move(W)@Move(W)|NoOp@NoOp
3261685200:NoOp@NoOp|NoOp@NoOp|NoOp@NoOp|NoOp@NoOp|NoOp@NoOp|NoOp@NoOp|NoOp@NoOp|NoOp@NoOp|Move(W)@Move(W)|NoOp@NoOp
3261743000:NoOp@NoOp|NoOp@NoOp|NoOp@NoOp|NoOp@NoOp|NoOp@NoOp|NoOp@NoOp|NoOp@NoOp|NoOp@NoOp|Move(W)@Move(W)|NoOp@NoOp
3261803800:NoOp@NoOp|NoOp@NoOp|NoOp@NoOp|NoOp@NoOp|NoOp@NoOp|NoOp@NoOp|NoOp@NoOp|NoOp@NoOp|Move(W)@Move(W)|NoOp@NoOp
3261864700:NoOp@NoOp|NoOp@NoOp|NoOp@NoOp|NoOp@NoOp|NoOp@NoOp|NoOp@NoOp|NoOp@NoOp|NoOp@NoOp|Move(W)@Move(W)|NoOp@NoOp
3261925600:NoOp@NoOp|NoOp@NoOp|NoOp@NoOp|NoOp@NoOp|NoOp@NoOp|NoOp@NoOp|NoOp@NoOp|NoOp@NoOp|Move(W)@Move(W)|NoOp@NoOp
3261998700:NoOp@NoOp|NoOp@NoOp|NoOp@NoOp|NoOp@NoOp|NoOp@NoOp|NoOp@NoOp|NoOp@NoOp|NoOp@NoOp|Move(W)@Move(W)|NoOp@NoOp
3262064700:NoOp@NoOp|NoOp@NoOp|NoOp@NoOp|NoOp@NoOp|NoOp@NoOp|NoOp@NoOp|NoOp@NoOp|NoOp@NoOp|Move(W)@Move(W)|NoOp@NoOp
3262125600:NoOp@NoOp|NoOp@NoOp|NoOp@NoOp|NoOp@NoOp|NoOp@NoOp|NoOp@NoOp|NoOp@NoOp|NoOp@NoOp|Move(W)@Move(W)|NoOp@NoOp
3262186200:NoOp@NoOp|NoOp@NoOp|NoOp@NoOp|NoOp@NoOp|NoOp@NoOp|NoOp@NoOp|NoOp@NoOp|NoOp@NoOp|Move(W)@Move(W)|NoOp@NoOp
3262251300:NoOp@NoOp|NoOp@NoOp|NoOp@NoOp|NoOp@NoOp|NoOp@NoOp|NoOp@NoOp|NoOp@NoOp|NoOp@NoOp|Move(W)@Move(W)|NoOp@NoOp
3262323300:NoOp@NoOp|NoOp@NoOp|NoOp@NoOp|NoOp@NoOp|NoOp@NoOp|NoOp@NoOp|NoOp@NoOp|NoOp@NoOp|Move(N)@Move(N)|NoOp@NoOp
3262397600:NoOp@NoOp|NoOp@NoOp|NoOp@NoOp|NoOp@NoOp|NoOp@NoOp|NoOp@NoOp|NoOp@NoOp|NoOp@NoOp|Move(N)@Move(N)|NoOp@NoOp
3262473600:NoOp@NoOp|NoOp@NoOp|NoOp@NoOp|NoOp@NoOp|NoOp@NoOp|NoOp@NoOp|NoOp@NoOp|NoOp@NoOp|Move(N)@Move(N)|NoOp@NoOp
3262535900:NoOp@NoOp|NoOp@NoOp|NoOp@NoOp|NoOp@NoOp|NoOp@NoOp|NoOp@NoOp|NoOp@NoOp|NoOp@NoOp|Move(N)@Move(N)|NoOp@NoOp
3262596900:NoOp@NoOp|NoOp@NoOp|NoOp@NoOp|NoOp@NoOp|NoOp@NoOp|NoOp@NoOp|NoOp@NoOp|NoOp@NoOp|Move(N)@Move(N)|NoOp@NoOp
3262657700:NoOp@NoOp|NoOp@NoOp|NoOp@NoOp|NoOp@NoOp|NoOp@NoOp|NoOp@NoOp|NoOp@NoOp|NoOp@NoOp|Move(N)@Move(N)|NoOp@NoOp
3262718800:NoOp@NoOp|NoOp@NoOp|NoOp@NoOp|NoOp@NoOp|NoOp@NoOp|NoOp@NoOp|NoOp@NoOp|NoOp@NoOp|Move(N)@Move(N)|NoOp@NoOp
3262779800:NoOp@NoOp|NoOp@NoOp|NoOp@NoOp|NoOp@NoOp|NoOp@NoOp|NoOp@NoOp|NoOp@NoOp|NoOp@NoOp|Move(W)@Move(W)|NoOp@NoOp
3262840300:NoOp@NoOp|NoOp@NoOp|NoOp@NoOp|NoOp@NoOp|NoOp@NoOp|NoOp@NoOp|NoOp@NoOp|NoOp@NoOp|Move(W)@Move(W)|NoOp@NoOp
3262903100:NoOp@NoOp|NoOp@NoOp|NoOp@NoOp|NoOp@NoOp|NoOp@NoOp|NoOp@NoOp|NoOp@NoOp|NoOp@NoOp|Pull(S,S)@Pull(S,S)|NoOp@NoOp
3262966000:NoOp@NoOp|NoOp@NoOp|NoOp@NoOp|NoOp@NoOp|NoOp@NoOp|NoOp@NoOp|NoOp@NoOp|NoOp@NoOp|Push(N,E)@Push(N,E)|NoOp@NoOp
3263027800:NoOp@NoOp|NoOp@NoOp|NoOp@NoOp|NoOp@NoOp|NoOp@NoOp|NoOp@NoOp|NoOp@NoOp|NoOp@NoOp|Push(E,S)@Push(E,S)|NoOp@NoOp
3263099100:NoOp@NoOp|NoOp@NoOp|NoOp@NoOp|NoOp@NoOp|NoOp@NoOp|NoOp@NoOp|NoOp@NoOp|NoOp@NoOp|Push(S,S)@Push(S,S)|NoOp@NoOp
3263160500:NoOp@NoOp|NoOp@NoOp|NoOp@NoOp|NoOp@NoOp|NoOp@NoOp|NoOp@NoOp|NoOp@NoOp|NoOp@NoOp|Push(S,S)@Push(S,S)|NoOp@NoOp
3263222900:NoOp@NoOp|NoOp@NoOp|NoOp@NoOp|NoOp@NoOp|NoOp@NoOp|NoOp@NoOp|NoOp@NoOp|NoOp@NoOp|Push(S,S)@Push(S,S)|NoOp@NoOp
3263286800:NoOp@NoOp|NoOp@NoOp|NoOp@NoOp|NoOp@NoOp|NoOp@NoOp|NoOp@NoOp|NoOp@NoOp|NoOp@NoOp|Push(S,S)@Push(S,S)|NoOp@NoOp
3263362200:NoOp@NoOp|NoOp@NoOp|NoOp@NoOp|NoOp@NoOp|NoOp@NoOp|NoOp@NoOp|NoOp@NoOp|NoOp@NoOp|Push(S,S)@Push(S,S)|NoOp@NoOp
3263444000:NoOp@NoOp|NoOp@NoOp|NoOp@NoOp|NoOp@NoOp|NoOp@NoOp|NoOp@NoOp|NoOp@NoOp|NoOp@NoOp|Push(S,S)@Push(S,S)|NoOp@NoOp
3263518500:NoOp@NoOp|NoOp@NoOp|NoOp@NoOp|NoOp@NoOp|NoOp@NoOp|NoOp@NoOp|NoOp@NoOp|NoOp@NoOp|Push(S,E)@Push(S,E)|NoOp@NoOp
3263588800:NoOp@NoOp|NoOp@NoOp|NoOp@NoOp|NoOp@NoOp|NoOp@NoOp|NoOp@NoOp|NoOp@NoOp|NoOp@NoOp|Push(E,E)@Push(E,E)|NoOp@NoOp
3263661800:NoOp@NoOp|NoOp@NoOp|NoOp@NoOp|NoOp@NoOp|NoOp@NoOp|NoOp@NoOp|NoOp@NoOp|NoOp@NoOp|Push(E,E)@Push(E,E)|NoOp@NoOp
3263733300:NoOp@NoOp|NoOp@NoOp|NoOp@NoOp|NoOp@NoOp|NoOp@NoOp|NoOp@NoOp|NoOp@NoOp|NoOp@NoOp|Push(E,E)@Push(E,E)|NoOp@NoOp
3263795100:NoOp@NoOp|NoOp@NoOp|NoOp@NoOp|NoOp@NoOp|NoOp@NoOp|NoOp@NoOp|NoOp@NoOp|NoOp@NoOp|Push(E,E)@Push(E,E)|NoOp@NoOp
3263869600:NoOp@NoOp|NoOp@NoOp|NoOp@NoOp|NoOp@NoOp|NoOp@NoOp|NoOp@NoOp|NoOp@NoOp|NoOp@NoOp|Push(E,E)@Push(E,E)|NoOp@NoOp
3263932500:NoOp@NoOp|NoOp@NoOp|NoOp@NoOp|NoOp@NoOp|NoOp@NoOp|NoOp@NoOp|NoOp@NoOp|NoOp@NoOp|Push(E,E)@Push(E,E)|NoOp@NoOp
3263993500:NoOp@NoOp|NoOp@NoOp|NoOp@NoOp|NoOp@NoOp|NoOp@NoOp|NoOp@NoOp|NoOp@NoOp|NoOp@NoOp|Push(E,E)@Push(E,E)|NoOp@NoOp
3264055400:NoOp@NoOp|NoOp@NoOp|NoOp@NoOp|NoOp@NoOp|NoOp@NoOp|NoOp@NoOp|NoOp@NoOp|NoOp@NoOp|Push(E,E)@Push(E,E)|NoOp@NoOp
3264117000:NoOp@NoOp|NoOp@NoOp|NoOp@NoOp|NoOp@NoOp|NoOp@NoOp|NoOp@NoOp|NoOp@NoOp|NoOp@NoOp|Push(E,E)@Push(E,E)|NoOp@NoOp
3264182600:NoOp@NoOp|NoOp@NoOp|NoOp@NoOp|NoOp@NoOp|NoOp@NoOp|NoOp@NoOp|NoOp@NoOp|NoOp@NoOp|Push(E,E)@Push(E,E)|NoOp@NoOp
3264250500:NoOp@NoOp|NoOp@NoOp|NoOp@NoOp|NoOp@NoOp|NoOp@NoOp|NoOp@NoOp|NoOp@NoOp|NoOp@NoOp|Push(E,E)@Push(E,E)|NoOp@NoOp
3264321500:NoOp@NoOp|NoOp@NoOp|NoOp@NoOp|NoOp@NoOp|NoOp@NoOp|NoOp@NoOp|NoOp@NoOp|NoOp@NoOp|Push(E,S)@Push(E,S)|NoOp@NoOp
3264384500:NoOp@NoOp|NoOp@NoOp|NoOp@NoOp|NoOp@NoOp|NoOp@NoOp|NoOp@NoOp|NoOp@NoOp|NoOp@NoOp|Push(S,S)@Push(S,S)|NoOp@NoOp
3264446400:NoOp@NoOp|NoOp@NoOp|NoOp@NoOp|NoOp@NoOp|NoOp@NoOp|NoOp@NoOp|NoOp@NoOp|NoOp@NoOp|Push(S,E)@Push(S,E)|NoOp@NoOp
3264507500:NoOp@NoOp|NoOp@NoOp|NoOp@NoOp|NoOp@NoOp|NoOp@NoOp|NoOp@NoOp|NoOp@NoOp|NoOp@NoOp|Push(E,E)@Push(E,E)|NoOp@NoOp
3264568700:NoOp@NoOp|NoOp@NoOp|NoOp@NoOp|NoOp@NoOp|NoOp@NoOp|NoOp@NoOp|NoOp@NoOp|NoOp@NoOp|Push(E,E)@Push(E,E)|NoOp@NoOp
3264629500:NoOp@NoOp|NoOp@NoOp|NoOp@NoOp|NoOp@NoOp|NoOp@NoOp|NoOp@NoOp|NoOp@NoOp|NoOp@NoOp|Push(E,E)@Push(E,E)|NoOp@NoOp
3264696800:NoOp@NoOp|NoOp@NoOp|NoOp@NoOp|NoOp@NoOp|NoOp@NoOp|NoOp@NoOp|NoOp@NoOp|NoOp@NoOp|Push(E,E)@Push(E,E)|NoOp@NoOp
3264768400:NoOp@NoOp|NoOp@NoOp|NoOp@NoOp|NoOp@NoOp|NoOp@NoOp|NoOp@NoOp|NoOp@NoOp|NoOp@NoOp|Push(E,E)@Push(E,E)|NoOp@NoOp
3264841400:NoOp@NoOp|NoOp@NoOp|NoOp@NoOp|NoOp@NoOp|NoOp@NoOp|NoOp@NoOp|NoOp@NoOp|NoOp@NoOp|Push(E,E)@Push(E,E)|NoOp@NoOp
3264904300:NoOp@NoOp|NoOp@NoOp|NoOp@NoOp|NoOp@NoOp|NoOp@NoOp|NoOp@NoOp|NoOp@NoOp|NoOp@NoOp|Push(E,E)@Push(E,E)|NoOp@NoOp
3264970700:NoOp@NoOp|NoOp@NoOp|NoOp@NoOp|NoOp@NoOp|NoOp@NoOp|NoOp@NoOp|NoOp@NoOp|NoOp@NoOp|Push(E,E)@Push(E,E)|NoOp@NoOp
3265031700:NoOp@NoOp|NoOp@NoOp|NoOp@NoOp|NoOp@NoOp|NoOp@NoOp|NoOp@NoOp|NoOp@NoOp|NoOp@NoOp|Push(E,S)@Push(E,S)|NoOp@NoOp
3265092800:NoOp@NoOp|NoOp@NoOp|NoOp@NoOp|NoOp@NoOp|NoOp@NoOp|NoOp@NoOp|NoOp@NoOp|NoOp@NoOp|Push(S,S)@Push(S,S)|NoOp@NoOp
3265154000:NoOp@NoOp|NoOp@NoOp|NoOp@NoOp|NoOp@NoOp|NoOp@NoOp|NoOp@NoOp|NoOp@NoOp|NoOp@NoOp|Push(S,S)@Push(S,S)|NoOp@NoOp
3265214800:NoOp@NoOp|NoOp@NoOp|NoOp@NoOp|NoOp@NoOp|NoOp@NoOp|NoOp@NoOp|NoOp@NoOp|NoOp@NoOp|Push(S,S)@Push(S,S)|NoOp@NoOp
3265275700:NoOp@NoOp|NoOp@NoOp|NoOp@NoOp|NoOp@NoOp|NoOp@NoOp|NoOp@NoOp|NoOp@NoOp|NoOp@NoOp|Push(S,S)@Push(S,S)|NoOp@NoOp
3265336600:NoOp@NoOp|NoOp@NoOp|NoOp@NoOp|NoOp@NoOp|NoOp@NoOp|NoOp@NoOp|NoOp@NoOp|NoOp@NoOp|Push(S,W)@Push(S,W)|NoOp@NoOp
3265397300:NoOp@NoOp|NoOp@NoOp|NoOp@NoOp|NoOp@NoOp|NoOp@NoOp|NoOp@NoOp|NoOp@NoOp|NoOp@NoOp|Push(W,W)@Push(W,W)|NoOp@NoOp
3265461800:NoOp@NoOp|NoOp@NoOp|NoOp@NoOp|NoOp@NoOp|NoOp@NoOp|NoOp@NoOp|NoOp@NoOp|NoOp@NoOp|Push(W,S)@Push(W,S)|NoOp@NoOp
3265528100:NoOp@NoOp|NoOp@NoOp|NoOp@NoOp|NoOp@NoOp|NoOp@NoOp|NoOp@NoOp|NoOp@NoOp|NoOp@NoOp|Push(S,S)@Push(S,S)|NoOp@NoOp
3265606300:NoOp@NoOp|NoOp@NoOp|NoOp@NoOp|NoOp@NoOp|NoOp@NoOp|NoOp@NoOp|NoOp@NoOp|NoOp@NoOp|Push(S,E)@Push(S,E)|NoOp@NoOp
3265696500:NoOp@NoOp|NoOp@NoOp|NoOp@NoOp|NoOp@NoOp|NoOp@NoOp|NoOp@NoOp|NoOp@NoOp|NoOp@NoOp|Push(E,E)@Push(E,E)|NoOp@NoOp
3265770300:NoOp@NoOp|NoOp@NoOp|NoOp@NoOp|NoOp@NoOp|NoOp@NoOp|NoOp@NoOp|NoOp@NoOp|NoOp@NoOp|Push(E,E)@Push(E,E)|NoOp@NoOp
3265837400:NoOp@NoOp|NoOp@NoOp|NoOp@NoOp|NoOp@NoOp|NoOp@NoOp|NoOp@NoOp|NoOp@NoOp|NoOp@NoOp|Push(E,E)@Push(E,E)|NoOp@NoOp
3265894500:NoOp@NoOp|NoOp@NoOp|NoOp@NoOp|NoOp@NoOp|NoOp@NoOp|NoOp@NoOp|NoOp@NoOp|NoOp@NoOp|Push(E,E)@Push(E,E)|NoOp@NoOp
3265969600:NoOp@NoOp|NoOp@NoOp|NoOp@NoOp|NoOp@NoOp|NoOp@NoOp|NoOp@NoOp|NoOp@NoOp|NoOp@NoOp|Push(E,E)@Push(E,E)|NoOp@NoOp
3266064500:NoOp@NoOp|NoOp@NoOp|NoOp@NoOp|NoOp@NoOp|NoOp@NoOp|NoOp@NoOp|NoOp@NoOp|NoOp@NoOp|Push(E,E)@Push(E,E)|NoOp@NoOp
3266134100:NoOp@NoOp|NoOp@NoOp|NoOp@NoOp|NoOp@NoOp|NoOp@NoOp|NoOp@NoOp|NoOp@NoOp|NoOp@NoOp|Push(E,E)@Push(E,E)|NoOp@NoOp
3266201800:NoOp@NoOp|NoOp@NoOp|NoOp@NoOp|NoOp@NoOp|NoOp@NoOp|NoOp@NoOp|NoOp@NoOp|NoOp@NoOp|Push(E,E)@Push(E,E)|NoOp@NoOp
3266266600:NoOp@NoOp|NoOp@NoOp|NoOp@NoOp|NoOp@NoOp|NoOp@NoOp|NoOp@NoOp|NoOp@NoOp|NoOp@NoOp|Push(E,E)@Push(E,E)|NoOp@NoOp
3266389400:NoOp@NoOp|NoOp@NoOp|NoOp@NoOp|NoOp@NoOp|NoOp@NoOp|NoOp@NoOp|NoOp@NoOp|NoOp@NoOp|Push(E,E)@Push(E,E)|NoOp@NoOp
3266532200:NoOp@NoOp|NoOp@NoOp|NoOp@NoOp|NoOp@NoOp|NoOp@NoOp|NoOp@NoOp|NoOp@NoOp|NoOp@NoOp|Push(E,S)@Push(E,S)|NoOp@NoOp
3266651800:NoOp@NoOp|NoOp@NoOp|NoOp@NoOp|NoOp@NoOp|NoOp@NoOp|NoOp@NoOp|NoOp@NoOp|NoOp@NoOp|Push(S,S)@Push(S,S)|NoOp@NoOp
3266729000:NoOp@NoOp|NoOp@NoOp|NoOp@NoOp|NoOp@NoOp|NoOp@NoOp|NoOp@NoOp|NoOp@NoOp|NoOp@NoOp|Push(S,S)@Push(S,S)|NoOp@NoOp
3266792000:NoOp@NoOp|NoOp@NoOp|NoOp@NoOp|NoOp@NoOp|NoOp@NoOp|NoOp@NoOp|NoOp@NoOp|NoOp@NoOp|Push(S,S)@Push(S,S)|NoOp@NoOp
3266846400:NoOp@NoOp|NoOp@NoOp|NoOp@NoOp|NoOp@NoOp|NoOp@NoOp|NoOp@NoOp|NoOp@NoOp|NoOp@NoOp|Push(S,S)@Push(S,S)|NoOp@NoOp
3266911500:NoOp@NoOp|NoOp@NoOp|NoOp@NoOp|NoOp@NoOp|NoOp@NoOp|NoOp@NoOp|NoOp@NoOp|NoOp@NoOp|Push(S,E)@Push(S,E)|NoOp@NoOp
3266978400:NoOp@NoOp|NoOp@NoOp|NoOp@NoOp|NoOp@NoOp|NoOp@NoOp|NoOp@NoOp|NoOp@NoOp|NoOp@NoOp|Push(E,E)@Push(E,E)|NoOp@NoOp
3267040700:NoOp@NoOp|NoOp@NoOp|NoOp@NoOp|NoOp@NoOp|NoOp@NoOp|NoOp@NoOp|NoOp@NoOp|NoOp@NoOp|Push(E,E)@Push(E,E)|NoOp@NoOp
3267097200:NoOp@NoOp|NoOp@NoOp|NoOp@NoOp|NoOp@NoOp|NoOp@NoOp|NoOp@NoOp|NoOp@NoOp|NoOp@NoOp|Push(E,E)@Push(E,E)|NoOp@NoOp
3267167400:NoOp@NoOp|NoOp@NoOp|NoOp@NoOp|NoOp@NoOp|NoOp@NoOp|NoOp@NoOp|NoOp@NoOp|NoOp@NoOp|Push(E,S)@Push(E,S)|NoOp@NoOp
3267230600:NoOp@NoOp|NoOp@NoOp|NoOp@NoOp|NoOp@NoOp|NoOp@NoOp|NoOp@NoOp|NoOp@NoOp|NoOp@NoOp|Push(S,S)@Push(S,S)|NoOp@NoOp
3267294200:NoOp@NoOp|NoOp@NoOp|NoOp@NoOp|NoOp@NoOp|NoOp@NoOp|NoOp@NoOp|NoOp@NoOp|NoOp@NoOp|Push(S,S)@Push(S,S)|NoOp@NoOp
3267354500:NoOp@NoOp|NoOp@NoOp|NoOp@NoOp|NoOp@NoOp|NoOp@NoOp|NoOp@NoOp|NoOp@NoOp|NoOp@NoOp|Push(S,S)@Push(S,S)|NoOp@NoOp
3267418000:NoOp@NoOp|NoOp@NoOp|NoOp@NoOp|NoOp@NoOp|NoOp@NoOp|NoOp@NoOp|NoOp@NoOp|NoOp@NoOp|Push(S,S)@Push(S,S)|NoOp@NoOp
3267475100:NoOp@NoOp|NoOp@NoOp|NoOp@NoOp|NoOp@NoOp|NoOp@NoOp|NoOp@NoOp|NoOp@NoOp|NoOp@NoOp|Push(S,S)@Push(S,S)|NoOp@NoOp
3267534600:NoOp@NoOp|NoOp@NoOp|NoOp@NoOp|NoOp@NoOp|NoOp@NoOp|NoOp@NoOp|NoOp@NoOp|NoOp@NoOp|Push(S,S)@Push(S,S)|NoOp@NoOp
3267647100:NoOp@NoOp|NoOp@NoOp|NoOp@NoOp|NoOp@NoOp|NoOp@NoOp|NoOp@NoOp|NoOp@NoOp|NoOp@NoOp|Push(S,S)@Push(S,S)|NoOp@NoOp
3267721600:NoOp@NoOp|NoOp@NoOp|NoOp@NoOp|NoOp@NoOp|NoOp@NoOp|NoOp@NoOp|NoOp@NoOp|NoOp@NoOp|Push(S,S)@Push(S,S)|NoOp@NoOp
3267783500:NoOp@NoOp|NoOp@NoOp|NoOp@NoOp|NoOp@NoOp|NoOp@NoOp|NoOp@NoOp|NoOp@NoOp|NoOp@NoOp|Push(S,S)@Push(S,S)|NoOp@NoOp
3267849400:NoOp@NoOp|NoOp@NoOp|NoOp@NoOp|NoOp@NoOp|NoOp@NoOp|NoOp@NoOp|NoOp@NoOp|NoOp@NoOp|Push(S,W)@Push(S,W)|NoOp@NoOp
3267919400:NoOp@NoOp|NoOp@NoOp|NoOp@NoOp|NoOp@NoOp|NoOp@NoOp|NoOp@NoOp|NoOp@NoOp|NoOp@NoOp|Push(W,W)@Push(W,W)|NoOp@NoOp
3267981600:NoOp@NoOp|NoOp@NoOp|NoOp@NoOp|NoOp@NoOp|NoOp@NoOp|NoOp@NoOp|NoOp@NoOp|NoOp@NoOp|Push(W,W)@Push(W,W)|NoOp@NoOp
3268054300:NoOp@NoOp|NoOp@NoOp|NoOp@NoOp|NoOp@NoOp|NoOp@NoOp|NoOp@NoOp|NoOp@NoOp|NoOp@NoOp|Push(W,W)@Push(W,W)|NoOp@NoOp
3268137100:NoOp@NoOp|NoOp@NoOp|NoOp@NoOp|NoOp@NoOp|NoOp@NoOp|NoOp@NoOp|NoOp@NoOp|NoOp@NoOp|Push(W,N)@Push(W,N)|NoOp@NoOp
3268216800:NoOp@NoOp|NoOp@NoOp|NoOp@NoOp|NoOp@NoOp|NoOp@NoOp|NoOp@NoOp|NoOp@NoOp|NoOp@NoOp|Push(N,N)@Push(N,N)|NoOp@NoOp
3268295300:NoOp@NoOp|NoOp@NoOp|NoOp@NoOp|NoOp@NoOp|NoOp@NoOp|NoOp@NoOp|NoOp@NoOp|NoOp@NoOp|Push(N,N)@Push(N,N)|NoOp@NoOp
3268373600:NoOp@NoOp|NoOp@NoOp|NoOp@NoOp|NoOp@NoOp|NoOp@NoOp|NoOp@NoOp|NoOp@NoOp|NoOp@NoOp|Push(N,N)@Push(N,N)|NoOp@NoOp
3268440700:NoOp@NoOp|NoOp@NoOp|NoOp@NoOp|NoOp@NoOp|NoOp@NoOp|NoOp@NoOp|NoOp@NoOp|NoOp@NoOp|Push(N,N)@Push(N,N)|NoOp@NoOp
3268504700:NoOp@NoOp|NoOp@NoOp|NoOp@NoOp|NoOp@NoOp|NoOp@NoOp|NoOp@NoOp|NoOp@NoOp|NoOp@NoOp|Push(N,W)@Push(N,W)|NoOp@NoOp
3268569100:NoOp@NoOp|NoOp@NoOp|NoOp@NoOp|NoOp@NoOp|NoOp@NoOp|NoOp@NoOp|NoOp@NoOp|NoOp@NoOp|Push(W,W)@Push(W,W)|NoOp@NoOp
3268631400:NoOp@NoOp|NoOp@NoOp|NoOp@NoOp|NoOp@NoOp|NoOp@NoOp|NoOp@NoOp|NoOp@NoOp|NoOp@NoOp|Push(W,W)@Push(W,W)|NoOp@NoOp
3268694000:NoOp@NoOp|Move(S)@Move(S)|NoOp@NoOp|NoOp@NoOp|NoOp@NoOp|NoOp@NoOp|NoOp@NoOp|NoOp@NoOp|NoOp@NoOp|NoOp@NoOp
3268755800:NoOp@NoOp|Push(E,N)@Push(E,N)|NoOp@NoOp|NoOp@NoOp|NoOp@NoOp|NoOp@NoOp|NoOp@NoOp|NoOp@NoOp|NoOp@NoOp|NoOp@NoOp
3268817300:NoOp@NoOp|Push(N,W)@Push(N,W)|NoOp@NoOp|NoOp@NoOp|NoOp@NoOp|NoOp@NoOp|NoOp@NoOp|NoOp@NoOp|NoOp@NoOp|NoOp@NoOp
3268879000:NoOp@NoOp|Push(W,W)@Push(W,W)|NoOp@NoOp|NoOp@NoOp|NoOp@NoOp|NoOp@NoOp|NoOp@NoOp|NoOp@NoOp|NoOp@NoOp|NoOp@NoOp
3268937900:NoOp@NoOp|Push(W,W)@Push(W,W)|NoOp@NoOp|NoOp@NoOp|NoOp@NoOp|NoOp@NoOp|NoOp@NoOp|NoOp@NoOp|NoOp@NoOp|NoOp@NoOp
3269006300:NoOp@NoOp|Push(W,W)@Push(W,W)|NoOp@NoOp|NoOp@NoOp|NoOp@NoOp|NoOp@NoOp|NoOp@NoOp|NoOp@NoOp|NoOp@NoOp|NoOp@NoOp
3269072300:NoOp@NoOp|Push(W,S)@Push(W,S)|NoOp@NoOp|NoOp@NoOp|NoOp@NoOp|NoOp@NoOp|NoOp@NoOp|NoOp@NoOp|NoOp@NoOp|NoOp@NoOp
3269139300:NoOp@NoOp|Push(S,S)@Push(S,S)|NoOp@NoOp|NoOp@NoOp|NoOp@NoOp|NoOp@NoOp|NoOp@NoOp|NoOp@NoOp|NoOp@NoOp|NoOp@NoOp
3269205800:NoOp@NoOp|Push(S,S)@Push(S,S)|NoOp@NoOp|NoOp@NoOp|NoOp@NoOp|NoOp@NoOp|NoOp@NoOp|NoOp@NoOp|NoOp@NoOp|NoOp@NoOp
3269273700:NoOp@NoOp|Push(S,S)@Push(S,S)|NoOp@NoOp|NoOp@NoOp|NoOp@NoOp|NoOp@NoOp|NoOp@NoOp|NoOp@NoOp|NoOp@NoOp|NoOp@NoOp
3269360100:NoOp@NoOp|Push(S,S)@Push(S,S)|NoOp@NoOp|NoOp@NoOp|NoOp@NoOp|NoOp@NoOp|NoOp@NoOp|NoOp@NoOp|NoOp@NoOp|NoOp@NoOp
3269429100:NoOp@NoOp|Push(S,S)@Push(S,S)|NoOp@NoOp|NoOp@NoOp|NoOp@NoOp|NoOp@NoOp|NoOp@NoOp|NoOp@NoOp|NoOp@NoOp|NoOp@NoOp
3269493100:NoOp@NoOp|Push(S,S)@Push(S,S)|NoOp@NoOp|NoOp@NoOp|NoOp@NoOp|NoOp@NoOp|NoOp@NoOp|NoOp@NoOp|NoOp@NoOp|NoOp@NoOp
3269555600:NoOp@NoOp|Push(S,S)@Push(S,S)|NoOp@NoOp|NoOp@NoOp|NoOp@NoOp|NoOp@NoOp|NoOp@NoOp|NoOp@NoOp|NoOp@NoOp|NoOp@NoOp
3269616900:NoOp@NoOp|Push(S,S)@Push(S,S)|NoOp@NoOp|NoOp@NoOp|NoOp@NoOp|NoOp@NoOp|NoOp@NoOp|NoOp@NoOp|NoOp@NoOp|NoOp@NoOp
3269678000:NoOp@NoOp|Push(S,S)@Push(S,S)|NoOp@NoOp|NoOp@NoOp|NoOp@NoOp|NoOp@NoOp|NoOp@NoOp|NoOp@NoOp|NoOp@NoOp|NoOp@NoOp
3269738800:NoOp@NoOp|Push(S,S)@Push(S,S)|NoOp@NoOp|NoOp@NoOp|NoOp@NoOp|NoOp@NoOp|NoOp@NoOp|NoOp@NoOp|NoOp@NoOp|NoOp@NoOp
3269800000:NoOp@NoOp|Push(S,S)@Push(S,S)|NoOp@NoOp|NoOp@NoOp|NoOp@NoOp|NoOp@NoOp|NoOp@NoOp|NoOp@NoOp|NoOp@NoOp|NoOp@NoOp
3269868200:NoOp@NoOp|Push(S,S)@Push(S,S)|NoOp@NoOp|NoOp@NoOp|NoOp@NoOp|NoOp@NoOp|NoOp@NoOp|NoOp@NoOp|NoOp@NoOp|NoOp@NoOp
3269929000:NoOp@NoOp|Push(S,S)@Push(S,S)|NoOp@NoOp|NoOp@NoOp|NoOp@NoOp|NoOp@NoOp|NoOp@NoOp|NoOp@NoOp|NoOp@NoOp|NoOp@NoOp
3269990400:NoOp@NoOp|Push(S,W)@Push(S,W)|NoOp@NoOp|NoOp@NoOp|NoOp@NoOp|NoOp@NoOp|NoOp@NoOp|NoOp@NoOp|NoOp@NoOp|NoOp@NoOp
3270051300:NoOp@NoOp|Push(W,S)@Push(W,S)|NoOp@NoOp|NoOp@NoOp|NoOp@NoOp|NoOp@NoOp|NoOp@NoOp|NoOp@NoOp|NoOp@NoOp|NoOp@NoOp
3270112200:NoOp@NoOp|Push(S,S)@Push(S,S)|NoOp@NoOp|NoOp@NoOp|NoOp@NoOp|NoOp@NoOp|NoOp@NoOp|NoOp@NoOp|NoOp@NoOp|NoOp@NoOp
3270173700:NoOp@NoOp|Push(S,E)@Push(S,E)|NoOp@NoOp|NoOp@NoOp|NoOp@NoOp|NoOp@NoOp|NoOp@NoOp|NoOp@NoOp|NoOp@NoOp|NoOp@NoOp
3270235200:NoOp@NoOp|Push(E,E)@Push(E,E)|NoOp@NoOp|NoOp@NoOp|NoOp@NoOp|NoOp@NoOp|NoOp@NoOp|NoOp@NoOp|NoOp@NoOp|NoOp@NoOp
3270296300:NoOp@NoOp|Push(E,S)@Push(E,S)|NoOp@NoOp|NoOp@NoOp|NoOp@NoOp|NoOp@NoOp|NoOp@NoOp|NoOp@NoOp|NoOp@NoOp|NoOp@NoOp
3270357400:NoOp@NoOp|Push(S,S)@Push(S,S)|NoOp@NoOp|NoOp@NoOp|NoOp@NoOp|NoOp@NoOp|NoOp@NoOp|NoOp@NoOp|NoOp@NoOp|NoOp@NoOp
3270418400:NoOp@NoOp|Push(S,W)@Push(S,W)|NoOp@NoOp|NoOp@NoOp|NoOp@NoOp|NoOp@NoOp|NoOp@NoOp|NoOp@NoOp|NoOp@NoOp|NoOp@NoOp
3270479100:NoOp@NoOp|Push(W,W)@Push(W,W)|NoOp@NoOp|NoOp@NoOp|NoOp@NoOp|NoOp@NoOp|NoOp@NoOp|NoOp@NoOp|NoOp@NoOp|NoOp@NoOp
3270541600:NoOp@NoOp|Push(W,S)@Push(W,S)|NoOp@NoOp|NoOp@NoOp|NoOp@NoOp|NoOp@NoOp|NoOp@NoOp|NoOp@NoOp|NoOp@NoOp|NoOp@NoOp
3270603000:NoOp@NoOp|Push(S,S)@Push(S,S)|NoOp@NoOp|NoOp@NoOp|NoOp@NoOp|NoOp@NoOp|NoOp@NoOp|NoOp@NoOp|NoOp@NoOp|NoOp@NoOp
3270664000:NoOp@NoOp|Push(S,E)@Push(S,E)|NoOp@NoOp|NoOp@NoOp|NoOp@NoOp|NoOp@NoOp|NoOp@NoOp|NoOp@NoOp|NoOp@NoOp|NoOp@NoOp
3270725000:NoOp@NoOp|Push(E,E)@Push(E,E)|NoOp@NoOp|NoOp@NoOp|NoOp@NoOp|NoOp@NoOp|NoOp@NoOp|NoOp@NoOp|NoOp@NoOp|NoOp@NoOp
3270786300:NoOp@NoOp|Push(E,S)@Push(E,S)|NoOp@NoOp|NoOp@NoOp|NoOp@NoOp|NoOp@NoOp|NoOp@NoOp|NoOp@NoOp|NoOp@NoOp|NoOp@NoOp
3270847000:NoOp@NoOp|Push(S,S)@Push(S,S)|NoOp@NoOp|NoOp@NoOp|NoOp@NoOp|NoOp@NoOp|NoOp@NoOp|NoOp@NoOp|NoOp@NoOp|NoOp@NoOp
3270916800:NoOp@NoOp|Push(S,W)@Push(S,W)|NoOp@NoOp|NoOp@NoOp|NoOp@NoOp|NoOp@NoOp|NoOp@NoOp|NoOp@NoOp|NoOp@NoOp|NoOp@NoOp
3270978100:NoOp@NoOp|Push(W,W)@Push(W,W)|NoOp@NoOp|NoOp@NoOp|NoOp@NoOp|NoOp@NoOp|NoOp@NoOp|NoOp@NoOp|NoOp@NoOp|NoOp@NoOp
3271039100:NoOp@NoOp|Push(W,S)@Push(W,S)|NoOp@NoOp|NoOp@NoOp|NoOp@NoOp|NoOp@NoOp|NoOp@NoOp|NoOp@NoOp|NoOp@NoOp|NoOp@NoOp
3271100300:NoOp@NoOp|Push(S,S)@Push(S,S)|NoOp@NoOp|NoOp@NoOp|NoOp@NoOp|NoOp@NoOp|NoOp@NoOp|NoOp@NoOp|NoOp@NoOp|NoOp@NoOp
3271162800:NoOp@NoOp|Push(S,E)@Push(S,E)|NoOp@NoOp|NoOp@NoOp|NoOp@NoOp|NoOp@NoOp|NoOp@NoOp|NoOp@NoOp|NoOp@NoOp|NoOp@NoOp
3271223600:NoOp@NoOp|Push(E,E)@Push(E,E)|NoOp@NoOp|NoOp@NoOp|NoOp@NoOp|NoOp@NoOp|NoOp@NoOp|NoOp@NoOp|NoOp@NoOp|NoOp@NoOp
3271285500:NoOp@NoOp|Push(E,S)@Push(E,S)|NoOp@NoOp|NoOp@NoOp|NoOp@NoOp|NoOp@NoOp|NoOp@NoOp|NoOp@NoOp|NoOp@NoOp|NoOp@NoOp
3271352200:NoOp@NoOp|Push(S,S)@Push(S,S)|NoOp@NoOp|NoOp@NoOp|NoOp@NoOp|NoOp@NoOp|NoOp@NoOp|NoOp@NoOp|NoOp@NoOp|NoOp@NoOp
3271413400:NoOp@NoOp|Push(S,W)@Push(S,W)|NoOp@NoOp|NoOp@NoOp|NoOp@NoOp|NoOp@NoOp|NoOp@NoOp|NoOp@NoOp|NoOp@NoOp|NoOp@NoOp
3271474700:NoOp@NoOp|Push(W,W)@Push(W,W)|NoOp@NoOp|NoOp@NoOp|NoOp@NoOp|NoOp@NoOp|NoOp@NoOp|NoOp@NoOp|NoOp@NoOp|NoOp@NoOp
3271535800:NoOp@NoOp|Push(W,S)@Push(W,S)|NoOp@NoOp|NoOp@NoOp|NoOp@NoOp|NoOp@NoOp|NoOp@NoOp|NoOp@NoOp|NoOp@NoOp|NoOp@NoOp
3271597200:NoOp@NoOp|Push(S,S)@Push(S,S)|NoOp@NoOp|NoOp@NoOp|NoOp@NoOp|NoOp@NoOp|NoOp@NoOp|NoOp@NoOp|NoOp@NoOp|NoOp@NoOp
3271658400:NoOp@NoOp|Push(S,S)@Push(S,S)|NoOp@NoOp|NoOp@NoOp|NoOp@NoOp|NoOp@NoOp|NoOp@NoOp|NoOp@NoOp|NoOp@NoOp|NoOp@NoOp
3271719600:NoOp@NoOp|Push(S,S)@Push(S,S)|NoOp@NoOp|NoOp@NoOp|NoOp@NoOp|NoOp@NoOp|NoOp@NoOp|NoOp@NoOp|NoOp@NoOp|NoOp@NoOp
3271780700:NoOp@NoOp|Push(S,S)@Push(S,S)|NoOp@NoOp|NoOp@NoOp|NoOp@NoOp|NoOp@NoOp|NoOp@NoOp|NoOp@NoOp|NoOp@NoOp|NoOp@NoOp
3271841700:NoOp@NoOp|Push(S,S)@Push(S,S)|NoOp@NoOp|NoOp@NoOp|NoOp@NoOp|NoOp@NoOp|NoOp@NoOp|NoOp@NoOp|NoOp@NoOp|NoOp@NoOp
3271902800:NoOp@NoOp|Push(S,S)@Push(S,S)|NoOp@NoOp|NoOp@NoOp|NoOp@NoOp|NoOp@NoOp|NoOp@NoOp|NoOp@NoOp|NoOp@NoOp|NoOp@NoOp
3271970200:NoOp@NoOp|Push(S,S)@Push(S,S)|NoOp@NoOp|NoOp@NoOp|NoOp@NoOp|NoOp@NoOp|NoOp@NoOp|NoOp@NoOp|NoOp@NoOp|NoOp@NoOp
3272036400:NoOp@NoOp|Push(S,S)@Push(S,S)|NoOp@NoOp|NoOp@NoOp|NoOp@NoOp|NoOp@NoOp|NoOp@NoOp|NoOp@NoOp|NoOp@NoOp|NoOp@NoOp
3272100500:NoOp@NoOp|Push(S,S)@Push(S,S)|NoOp@NoOp|NoOp@NoOp|NoOp@NoOp|NoOp@NoOp|NoOp@NoOp|NoOp@NoOp|NoOp@NoOp|NoOp@NoOp
3272162800:NoOp@NoOp|Push(S,S)@Push(S,S)|NoOp@NoOp|NoOp@NoOp|NoOp@NoOp|NoOp@NoOp|NoOp@NoOp|NoOp@NoOp|NoOp@NoOp|NoOp@NoOp
3272224500:NoOp@NoOp|Push(S,E)@Push(S,E)|NoOp@NoOp|NoOp@NoOp|NoOp@NoOp|NoOp@NoOp|NoOp@NoOp|NoOp@NoOp|NoOp@NoOp|NoOp@NoOp
3272285800:NoOp@NoOp|Push(E,E)@Push(E,E)|NoOp@NoOp|NoOp@NoOp|NoOp@NoOp|NoOp@NoOp|NoOp@NoOp|NoOp@NoOp|NoOp@NoOp|NoOp@NoOp
3272346800:NoOp@NoOp|Push(E,E)@Push(E,E)|NoOp@NoOp|NoOp@NoOp|NoOp@NoOp|NoOp@NoOp|NoOp@NoOp|NoOp@NoOp|NoOp@NoOp|NoOp@NoOp
3272409000:NoOp@NoOp|NoOp@NoOp|NoOp@NoOp|NoOp@NoOp|NoOp@NoOp|NoOp@NoOp|NoOp@NoOp|Move(S)@Move(S)|NoOp@NoOp|NoOp@NoOp
3272470500:NoOp@NoOp|NoOp@NoOp|NoOp@NoOp|NoOp@NoOp|NoOp@NoOp|NoOp@NoOp|NoOp@NoOp|Move(E)@Move(E)|NoOp@NoOp|NoOp@NoOp
3272532700:NoOp@NoOp|NoOp@NoOp|NoOp@NoOp|Move(S)@Move(S)|NoOp@NoOp|NoOp@NoOp|NoOp@NoOp|NoOp@NoOp|NoOp@NoOp|NoOp@NoOp
3272594700:NoOp@NoOp|NoOp@NoOp|NoOp@NoOp|Push(E,N)@Push(E,N)|NoOp@NoOp|NoOp@NoOp|NoOp@NoOp|NoOp@NoOp|NoOp@NoOp|NoOp@NoOp
3272658100:NoOp@NoOp|NoOp@NoOp|NoOp@NoOp|Push(N,W)@Push(N,W)|NoOp@NoOp|NoOp@NoOp|NoOp@NoOp|NoOp@NoOp|NoOp@NoOp|NoOp@NoOp
3272720200:NoOp@NoOp|NoOp@NoOp|NoOp@NoOp|Push(W,W)@Push(W,W)|NoOp@NoOp|NoOp@NoOp|NoOp@NoOp|NoOp@NoOp|NoOp@NoOp|NoOp@NoOp
3272782200:NoOp@NoOp|NoOp@NoOp|NoOp@NoOp|Push(W,W)@Push(W,W)|NoOp@NoOp|NoOp@NoOp|NoOp@NoOp|NoOp@NoOp|NoOp@NoOp|NoOp@NoOp
3272844200:NoOp@NoOp|NoOp@NoOp|NoOp@NoOp|Push(W,W)@Push(W,W)|NoOp@NoOp|NoOp@NoOp|NoOp@NoOp|NoOp@NoOp|NoOp@NoOp|NoOp@NoOp
3272908600:NoOp@NoOp|NoOp@NoOp|NoOp@NoOp|Push(W,W)@Push(W,W)|NoOp@NoOp|NoOp@NoOp|NoOp@NoOp|NoOp@NoOp|NoOp@NoOp|NoOp@NoOp
3272970100:NoOp@NoOp|NoOp@NoOp|NoOp@NoOp|Push(W,W)@Push(W,W)|NoOp@NoOp|NoOp@NoOp|NoOp@NoOp|NoOp@NoOp|NoOp@NoOp|NoOp@NoOp
3273032000:NoOp@NoOp|NoOp@NoOp|NoOp@NoOp|Push(W,W)@Push(W,W)|NoOp@NoOp|NoOp@NoOp|NoOp@NoOp|NoOp@NoOp|NoOp@NoOp|NoOp@NoOp
3273093500:NoOp@NoOp|NoOp@NoOp|NoOp@NoOp|Push(W,W)@Push(W,W)|NoOp@NoOp|NoOp@NoOp|NoOp@NoOp|NoOp@NoOp|NoOp@NoOp|NoOp@NoOp
3273154700:NoOp@NoOp|NoOp@NoOp|NoOp@NoOp|Push(W,W)@Push(W,W)|NoOp@NoOp|NoOp@NoOp|NoOp@NoOp|NoOp@NoOp|NoOp@NoOp|NoOp@NoOp
3273216000:NoOp@NoOp|NoOp@NoOp|NoOp@NoOp|Push(W,W)@Push(W,W)|NoOp@NoOp|NoOp@NoOp|NoOp@NoOp|NoOp@NoOp|NoOp@NoOp|NoOp@NoOp
3273277000:NoOp@NoOp|NoOp@NoOp|NoOp@NoOp|Push(W,W)@Push(W,W)|NoOp@NoOp|NoOp@NoOp|NoOp@NoOp|NoOp@NoOp|NoOp@NoOp|NoOp@NoOp
3273338300:NoOp@NoOp|NoOp@NoOp|NoOp@NoOp|Push(W,W)@Push(W,W)|NoOp@NoOp|NoOp@NoOp|NoOp@NoOp|NoOp@NoOp|NoOp@NoOp|NoOp@NoOp
3273399700:NoOp@NoOp|NoOp@NoOp|NoOp@NoOp|Push(W,W)@Push(W,W)|NoOp@NoOp|NoOp@NoOp|NoOp@NoOp|NoOp@NoOp|NoOp@NoOp|NoOp@NoOp
3273460800:NoOp@NoOp|NoOp@NoOp|NoOp@NoOp|Push(W,W)@Push(W,W)|NoOp@NoOp|NoOp@NoOp|NoOp@NoOp|NoOp@NoOp|NoOp@NoOp|NoOp@NoOp
3273522700:NoOp@NoOp|NoOp@NoOp|NoOp@NoOp|Push(W,W)@Push(W,W)|NoOp@NoOp|NoOp@NoOp|NoOp@NoOp|NoOp@NoOp|NoOp@NoOp|NoOp@NoOp
3273584200:NoOp@NoOp|NoOp@NoOp|NoOp@NoOp|Push(W,W)@Push(W,W)|NoOp@NoOp|NoOp@NoOp|NoOp@NoOp|NoOp@NoOp|NoOp@NoOp|NoOp@NoOp
3273645700:NoOp@NoOp|NoOp@NoOp|NoOp@NoOp|Push(W,W)@Push(W,W)|NoOp@NoOp|NoOp@NoOp|NoOp@NoOp|NoOp@NoOp|NoOp@NoOp|NoOp@NoOp
3273706900:NoOp@NoOp|NoOp@NoOp|NoOp@NoOp|Push(W,W)@Push(W,W)|NoOp@NoOp|NoOp@NoOp|NoOp@NoOp|NoOp@NoOp|NoOp@NoOp|NoOp@NoOp
3273767900:NoOp@NoOp|NoOp@NoOp|NoOp@NoOp|Push(W,W)@Push(W,W)|NoOp@NoOp|NoOp@NoOp|NoOp@NoOp|NoOp@NoOp|NoOp@NoOp|NoOp@NoOp
3273829600:NoOp@NoOp|NoOp@NoOp|NoOp@NoOp|Push(W,W)@Push(W,W)|NoOp@NoOp|NoOp@NoOp|NoOp@NoOp|NoOp@NoOp|NoOp@NoOp|NoOp@NoOp
3273902900:NoOp@NoOp|NoOp@NoOp|NoOp@NoOp|Push(W,W)@Push(W,W)|NoOp@NoOp|NoOp@NoOp|NoOp@NoOp|NoOp@NoOp|NoOp@NoOp|NoOp@NoOp
3273965200:NoOp@NoOp|NoOp@NoOp|NoOp@NoOp|Push(W,W)@Push(W,W)|NoOp@NoOp|NoOp@NoOp|NoOp@NoOp|NoOp@NoOp|NoOp@NoOp|NoOp@NoOp
3274041700:NoOp@NoOp|NoOp@NoOp|NoOp@NoOp|Push(W,W)@Push(W,W)|NoOp@NoOp|NoOp@NoOp|NoOp@NoOp|NoOp@NoOp|NoOp@NoOp|NoOp@NoOp
3274120400:NoOp@NoOp|NoOp@NoOp|NoOp@NoOp|Push(W,W)@Push(W,W)|NoOp@NoOp|NoOp@NoOp|NoOp@NoOp|NoOp@NoOp|NoOp@NoOp|NoOp@NoOp
3274185600:NoOp@NoOp|NoOp@NoOp|NoOp@NoOp|Push(W,W)@Push(W,W)|NoOp@NoOp|NoOp@NoOp|NoOp@NoOp|NoOp@NoOp|NoOp@NoOp|NoOp@NoOp
3274244400:NoOp@NoOp|NoOp@NoOp|NoOp@NoOp|Push(W,W)@Push(W,W)|NoOp@NoOp|NoOp@NoOp|NoOp@NoOp|NoOp@NoOp|NoOp@NoOp|NoOp@NoOp
3274314300:NoOp@NoOp|NoOp@NoOp|NoOp@NoOp|Push(W,W)@Push(W,W)|NoOp@NoOp|NoOp@NoOp|NoOp@NoOp|NoOp@NoOp|NoOp@NoOp|NoOp@NoOp
3274376300:NoOp@NoOp|NoOp@NoOp|NoOp@NoOp|Push(W,W)@Push(W,W)|NoOp@NoOp|NoOp@NoOp|NoOp@NoOp|NoOp@NoOp|NoOp@NoOp|NoOp@NoOp
3274443100:NoOp@NoOp|NoOp@NoOp|NoOp@NoOp|Push(W,W)@Push(W,W)|NoOp@NoOp|NoOp@NoOp|NoOp@NoOp|NoOp@NoOp|NoOp@NoOp|NoOp@NoOp
3274517700:NoOp@NoOp|NoOp@NoOp|NoOp@NoOp|Push(W,W)@Push(W,W)|NoOp@NoOp|NoOp@NoOp|NoOp@NoOp|NoOp@NoOp|NoOp@NoOp|NoOp@NoOp
3274588600:NoOp@NoOp|NoOp@NoOp|NoOp@NoOp|Push(W,W)@Push(W,W)|NoOp@NoOp|NoOp@NoOp|NoOp@NoOp|NoOp@NoOp|NoOp@NoOp|NoOp@NoOp
3274656500:NoOp@NoOp|NoOp@NoOp|NoOp@NoOp|Push(W,W)@Push(W,W)|NoOp@NoOp|NoOp@NoOp|NoOp@NoOp|NoOp@NoOp|NoOp@NoOp|NoOp@NoOp
3274715800:NoOp@NoOp|NoOp@NoOp|NoOp@NoOp|Push(W,W)@Push(W,W)|NoOp@NoOp|NoOp@NoOp|NoOp@NoOp|NoOp@NoOp|NoOp@NoOp|NoOp@NoOp
3274776100:NoOp@NoOp|NoOp@NoOp|NoOp@NoOp|Push(W,W)@Push(W,W)|NoOp@NoOp|NoOp@NoOp|NoOp@NoOp|NoOp@NoOp|NoOp@NoOp|NoOp@NoOp
3274849400:NoOp@NoOp|NoOp@NoOp|NoOp@NoOp|Push(W,W)@Push(W,W)|NoOp@NoOp|NoOp@NoOp|NoOp@NoOp|NoOp@NoOp|NoOp@NoOp|NoOp@NoOp
3274917000:NoOp@NoOp|NoOp@NoOp|NoOp@NoOp|Push(W,W)@Push(W,W)|NoOp@NoOp|NoOp@NoOp|NoOp@NoOp|NoOp@NoOp|NoOp@NoOp|NoOp@NoOp
3274990000:NoOp@NoOp|NoOp@NoOp|NoOp@NoOp|Push(W,W)@Push(W,W)|NoOp@NoOp|NoOp@NoOp|NoOp@NoOp|NoOp@NoOp|NoOp@NoOp|NoOp@NoOp
3275054500:NoOp@NoOp|NoOp@NoOp|NoOp@NoOp|Push(W,S)@Push(W,S)|NoOp@NoOp|NoOp@NoOp|NoOp@NoOp|NoOp@NoOp|NoOp@NoOp|NoOp@NoOp
3275114900:NoOp@NoOp|NoOp@NoOp|NoOp@NoOp|Push(S,S)@Push(S,S)|NoOp@NoOp|NoOp@NoOp|NoOp@NoOp|NoOp@NoOp|NoOp@NoOp|NoOp@NoOp
3275170300:NoOp@NoOp|NoOp@NoOp|NoOp@NoOp|Push(S,S)@Push(S,S)|NoOp@NoOp|NoOp@NoOp|NoOp@NoOp|NoOp@NoOp|NoOp@NoOp|NoOp@NoOp
3275226300:NoOp@NoOp|NoOp@NoOp|NoOp@NoOp|Push(S,S)@Push(S,S)|NoOp@NoOp|NoOp@NoOp|NoOp@NoOp|NoOp@NoOp|NoOp@NoOp|NoOp@NoOp
3275290100:NoOp@NoOp|NoOp@NoOp|NoOp@NoOp|Push(S,S)@Push(S,S)|NoOp@NoOp|NoOp@NoOp|NoOp@NoOp|NoOp@NoOp|NoOp@NoOp|NoOp@NoOp
3275350500:NoOp@NoOp|NoOp@NoOp|NoOp@NoOp|Push(S,S)@Push(S,S)|NoOp@NoOp|NoOp@NoOp|NoOp@NoOp|NoOp@NoOp|NoOp@NoOp|NoOp@NoOp
3275437600:NoOp@NoOp|NoOp@NoOp|NoOp@NoOp|Push(S,S)@Push(S,S)|NoOp@NoOp|NoOp@NoOp|NoOp@NoOp|NoOp@NoOp|NoOp@NoOp|NoOp@NoOp
3275499900:NoOp@NoOp|NoOp@NoOp|NoOp@NoOp|Push(S,S)@Push(S,S)|NoOp@NoOp|NoOp@NoOp|NoOp@NoOp|NoOp@NoOp|NoOp@NoOp|NoOp@NoOp
3275564200:NoOp@NoOp|NoOp@NoOp|NoOp@NoOp|Push(S,S)@Push(S,S)|NoOp@NoOp|NoOp@NoOp|NoOp@NoOp|NoOp@NoOp|NoOp@NoOp|NoOp@NoOp
3275633500:NoOp@NoOp|NoOp@NoOp|NoOp@NoOp|Push(S,S)@Push(S,S)|NoOp@NoOp|NoOp@NoOp|NoOp@NoOp|NoOp@NoOp|NoOp@NoOp|NoOp@NoOp
3275698300:NoOp@NoOp|NoOp@NoOp|NoOp@NoOp|Push(S,S)@Push(S,S)|NoOp@NoOp|NoOp@NoOp|NoOp@NoOp|NoOp@NoOp|NoOp@NoOp|NoOp@NoOp
3275765300:NoOp@NoOp|NoOp@NoOp|NoOp@NoOp|Push(S,S)@Push(S,S)|NoOp@NoOp|NoOp@NoOp|NoOp@NoOp|NoOp@NoOp|NoOp@NoOp|NoOp@NoOp
3275828200:NoOp@NoOp|NoOp@NoOp|NoOp@NoOp|Push(S,S)@Push(S,S)|NoOp@NoOp|NoOp@NoOp|NoOp@NoOp|NoOp@NoOp|NoOp@NoOp|NoOp@NoOp
3275895700:NoOp@NoOp|NoOp@NoOp|NoOp@NoOp|Push(S,S)@Push(S,S)|NoOp@NoOp|NoOp@NoOp|NoOp@NoOp|NoOp@NoOp|NoOp@NoOp|NoOp@NoOp
3275958000:NoOp@NoOp|NoOp@NoOp|NoOp@NoOp|Push(S,W)@Push(S,W)|NoOp@NoOp|NoOp@NoOp|NoOp@NoOp|NoOp@NoOp|NoOp@NoOp|NoOp@NoOp
3276019700:NoOp@NoOp|NoOp@NoOp|NoOp@NoOp|Push(W,S)@Push(W,S)|NoOp@NoOp|NoOp@NoOp|NoOp@NoOp|NoOp@NoOp|NoOp@NoOp|NoOp@NoOp
3276081900:NoOp@NoOp|NoOp@NoOp|NoOp@NoOp|Push(S,S)@Push(S,S)|NoOp@NoOp|NoOp@NoOp|NoOp@NoOp|NoOp@NoOp|NoOp@NoOp|NoOp@NoOp
3276143700:NoOp@NoOp|NoOp@NoOp|NoOp@NoOp|Push(S,E)@Push(S,E)|NoOp@NoOp|NoOp@NoOp|NoOp@NoOp|NoOp@NoOp|NoOp@NoOp|NoOp@NoOp
3276205100:NoOp@NoOp|NoOp@NoOp|NoOp@NoOp|Push(E,E)@Push(E,E)|NoOp@NoOp|NoOp@NoOp|NoOp@NoOp|NoOp@NoOp|NoOp@NoOp|NoOp@NoOp
3276266900:NoOp@NoOp|NoOp@NoOp|NoOp@NoOp|Push(E,S)@Push(E,S)|NoOp@NoOp|NoOp@NoOp|NoOp@NoOp|NoOp@NoOp|NoOp@NoOp|NoOp@NoOp
3276328400:NoOp@NoOp|NoOp@NoOp|NoOp@NoOp|Push(S,S)@Push(S,S)|NoOp@NoOp|NoOp@NoOp|NoOp@NoOp|NoOp@NoOp|NoOp@NoOp|NoOp@NoOp
3276390000:NoOp@NoOp|NoOp@NoOp|NoOp@NoOp|Push(S,W)@Push(S,W)|NoOp@NoOp|NoOp@NoOp|NoOp@NoOp|NoOp@NoOp|NoOp@NoOp|NoOp@NoOp
3276461100:NoOp@NoOp|NoOp@NoOp|NoOp@NoOp|Push(W,W)@Push(W,W)|NoOp@NoOp|NoOp@NoOp|NoOp@NoOp|NoOp@NoOp|NoOp@NoOp|NoOp@NoOp
3276521600:NoOp@NoOp|NoOp@NoOp|NoOp@NoOp|Push(W,S)@Push(W,S)|NoOp@NoOp|NoOp@NoOp|NoOp@NoOp|NoOp@NoOp|NoOp@NoOp|NoOp@NoOp
3276583000:NoOp@NoOp|NoOp@NoOp|NoOp@NoOp|Push(S,S)@Push(S,S)|NoOp@NoOp|NoOp@NoOp|NoOp@NoOp|NoOp@NoOp|NoOp@NoOp|NoOp@NoOp
3276644600:NoOp@NoOp|NoOp@NoOp|NoOp@NoOp|Push(S,E)@Push(S,E)|NoOp@NoOp|NoOp@NoOp|NoOp@NoOp|NoOp@NoOp|NoOp@NoOp|NoOp@NoOp
3276706300:NoOp@NoOp|NoOp@NoOp|NoOp@NoOp|Push(E,E)@Push(E,E)|NoOp@NoOp|NoOp@NoOp|NoOp@NoOp|NoOp@NoOp|NoOp@NoOp|NoOp@NoOp
3276768000:NoOp@NoOp|NoOp@NoOp|NoOp@NoOp|Push(E,S)@Push(E,S)|NoOp@NoOp|NoOp@NoOp|NoOp@NoOp|NoOp@NoOp|NoOp@NoOp|NoOp@NoOp
3276833000:NoOp@NoOp|NoOp@NoOp|NoOp@NoOp|Push(S,S)@Push(S,S)|NoOp@NoOp|NoOp@NoOp|NoOp@NoOp|NoOp@NoOp|NoOp@NoOp|NoOp@NoOp
3276894700:NoOp@NoOp|NoOp@NoOp|NoOp@NoOp|Push(S,W)@Push(S,W)|NoOp@NoOp|NoOp@NoOp|NoOp@NoOp|NoOp@NoOp|NoOp@NoOp|NoOp@NoOp
3276956500:NoOp@NoOp|NoOp@NoOp|NoOp@NoOp|Push(W,W)@Push(W,W)|NoOp@NoOp|NoOp@NoOp|NoOp@NoOp|NoOp@NoOp|NoOp@NoOp|NoOp@NoOp
3277018100:NoOp@NoOp|NoOp@NoOp|NoOp@NoOp|Push(W,S)@Push(W,S)|NoOp@NoOp|NoOp@NoOp|NoOp@NoOp|NoOp@NoOp|NoOp@NoOp|NoOp@NoOp
3277080000:NoOp@NoOp|NoOp@NoOp|NoOp@NoOp|Push(S,S)@Push(S,S)|NoOp@NoOp|NoOp@NoOp|NoOp@NoOp|NoOp@NoOp|NoOp@NoOp|NoOp@NoOp
3277141700:NoOp@NoOp|NoOp@NoOp|NoOp@NoOp|Push(S,E)@Push(S,E)|NoOp@NoOp|NoOp@NoOp|NoOp@NoOp|NoOp@NoOp|NoOp@NoOp|NoOp@NoOp
3277203000:NoOp@NoOp|NoOp@NoOp|NoOp@NoOp|Push(E,E)@Push(E,E)|NoOp@NoOp|NoOp@NoOp|NoOp@NoOp|NoOp@NoOp|NoOp@NoOp|NoOp@NoOp
3277265700:NoOp@NoOp|NoOp@NoOp|NoOp@NoOp|Push(E,S)@Push(E,S)|NoOp@NoOp|NoOp@NoOp|NoOp@NoOp|NoOp@NoOp|NoOp@NoOp|NoOp@NoOp
3277328300:NoOp@NoOp|NoOp@NoOp|NoOp@NoOp|Push(S,S)@Push(S,S)|NoOp@NoOp|NoOp@NoOp|NoOp@NoOp|NoOp@NoOp|NoOp@NoOp|NoOp@NoOp
3277390400:NoOp@NoOp|NoOp@NoOp|NoOp@NoOp|Push(S,W)@Push(S,W)|NoOp@NoOp|NoOp@NoOp|NoOp@NoOp|NoOp@NoOp|NoOp@NoOp|NoOp@NoOp
3277451800:NoOp@NoOp|NoOp@NoOp|NoOp@NoOp|Push(W,W)@Push(W,W)|NoOp@NoOp|NoOp@NoOp|NoOp@NoOp|NoOp@NoOp|NoOp@NoOp|NoOp@NoOp
3277513200:NoOp@NoOp|NoOp@NoOp|NoOp@NoOp|Push(W,S)@Push(W,S)|NoOp@NoOp|NoOp@NoOp|NoOp@NoOp|NoOp@NoOp|NoOp@NoOp|NoOp@NoOp
3277578800:NoOp@NoOp|NoOp@NoOp|NoOp@NoOp|Push(S,S)@Push(S,S)|NoOp@NoOp|NoOp@NoOp|NoOp@NoOp|NoOp@NoOp|NoOp@NoOp|NoOp@NoOp
3277640900:NoOp@NoOp|NoOp@NoOp|NoOp@NoOp|Push(S,S)@Push(S,S)|NoOp@NoOp|NoOp@NoOp|NoOp@NoOp|NoOp@NoOp|NoOp@NoOp|NoOp@NoOp
3277702500:NoOp@NoOp|NoOp@NoOp|NoOp@NoOp|Push(S,S)@Push(S,S)|NoOp@NoOp|NoOp@NoOp|NoOp@NoOp|NoOp@NoOp|NoOp@NoOp|NoOp@NoOp
3277764000:NoOp@NoOp|NoOp@NoOp|NoOp@NoOp|Push(S,S)@Push(S,S)|NoOp@NoOp|NoOp@NoOp|NoOp@NoOp|NoOp@NoOp|NoOp@NoOp|NoOp@NoOp
3277825700:NoOp@NoOp|NoOp@NoOp|NoOp@NoOp|Push(S,S)@Push(S,S)|NoOp@NoOp|NoOp@NoOp|NoOp@NoOp|NoOp@NoOp|NoOp@NoOp|NoOp@NoOp
3277887300:NoOp@NoOp|NoOp@NoOp|NoOp@NoOp|Push(S,S)@Push(S,S)|NoOp@NoOp|NoOp@NoOp|NoOp@NoOp|NoOp@NoOp|NoOp@NoOp|NoOp@NoOp
3277948900:NoOp@NoOp|NoOp@NoOp|NoOp@NoOp|Push(S,S)@Push(S,S)|NoOp@NoOp|NoOp@NoOp|NoOp@NoOp|NoOp@NoOp|NoOp@NoOp|NoOp@NoOp
3278010400:NoOp@NoOp|NoOp@NoOp|NoOp@NoOp|Push(S,S)@Push(S,S)|NoOp@NoOp|NoOp@NoOp|NoOp@NoOp|NoOp@NoOp|NoOp@NoOp|NoOp@NoOp
3278071800:NoOp@NoOp|NoOp@NoOp|NoOp@NoOp|Push(S,S)@Push(S,S)|NoOp@NoOp|NoOp@NoOp|NoOp@NoOp|NoOp@NoOp|NoOp@NoOp|NoOp@NoOp
3278133200:NoOp@NoOp|NoOp@NoOp|NoOp@NoOp|Push(S,S)@Push(S,S)|NoOp@NoOp|NoOp@NoOp|NoOp@NoOp|NoOp@NoOp|NoOp@NoOp|NoOp@NoOp
3278194700:NoOp@NoOp|NoOp@NoOp|NoOp@NoOp|Push(S,S)@Push(S,S)|NoOp@NoOp|NoOp@NoOp|NoOp@NoOp|NoOp@NoOp|NoOp@NoOp|NoOp@NoOp
3278256200:NoOp@NoOp|NoOp@NoOp|NoOp@NoOp|Push(S,E)@Push(S,E)|NoOp@NoOp|NoOp@NoOp|NoOp@NoOp|NoOp@NoOp|NoOp@NoOp|NoOp@NoOp
3278317700:NoOp@NoOp|NoOp@NoOp|NoOp@NoOp|Push(E,E)@Push(E,E)|NoOp@NoOp|NoOp@NoOp|NoOp@NoOp|NoOp@NoOp|NoOp@NoOp|NoOp@NoOp
3278379500:NoOp@NoOp|NoOp@NoOp|NoOp@NoOp|Push(E,E)@Push(E,E)|NoOp@NoOp|NoOp@NoOp|NoOp@NoOp|NoOp@NoOp|NoOp@NoOp|NoOp@NoOp
3278440800:NoOp@NoOp|NoOp@NoOp|NoOp@NoOp|Push(E,E)@Push(E,E)|NoOp@NoOp|NoOp@NoOp|NoOp@NoOp|NoOp@NoOp|NoOp@NoOp|NoOp@NoOp
3278505200:NoOp@NoOp|NoOp@NoOp|NoOp@NoOp|Push(E,N)@Push(E,N)|NoOp@NoOp|NoOp@NoOp|NoOp@NoOp|NoOp@NoOp|NoOp@NoOp|NoOp@NoOp
3278566800:NoOp@NoOp|NoOp@NoOp|NoOp@NoOp|Push(N,E)@Push(N,E)|NoOp@NoOp|NoOp@NoOp|NoOp@NoOp|NoOp@NoOp|NoOp@NoOp|NoOp@NoOp
3278627900:NoOp@NoOp|NoOp@NoOp|NoOp@NoOp|Push(E,E)@Push(E,E)|NoOp@NoOp|NoOp@NoOp|NoOp@NoOp|NoOp@NoOp|NoOp@NoOp|NoOp@NoOp
3278693400:NoOp@NoOp|NoOp@NoOp|NoOp@NoOp|Push(E,E)@Push(E,E)|NoOp@NoOp|NoOp@NoOp|NoOp@NoOp|NoOp@NoOp|NoOp@NoOp|NoOp@NoOp
3278755600:NoOp@NoOp|NoOp@NoOp|NoOp@NoOp|Push(E,E)@Push(E,E)|NoOp@NoOp|NoOp@NoOp|NoOp@NoOp|NoOp@NoOp|NoOp@NoOp|NoOp@NoOp
3278817100:NoOp@NoOp|NoOp@NoOp|NoOp@NoOp|Push(E,E)@Push(E,E)|NoOp@NoOp|NoOp@NoOp|NoOp@NoOp|NoOp@NoOp|NoOp@NoOp|NoOp@NoOp
3278878400:NoOp@NoOp|NoOp@NoOp|NoOp@NoOp|Push(E,E)@Push(E,E)|NoOp@NoOp|NoOp@NoOp|NoOp@NoOp|NoOp@NoOp|NoOp@NoOp|NoOp@NoOp
3278939900:NoOp@NoOp|NoOp@NoOp|NoOp@NoOp|Push(E,E)@Push(E,E)|NoOp@NoOp|NoOp@NoOp|NoOp@NoOp|NoOp@NoOp|NoOp@NoOp|NoOp@NoOp
3279001700:NoOp@NoOp|NoOp@NoOp|NoOp@NoOp|Push(E,E)@Push(E,E)|NoOp@NoOp|NoOp@NoOp|NoOp@NoOp|NoOp@NoOp|NoOp@NoOp|NoOp@NoOp
3279062800:NoOp@NoOp|NoOp@NoOp|NoOp@NoOp|Push(E,E)@Push(E,E)|NoOp@NoOp|NoOp@NoOp|NoOp@NoOp|NoOp@NoOp|NoOp@NoOp|NoOp@NoOp
3279123900:NoOp@NoOp|NoOp@NoOp|NoOp@NoOp|Push(E,E)@Push(E,E)|NoOp@NoOp|NoOp@NoOp|NoOp@NoOp|NoOp@NoOp|NoOp@NoOp|NoOp@NoOp
3279186200:NoOp@NoOp|NoOp@NoOp|NoOp@NoOp|Push(E,E)@Push(E,E)|NoOp@NoOp|NoOp@NoOp|NoOp@NoOp|NoOp@NoOp|NoOp@NoOp|NoOp@NoOp
3279245100:NoOp@NoOp|NoOp@NoOp|NoOp@NoOp|Push(E,E)@Push(E,E)|NoOp@NoOp|NoOp@NoOp|NoOp@NoOp|NoOp@NoOp|NoOp@NoOp|NoOp@NoOp
3279321200:NoOp@NoOp|NoOp@NoOp|NoOp@NoOp|Push(E,E)@Push(E,E)|NoOp@NoOp|NoOp@NoOp|NoOp@NoOp|NoOp@NoOp|NoOp@NoOp|NoOp@NoOp
3279383700:NoOp@NoOp|NoOp@NoOp|NoOp@NoOp|Push(E,E)@Push(E,E)|NoOp@NoOp|NoOp@NoOp|NoOp@NoOp|NoOp@NoOp|NoOp@NoOp|NoOp@NoOp
3279443900:NoOp@NoOp|NoOp@NoOp|NoOp@NoOp|Push(E,E)@Push(E,E)|NoOp@NoOp|NoOp@NoOp|NoOp@NoOp|NoOp@NoOp|NoOp@NoOp|NoOp@NoOp
3279506400:NoOp@NoOp|NoOp@NoOp|NoOp@NoOp|Push(E,E)@Push(E,E)|NoOp@NoOp|NoOp@NoOp|NoOp@NoOp|NoOp@NoOp|NoOp@NoOp|NoOp@NoOp
3279568200:NoOp@NoOp|NoOp@NoOp|NoOp@NoOp|Push(E,E)@Push(E,E)|NoOp@NoOp|NoOp@NoOp|NoOp@NoOp|NoOp@NoOp|NoOp@NoOp|NoOp@NoOp
3279629200:NoOp@NoOp|NoOp@NoOp|NoOp@NoOp|Push(E,E)@Push(E,E)|NoOp@NoOp|NoOp@NoOp|NoOp@NoOp|NoOp@NoOp|NoOp@NoOp|NoOp@NoOp
3279690700:NoOp@NoOp|NoOp@NoOp|NoOp@NoOp|Push(E,E)@Push(E,E)|NoOp@NoOp|NoOp@NoOp|NoOp@NoOp|NoOp@NoOp|NoOp@NoOp|NoOp@NoOp
3279751900:NoOp@NoOp|NoOp@NoOp|NoOp@NoOp|Push(E,E)@Push(E,E)|NoOp@NoOp|NoOp@NoOp|NoOp@NoOp|NoOp@NoOp|NoOp@NoOp|NoOp@NoOp
3279816400:NoOp@NoOp|NoOp@NoOp|NoOp@NoOp|Push(E,E)@Push(E,E)|NoOp@NoOp|NoOp@NoOp|NoOp@NoOp|NoOp@NoOp|NoOp@NoOp|NoOp@NoOp
3279877600:NoOp@NoOp|NoOp@NoOp|NoOp@NoOp|Push(E,E)@Push(E,E)|NoOp@NoOp|NoOp@NoOp|NoOp@NoOp|NoOp@NoOp|NoOp@NoOp|NoOp@NoOp
3279938900:NoOp@NoOp|NoOp@NoOp|NoOp@NoOp|Push(E,E)@Push(E,E)|NoOp@NoOp|NoOp@NoOp|NoOp@NoOp|NoOp@NoOp|NoOp@NoOp|NoOp@NoOp
3279999700:NoOp@NoOp|NoOp@NoOp|NoOp@NoOp|Push(E,E)@Push(E,E)|NoOp@NoOp|NoOp@NoOp|NoOp@NoOp|NoOp@NoOp|NoOp@NoOp|NoOp@NoOp
3280060900:NoOp@NoOp|NoOp@NoOp|NoOp@NoOp|Push(E,E)@Push(E,E)|NoOp@NoOp|NoOp@NoOp|NoOp@NoOp|NoOp@NoOp|NoOp@NoOp|NoOp@NoOp
3280121900:NoOp@NoOp|NoOp@NoOp|NoOp@NoOp|Push(E,E)@Push(E,E)|NoOp@NoOp|NoOp@NoOp|NoOp@NoOp|NoOp@NoOp|NoOp@NoOp|NoOp@NoOp
3280183000:NoOp@NoOp|NoOp@NoOp|NoOp@NoOp|Push(E,E)@Push(E,E)|NoOp@NoOp|NoOp@NoOp|NoOp@NoOp|NoOp@NoOp|NoOp@NoOp|NoOp@NoOp
3280244400:NoOp@NoOp|NoOp@NoOp|NoOp@NoOp|Push(E,E)@Push(E,E)|NoOp@NoOp|NoOp@NoOp|NoOp@NoOp|NoOp@NoOp|NoOp@NoOp|NoOp@NoOp
3280305800:NoOp@NoOp|NoOp@NoOp|NoOp@NoOp|Push(E,E)@Push(E,E)|NoOp@NoOp|NoOp@NoOp|NoOp@NoOp|NoOp@NoOp|NoOp@NoOp|NoOp@NoOp
3280366000:NoOp@NoOp|NoOp@NoOp|NoOp@NoOp|Push(E,E)@Push(E,E)|NoOp@NoOp|NoOp@NoOp|NoOp@NoOp|NoOp@NoOp|NoOp@NoOp|NoOp@NoOp
3280429500:NoOp@NoOp|NoOp@NoOp|NoOp@NoOp|Push(E,E)@Push(E,E)|NoOp@NoOp|NoOp@NoOp|NoOp@NoOp|NoOp@NoOp|NoOp@NoOp|NoOp@NoOp
3280489500:NoOp@NoOp|NoOp@NoOp|NoOp@NoOp|Push(E,E)@Push(E,E)|NoOp@NoOp|NoOp@NoOp|NoOp@NoOp|NoOp@NoOp|NoOp@NoOp|NoOp@NoOp
3280551600:NoOp@NoOp|NoOp@NoOp|NoOp@NoOp|NoOp@NoOp|NoOp@NoOp|NoOp@NoOp|NoOp@NoOp|NoOp@NoOp|NoOp@NoOp|Move(S)@Move(S)
3280615800:NoOp@NoOp|NoOp@NoOp|NoOp@NoOp|NoOp@NoOp|NoOp@NoOp|NoOp@NoOp|NoOp@NoOp|NoOp@NoOp|NoOp@NoOp|Move(S)@Move(S)
3280677300:NoOp@NoOp|NoOp@NoOp|NoOp@NoOp|NoOp@NoOp|NoOp@NoOp|NoOp@NoOp|NoOp@NoOp|NoOp@NoOp|NoOp@NoOp|Move(S)@Move(S)
3280738400:NoOp@NoOp|NoOp@NoOp|NoOp@NoOp|NoOp@NoOp|NoOp@NoOp|NoOp@NoOp|NoOp@NoOp|NoOp@NoOp|NoOp@NoOp|Move(S)@Move(S)
3280799400:NoOp@NoOp|NoOp@NoOp|NoOp@NoOp|NoOp@NoOp|NoOp@NoOp|NoOp@NoOp|NoOp@NoOp|NoOp@NoOp|NoOp@NoOp|Move(S)@Move(S)
3280860800:NoOp@NoOp|NoOp@NoOp|NoOp@NoOp|NoOp@NoOp|NoOp@NoOp|NoOp@NoOp|NoOp@NoOp|NoOp@NoOp|NoOp@NoOp|Push(E,S)@Push(E,S)
3280922200:NoOp@NoOp|NoOp@NoOp|NoOp@NoOp|NoOp@NoOp|NoOp@NoOp|NoOp@NoOp|NoOp@NoOp|NoOp@NoOp|NoOp@NoOp|Push(S,S)@Push(S,S)
3280978200:NoOp@NoOp|NoOp@NoOp|NoOp@NoOp|NoOp@NoOp|NoOp@NoOp|NoOp@NoOp|NoOp@NoOp|NoOp@NoOp|NoOp@NoOp|Push(S,S)@Push(S,S)
3281039800:NoOp@NoOp|NoOp@NoOp|NoOp@NoOp|NoOp@NoOp|NoOp@NoOp|NoOp@NoOp|NoOp@NoOp|NoOp@NoOp|NoOp@NoOp|Push(S,S)@Push(S,S)
3281101100:NoOp@NoOp|NoOp@NoOp|NoOp@NoOp|NoOp@NoOp|NoOp@NoOp|NoOp@NoOp|NoOp@NoOp|NoOp@NoOp|NoOp@NoOp|Push(S,S)@Push(S,S)
3281162800:NoOp@NoOp|NoOp@NoOp|NoOp@NoOp|NoOp@NoOp|NoOp@NoOp|NoOp@NoOp|NoOp@NoOp|NoOp@NoOp|NoOp@NoOp|Push(S,S)@Push(S,S)
3281224400:NoOp@NoOp|NoOp@NoOp|NoOp@NoOp|NoOp@NoOp|NoOp@NoOp|NoOp@NoOp|NoOp@NoOp|NoOp@NoOp|NoOp@NoOp|Push(S,S)@Push(S,S)
3281286100:NoOp@NoOp|NoOp@NoOp|NoOp@NoOp|NoOp@NoOp|NoOp@NoOp|NoOp@NoOp|NoOp@NoOp|NoOp@NoOp|NoOp@NoOp|Push(S,S)@Push(S,S)
3281348100:NoOp@NoOp|NoOp@NoOp|NoOp@NoOp|NoOp@NoOp|NoOp@NoOp|NoOp@NoOp|NoOp@NoOp|NoOp@NoOp|NoOp@NoOp|Push(S,E)@Push(S,E)
3281481000:NoOp@NoOp|NoOp@NoOp|NoOp@NoOp|NoOp@NoOp|NoOp@NoOp|NoOp@NoOp|NoOp@NoOp|NoOp@NoOp|NoOp@NoOp|Push(E,E)@Push(E,E)
3281593900:NoOp@NoOp|NoOp@NoOp|NoOp@NoOp|NoOp@NoOp|NoOp@NoOp|NoOp@NoOp|NoOp@NoOp|NoOp@NoOp|NoOp@NoOp|Push(E,E)@Push(E,E)
3281676400:NoOp@NoOp|NoOp@NoOp|NoOp@NoOp|NoOp@NoOp|NoOp@NoOp|NoOp@NoOp|NoOp@NoOp|NoOp@NoOp|NoOp@NoOp|Push(E,E)@Push(E,E)
3281744200:NoOp@NoOp|NoOp@NoOp|NoOp@NoOp|NoOp@NoOp|NoOp@NoOp|NoOp@NoOp|NoOp@NoOp|NoOp@NoOp|NoOp@NoOp|Push(E,E)@Push(E,E)
3281807000:NoOp@NoOp|NoOp@NoOp|NoOp@NoOp|NoOp@NoOp|NoOp@NoOp|NoOp@NoOp|NoOp@NoOp|NoOp@NoOp|NoOp@NoOp|Push(E,E)@Push(E,E)
3281869100:NoOp@NoOp|NoOp@NoOp|NoOp@NoOp|NoOp@NoOp|NoOp@NoOp|NoOp@NoOp|NoOp@NoOp|NoOp@NoOp|NoOp@NoOp|Push(E,S)@Push(E,S)
3281930800:NoOp@NoOp|NoOp@NoOp|NoOp@NoOp|NoOp@NoOp|NoOp@NoOp|NoOp@NoOp|NoOp@NoOp|NoOp@NoOp|NoOp@NoOp|Push(S,S)@Push(S,S)
3281992200:NoOp@NoOp|NoOp@NoOp|NoOp@NoOp|NoOp@NoOp|NoOp@NoOp|NoOp@NoOp|NoOp@NoOp|NoOp@NoOp|NoOp@NoOp|Push(S,S)@Push(S,S)
3282053900:NoOp@NoOp|NoOp@NoOp|NoOp@NoOp|NoOp@NoOp|NoOp@NoOp|NoOp@NoOp|NoOp@NoOp|NoOp@NoOp|NoOp@NoOp|Push(S,S)@Push(S,S)
3282116300:NoOp@NoOp|NoOp@NoOp|NoOp@NoOp|NoOp@NoOp|NoOp@NoOp|NoOp@NoOp|NoOp@NoOp|NoOp@NoOp|NoOp@NoOp|Push(S,S)@Push(S,S)
3282178400:NoOp@NoOp|NoOp@NoOp|NoOp@NoOp|NoOp@NoOp|NoOp@NoOp|NoOp@NoOp|NoOp@NoOp|NoOp@NoOp|NoOp@NoOp|Push(S,W)@Push(S,W)
3282235800:NoOp@NoOp|NoOp@NoOp|NoOp@NoOp|NoOp@NoOp|NoOp@NoOp|NoOp@NoOp|NoOp@NoOp|NoOp@NoOp|NoOp@NoOp|Push(W,W)@Push(W,W)
3282298800:NoOp@NoOp|NoOp@NoOp|NoOp@NoOp|NoOp@NoOp|NoOp@NoOp|NoOp@NoOp|NoOp@NoOp|NoOp@NoOp|NoOp@NoOp|Push(W,S)@Push(W,S)
3282360700:NoOp@NoOp|NoOp@NoOp|NoOp@NoOp|NoOp@NoOp|NoOp@NoOp|NoOp@NoOp|NoOp@NoOp|NoOp@NoOp|NoOp@NoOp|Push(S,S)@Push(S,S)
3282422300:NoOp@NoOp|NoOp@NoOp|NoOp@NoOp|NoOp@NoOp|NoOp@NoOp|NoOp@NoOp|NoOp@NoOp|NoOp@NoOp|NoOp@NoOp|Push(S,S)@Push(S,S)
3282484000:NoOp@NoOp|NoOp@NoOp|NoOp@NoOp|NoOp@NoOp|NoOp@NoOp|NoOp@NoOp|NoOp@NoOp|NoOp@NoOp|NoOp@NoOp|Push(S,S)@Push(S,S)
3282545500:NoOp@NoOp|NoOp@NoOp|NoOp@NoOp|NoOp@NoOp|NoOp@NoOp|NoOp@NoOp|NoOp@NoOp|NoOp@NoOp|NoOp@NoOp|Push(S,S)@Push(S,S)
3282607100:NoOp@NoOp|NoOp@NoOp|NoOp@NoOp|NoOp@NoOp|NoOp@NoOp|NoOp@NoOp|NoOp@NoOp|NoOp@NoOp|NoOp@NoOp|Push(S,W)@Push(S,W)
3282668700:NoOp@NoOp|NoOp@NoOp|NoOp@NoOp|NoOp@NoOp|NoOp@NoOp|NoOp@NoOp|NoOp@NoOp|NoOp@NoOp|NoOp@NoOp|Push(W,W)@Push(W,W)
3282730900:NoOp@NoOp|NoOp@NoOp|NoOp@NoOp|NoOp@NoOp|NoOp@NoOp|NoOp@NoOp|NoOp@NoOp|NoOp@NoOp|NoOp@NoOp|Push(W,W)@Push(W,W)
3282793400:NoOp@NoOp|NoOp@NoOp|NoOp@NoOp|NoOp@NoOp|NoOp@NoOp|NoOp@NoOp|NoOp@NoOp|Move(N)@Move(N)|NoOp@NoOp|NoOp@NoOp
3282855000:NoOp@NoOp|NoOp@NoOp|NoOp@NoOp|NoOp@NoOp|NoOp@NoOp|NoOp@NoOp|NoOp@NoOp|Push(E,E)@Push(E,E)|NoOp@NoOp|NoOp@NoOp
3282919900:NoOp@NoOp|NoOp@NoOp|NoOp@NoOp|NoOp@NoOp|NoOp@NoOp|NoOp@NoOp|NoOp@NoOp|Push(E,N)@Push(E,N)|NoOp@NoOp|NoOp@NoOp
3282982100:NoOp@NoOp|NoOp@NoOp|NoOp@NoOp|NoOp@NoOp|NoOp@NoOp|NoOp@NoOp|NoOp@NoOp|Push(N,N)@Push(N,N)|NoOp@NoOp|NoOp@NoOp
3283052200:NoOp@NoOp|NoOp@NoOp|NoOp@NoOp|NoOp@NoOp|NoOp@NoOp|NoOp@NoOp|NoOp@NoOp|Push(N,N)@Push(N,N)|NoOp@NoOp|NoOp@NoOp
3283134900:NoOp@NoOp|NoOp@NoOp|NoOp@NoOp|NoOp@NoOp|NoOp@NoOp|NoOp@NoOp|NoOp@NoOp|Push(N,N)@Push(N,N)|NoOp@NoOp|NoOp@NoOp
3283200200:NoOp@NoOp|NoOp@NoOp|NoOp@NoOp|NoOp@NoOp|NoOp@NoOp|NoOp@NoOp|NoOp@NoOp|Push(N,N)@Push(N,N)|NoOp@NoOp|NoOp@NoOp
3283266600:NoOp@NoOp|NoOp@NoOp|NoOp@NoOp|NoOp@NoOp|NoOp@NoOp|NoOp@NoOp|NoOp@NoOp|Push(N,N)@Push(N,N)|NoOp@NoOp|NoOp@NoOp
3283329700:NoOp@NoOp|NoOp@NoOp|NoOp@NoOp|NoOp@NoOp|NoOp@NoOp|NoOp@NoOp|NoOp@NoOp|Push(N,N)@Push(N,N)|NoOp@NoOp|NoOp@NoOp
3283394300:NoOp@NoOp|NoOp@NoOp|NoOp@NoOp|NoOp@NoOp|NoOp@NoOp|NoOp@NoOp|NoOp@NoOp|Push(N,N)@Push(N,N)|NoOp@NoOp|NoOp@NoOp
3283451400:NoOp@NoOp|NoOp@NoOp|NoOp@NoOp|NoOp@NoOp|NoOp@NoOp|NoOp@NoOp|NoOp@NoOp|Push(N,N)@Push(N,N)|NoOp@NoOp|NoOp@NoOp
3283505500:NoOp@NoOp|NoOp@NoOp|NoOp@NoOp|NoOp@NoOp|NoOp@NoOp|NoOp@NoOp|NoOp@NoOp|Push(N,W)@Push(N,W)|NoOp@NoOp|NoOp@NoOp
3283559100:NoOp@NoOp|NoOp@NoOp|NoOp@NoOp|NoOp@NoOp|NoOp@NoOp|NoOp@NoOp|NoOp@NoOp|Push(W,W)@Push(W,W)|NoOp@NoOp|NoOp@NoOp
3283611900:NoOp@NoOp|NoOp@NoOp|NoOp@NoOp|NoOp@NoOp|NoOp@NoOp|NoOp@NoOp|NoOp@NoOp|Push(W,W)@Push(W,W)|NoOp@NoOp|NoOp@NoOp
3283673800:NoOp@NoOp|NoOp@NoOp|NoOp@NoOp|NoOp@NoOp|NoOp@NoOp|NoOp@NoOp|NoOp@NoOp|Push(W,N)@Push(W,N)|NoOp@NoOp|NoOp@NoOp
3283736600:NoOp@NoOp|NoOp@NoOp|NoOp@NoOp|NoOp@NoOp|NoOp@NoOp|NoOp@NoOp|NoOp@NoOp|Push(N,N)@Push(N,N)|NoOp@NoOp|NoOp@NoOp
3283795600:NoOp@NoOp|NoOp@NoOp|NoOp@NoOp|NoOp@NoOp|NoOp@NoOp|NoOp@NoOp|NoOp@NoOp|Push(N,N)@Push(N,N)|NoOp@NoOp|NoOp@NoOp
3283862200:NoOp@NoOp|NoOp@NoOp|NoOp@NoOp|NoOp@NoOp|NoOp@NoOp|NoOp@NoOp|NoOp@NoOp|Push(N,N)@Push(N,N)|NoOp@NoOp|NoOp@NoOp
3283929600:NoOp@NoOp|NoOp@NoOp|NoOp@NoOp|NoOp@NoOp|NoOp@NoOp|NoOp@NoOp|NoOp@NoOp|Push(N,N)@Push(N,N)|NoOp@NoOp|NoOp@NoOp
3283993300:NoOp@NoOp|NoOp@NoOp|NoOp@NoOp|NoOp@NoOp|NoOp@NoOp|NoOp@NoOp|NoOp@NoOp|Push(N,W)@Push(N,W)|NoOp@NoOp|NoOp@NoOp
3284056300:NoOp@NoOp|NoOp@NoOp|NoOp@NoOp|NoOp@NoOp|NoOp@NoOp|NoOp@NoOp|NoOp@NoOp|Push(W,W)@Push(W,W)|NoOp@NoOp|NoOp@NoOp
3284115700:NoOp@NoOp|NoOp@NoOp|NoOp@NoOp|NoOp@NoOp|NoOp@NoOp|NoOp@NoOp|NoOp@NoOp|Push(W,W)@Push(W,W)|NoOp@NoOp|NoOp@NoOp
3284177700:NoOp@NoOp|NoOp@NoOp|NoOp@NoOp|NoOp@NoOp|NoOp@NoOp|NoOp@NoOp|NoOp@NoOp|Push(W,W)@Push(W,W)|NoOp@NoOp|NoOp@NoOp
3284239500:NoOp@NoOp|NoOp@NoOp|NoOp@NoOp|NoOp@NoOp|NoOp@NoOp|NoOp@NoOp|NoOp@NoOp|Push(W,W)@Push(W,W)|NoOp@NoOp|NoOp@NoOp
3284300900:NoOp@NoOp|NoOp@NoOp|NoOp@NoOp|NoOp@NoOp|NoOp@NoOp|NoOp@NoOp|NoOp@NoOp|Push(W,W)@Push(W,W)|NoOp@NoOp|NoOp@NoOp
3284364200:NoOp@NoOp|NoOp@NoOp|NoOp@NoOp|NoOp@NoOp|NoOp@NoOp|NoOp@NoOp|NoOp@NoOp|Push(W,W)@Push(W,W)|NoOp@NoOp|NoOp@NoOp
3284429300:NoOp@NoOp|NoOp@NoOp|NoOp@NoOp|NoOp@NoOp|NoOp@NoOp|NoOp@NoOp|NoOp@NoOp|Push(W,W)@Push(W,W)|NoOp@NoOp|NoOp@NoOp
3284492100:NoOp@NoOp|NoOp@NoOp|NoOp@NoOp|NoOp@NoOp|NoOp@NoOp|NoOp@NoOp|NoOp@NoOp|Push(W,W)@Push(W,W)|NoOp@NoOp|NoOp@NoOp
3284553900:NoOp@NoOp|NoOp@NoOp|NoOp@NoOp|NoOp@NoOp|NoOp@NoOp|NoOp@NoOp|NoOp@NoOp|Push(W,W)@Push(W,W)|NoOp@NoOp|NoOp@NoOp
3284615400:NoOp@NoOp|NoOp@NoOp|NoOp@NoOp|NoOp@NoOp|NoOp@NoOp|NoOp@NoOp|NoOp@NoOp|Push(W,W)@Push(W,W)|NoOp@NoOp|NoOp@NoOp
3284676500:NoOp@NoOp|NoOp@NoOp|NoOp@NoOp|NoOp@NoOp|NoOp@NoOp|NoOp@NoOp|NoOp@NoOp|Push(W,W)@Push(W,W)|NoOp@NoOp|NoOp@NoOp
3284738000:NoOp@NoOp|NoOp@NoOp|NoOp@NoOp|NoOp@NoOp|NoOp@NoOp|NoOp@NoOp|NoOp@NoOp|Push(W,N)@Push(W,N)|NoOp@NoOp|NoOp@NoOp
3284812900:NoOp@NoOp|NoOp@NoOp|NoOp@NoOp|NoOp@NoOp|NoOp@NoOp|NoOp@NoOp|NoOp@NoOp|Push(N,N)@Push(N,N)|NoOp@NoOp|NoOp@NoOp
3284874800:NoOp@NoOp|NoOp@NoOp|NoOp@NoOp|NoOp@NoOp|NoOp@NoOp|NoOp@NoOp|NoOp@NoOp|Push(N,E)@Push(N,E)|NoOp@NoOp|NoOp@NoOp
3284936800:NoOp@NoOp|NoOp@NoOp|NoOp@NoOp|NoOp@NoOp|NoOp@NoOp|NoOp@NoOp|NoOp@NoOp|Push(E,E)@Push(E,E)|NoOp@NoOp|NoOp@NoOp
3284998100:NoOp@NoOp|NoOp@NoOp|NoOp@NoOp|NoOp@NoOp|NoOp@NoOp|NoOp@NoOp|NoOp@NoOp|Push(E,N)@Push(E,N)|NoOp@NoOp|NoOp@NoOp
3285059700:NoOp@NoOp|NoOp@NoOp|NoOp@NoOp|NoOp@NoOp|NoOp@NoOp|NoOp@NoOp|NoOp@NoOp|Push(N,N)@Push(N,N)|NoOp@NoOp|NoOp@NoOp
3285121500:NoOp@NoOp|NoOp@NoOp|NoOp@NoOp|NoOp@NoOp|NoOp@NoOp|NoOp@NoOp|NoOp@NoOp|Push(N,N)@Push(N,N)|NoOp@NoOp|NoOp@NoOp
3285183000:NoOp@NoOp|NoOp@NoOp|NoOp@NoOp|NoOp@NoOp|NoOp@NoOp|NoOp@NoOp|NoOp@NoOp|Push(N,N)@Push(N,N)|NoOp@NoOp|NoOp@NoOp
3285244300:NoOp@NoOp|NoOp@NoOp|NoOp@NoOp|NoOp@NoOp|NoOp@NoOp|NoOp@NoOp|NoOp@NoOp|Push(N,N)@Push(N,N)|NoOp@NoOp|NoOp@NoOp
3285306200:NoOp@NoOp|NoOp@NoOp|NoOp@NoOp|NoOp@NoOp|NoOp@NoOp|NoOp@NoOp|NoOp@NoOp|Push(N,W)@Push(N,W)|NoOp@NoOp|NoOp@NoOp
3285372300:NoOp@NoOp|NoOp@NoOp|NoOp@NoOp|NoOp@NoOp|NoOp@NoOp|NoOp@NoOp|NoOp@NoOp|Push(W,W)@Push(W,W)|NoOp@NoOp|NoOp@NoOp
3285434400:NoOp@NoOp|NoOp@NoOp|NoOp@NoOp|NoOp@NoOp|NoOp@NoOp|NoOp@NoOp|NoOp@NoOp|Push(W,N)@Push(W,N)|NoOp@NoOp|NoOp@NoOp
3285496100:NoOp@NoOp|NoOp@NoOp|NoOp@NoOp|NoOp@NoOp|NoOp@NoOp|NoOp@NoOp|NoOp@NoOp|Push(N,N)@Push(N,N)|NoOp@NoOp|NoOp@NoOp
3285557600:NoOp@NoOp|NoOp@NoOp|NoOp@NoOp|NoOp@NoOp|NoOp@NoOp|NoOp@NoOp|NoOp@NoOp|Push(N,N)@Push(N,N)|NoOp@NoOp|NoOp@NoOp
3285619600:NoOp@NoOp|NoOp@NoOp|NoOp@NoOp|NoOp@NoOp|NoOp@NoOp|NoOp@NoOp|NoOp@NoOp|Push(N,N)@Push(N,N)|NoOp@NoOp|NoOp@NoOp
3285681500:NoOp@NoOp|NoOp@NoOp|NoOp@NoOp|NoOp@NoOp|NoOp@NoOp|NoOp@NoOp|NoOp@NoOp|Push(N,N)@Push(N,N)|NoOp@NoOp|NoOp@NoOp
3285743300:NoOp@NoOp|NoOp@NoOp|NoOp@NoOp|NoOp@NoOp|NoOp@NoOp|NoOp@NoOp|NoOp@NoOp|Push(N,N)@Push(N,N)|NoOp@NoOp|NoOp@NoOp
3285807300:NoOp@NoOp|NoOp@NoOp|NoOp@NoOp|NoOp@NoOp|NoOp@NoOp|NoOp@NoOp|NoOp@NoOp|Push(N,N)@Push(N,N)|NoOp@NoOp|NoOp@NoOp
3285870600:NoOp@NoOp|NoOp@NoOp|NoOp@NoOp|NoOp@NoOp|NoOp@NoOp|NoOp@NoOp|NoOp@NoOp|Push(N,N)@Push(N,N)|NoOp@NoOp|NoOp@NoOp
3285929600:NoOp@NoOp|NoOp@NoOp|NoOp@NoOp|NoOp@NoOp|NoOp@NoOp|NoOp@NoOp|NoOp@NoOp|Push(N,E)@Push(N,E)|NoOp@NoOp|NoOp@NoOp
3285992600:NoOp@NoOp|NoOp@NoOp|NoOp@NoOp|NoOp@NoOp|NoOp@NoOp|NoOp@NoOp|NoOp@NoOp|Push(E,E)@Push(E,E)|NoOp@NoOp|NoOp@NoOp
3286055400:NoOp@NoOp|NoOp@NoOp|NoOp@NoOp|NoOp@NoOp|NoOp@NoOp|NoOp@NoOp|NoOp@NoOp|Push(E,E)@Push(E,E)|NoOp@NoOp|NoOp@NoOp
3286116600:NoOp@NoOp|NoOp@NoOp|NoOp@NoOp|NoOp@NoOp|NoOp@NoOp|NoOp@NoOp|NoOp@NoOp|Push(E,E)@Push(E,E)|NoOp@NoOp|NoOp@NoOp
3286178400:NoOp@NoOp|NoOp@NoOp|NoOp@NoOp|NoOp@NoOp|NoOp@NoOp|NoOp@NoOp|NoOp@NoOp|Push(E,E)@Push(E,E)|NoOp@NoOp|NoOp@NoOp
3286241000:NoOp@NoOp|NoOp@NoOp|NoOp@NoOp|NoOp@NoOp|NoOp@NoOp|NoOp@NoOp|NoOp@NoOp|Push(E,E)@Push(E,E)|NoOp@NoOp|NoOp@NoOp
3286315900:NoOp@NoOp|NoOp@NoOp|NoOp@NoOp|NoOp@NoOp|NoOp@NoOp|NoOp@NoOp|NoOp@NoOp|Push(E,E)@Push(E,E)|NoOp@NoOp|NoOp@NoOp
3286380900:NoOp@NoOp|NoOp@NoOp|NoOp@NoOp|NoOp@NoOp|NoOp@NoOp|NoOp@NoOp|NoOp@NoOp|Push(E,E)@Push(E,E)|NoOp@NoOp|NoOp@NoOp
3286451700:NoOp@NoOp|NoOp@NoOp|NoOp@NoOp|NoOp@NoOp|NoOp@NoOp|NoOp@NoOp|NoOp@NoOp|NoOp@NoOp|Move(S)@Move(S)|NoOp@NoOp
3286514100:NoOp@NoOp|NoOp@NoOp|NoOp@NoOp|NoOp@NoOp|NoOp@NoOp|NoOp@NoOp|NoOp@NoOp|NoOp@NoOp|Move(S)@Move(S)|NoOp@NoOp
3286587200:NoOp@NoOp|NoOp@NoOp|NoOp@NoOp|NoOp@NoOp|NoOp@NoOp|NoOp@NoOp|NoOp@NoOp|NoOp@NoOp|Move(S)@Move(S)|NoOp@NoOp
3286653200:NoOp@NoOp|NoOp@NoOp|NoOp@NoOp|NoOp@NoOp|NoOp@NoOp|NoOp@NoOp|NoOp@NoOp|NoOp@NoOp|Move(S)@Move(S)|NoOp@NoOp
3286713900:NoOp@NoOp|NoOp@NoOp|NoOp@NoOp|NoOp@NoOp|NoOp@NoOp|NoOp@NoOp|NoOp@NoOp|NoOp@NoOp|Move(S)@Move(S)|NoOp@NoOp
3286775200:NoOp@NoOp|NoOp@NoOp|NoOp@NoOp|NoOp@NoOp|NoOp@NoOp|NoOp@NoOp|NoOp@NoOp|NoOp@NoOp|Move(E)@Move(E)|NoOp@NoOp
3286844500:NoOp@NoOp|NoOp@NoOp|NoOp@NoOp|NoOp@NoOp|NoOp@NoOp|NoOp@NoOp|NoOp@NoOp|NoOp@NoOp|Move(E)@Move(E)|NoOp@NoOp
3286914400:NoOp@NoOp|NoOp@NoOp|NoOp@NoOp|NoOp@NoOp|NoOp@NoOp|NoOp@NoOp|NoOp@NoOp|NoOp@NoOp|Move(E)@Move(E)|NoOp@NoOp
3286979200:NoOp@NoOp|NoOp@NoOp|NoOp@NoOp|NoOp@NoOp|NoOp@NoOp|NoOp@NoOp|NoOp@NoOp|NoOp@NoOp|Move(E)@Move(E)|NoOp@NoOp
3287041200:NoOp@NoOp|NoOp@NoOp|NoOp@NoOp|NoOp@NoOp|NoOp@NoOp|NoOp@NoOp|NoOp@NoOp|NoOp@NoOp|Move(N)@Move(N)|NoOp@NoOp
3287103400:NoOp@NoOp|NoOp@NoOp|NoOp@NoOp|NoOp@NoOp|NoOp@NoOp|NoOp@NoOp|NoOp@NoOp|NoOp@NoOp|Move(E)@Move(E)|NoOp@NoOp
3287165000:NoOp@NoOp|NoOp@NoOp|NoOp@NoOp|NoOp@NoOp|NoOp@NoOp|NoOp@NoOp|NoOp@NoOp|NoOp@NoOp|Move(E)@Move(E)|NoOp@NoOp
3287226100:NoOp@NoOp|NoOp@NoOp|NoOp@NoOp|NoOp@NoOp|NoOp@NoOp|NoOp@NoOp|NoOp@NoOp|NoOp@NoOp|Move(N)@Move(N)|NoOp@NoOp
3287287300:NoOp@NoOp|NoOp@NoOp|NoOp@NoOp|NoOp@NoOp|NoOp@NoOp|NoOp@NoOp|NoOp@NoOp|NoOp@NoOp|Move(N)@Move(N)|NoOp@NoOp
3287348700:NoOp@NoOp|NoOp@NoOp|NoOp@NoOp|NoOp@NoOp|NoOp@NoOp|NoOp@NoOp|NoOp@NoOp|NoOp@NoOp|Move(N)@Move(N)|NoOp@NoOp
3287410100:NoOp@NoOp|NoOp@NoOp|NoOp@NoOp|NoOp@NoOp|NoOp@NoOp|NoOp@NoOp|NoOp@NoOp|NoOp@NoOp|Move(N)@Move(N)|NoOp@NoOp
3287471300:NoOp@NoOp|NoOp@NoOp|NoOp@NoOp|NoOp@NoOp|NoOp@NoOp|NoOp@NoOp|NoOp@NoOp|NoOp@NoOp|Move(N)@Move(N)|NoOp@NoOp
3287533200:NoOp@NoOp|NoOp@NoOp|NoOp@NoOp|NoOp@NoOp|NoOp@NoOp|NoOp@NoOp|NoOp@NoOp|NoOp@NoOp|Move(N)@Move(N)|NoOp@NoOp
3287594700:NoOp@NoOp|NoOp@NoOp|NoOp@NoOp|NoOp@NoOp|NoOp@NoOp|NoOp@NoOp|NoOp@NoOp|NoOp@NoOp|Move(N)@Move(N)|NoOp@NoOp
3287656100:NoOp@NoOp|NoOp@NoOp|NoOp@NoOp|NoOp@NoOp|NoOp@NoOp|NoOp@NoOp|NoOp@NoOp|NoOp@NoOp|Move(N)@Move(N)|NoOp@NoOp
3287717200:NoOp@NoOp|NoOp@NoOp|NoOp@NoOp|NoOp@NoOp|NoOp@NoOp|NoOp@NoOp|NoOp@NoOp|NoOp@NoOp|Move(N)@Move(N)|NoOp@NoOp
3287778500:NoOp@NoOp|NoOp@NoOp|NoOp@NoOp|NoOp@NoOp|NoOp@NoOp|NoOp@NoOp|NoOp@NoOp|NoOp@NoOp|Move(W)@Move(W)|NoOp@NoOp
3287839700:NoOp@NoOp|NoOp@NoOp|NoOp@NoOp|NoOp@NoOp|NoOp@NoOp|NoOp@NoOp|NoOp@NoOp|NoOp@NoOp|Move(W)@Move(W)|NoOp@NoOp
3287900900:NoOp@NoOp|NoOp@NoOp|NoOp@NoOp|NoOp@NoOp|NoOp@NoOp|NoOp@NoOp|NoOp@NoOp|NoOp@NoOp|Move(W)@Move(W)|NoOp@NoOp
3287962000:NoOp@NoOp|NoOp@NoOp|NoOp@NoOp|NoOp@NoOp|NoOp@NoOp|NoOp@NoOp|NoOp@NoOp|NoOp@NoOp|Move(N)@Move(N)|NoOp@NoOp
3288018200:NoOp@NoOp|NoOp@NoOp|NoOp@NoOp|NoOp@NoOp|NoOp@NoOp|NoOp@NoOp|NoOp@NoOp|NoOp@NoOp|Move(N)@Move(N)|NoOp@NoOp
3288078900:NoOp@NoOp|NoOp@NoOp|NoOp@NoOp|NoOp@NoOp|NoOp@NoOp|NoOp@NoOp|NoOp@NoOp|NoOp@NoOp|Move(N)@Move(N)|NoOp@NoOp
3288140200:NoOp@NoOp|NoOp@NoOp|NoOp@NoOp|NoOp@NoOp|NoOp@NoOp|NoOp@NoOp|NoOp@NoOp|NoOp@NoOp|Move(N)@Move(N)|NoOp@NoOp
3288201300:NoOp@NoOp|NoOp@NoOp|NoOp@NoOp|NoOp@NoOp|NoOp@NoOp|NoOp@NoOp|NoOp@NoOp|NoOp@NoOp|Move(N)@Move(N)|NoOp@NoOp
3288262400:NoOp@NoOp|NoOp@NoOp|NoOp@NoOp|NoOp@NoOp|NoOp@NoOp|NoOp@NoOp|NoOp@NoOp|NoOp@NoOp|Move(W)@Move(W)|NoOp@NoOp
3288323600:NoOp@NoOp|NoOp@NoOp|NoOp@NoOp|NoOp@NoOp|NoOp@NoOp|NoOp@NoOp|NoOp@NoOp|NoOp@NoOp|Move(W)@Move(W)|NoOp@NoOp
3288386600:NoOp@NoOp|NoOp@NoOp|NoOp@NoOp|NoOp@NoOp|NoOp@NoOp|NoOp@NoOp|NoOp@NoOp|NoOp@NoOp|Move(W)@Move(W)|NoOp@NoOp
3288452500:NoOp@NoOp|NoOp@NoOp|NoOp@NoOp|NoOp@NoOp|NoOp@NoOp|NoOp@NoOp|NoOp@NoOp|NoOp@NoOp|Move(W)@Move(W)|NoOp@NoOp
3288514300:NoOp@NoOp|NoOp@NoOp|NoOp@NoOp|NoOp@NoOp|NoOp@NoOp|NoOp@NoOp|NoOp@NoOp|NoOp@NoOp|Move(W)@Move(W)|NoOp@NoOp
3288569900:NoOp@NoOp|NoOp@NoOp|NoOp@NoOp|NoOp@NoOp|NoOp@NoOp|NoOp@NoOp|NoOp@NoOp|NoOp@NoOp|Move(W)@Move(W)|NoOp@NoOp
3288630900:NoOp@NoOp|NoOp@NoOp|NoOp@NoOp|NoOp@NoOp|NoOp@NoOp|NoOp@NoOp|NoOp@NoOp|NoOp@NoOp|Move(W)@Move(W)|NoOp@NoOp
3288711100:NoOp@NoOp|NoOp@NoOp|NoOp@NoOp|NoOp@NoOp|NoOp@NoOp|NoOp@NoOp|NoOp@NoOp|NoOp@NoOp|Move(W)@Move(W)|NoOp@NoOp
3288776600:NoOp@NoOp|NoOp@NoOp|NoOp@NoOp|NoOp@NoOp|NoOp@NoOp|NoOp@NoOp|NoOp@NoOp|NoOp@NoOp|Move(W)@Move(W)|NoOp@NoOp
3288838000:NoOp@NoOp|NoOp@NoOp|NoOp@NoOp|NoOp@NoOp|NoOp@NoOp|NoOp@NoOp|NoOp@NoOp|NoOp@NoOp|Move(W)@Move(W)|NoOp@NoOp
3288900600:NoOp@NoOp|NoOp@NoOp|NoOp@NoOp|NoOp@NoOp|NoOp@NoOp|NoOp@NoOp|NoOp@NoOp|NoOp@NoOp|Move(W)@Move(W)|NoOp@NoOp
3288961900:NoOp@NoOp|NoOp@NoOp|NoOp@NoOp|NoOp@NoOp|NoOp@NoOp|NoOp@NoOp|NoOp@NoOp|NoOp@NoOp|Move(W)@Move(W)|NoOp@NoOp
3289023300:NoOp@NoOp|NoOp@NoOp|NoOp@NoOp|NoOp@NoOp|NoOp@NoOp|NoOp@NoOp|NoOp@NoOp|NoOp@NoOp|Move(N)@Move(N)|NoOp@NoOp
3289086300:NoOp@NoOp|NoOp@NoOp|NoOp@NoOp|NoOp@NoOp|NoOp@NoOp|NoOp@NoOp|NoOp@NoOp|NoOp@NoOp|Move(N)@Move(N)|NoOp@NoOp
3289148300:NoOp@NoOp|NoOp@NoOp|NoOp@NoOp|NoOp@NoOp|NoOp@NoOp|NoOp@NoOp|NoOp@NoOp|NoOp@NoOp|Move(E)@Move(E)|NoOp@NoOp
3289210100:NoOp@NoOp|NoOp@NoOp|NoOp@NoOp|NoOp@NoOp|NoOp@NoOp|NoOp@NoOp|NoOp@NoOp|NoOp@NoOp|Move(E)@Move(E)|NoOp@NoOp
3289283600:NoOp@NoOp|NoOp@NoOp|NoOp@NoOp|NoOp@NoOp|NoOp@NoOp|NoOp@NoOp|NoOp@NoOp|NoOp@NoOp|Move(N)@Move(N)|NoOp@NoOp
3289345100:NoOp@NoOp|NoOp@NoOp|NoOp@NoOp|NoOp@NoOp|NoOp@NoOp|NoOp@NoOp|NoOp@NoOp|NoOp@NoOp|Move(N)@Move(N)|NoOp@NoOp
3289406700:NoOp@NoOp|NoOp@NoOp|NoOp@NoOp|NoOp@NoOp|NoOp@NoOp|NoOp@NoOp|NoOp@NoOp|NoOp@NoOp|Move(N)@Move(N)|NoOp@NoOp
3289468200:NoOp@NoOp|NoOp@NoOp|NoOp@NoOp|NoOp@NoOp|NoOp@NoOp|NoOp@NoOp|NoOp@NoOp|NoOp@NoOp|Move(N)@Move(N)|NoOp@NoOp
3289529200:NoOp@NoOp|NoOp@NoOp|NoOp@NoOp|NoOp@NoOp|NoOp@NoOp|NoOp@NoOp|NoOp@NoOp|NoOp@NoOp|Move(N)@Move(N)|NoOp@NoOp
3289590600:NoOp@NoOp|NoOp@NoOp|NoOp@NoOp|NoOp@NoOp|NoOp@NoOp|NoOp@NoOp|NoOp@NoOp|NoOp@NoOp|Move(W)@Move(W)|NoOp@NoOp
3289652200:NoOp@NoOp|NoOp@NoOp|NoOp@NoOp|NoOp@NoOp|NoOp@NoOp|NoOp@NoOp|NoOp@NoOp|NoOp@NoOp|Move(W)@Move(W)|NoOp@NoOp
3289713600:NoOp@NoOp|NoOp@NoOp|NoOp@NoOp|NoOp@NoOp|NoOp@NoOp|NoOp@NoOp|NoOp@NoOp|NoOp@NoOp|Move(N)@Move(N)|NoOp@NoOp
3289774900:NoOp@NoOp|NoOp@NoOp|NoOp@NoOp|NoOp@NoOp|NoOp@NoOp|NoOp@NoOp|NoOp@NoOp|NoOp@NoOp|Move(N)@Move(N)|NoOp@NoOp
3289836800:NoOp@NoOp|NoOp@NoOp|NoOp@NoOp|NoOp@NoOp|NoOp@NoOp|NoOp@NoOp|NoOp@NoOp|NoOp@NoOp|Move(N)@Move(N)|NoOp@NoOp
3289897900:NoOp@NoOp|NoOp@NoOp|NoOp@NoOp|NoOp@NoOp|NoOp@NoOp|NoOp@NoOp|NoOp@NoOp|NoOp@NoOp|Move(N)@Move(N)|NoOp@NoOp
3289959600:NoOp@NoOp|NoOp@NoOp|NoOp@NoOp|NoOp@NoOp|NoOp@NoOp|NoOp@NoOp|NoOp@NoOp|NoOp@NoOp|Move(N)@Move(N)|NoOp@NoOp
3290021100:NoOp@NoOp|NoOp@NoOp|NoOp@NoOp|NoOp@NoOp|NoOp@NoOp|NoOp@NoOp|NoOp@NoOp|NoOp@NoOp|Move(N)@Move(N)|NoOp@NoOp
3290082800:NoOp@NoOp|NoOp@NoOp|NoOp@NoOp|NoOp@NoOp|NoOp@NoOp|NoOp@NoOp|NoOp@NoOp|NoOp@NoOp|Move(N)@Move(N)|NoOp@NoOp
3290144400:NoOp@NoOp|NoOp@NoOp|NoOp@NoOp|NoOp@NoOp|NoOp@NoOp|NoOp@NoOp|NoOp@NoOp|NoOp@NoOp|Move(N)@Move(N)|NoOp@NoOp
3290205500:NoOp@NoOp|NoOp@NoOp|NoOp@NoOp|NoOp@NoOp|NoOp@NoOp|NoOp@NoOp|NoOp@NoOp|NoOp@NoOp|Move(N)@Move(N)|NoOp@NoOp
3290266800:NoOp@NoOp|NoOp@NoOp|NoOp@NoOp|NoOp@NoOp|NoOp@NoOp|NoOp@NoOp|NoOp@NoOp|NoOp@NoOp|Move(W)@Move(W)|NoOp@NoOp
3290328600:NoOp@NoOp|NoOp@NoOp|NoOp@NoOp|NoOp@NoOp|NoOp@NoOp|NoOp@NoOp|NoOp@NoOp|NoOp@NoOp|Move(W)@Move(W)|NoOp@NoOp
3290390100:NoOp@NoOp|NoOp@NoOp|NoOp@NoOp|NoOp@NoOp|NoOp@NoOp|NoOp@NoOp|NoOp@NoOp|NoOp@NoOp|Move(W)@Move(W)|NoOp@NoOp
3290451300:NoOp@NoOp|NoOp@NoOp|NoOp@NoOp|NoOp@NoOp|NoOp@NoOp|NoOp@NoOp|NoOp@NoOp|NoOp@NoOp|Move(W)@Move(W)|NoOp@NoOp
3290512200:NoOp@NoOp|NoOp@NoOp|NoOp@NoOp|NoOp@NoOp|NoOp@NoOp|NoOp@NoOp|NoOp@NoOp|NoOp@NoOp|Move(W)@Move(W)|NoOp@NoOp
3290573300:NoOp@NoOp|NoOp@NoOp|NoOp@NoOp|NoOp@NoOp|NoOp@NoOp|NoOp@NoOp|NoOp@NoOp|NoOp@NoOp|Move(N)@Move(N)|NoOp@NoOp
3290634700:NoOp@NoOp|NoOp@NoOp|NoOp@NoOp|NoOp@NoOp|NoOp@NoOp|NoOp@NoOp|NoOp@NoOp|NoOp@NoOp|Move(N)@Move(N)|NoOp@NoOp
3290696200:NoOp@NoOp|NoOp@NoOp|NoOp@NoOp|NoOp@NoOp|NoOp@NoOp|NoOp@NoOp|NoOp@NoOp|NoOp@NoOp|Pull(E,E)@Pull(E,E)|NoOp@NoOp
3290759700:NoOp@NoOp|NoOp@NoOp|NoOp@NoOp|NoOp@NoOp|NoOp@NoOp|NoOp@NoOp|NoOp@NoOp|NoOp@NoOp|Push(W,S)@Push(W,S)|NoOp@NoOp
3290821200:NoOp@NoOp|NoOp@NoOp|NoOp@NoOp|NoOp@NoOp|NoOp@NoOp|NoOp@NoOp|NoOp@NoOp|NoOp@NoOp|Move(N)@Move(N)|NoOp@NoOp
3290882300:NoOp@NoOp|NoOp@NoOp|NoOp@NoOp|NoOp@NoOp|NoOp@NoOp|NoOp@NoOp|NoOp@NoOp|NoOp@NoOp|Move(N)@Move(N)|NoOp@NoOp
3290943500:NoOp@NoOp|NoOp@NoOp|NoOp@NoOp|NoOp@NoOp|NoOp@NoOp|NoOp@NoOp|NoOp@NoOp|NoOp@NoOp|Move(N)@Move(N)|NoOp@NoOp
3291004700:NoOp@NoOp|NoOp@NoOp|NoOp@NoOp|NoOp@NoOp|NoOp@NoOp|NoOp@NoOp|NoOp@NoOp|NoOp@NoOp|Move(N)@Move(N)|NoOp@NoOp
3291066000:NoOp@NoOp|NoOp@NoOp|NoOp@NoOp|NoOp@NoOp|NoOp@NoOp|NoOp@NoOp|NoOp@NoOp|NoOp@NoOp|Move(N)@Move(N)|NoOp@NoOp
3291137900:NoOp@NoOp|NoOp@NoOp|NoOp@NoOp|NoOp@NoOp|NoOp@NoOp|NoOp@NoOp|NoOp@NoOp|NoOp@NoOp|Move(E)@Move(E)|NoOp@NoOp
3291201300:NoOp@NoOp|NoOp@NoOp|NoOp@NoOp|NoOp@NoOp|NoOp@NoOp|NoOp@NoOp|NoOp@NoOp|NoOp@NoOp|Move(E)@Move(E)|NoOp@NoOp
3291262400:NoOp@NoOp|NoOp@NoOp|NoOp@NoOp|NoOp@NoOp|NoOp@NoOp|NoOp@NoOp|NoOp@NoOp|NoOp@NoOp|Move(E)@Move(E)|NoOp@NoOp
3291323900:NoOp@NoOp|NoOp@NoOp|NoOp@NoOp|NoOp@NoOp|NoOp@NoOp|NoOp@NoOp|NoOp@NoOp|NoOp@NoOp|Move(E)@Move(E)|NoOp@NoOp
3291386800:NoOp@NoOp|NoOp@NoOp|NoOp@NoOp|NoOp@NoOp|NoOp@NoOp|NoOp@NoOp|NoOp@NoOp|NoOp@NoOp|Move(E)@Move(E)|NoOp@NoOp
3291448100:NoOp@NoOp|NoOp@NoOp|NoOp@NoOp|NoOp@NoOp|NoOp@NoOp|NoOp@NoOp|NoOp@NoOp|NoOp@NoOp|Move(E)@Move(E)|NoOp@NoOp
3291510100:NoOp@NoOp|NoOp@NoOp|NoOp@NoOp|NoOp@NoOp|NoOp@NoOp|NoOp@NoOp|NoOp@NoOp|NoOp@NoOp|Move(E)@Move(E)|NoOp@NoOp
3291575600:NoOp@NoOp|NoOp@NoOp|NoOp@NoOp|NoOp@NoOp|NoOp@NoOp|NoOp@NoOp|NoOp@NoOp|NoOp@NoOp|Move(E)@Move(E)|NoOp@NoOp
3291637700:NoOp@NoOp|NoOp@NoOp|NoOp@NoOp|NoOp@NoOp|NoOp@NoOp|NoOp@NoOp|NoOp@NoOp|NoOp@NoOp|Move(E)@Move(E)|NoOp@NoOp
3291698900:NoOp@NoOp|NoOp@NoOp|NoOp@NoOp|NoOp@NoOp|NoOp@NoOp|NoOp@NoOp|NoOp@NoOp|NoOp@NoOp|Move(E)@Move(E)|NoOp@NoOp
3291760000:NoOp@NoOp|NoOp@NoOp|NoOp@NoOp|NoOp@NoOp|NoOp@NoOp|NoOp@NoOp|NoOp@NoOp|NoOp@NoOp|Move(E)@Move(E)|NoOp@NoOp
3291821100:NoOp@NoOp|NoOp@NoOp|NoOp@NoOp|NoOp@NoOp|NoOp@NoOp|NoOp@NoOp|NoOp@NoOp|NoOp@NoOp|Move(E)@Move(E)|NoOp@NoOp
3291882300:NoOp@NoOp|NoOp@NoOp|NoOp@NoOp|NoOp@NoOp|NoOp@NoOp|NoOp@NoOp|NoOp@NoOp|NoOp@NoOp|Move(E)@Move(E)|NoOp@NoOp
3291943500:NoOp@NoOp|NoOp@NoOp|NoOp@NoOp|NoOp@NoOp|NoOp@NoOp|NoOp@NoOp|NoOp@NoOp|NoOp@NoOp|Move(E)@Move(E)|NoOp@NoOp
3292004600:NoOp@NoOp|NoOp@NoOp|NoOp@NoOp|NoOp@NoOp|NoOp@NoOp|NoOp@NoOp|NoOp@NoOp|NoOp@NoOp|Move(E)@Move(E)|NoOp@NoOp
3292066100:NoOp@NoOp|NoOp@NoOp|NoOp@NoOp|NoOp@NoOp|NoOp@NoOp|NoOp@NoOp|NoOp@NoOp|NoOp@NoOp|Move(E)@Move(E)|NoOp@NoOp
3292127300:NoOp@NoOp|NoOp@NoOp|NoOp@NoOp|NoOp@NoOp|NoOp@NoOp|NoOp@NoOp|NoOp@NoOp|NoOp@NoOp|Move(E)@Move(E)|NoOp@NoOp
3292188800:NoOp@NoOp|NoOp@NoOp|NoOp@NoOp|NoOp@NoOp|NoOp@NoOp|NoOp@NoOp|NoOp@NoOp|NoOp@NoOp|Move(E)@Move(E)|NoOp@NoOp
3292249700:NoOp@NoOp|NoOp@NoOp|NoOp@NoOp|NoOp@NoOp|NoOp@NoOp|NoOp@NoOp|NoOp@NoOp|NoOp@NoOp|Move(S)@Move(S)|NoOp@NoOp
3292311100:NoOp@NoOp|NoOp@NoOp|NoOp@NoOp|NoOp@NoOp|NoOp@NoOp|NoOp@NoOp|NoOp@NoOp|NoOp@NoOp|Move(E)@Move(E)|NoOp@NoOp
3292372400:NoOp@NoOp|NoOp@NoOp|NoOp@NoOp|NoOp@NoOp|NoOp@NoOp|NoOp@NoOp|NoOp@NoOp|NoOp@NoOp|Move(E)@Move(E)|NoOp@NoOp
3292433400:NoOp@NoOp|NoOp@NoOp|NoOp@NoOp|NoOp@NoOp|NoOp@NoOp|NoOp@NoOp|NoOp@NoOp|NoOp@NoOp|Move(S)@Move(S)|NoOp@NoOp
3292494200:NoOp@NoOp|NoOp@NoOp|NoOp@NoOp|NoOp@NoOp|NoOp@NoOp|NoOp@NoOp|NoOp@NoOp|NoOp@NoOp|Move(S)@Move(S)|NoOp@NoOp
3292555100:NoOp@NoOp|NoOp@NoOp|NoOp@NoOp|NoOp@NoOp|NoOp@NoOp|NoOp@NoOp|NoOp@NoOp|NoOp@NoOp|Move(S)@Move(S)|NoOp@NoOp
3292616100:NoOp@NoOp|NoOp@NoOp|NoOp@NoOp|NoOp@NoOp|NoOp@NoOp|NoOp@NoOp|NoOp@NoOp|NoOp@NoOp|Move(S)@Move(S)|NoOp@NoOp
3292676800:NoOp@NoOp|NoOp@NoOp|NoOp@NoOp|NoOp@NoOp|NoOp@NoOp|NoOp@NoOp|NoOp@NoOp|NoOp@NoOp|Move(S)@Move(S)|NoOp@NoOp
3292738400:NoOp@NoOp|NoOp@NoOp|NoOp@NoOp|NoOp@NoOp|NoOp@NoOp|NoOp@NoOp|NoOp@NoOp|NoOp@NoOp|Move(S)@Move(S)|NoOp@NoOp
3292799500:NoOp@NoOp|NoOp@NoOp|NoOp@NoOp|NoOp@NoOp|NoOp@NoOp|NoOp@NoOp|NoOp@NoOp|NoOp@NoOp|Move(S)@Move(S)|NoOp@NoOp
3292860500:NoOp@NoOp|NoOp@NoOp|NoOp@NoOp|NoOp@NoOp|NoOp@NoOp|NoOp@NoOp|NoOp@NoOp|NoOp@NoOp|Move(S)@Move(S)|NoOp@NoOp
3292921400:NoOp@NoOp|NoOp@NoOp|NoOp@NoOp|NoOp@NoOp|NoOp@NoOp|NoOp@NoOp|NoOp@NoOp|NoOp@NoOp|Move(S)@Move(S)|NoOp@NoOp
3292982100:NoOp@NoOp|NoOp@NoOp|NoOp@NoOp|NoOp@NoOp|NoOp@NoOp|NoOp@NoOp|NoOp@NoOp|NoOp@NoOp|Move(S)@Move(S)|NoOp@NoOp
3293045900:NoOp@NoOp|NoOp@NoOp|NoOp@NoOp|NoOp@NoOp|NoOp@NoOp|NoOp@NoOp|NoOp@NoOp|NoOp@NoOp|Move(S)@Move(S)|NoOp@NoOp
3293107300:NoOp@NoOp|NoOp@NoOp|NoOp@NoOp|NoOp@NoOp|NoOp@NoOp|NoOp@NoOp|NoOp@NoOp|NoOp@NoOp|Move(S)@Move(S)|NoOp@NoOp
3293168300:NoOp@NoOp|NoOp@NoOp|NoOp@NoOp|NoOp@NoOp|NoOp@NoOp|NoOp@NoOp|NoOp@NoOp|NoOp@NoOp|Move(S)@Move(S)|NoOp@NoOp
3293229700:NoOp@NoOp|NoOp@NoOp|NoOp@NoOp|NoOp@NoOp|NoOp@NoOp|NoOp@NoOp|NoOp@NoOp|NoOp@NoOp|Move(E)@Move(E)|NoOp@NoOp
3293291000:NoOp@NoOp|NoOp@NoOp|NoOp@NoOp|NoOp@NoOp|NoOp@NoOp|NoOp@NoOp|NoOp@NoOp|NoOp@NoOp|Move(E)@Move(E)|NoOp@NoOp
3293354800:NoOp@NoOp|NoOp@NoOp|NoOp@NoOp|NoOp@NoOp|NoOp@NoOp|NoOp@NoOp|NoOp@NoOp|NoOp@NoOp|Move(S)@Move(S)|NoOp@NoOp
3293415900:NoOp@NoOp|NoOp@NoOp|NoOp@NoOp|NoOp@NoOp|NoOp@NoOp|NoOp@NoOp|NoOp@NoOp|NoOp@NoOp|Move(S)@Move(S)|NoOp@NoOp
3293477300:NoOp@NoOp|NoOp@NoOp|NoOp@NoOp|NoOp@NoOp|NoOp@NoOp|NoOp@NoOp|NoOp@NoOp|NoOp@NoOp|Move(W)@Move(W)|NoOp@NoOp
3293538500:NoOp@NoOp|NoOp@NoOp|NoOp@NoOp|NoOp@NoOp|NoOp@NoOp|NoOp@NoOp|NoOp@NoOp|NoOp@NoOp|Move(W)@Move(W)|NoOp@NoOp
3293599500:NoOp@NoOp|NoOp@NoOp|NoOp@NoOp|NoOp@NoOp|NoOp@NoOp|NoOp@NoOp|NoOp@NoOp|NoOp@NoOp|Move(S)@Move(S)|NoOp@NoOp
3293660100:NoOp@NoOp|NoOp@NoOp|NoOp@NoOp|NoOp@NoOp|NoOp@NoOp|NoOp@NoOp|NoOp@NoOp|NoOp@NoOp|Move(S)@Move(S)|NoOp@NoOp
3293721100:NoOp@NoOp|NoOp@NoOp|NoOp@NoOp|NoOp@NoOp|NoOp@NoOp|NoOp@NoOp|NoOp@NoOp|NoOp@NoOp|Move(E)@Move(E)|NoOp@NoOp
3293783300:NoOp@NoOp|NoOp@NoOp|NoOp@NoOp|NoOp@NoOp|NoOp@NoOp|NoOp@NoOp|NoOp@NoOp|NoOp@NoOp|Move(E)@Move(E)|NoOp@NoOp
3293844500:NoOp@NoOp|NoOp@NoOp|NoOp@NoOp|NoOp@NoOp|NoOp@NoOp|NoOp@NoOp|NoOp@NoOp|NoOp@NoOp|Move(S)@Move(S)|NoOp@NoOp
3293905400:NoOp@NoOp|NoOp@NoOp|NoOp@NoOp|NoOp@NoOp|NoOp@NoOp|NoOp@NoOp|NoOp@NoOp|NoOp@NoOp|Move(S)@Move(S)|NoOp@NoOp
3293966300:NoOp@NoOp|NoOp@NoOp|NoOp@NoOp|NoOp@NoOp|NoOp@NoOp|NoOp@NoOp|NoOp@NoOp|NoOp@NoOp|Move(W)@Move(W)|NoOp@NoOp
3294027600:NoOp@NoOp|NoOp@NoOp|NoOp@NoOp|NoOp@NoOp|NoOp@NoOp|NoOp@NoOp|NoOp@NoOp|NoOp@NoOp|Move(W)@Move(W)|NoOp@NoOp
3294088500:NoOp@NoOp|NoOp@NoOp|NoOp@NoOp|NoOp@NoOp|NoOp@NoOp|NoOp@NoOp|NoOp@NoOp|NoOp@NoOp|Move(S)@Move(S)|NoOp@NoOp
3294149700:NoOp@NoOp|NoOp@NoOp|NoOp@NoOp|NoOp@NoOp|NoOp@NoOp|NoOp@NoOp|NoOp@NoOp|NoOp@NoOp|Move(S)@Move(S)|NoOp@NoOp
3294210700:NoOp@NoOp|NoOp@NoOp|NoOp@NoOp|NoOp@NoOp|NoOp@NoOp|NoOp@NoOp|NoOp@NoOp|NoOp@NoOp|Move(E)@Move(E)|NoOp@NoOp
3294271700:NoOp@NoOp|NoOp@NoOp|NoOp@NoOp|NoOp@NoOp|NoOp@NoOp|NoOp@NoOp|NoOp@NoOp|NoOp@NoOp|Move(E)@Move(E)|NoOp@NoOp
3294332700:NoOp@NoOp|NoOp@NoOp|NoOp@NoOp|NoOp@NoOp|NoOp@NoOp|NoOp@NoOp|NoOp@NoOp|NoOp@NoOp|Move(S)@Move(S)|NoOp@NoOp
3294394800:NoOp@NoOp|NoOp@NoOp|NoOp@NoOp|NoOp@NoOp|NoOp@NoOp|NoOp@NoOp|NoOp@NoOp|NoOp@NoOp|Move(S)@Move(S)|NoOp@NoOp
3294455600:NoOp@NoOp|NoOp@NoOp|NoOp@NoOp|NoOp@NoOp|NoOp@NoOp|NoOp@NoOp|NoOp@NoOp|NoOp@NoOp|Move(W)@Move(W)|NoOp@NoOp
3294516600:NoOp@NoOp|NoOp@NoOp|NoOp@NoOp|NoOp@NoOp|NoOp@NoOp|NoOp@NoOp|NoOp@NoOp|NoOp@NoOp|Move(W)@Move(W)|NoOp@NoOp
3294587400:NoOp@NoOp|NoOp@NoOp|NoOp@NoOp|NoOp@NoOp|NoOp@NoOp|NoOp@NoOp|NoOp@NoOp|NoOp@NoOp|Move(S)@Move(S)|NoOp@NoOp
3294648500:NoOp@NoOp|NoOp@NoOp|NoOp@NoOp|NoOp@NoOp|NoOp@NoOp|NoOp@NoOp|NoOp@NoOp|NoOp@NoOp|Move(S)@Move(S)|NoOp@NoOp
3294709500:NoOp@NoOp|NoOp@NoOp|NoOp@NoOp|NoOp@NoOp|NoOp@NoOp|NoOp@NoOp|NoOp@NoOp|NoOp@NoOp|Move(E)@Move(E)|NoOp@NoOp
3294770500:NoOp@NoOp|NoOp@NoOp|NoOp@NoOp|NoOp@NoOp|NoOp@NoOp|NoOp@NoOp|NoOp@NoOp|NoOp@NoOp|Move(E)@Move(E)|NoOp@NoOp
3294834800:NoOp@NoOp|NoOp@NoOp|NoOp@NoOp|NoOp@NoOp|NoOp@NoOp|NoOp@NoOp|NoOp@NoOp|NoOp@NoOp|Move(S)@Move(S)|NoOp@NoOp
3294897400:NoOp@NoOp|NoOp@NoOp|NoOp@NoOp|NoOp@NoOp|NoOp@NoOp|NoOp@NoOp|NoOp@NoOp|NoOp@NoOp|Move(S)@Move(S)|NoOp@NoOp
3294959100:NoOp@NoOp|NoOp@NoOp|NoOp@NoOp|NoOp@NoOp|NoOp@NoOp|NoOp@NoOp|NoOp@NoOp|NoOp@NoOp|Move(W)@Move(W)|NoOp@NoOp
3295020500:NoOp@NoOp|NoOp@NoOp|NoOp@NoOp|NoOp@NoOp|NoOp@NoOp|NoOp@NoOp|NoOp@NoOp|NoOp@NoOp|Move(W)@Move(W)|NoOp@NoOp
3295081900:NoOp@NoOp|NoOp@NoOp|NoOp@NoOp|NoOp@NoOp|NoOp@NoOp|NoOp@NoOp|NoOp@NoOp|NoOp@NoOp|Move(W)@Move(W)|NoOp@NoOp
3295143000:NoOp@NoOp|NoOp@NoOp|NoOp@NoOp|NoOp@NoOp|NoOp@NoOp|NoOp@NoOp|NoOp@NoOp|NoOp@NoOp|Move(W)@Move(W)|NoOp@NoOp
3295204000:NoOp@NoOp|NoOp@NoOp|NoOp@NoOp|NoOp@NoOp|NoOp@NoOp|NoOp@NoOp|NoOp@NoOp|NoOp@NoOp|Move(W)@Move(W)|NoOp@NoOp
3295265200:NoOp@NoOp|NoOp@NoOp|NoOp@NoOp|NoOp@NoOp|NoOp@NoOp|NoOp@NoOp|NoOp@NoOp|NoOp@NoOp|Move(N)@Move(N)|NoOp@NoOp
3295327800:NoOp@NoOp|NoOp@NoOp|NoOp@NoOp|NoOp@NoOp|NoOp@NoOp|NoOp@NoOp|NoOp@NoOp|NoOp@NoOp|Move(N)@Move(N)|NoOp@NoOp
3295407300:NoOp@NoOp|NoOp@NoOp|NoOp@NoOp|NoOp@NoOp|NoOp@NoOp|NoOp@NoOp|NoOp@NoOp|NoOp@NoOp|Move(N)@Move(N)|NoOp@NoOp
3295468600:NoOp@NoOp|NoOp@NoOp|NoOp@NoOp|NoOp@NoOp|NoOp@NoOp|NoOp@NoOp|NoOp@NoOp|NoOp@NoOp|Move(N)@Move(N)|NoOp@NoOp
3295525900:NoOp@NoOp|NoOp@NoOp|NoOp@NoOp|NoOp@NoOp|NoOp@NoOp|NoOp@NoOp|NoOp@NoOp|NoOp@NoOp|Push(E,N)@Push(E,N)|NoOp@NoOp
3295587600:NoOp@NoOp|NoOp@NoOp|NoOp@NoOp|NoOp@NoOp|NoOp@NoOp|NoOp@NoOp|NoOp@NoOp|NoOp@NoOp|Push(N,E)@Push(N,E)|NoOp@NoOp
3295649100:NoOp@NoOp|NoOp@NoOp|NoOp@NoOp|NoOp@NoOp|NoOp@NoOp|NoOp@NoOp|NoOp@NoOp|NoOp@NoOp|Move(S)@Move(S)|NoOp@NoOp
3295710300:NoOp@NoOp|NoOp@NoOp|NoOp@NoOp|NoOp@NoOp|NoOp@NoOp|NoOp@NoOp|NoOp@NoOp|NoOp@NoOp|Move(S)@Move(S)|NoOp@NoOp
3295772100:NoOp@NoOp|NoOp@NoOp|NoOp@NoOp|NoOp@NoOp|NoOp@NoOp|NoOp@NoOp|NoOp@NoOp|NoOp@NoOp|Move(S)@Move(S)|NoOp@NoOp
3295833800:NoOp@NoOp|NoOp@NoOp|NoOp@NoOp|NoOp@NoOp|NoOp@NoOp|NoOp@NoOp|NoOp@NoOp|NoOp@NoOp|Push(S,S)@Push(S,S)|NoOp@NoOp
3295895900:NoOp@NoOp|NoOp@NoOp|NoOp@NoOp|NoOp@NoOp|NoOp@NoOp|NoOp@NoOp|NoOp@NoOp|NoOp@NoOp|Push(S,E)@Push(S,E)|NoOp@NoOp
3295957300:NoOp@NoOp|NoOp@NoOp|NoOp@NoOp|NoOp@NoOp|NoOp@NoOp|NoOp@NoOp|NoOp@NoOp|NoOp@NoOp|Move(N)@Move(N)|NoOp@NoOp
3296018600:NoOp@NoOp|NoOp@NoOp|NoOp@NoOp|NoOp@NoOp|NoOp@NoOp|NoOp@NoOp|NoOp@NoOp|NoOp@NoOp|Move(N)@Move(N)|NoOp@NoOp
3296079600:NoOp@NoOp|NoOp@NoOp|NoOp@NoOp|NoOp@NoOp|NoOp@NoOp|NoOp@NoOp|NoOp@NoOp|NoOp@NoOp|Move(N)@Move(N)|NoOp@NoOp
3296144300:NoOp@NoOp|NoOp@NoOp|NoOp@NoOp|NoOp@NoOp|NoOp@NoOp|NoOp@NoOp|NoOp@NoOp|NoOp@NoOp|Move(N)@Move(N)|NoOp@NoOp
3296205400:NoOp@NoOp|NoOp@NoOp|NoOp@NoOp|NoOp@NoOp|NoOp@NoOp|NoOp@NoOp|NoOp@NoOp|NoOp@NoOp|Move(N)@Move(N)|NoOp@NoOp
3296266700:NoOp@NoOp|NoOp@NoOp|NoOp@NoOp|NoOp@NoOp|NoOp@NoOp|NoOp@NoOp|NoOp@NoOp|NoOp@NoOp|Move(W)@Move(W)|NoOp@NoOp
3296328100:NoOp@NoOp|NoOp@NoOp|NoOp@NoOp|NoOp@NoOp|NoOp@NoOp|NoOp@NoOp|NoOp@NoOp|NoOp@NoOp|Move(W)@Move(W)|NoOp@NoOp
3296394700:NoOp@NoOp|NoOp@NoOp|NoOp@NoOp|NoOp@NoOp|NoOp@NoOp|NoOp@NoOp|NoOp@NoOp|NoOp@NoOp|Move(W)@Move(W)|NoOp@NoOp
3296458200:NoOp@NoOp|NoOp@NoOp|NoOp@NoOp|NoOp@NoOp|NoOp@NoOp|NoOp@NoOp|NoOp@NoOp|NoOp@NoOp|Move(W)@Move(W)|NoOp@NoOp
3296530400:NoOp@NoOp|NoOp@NoOp|NoOp@NoOp|NoOp@NoOp|NoOp@NoOp|NoOp@NoOp|NoOp@NoOp|NoOp@NoOp|Move(W)@Move(W)|NoOp@NoOp
3296589200:NoOp@NoOp|NoOp@NoOp|NoOp@NoOp|NoOp@NoOp|NoOp@NoOp|NoOp@NoOp|NoOp@NoOp|NoOp@NoOp|Move(W)@Move(W)|NoOp@NoOp
3296650600:NoOp@NoOp|NoOp@NoOp|NoOp@NoOp|NoOp@NoOp|NoOp@NoOp|NoOp@NoOp|NoOp@NoOp|NoOp@NoOp|Move(W)@Move(W)|NoOp@NoOp
3296711800:NoOp@NoOp|NoOp@NoOp|NoOp@NoOp|NoOp@NoOp|NoOp@NoOp|NoOp@NoOp|NoOp@NoOp|NoOp@NoOp|Move(W)@Move(W)|NoOp@NoOp
3296773000:NoOp@NoOp|NoOp@NoOp|NoOp@NoOp|NoOp@NoOp|NoOp@NoOp|NoOp@NoOp|NoOp@NoOp|NoOp@NoOp|Move(W)@Move(W)|NoOp@NoOp
3296834200:NoOp@NoOp|NoOp@NoOp|NoOp@NoOp|NoOp@NoOp|NoOp@NoOp|NoOp@NoOp|NoOp@NoOp|NoOp@NoOp|Move(W)@Move(W)|NoOp@NoOp
3296895100:NoOp@NoOp|NoOp@NoOp|NoOp@NoOp|NoOp@NoOp|NoOp@NoOp|NoOp@NoOp|NoOp@NoOp|NoOp@NoOp|Move(W)@Move(W)|NoOp@NoOp
3296970600:NoOp@NoOp|NoOp@NoOp|NoOp@NoOp|NoOp@NoOp|NoOp@NoOp|NoOp@NoOp|NoOp@NoOp|NoOp@NoOp|Move(W)@Move(W)|NoOp@NoOp
3297096700:NoOp@NoOp|NoOp@NoOp|NoOp@NoOp|NoOp@NoOp|NoOp@NoOp|NoOp@NoOp|NoOp@NoOp|NoOp@NoOp|Move(W)@Move(W)|NoOp@NoOp
3297177900:NoOp@NoOp|NoOp@NoOp|NoOp@NoOp|NoOp@NoOp|NoOp@NoOp|NoOp@NoOp|NoOp@NoOp|NoOp@NoOp|Move(N)@Move(N)|NoOp@NoOp
3297257000:NoOp@NoOp|NoOp@NoOp|NoOp@NoOp|NoOp@NoOp|NoOp@NoOp|NoOp@NoOp|NoOp@NoOp|NoOp@NoOp|Move(N)@Move(N)|NoOp@NoOp
3297335100:NoOp@NoOp|NoOp@NoOp|NoOp@NoOp|NoOp@NoOp|NoOp@NoOp|NoOp@NoOp|NoOp@NoOp|NoOp@NoOp|Move(E)@Move(E)|NoOp@NoOp
3297420100:NoOp@NoOp|NoOp@NoOp|NoOp@NoOp|NoOp@NoOp|NoOp@NoOp|NoOp@NoOp|NoOp@NoOp|NoOp@NoOp|Move(E)@Move(E)|NoOp@NoOp
3297497600:NoOp@NoOp|NoOp@NoOp|NoOp@NoOp|NoOp@NoOp|NoOp@NoOp|NoOp@NoOp|NoOp@NoOp|NoOp@NoOp|Move(N)@Move(N)|NoOp@NoOp
3297571500:NoOp@NoOp|NoOp@NoOp|NoOp@NoOp|NoOp@NoOp|NoOp@NoOp|NoOp@NoOp|NoOp@NoOp|NoOp@NoOp|Move(N)@Move(N)|NoOp@NoOp
3297642900:NoOp@NoOp|NoOp@NoOp|NoOp@NoOp|NoOp@NoOp|NoOp@NoOp|NoOp@NoOp|NoOp@NoOp|NoOp@NoOp|Move(N)@Move(N)|NoOp@NoOp
3297706600:NoOp@NoOp|NoOp@NoOp|NoOp@NoOp|NoOp@NoOp|NoOp@NoOp|NoOp@NoOp|NoOp@NoOp|NoOp@NoOp|Move(N)@Move(N)|NoOp@NoOp
3297761400:NoOp@NoOp|NoOp@NoOp|NoOp@NoOp|NoOp@NoOp|NoOp@NoOp|NoOp@NoOp|NoOp@NoOp|NoOp@NoOp|Move(N)@Move(N)|NoOp@NoOp
3297818900:NoOp@NoOp|NoOp@NoOp|NoOp@NoOp|NoOp@NoOp|NoOp@NoOp|NoOp@NoOp|NoOp@NoOp|NoOp@NoOp|Move(W)@Move(W)|NoOp@NoOp
3297879200:NoOp@NoOp|NoOp@NoOp|NoOp@NoOp|NoOp@NoOp|NoOp@NoOp|NoOp@NoOp|NoOp@NoOp|NoOp@NoOp|Move(W)@Move(W)|NoOp@NoOp
3297943700:NoOp@NoOp|NoOp@NoOp|NoOp@NoOp|NoOp@NoOp|NoOp@NoOp|NoOp@NoOp|NoOp@NoOp|NoOp@NoOp|Move(N)@Move(N)|NoOp@NoOp
3298007200:NoOp@NoOp|NoOp@NoOp|NoOp@NoOp|NoOp@NoOp|NoOp@NoOp|NoOp@NoOp|NoOp@NoOp|NoOp@NoOp|Move(N)@Move(N)|NoOp@NoOp
3298078100:NoOp@NoOp|NoOp@NoOp|NoOp@NoOp|NoOp@NoOp|NoOp@NoOp|NoOp@NoOp|NoOp@NoOp|NoOp@NoOp|Move(W)@Move(W)|NoOp@NoOp
3298136900:NoOp@NoOp|NoOp@NoOp|NoOp@NoOp|NoOp@NoOp|NoOp@NoOp|NoOp@NoOp|NoOp@NoOp|NoOp@NoOp|Move(W)@Move(W)|NoOp@NoOp
3298197100:NoOp@NoOp|NoOp@NoOp|NoOp@NoOp|NoOp@NoOp|NoOp@NoOp|NoOp@NoOp|NoOp@NoOp|NoOp@NoOp|Move(W)@Move(W)|NoOp@NoOp
3298251400:NoOp@NoOp|NoOp@NoOp|NoOp@NoOp|NoOp@NoOp|NoOp@NoOp|NoOp@NoOp|NoOp@NoOp|NoOp@NoOp|Move(W)@Move(W)|NoOp@NoOp
3298304400:NoOp@NoOp|NoOp@NoOp|NoOp@NoOp|NoOp@NoOp|NoOp@NoOp|NoOp@NoOp|NoOp@NoOp|NoOp@NoOp|Move(W)@Move(W)|NoOp@NoOp
3298369700:NoOp@NoOp|NoOp@NoOp|NoOp@NoOp|NoOp@NoOp|NoOp@NoOp|NoOp@NoOp|NoOp@NoOp|NoOp@NoOp|Move(W)@Move(W)|NoOp@NoOp
3298447100:NoOp@NoOp|NoOp@NoOp|NoOp@NoOp|NoOp@NoOp|NoOp@NoOp|NoOp@NoOp|NoOp@NoOp|NoOp@NoOp|Move(W)@Move(W)|NoOp@NoOp
3298512600:NoOp@NoOp|NoOp@NoOp|NoOp@NoOp|NoOp@NoOp|NoOp@NoOp|NoOp@NoOp|NoOp@NoOp|NoOp@NoOp|Move(W)@Move(W)|NoOp@NoOp
3298574600:NoOp@NoOp|NoOp@NoOp|NoOp@NoOp|NoOp@NoOp|NoOp@NoOp|NoOp@NoOp|NoOp@NoOp|NoOp@NoOp|Move(W)@Move(W)|NoOp@NoOp
3298640200:NoOp@NoOp|NoOp@NoOp|NoOp@NoOp|NoOp@NoOp|NoOp@NoOp|NoOp@NoOp|NoOp@NoOp|NoOp@NoOp|Move(W)@Move(W)|NoOp@NoOp
3298707900:NoOp@NoOp|NoOp@NoOp|NoOp@NoOp|NoOp@NoOp|NoOp@NoOp|NoOp@NoOp|NoOp@NoOp|NoOp@NoOp|Move(W)@Move(W)|NoOp@NoOp
3298773500:NoOp@NoOp|NoOp@NoOp|NoOp@NoOp|NoOp@NoOp|NoOp@NoOp|NoOp@NoOp|NoOp@NoOp|NoOp@NoOp|Move(W)@Move(W)|NoOp@NoOp
3298835400:NoOp@NoOp|NoOp@NoOp|NoOp@NoOp|NoOp@NoOp|NoOp@NoOp|NoOp@NoOp|NoOp@NoOp|NoOp@NoOp|Move(W)@Move(W)|NoOp@NoOp
3298889200:NoOp@NoOp|NoOp@NoOp|NoOp@NoOp|NoOp@NoOp|NoOp@NoOp|NoOp@NoOp|NoOp@NoOp|NoOp@NoOp|Move(W)@Move(W)|NoOp@NoOp
3298953300:NoOp@NoOp|NoOp@NoOp|NoOp@NoOp|NoOp@NoOp|NoOp@NoOp|NoOp@NoOp|NoOp@NoOp|NoOp@NoOp|Move(W)@Move(W)|NoOp@NoOp
3299018700:NoOp@NoOp|NoOp@NoOp|NoOp@NoOp|NoOp@NoOp|NoOp@NoOp|NoOp@NoOp|NoOp@NoOp|NoOp@NoOp|Move(W)@Move(W)|NoOp@NoOp
3299081500:NoOp@NoOp|NoOp@NoOp|NoOp@NoOp|NoOp@NoOp|NoOp@NoOp|NoOp@NoOp|NoOp@NoOp|NoOp@NoOp|Move(W)@Move(W)|NoOp@NoOp
3299145500:NoOp@NoOp|NoOp@NoOp|NoOp@NoOp|NoOp@NoOp|NoOp@NoOp|NoOp@NoOp|NoOp@NoOp|NoOp@NoOp|Move(W)@Move(W)|NoOp@NoOp
3299204400:NoOp@NoOp|NoOp@NoOp|NoOp@NoOp|NoOp@NoOp|NoOp@NoOp|NoOp@NoOp|NoOp@NoOp|NoOp@NoOp|Move(N)@Move(N)|NoOp@NoOp
3299261200:NoOp@NoOp|NoOp@NoOp|NoOp@NoOp|NoOp@NoOp|NoOp@NoOp|NoOp@NoOp|NoOp@NoOp|NoOp@NoOp|Move(N)@Move(N)|NoOp@NoOp
3299325500:NoOp@NoOp|NoOp@NoOp|NoOp@NoOp|NoOp@NoOp|NoOp@NoOp|NoOp@NoOp|NoOp@NoOp|NoOp@NoOp|Move(N)@Move(N)|NoOp@NoOp
3299396400:NoOp@NoOp|NoOp@NoOp|NoOp@NoOp|NoOp@NoOp|NoOp@NoOp|NoOp@NoOp|NoOp@NoOp|NoOp@NoOp|Move(N)@Move(N)|NoOp@NoOp
3299458700:NoOp@NoOp|NoOp@NoOp|NoOp@NoOp|NoOp@NoOp|NoOp@NoOp|NoOp@NoOp|NoOp@NoOp|NoOp@NoOp|Move(N)@Move(N)|NoOp@NoOp
3299520800:NoOp@NoOp|NoOp@NoOp|NoOp@NoOp|NoOp@NoOp|NoOp@NoOp|NoOp@NoOp|NoOp@NoOp|NoOp@NoOp|Move(N)@Move(N)|NoOp@NoOp
3299583200:NoOp@NoOp|NoOp@NoOp|NoOp@NoOp|NoOp@NoOp|NoOp@NoOp|NoOp@NoOp|NoOp@NoOp|NoOp@NoOp|Move(N)@Move(N)|NoOp@NoOp
3299645400:NoOp@NoOp|NoOp@NoOp|NoOp@NoOp|NoOp@NoOp|NoOp@NoOp|NoOp@NoOp|NoOp@NoOp|NoOp@NoOp|Move(W)@Move(W)|NoOp@NoOp
3299709600:NoOp@NoOp|NoOp@NoOp|NoOp@NoOp|NoOp@NoOp|NoOp@NoOp|NoOp@NoOp|NoOp@NoOp|NoOp@NoOp|Move(W)@Move(W)|NoOp@NoOp
3299770400:NoOp@NoOp|NoOp@NoOp|NoOp@NoOp|NoOp@NoOp|NoOp@NoOp|NoOp@NoOp|NoOp@NoOp|NoOp@NoOp|Move(N)@Move(N)|NoOp@NoOp
3299833100:NoOp@NoOp|NoOp@NoOp|NoOp@NoOp|NoOp@NoOp|NoOp@NoOp|NoOp@NoOp|NoOp@NoOp|NoOp@NoOp|Move(N)@Move(N)|NoOp@NoOp
3299894900:NoOp@NoOp|NoOp@NoOp|NoOp@NoOp|NoOp@NoOp|NoOp@NoOp|NoOp@NoOp|NoOp@NoOp|NoOp@NoOp|Move(N)@Move(N)|NoOp@NoOp
3299957200:NoOp@NoOp|NoOp@NoOp|NoOp@NoOp|NoOp@NoOp|NoOp@NoOp|NoOp@NoOp|NoOp@NoOp|NoOp@NoOp|Move(N)@Move(N)|NoOp@NoOp
3300019300:NoOp@NoOp|NoOp@NoOp|NoOp@NoOp|NoOp@NoOp|NoOp@NoOp|NoOp@NoOp|NoOp@NoOp|NoOp@NoOp|Move(N)@Move(N)|NoOp@NoOp
3300081700:NoOp@NoOp|NoOp@NoOp|NoOp@NoOp|NoOp@NoOp|NoOp@NoOp|NoOp@NoOp|NoOp@NoOp|NoOp@NoOp|Move(N)@Move(N)|NoOp@NoOp
3300144100:NoOp@NoOp|NoOp@NoOp|NoOp@NoOp|NoOp@NoOp|NoOp@NoOp|NoOp@NoOp|NoOp@NoOp|NoOp@NoOp|Move(N)@Move(N)|NoOp@NoOp
3300206300:NoOp@NoOp|NoOp@NoOp|NoOp@NoOp|NoOp@NoOp|NoOp@NoOp|NoOp@NoOp|NoOp@NoOp|NoOp@NoOp|Move(W)@Move(W)|NoOp@NoOp
3300268000:NoOp@NoOp|NoOp@NoOp|NoOp@NoOp|NoOp@NoOp|NoOp@NoOp|NoOp@NoOp|NoOp@NoOp|NoOp@NoOp|Move(W)@Move(W)|NoOp@NoOp
3300325000:NoOp@NoOp|NoOp@NoOp|NoOp@NoOp|NoOp@NoOp|NoOp@NoOp|NoOp@NoOp|NoOp@NoOp|NoOp@NoOp|Move(W)@Move(W)|NoOp@NoOp
3300387000:NoOp@NoOp|NoOp@NoOp|NoOp@NoOp|NoOp@NoOp|NoOp@NoOp|NoOp@NoOp|NoOp@NoOp|NoOp@NoOp|Move(W)@Move(W)|NoOp@NoOp
3300449100:NoOp@NoOp|NoOp@NoOp|Move(N)@Move(N)|NoOp@NoOp|NoOp@NoOp|NoOp@NoOp|NoOp@NoOp|NoOp@NoOp|NoOp@NoOp|NoOp@NoOp
3300511600:NoOp@NoOp|NoOp@NoOp|Move(N)@Move(N)|NoOp@NoOp|NoOp@NoOp|NoOp@NoOp|NoOp@NoOp|NoOp@NoOp|NoOp@NoOp|NoOp@NoOp
3300573800:NoOp@NoOp|NoOp@NoOp|Move(N)@Move(N)|NoOp@NoOp|NoOp@NoOp|NoOp@NoOp|NoOp@NoOp|NoOp@NoOp|NoOp@NoOp|NoOp@NoOp
3300635800:NoOp@NoOp|NoOp@NoOp|Move(N)@Move(N)|NoOp@NoOp|NoOp@NoOp|NoOp@NoOp|NoOp@NoOp|NoOp@NoOp|NoOp@NoOp|NoOp@NoOp
3300697100:NoOp@NoOp|NoOp@NoOp|Move(N)@Move(N)|NoOp@NoOp|NoOp@NoOp|NoOp@NoOp|NoOp@NoOp|NoOp@NoOp|NoOp@NoOp|NoOp@NoOp
3300758900:NoOp@NoOp|NoOp@NoOp|Move(N)@Move(N)|NoOp@NoOp|NoOp@NoOp|NoOp@NoOp|NoOp@NoOp|NoOp@NoOp|NoOp@NoOp|NoOp@NoOp
3300823300:NoOp@NoOp|NoOp@NoOp|Move(W)@Move(W)|NoOp@NoOp|NoOp@NoOp|NoOp@NoOp|NoOp@NoOp|NoOp@NoOp|NoOp@NoOp|NoOp@NoOp
3300893900:NoOp@NoOp|NoOp@NoOp|Move(W)@Move(W)|NoOp@NoOp|NoOp@NoOp|NoOp@NoOp|NoOp@NoOp|NoOp@NoOp|NoOp@NoOp|NoOp@NoOp
3300959900:NoOp@NoOp|NoOp@NoOp|Move(W)@Move(W)|NoOp@NoOp|NoOp@NoOp|NoOp@NoOp|NoOp@NoOp|NoOp@NoOp|NoOp@NoOp|NoOp@NoOp
3301016400:NoOp@NoOp|NoOp@NoOp|Move(W)@Move(W)|NoOp@NoOp|NoOp@NoOp|NoOp@NoOp|NoOp@NoOp|NoOp@NoOp|NoOp@NoOp|NoOp@NoOp
3301072000:NoOp@NoOp|NoOp@NoOp|Move(W)@Move(W)|NoOp@NoOp|NoOp@NoOp|NoOp@NoOp|NoOp@NoOp|NoOp@NoOp|NoOp@NoOp|NoOp@NoOp
3301126300:NoOp@NoOp|NoOp@NoOp|Move(W)@Move(W)|NoOp@NoOp|NoOp@NoOp|NoOp@NoOp|NoOp@NoOp|NoOp@NoOp|NoOp@NoOp|NoOp@NoOp
3301184800:NoOp@NoOp|NoOp@NoOp|Move(W)@Move(W)|NoOp@NoOp|NoOp@NoOp|NoOp@NoOp|NoOp@NoOp|NoOp@NoOp|NoOp@NoOp|NoOp@NoOp
3301248900:NoOp@NoOp|NoOp@NoOp|Move(N)@Move(N)|NoOp@NoOp|NoOp@NoOp|NoOp@NoOp|NoOp@NoOp|NoOp@NoOp|NoOp@NoOp|NoOp@NoOp
3301313500:NoOp@NoOp|NoOp@NoOp|Move(N)@Move(N)|NoOp@NoOp|NoOp@NoOp|NoOp@NoOp|NoOp@NoOp|NoOp@NoOp|NoOp@NoOp|NoOp@NoOp
3301377100:NoOp@NoOp|NoOp@NoOp|Move(W)@Move(W)|NoOp@NoOp|NoOp@NoOp|NoOp@NoOp|NoOp@NoOp|NoOp@NoOp|NoOp@NoOp|NoOp@NoOp
3301445400:NoOp@NoOp|NoOp@NoOp|Move(W)@Move(W)|NoOp@NoOp|NoOp@NoOp|NoOp@NoOp|NoOp@NoOp|NoOp@NoOp|NoOp@NoOp|NoOp@NoOp
3301508700:NoOp@NoOp|NoOp@NoOp|Move(W)@Move(W)|NoOp@NoOp|NoOp@NoOp|NoOp@NoOp|NoOp@NoOp|NoOp@NoOp|NoOp@NoOp|NoOp@NoOp
3301572100:NoOp@NoOp|NoOp@NoOp|Move(W)@Move(W)|NoOp@NoOp|NoOp@NoOp|NoOp@NoOp|NoOp@NoOp|NoOp@NoOp|NoOp@NoOp|NoOp@NoOp
3301638300:NoOp@NoOp|NoOp@NoOp|Move(W)@Move(W)|NoOp@NoOp|NoOp@NoOp|NoOp@NoOp|NoOp@NoOp|NoOp@NoOp|NoOp@NoOp|NoOp@NoOp
3301703500:NoOp@NoOp|NoOp@NoOp|Move(W)@Move(W)|NoOp@NoOp|NoOp@NoOp|NoOp@NoOp|NoOp@NoOp|NoOp@NoOp|NoOp@NoOp|NoOp@NoOp
3301766900:NoOp@NoOp|NoOp@NoOp|Move(W)@Move(W)|NoOp@NoOp|NoOp@NoOp|NoOp@NoOp|NoOp@NoOp|NoOp@NoOp|NoOp@NoOp|NoOp@NoOp
3301828200:NoOp@NoOp|NoOp@NoOp|Move(W)@Move(W)|NoOp@NoOp|NoOp@NoOp|NoOp@NoOp|NoOp@NoOp|NoOp@NoOp|NoOp@NoOp|NoOp@NoOp
3301889300:NoOp@NoOp|NoOp@NoOp|Move(W)@Move(W)|NoOp@NoOp|NoOp@NoOp|NoOp@NoOp|NoOp@NoOp|NoOp@NoOp|NoOp@NoOp|NoOp@NoOp
3301951000:NoOp@NoOp|NoOp@NoOp|Move(N)@Move(N)|NoOp@NoOp|NoOp@NoOp|NoOp@NoOp|NoOp@NoOp|NoOp@NoOp|NoOp@NoOp|NoOp@NoOp
3302011900:NoOp@NoOp|NoOp@NoOp|Move(N)@Move(N)|NoOp@NoOp|NoOp@NoOp|NoOp@NoOp|NoOp@NoOp|NoOp@NoOp|NoOp@NoOp|NoOp@NoOp
3302073000:NoOp@NoOp|NoOp@NoOp|Move(N)@Move(N)|NoOp@NoOp|NoOp@NoOp|NoOp@NoOp|NoOp@NoOp|NoOp@NoOp|NoOp@NoOp|NoOp@NoOp
3302133800:NoOp@NoOp|NoOp@NoOp|Move(N)@Move(N)|NoOp@NoOp|NoOp@NoOp|NoOp@NoOp|NoOp@NoOp|NoOp@NoOp|NoOp@NoOp|NoOp@NoOp
3302194800:NoOp@NoOp|NoOp@NoOp|Move(N)@Move(N)|NoOp@NoOp|NoOp@NoOp|NoOp@NoOp|NoOp@NoOp|NoOp@NoOp|NoOp@NoOp|NoOp@NoOp
3302255900:NoOp@NoOp|NoOp@NoOp|Move(W)@Move(W)|NoOp@NoOp|NoOp@NoOp|NoOp@NoOp|NoOp@NoOp|NoOp@NoOp|NoOp@NoOp|NoOp@NoOp
3302316900:NoOp@NoOp|NoOp@NoOp|Move(W)@Move(W)|NoOp@NoOp|NoOp@NoOp|NoOp@NoOp|NoOp@NoOp|NoOp@NoOp|NoOp@NoOp|NoOp@NoOp
3302378400:NoOp@NoOp|NoOp@NoOp|Move(W)@Move(W)|NoOp@NoOp|NoOp@NoOp|NoOp@NoOp|NoOp@NoOp|NoOp@NoOp|NoOp@NoOp|NoOp@NoOp
3303009200:NoOp@NoOp|NoOp@NoOp|Move(W)@Move(W)|NoOp@NoOp|NoOp@NoOp|NoOp@NoOp|NoOp@NoOp|NoOp@NoOp|NoOp@NoOp|NoOp@NoOp
3303070900:NoOp@NoOp|NoOp@NoOp|Move(W)@Move(W)|NoOp@NoOp|NoOp@NoOp|NoOp@NoOp|NoOp@NoOp|NoOp@NoOp|NoOp@NoOp|NoOp@NoOp
3303133900:NoOp@NoOp|NoOp@NoOp|Move(W)@Move(W)|NoOp@NoOp|NoOp@NoOp|NoOp@NoOp|NoOp@NoOp|NoOp@NoOp|NoOp@NoOp|NoOp@NoOp
3303195200:NoOp@NoOp|NoOp@NoOp|Move(W)@Move(W)|NoOp@NoOp|NoOp@NoOp|NoOp@NoOp|NoOp@NoOp|NoOp@NoOp|NoOp@NoOp|NoOp@NoOp
3303256600:NoOp@NoOp|NoOp@NoOp|NoOp@NoOp|NoOp@NoOp|Move(S)@Move(S)|NoOp@NoOp|NoOp@NoOp|NoOp@NoOp|NoOp@NoOp|NoOp@NoOp
3303318100:NoOp@NoOp|NoOp@NoOp|NoOp@NoOp|NoOp@NoOp|Move(S)@Move(S)|NoOp@NoOp|NoOp@NoOp|NoOp@NoOp|NoOp@NoOp|NoOp@NoOp
3303380400:NoOp@NoOp|NoOp@NoOp|NoOp@NoOp|NoOp@NoOp|Move(S)@Move(S)|NoOp@NoOp|NoOp@NoOp|NoOp@NoOp|NoOp@NoOp|NoOp@NoOp
3303442400:NoOp@NoOp|NoOp@NoOp|NoOp@NoOp|NoOp@NoOp|Move(S)@Move(S)|NoOp@NoOp|NoOp@NoOp|NoOp@NoOp|NoOp@NoOp|NoOp@NoOp
3303503500:NoOp@NoOp|NoOp@NoOp|NoOp@NoOp|NoOp@NoOp|Move(S)@Move(S)|NoOp@NoOp|NoOp@NoOp|NoOp@NoOp|NoOp@NoOp|NoOp@NoOp
3303564700:NoOp@NoOp|NoOp@NoOp|NoOp@NoOp|NoOp@NoOp|Move(S)@Move(S)|NoOp@NoOp|NoOp@NoOp|NoOp@NoOp|NoOp@NoOp|NoOp@NoOp
3303626200:NoOp@NoOp|NoOp@NoOp|NoOp@NoOp|NoOp@NoOp|Move(S)@Move(S)|NoOp@NoOp|NoOp@NoOp|NoOp@NoOp|NoOp@NoOp|NoOp@NoOp
3303687100:NoOp@NoOp|NoOp@NoOp|NoOp@NoOp|NoOp@NoOp|Move(E)@Move(E)|NoOp@NoOp|NoOp@NoOp|NoOp@NoOp|NoOp@NoOp|NoOp@NoOp
3303749200:NoOp@NoOp|NoOp@NoOp|NoOp@NoOp|NoOp@NoOp|Move(E)@Move(E)|NoOp@NoOp|NoOp@NoOp|NoOp@NoOp|NoOp@NoOp|NoOp@NoOp
3303810200:NoOp@NoOp|NoOp@NoOp|NoOp@NoOp|NoOp@NoOp|Move(E)@Move(E)|NoOp@NoOp|NoOp@NoOp|NoOp@NoOp|NoOp@NoOp|NoOp@NoOp
3303870900:NoOp@NoOp|NoOp@NoOp|NoOp@NoOp|NoOp@NoOp|Move(E)@Move(E)|NoOp@NoOp|NoOp@NoOp|NoOp@NoOp|NoOp@NoOp|NoOp@NoOp
3303932300:NoOp@NoOp|NoOp@NoOp|NoOp@NoOp|NoOp@NoOp|Move(E)@Move(E)|NoOp@NoOp|NoOp@NoOp|NoOp@NoOp|NoOp@NoOp|NoOp@NoOp
3303997100:NoOp@NoOp|NoOp@NoOp|NoOp@NoOp|NoOp@NoOp|Move(E)@Move(E)|NoOp@NoOp|NoOp@NoOp|NoOp@NoOp|NoOp@NoOp|NoOp@NoOp
3304059200:NoOp@NoOp|NoOp@NoOp|NoOp@NoOp|NoOp@NoOp|Move(E)@Move(E)|NoOp@NoOp|NoOp@NoOp|NoOp@NoOp|NoOp@NoOp|NoOp@NoOp
3304120400:NoOp@NoOp|NoOp@NoOp|NoOp@NoOp|NoOp@NoOp|Move(E)@Move(E)|NoOp@NoOp|NoOp@NoOp|NoOp@NoOp|NoOp@NoOp|NoOp@NoOp
3304182900:NoOp@NoOp|NoOp@NoOp|NoOp@NoOp|NoOp@NoOp|Move(E)@Move(E)|NoOp@NoOp|NoOp@NoOp|NoOp@NoOp|NoOp@NoOp|NoOp@NoOp
3304243900:NoOp@NoOp|NoOp@NoOp|NoOp@NoOp|NoOp@NoOp|Move(S)@Move(S)|NoOp@NoOp|NoOp@NoOp|NoOp@NoOp|NoOp@NoOp|NoOp@NoOp
3304305000:NoOp@NoOp|NoOp@NoOp|NoOp@NoOp|NoOp@NoOp|Move(S)@Move(S)|NoOp@NoOp|NoOp@NoOp|NoOp@NoOp|NoOp@NoOp|NoOp@NoOp
3304366000:NoOp@NoOp|NoOp@NoOp|NoOp@NoOp|NoOp@NoOp|Move(E)@Move(E)|NoOp@NoOp|NoOp@NoOp|NoOp@NoOp|NoOp@NoOp|NoOp@NoOp
3304427300:NoOp@NoOp|NoOp@NoOp|NoOp@NoOp|NoOp@NoOp|Move(E)@Move(E)|NoOp@NoOp|NoOp@NoOp|NoOp@NoOp|NoOp@NoOp|NoOp@NoOp
3304488500:NoOp@NoOp|NoOp@NoOp|NoOp@NoOp|NoOp@NoOp|Move(E)@Move(E)|NoOp@NoOp|NoOp@NoOp|NoOp@NoOp|NoOp@NoOp|NoOp@NoOp
3304557000:NoOp@NoOp|NoOp@NoOp|NoOp@NoOp|NoOp@NoOp|Move(E)@Move(E)|NoOp@NoOp|NoOp@NoOp|NoOp@NoOp|NoOp@NoOp|NoOp@NoOp
3304619100:NoOp@NoOp|NoOp@NoOp|NoOp@NoOp|NoOp@NoOp|Move(E)@Move(E)|NoOp@NoOp|NoOp@NoOp|NoOp@NoOp|NoOp@NoOp|NoOp@NoOp
3304680400:NoOp@NoOp|NoOp@NoOp|NoOp@NoOp|NoOp@NoOp|Move(E)@Move(E)|NoOp@NoOp|NoOp@NoOp|NoOp@NoOp|NoOp@NoOp|NoOp@NoOp
3304741700:NoOp@NoOp|NoOp@NoOp|NoOp@NoOp|NoOp@NoOp|Move(E)@Move(E)|NoOp@NoOp|NoOp@NoOp|NoOp@NoOp|NoOp@NoOp|NoOp@NoOp
3304802800:NoOp@NoOp|NoOp@NoOp|NoOp@NoOp|NoOp@NoOp|Move(E)@Move(E)|NoOp@NoOp|NoOp@NoOp|NoOp@NoOp|NoOp@NoOp|NoOp@NoOp
3304864500:NoOp@NoOp|NoOp@NoOp|NoOp@NoOp|NoOp@NoOp|Move(E)@Move(E)|NoOp@NoOp|NoOp@NoOp|NoOp@NoOp|NoOp@NoOp|NoOp@NoOp
3304926100:NoOp@NoOp|NoOp@NoOp|NoOp@NoOp|NoOp@NoOp|Move(E)@Move(E)|NoOp@NoOp|NoOp@NoOp|NoOp@NoOp|NoOp@NoOp|NoOp@NoOp
3304987300:NoOp@NoOp|NoOp@NoOp|NoOp@NoOp|NoOp@NoOp|Move(E)@Move(E)|NoOp@NoOp|NoOp@NoOp|NoOp@NoOp|NoOp@NoOp|NoOp@NoOp
3305048300:NoOp@NoOp|NoOp@NoOp|NoOp@NoOp|NoOp@NoOp|Move(E)@Move(E)|NoOp@NoOp|NoOp@NoOp|NoOp@NoOp|NoOp@NoOp|NoOp@NoOp
3305114400:NoOp@NoOp|NoOp@NoOp|NoOp@NoOp|NoOp@NoOp|Move(E)@Move(E)|NoOp@NoOp|NoOp@NoOp|NoOp@NoOp|NoOp@NoOp|NoOp@NoOp
3305176600:NoOp@NoOp|NoOp@NoOp|NoOp@NoOp|NoOp@NoOp|Move(E)@Move(E)|NoOp@NoOp|NoOp@NoOp|NoOp@NoOp|NoOp@NoOp|NoOp@NoOp
3305241100:NoOp@NoOp|NoOp@NoOp|NoOp@NoOp|NoOp@NoOp|Move(E)@Move(E)|NoOp@NoOp|NoOp@NoOp|NoOp@NoOp|NoOp@NoOp|NoOp@NoOp
3305302400:NoOp@NoOp|NoOp@NoOp|NoOp@NoOp|NoOp@NoOp|Move(E)@Move(E)|NoOp@NoOp|NoOp@NoOp|NoOp@NoOp|NoOp@NoOp|NoOp@NoOp
3305363900:NoOp@NoOp|NoOp@NoOp|NoOp@NoOp|NoOp@NoOp|NoOp@NoOp|NoOp@NoOp|Move(W)@Move(W)|NoOp@NoOp|NoOp@NoOp|NoOp@NoOp
3305428900:NoOp@NoOp|NoOp@NoOp|NoOp@NoOp|NoOp@NoOp|NoOp@NoOp|NoOp@NoOp|Move(W)@Move(W)|NoOp@NoOp|NoOp@NoOp|NoOp@NoOp
3305490700:NoOp@NoOp|NoOp@NoOp|NoOp@NoOp|NoOp@NoOp|NoOp@NoOp|NoOp@NoOp|Move(W)@Move(W)|NoOp@NoOp|NoOp@NoOp|NoOp@NoOp
3305552000:NoOp@NoOp|NoOp@NoOp|NoOp@NoOp|NoOp@NoOp|NoOp@NoOp|NoOp@NoOp|Move(W)@Move(W)|NoOp@NoOp|NoOp@NoOp|NoOp@NoOp
3305613400:NoOp@NoOp|NoOp@NoOp|NoOp@NoOp|NoOp@NoOp|NoOp@NoOp|NoOp@NoOp|Move(W)@Move(W)|NoOp@NoOp|NoOp@NoOp|NoOp@NoOp
3305674700:NoOp@NoOp|NoOp@NoOp|NoOp@NoOp|NoOp@NoOp|NoOp@NoOp|NoOp@NoOp|Move(W)@Move(W)|NoOp@NoOp|NoOp@NoOp|NoOp@NoOp
3305735700:NoOp@NoOp|NoOp@NoOp|NoOp@NoOp|NoOp@NoOp|NoOp@NoOp|NoOp@NoOp|Move(W)@Move(W)|NoOp@NoOp|NoOp@NoOp|NoOp@NoOp
3305797000:NoOp@NoOp|NoOp@NoOp|NoOp@NoOp|NoOp@NoOp|NoOp@NoOp|NoOp@NoOp|Move(W)@Move(W)|NoOp@NoOp|NoOp@NoOp|NoOp@NoOp
3305858200:NoOp@NoOp|NoOp@NoOp|NoOp@NoOp|NoOp@NoOp|NoOp@NoOp|NoOp@NoOp|Move(W)@Move(W)|NoOp@NoOp|NoOp@NoOp|NoOp@NoOp
3305919900:NoOp@NoOp|NoOp@NoOp|NoOp@NoOp|NoOp@NoOp|NoOp@NoOp|NoOp@NoOp|Move(W)@Move(W)|NoOp@NoOp|NoOp@NoOp|NoOp@NoOp
3305983800:NoOp@NoOp|NoOp@NoOp|NoOp@NoOp|NoOp@NoOp|NoOp@NoOp|NoOp@NoOp|Move(W)@Move(W)|NoOp@NoOp|NoOp@NoOp|NoOp@NoOp
3306045700:NoOp@NoOp|NoOp@NoOp|NoOp@NoOp|NoOp@NoOp|NoOp@NoOp|NoOp@NoOp|Move(W)@Move(W)|NoOp@NoOp|NoOp@NoOp|NoOp@NoOp
3306106100:NoOp@NoOp|NoOp@NoOp|NoOp@NoOp|NoOp@NoOp|NoOp@NoOp|NoOp@NoOp|Move(W)@Move(W)|NoOp@NoOp|NoOp@NoOp|NoOp@NoOp
3306172300:NoOp@NoOp|NoOp@NoOp|NoOp@NoOp|NoOp@NoOp|NoOp@NoOp|NoOp@NoOp|Move(W)@Move(W)|NoOp@NoOp|NoOp@NoOp|NoOp@NoOp
3306252900:NoOp@NoOp|NoOp@NoOp|NoOp@NoOp|NoOp@NoOp|NoOp@NoOp|NoOp@NoOp|Move(W)@Move(W)|NoOp@NoOp|NoOp@NoOp|NoOp@NoOp
3306335100:NoOp@NoOp|NoOp@NoOp|NoOp@NoOp|NoOp@NoOp|NoOp@NoOp|NoOp@NoOp|Move(W)@Move(W)|NoOp@NoOp|NoOp@NoOp|NoOp@NoOp
3306418900:NoOp@NoOp|NoOp@NoOp|NoOp@NoOp|NoOp@NoOp|NoOp@NoOp|NoOp@NoOp|Move(W)@Move(W)|NoOp@NoOp|NoOp@NoOp|NoOp@NoOp
3306508600:NoOp@NoOp|NoOp@NoOp|NoOp@NoOp|NoOp@NoOp|NoOp@NoOp|NoOp@NoOp|Move(W)@Move(W)|NoOp@NoOp|NoOp@NoOp|NoOp@NoOp
3306594200:NoOp@NoOp|NoOp@NoOp|NoOp@NoOp|NoOp@NoOp|NoOp@NoOp|NoOp@NoOp|Move(W)@Move(W)|NoOp@NoOp|NoOp@NoOp|NoOp@NoOp
3306683000:NoOp@NoOp|NoOp@NoOp|NoOp@NoOp|NoOp@NoOp|NoOp@NoOp|NoOp@NoOp|Move(W)@Move(W)|NoOp@NoOp|NoOp@NoOp|NoOp@NoOp
3306755300:NoOp@NoOp|NoOp@NoOp|NoOp@NoOp|NoOp@NoOp|NoOp@NoOp|NoOp@NoOp|Move(W)@Move(W)|NoOp@NoOp|NoOp@NoOp|NoOp@NoOp
3306822900:NoOp@NoOp|NoOp@NoOp|NoOp@NoOp|NoOp@NoOp|NoOp@NoOp|NoOp@NoOp|Move(W)@Move(W)|NoOp@NoOp|NoOp@NoOp|NoOp@NoOp
3306905000:NoOp@NoOp|NoOp@NoOp|NoOp@NoOp|NoOp@NoOp|NoOp@NoOp|NoOp@NoOp|Move(W)@Move(W)|NoOp@NoOp|NoOp@NoOp|NoOp@NoOp
3306967000:NoOp@NoOp|NoOp@NoOp|NoOp@NoOp|NoOp@NoOp|NoOp@NoOp|NoOp@NoOp|Move(W)@Move(W)|NoOp@NoOp|NoOp@NoOp|NoOp@NoOp
3307037400:NoOp@NoOp|NoOp@NoOp|NoOp@NoOp|NoOp@NoOp|NoOp@NoOp|NoOp@NoOp|Move(W)@Move(W)|NoOp@NoOp|NoOp@NoOp|NoOp@NoOp
3307100400:NoOp@NoOp|NoOp@NoOp|NoOp@NoOp|NoOp@NoOp|NoOp@NoOp|NoOp@NoOp|Move(W)@Move(W)|NoOp@NoOp|NoOp@NoOp|NoOp@NoOp
3307192300:NoOp@NoOp|NoOp@NoOp|NoOp@NoOp|NoOp@NoOp|NoOp@NoOp|NoOp@NoOp|Move(W)@Move(W)|NoOp@NoOp|NoOp@NoOp|NoOp@NoOp
3307277200:NoOp@NoOp|NoOp@NoOp|NoOp@NoOp|NoOp@NoOp|NoOp@NoOp|NoOp@NoOp|Move(W)@Move(W)|NoOp@NoOp|NoOp@NoOp|NoOp@NoOp
3307347600:NoOp@NoOp|NoOp@NoOp|NoOp@NoOp|NoOp@NoOp|NoOp@NoOp|NoOp@NoOp|Move(W)@Move(W)|NoOp@NoOp|NoOp@NoOp|NoOp@NoOp
3307419100:NoOp@NoOp|NoOp@NoOp|NoOp@NoOp|NoOp@NoOp|NoOp@NoOp|NoOp@NoOp|Move(W)@Move(W)|NoOp@NoOp|NoOp@NoOp|NoOp@NoOp
3307489300:NoOp@NoOp|NoOp@NoOp|NoOp@NoOp|NoOp@NoOp|NoOp@NoOp|NoOp@NoOp|Move(W)@Move(W)|NoOp@NoOp|NoOp@NoOp|NoOp@NoOp
3307559800:NoOp@NoOp|NoOp@NoOp|NoOp@NoOp|NoOp@NoOp|NoOp@NoOp|NoOp@NoOp|Move(S)@Move(S)|NoOp@NoOp|NoOp@NoOp|NoOp@NoOp
3307630400:NoOp@NoOp|NoOp@NoOp|NoOp@NoOp|NoOp@NoOp|NoOp@NoOp|NoOp@NoOp|Move(S)@Move(S)|NoOp@NoOp|NoOp@NoOp|NoOp@NoOp
3307702000:NoOp@NoOp|NoOp@NoOp|NoOp@NoOp|NoOp@NoOp|NoOp@NoOp|NoOp@NoOp|Move(S)@Move(S)|NoOp@NoOp|NoOp@NoOp|NoOp@NoOp
3307785000:NoOp@NoOp|NoOp@NoOp|NoOp@NoOp|NoOp@NoOp|NoOp@NoOp|NoOp@NoOp|Move(S)@Move(S)|NoOp@NoOp|NoOp@NoOp|NoOp@NoOp
3307857100:NoOp@NoOp|NoOp@NoOp|NoOp@NoOp|NoOp@NoOp|NoOp@NoOp|NoOp@NoOp|Move(S)@Move(S)|NoOp@NoOp|NoOp@NoOp|NoOp@NoOp
3307927300:NoOp@NoOp|NoOp@NoOp|NoOp@NoOp|NoOp@NoOp|NoOp@NoOp|NoOp@NoOp|Move(S)@Move(S)|NoOp@NoOp|NoOp@NoOp|NoOp@NoOp
3307997900:NoOp@NoOp|NoOp@NoOp|NoOp@NoOp|NoOp@NoOp|NoOp@NoOp|NoOp@NoOp|Move(S)@Move(S)|NoOp@NoOp|NoOp@NoOp|NoOp@NoOp
3308105500:NoOp@NoOp|NoOp@NoOp|NoOp@NoOp|NoOp@NoOp|NoOp@NoOp|NoOp@NoOp|Move(S)@Move(S)|NoOp@NoOp|NoOp@NoOp|NoOp@NoOp
3308191900:NoOp@NoOp|NoOp@NoOp|NoOp@NoOp|NoOp@NoOp|NoOp@NoOp|NoOp@NoOp|Move(S)@Move(S)|NoOp@NoOp|NoOp@NoOp|NoOp@NoOp
3308253000:NoOp@NoOp|NoOp@NoOp|NoOp@NoOp|NoOp@NoOp|NoOp@NoOp|NoOp@NoOp|Move(S)@Move(S)|NoOp@NoOp|NoOp@NoOp|NoOp@NoOp
3308321500:NoOp@NoOp|NoOp@NoOp|NoOp@NoOp|NoOp@NoOp|NoOp@NoOp|NoOp@NoOp|Move(S)@Move(S)|NoOp@NoOp|NoOp@NoOp|NoOp@NoOp
3308383400:NoOp@NoOp|NoOp@NoOp|NoOp@NoOp|NoOp@NoOp|NoOp@NoOp|NoOp@NoOp|Move(S)@Move(S)|NoOp@NoOp|NoOp@NoOp|NoOp@NoOp
3308441600:NoOp@NoOp|NoOp@NoOp|NoOp@NoOp|NoOp@NoOp|NoOp@NoOp|NoOp@NoOp|Move(S)@Move(S)|NoOp@NoOp|NoOp@NoOp|NoOp@NoOp
3308511900:NoOp@NoOp|NoOp@NoOp|NoOp@NoOp|NoOp@NoOp|NoOp@NoOp|NoOp@NoOp|Move(E)@Move(E)|NoOp@NoOp|NoOp@NoOp|NoOp@NoOp
3308572600:NoOp@NoOp|NoOp@NoOp|NoOp@NoOp|NoOp@NoOp|NoOp@NoOp|NoOp@NoOp|Move(E)@Move(E)|NoOp@NoOp|NoOp@NoOp|NoOp@NoOp
3308630400:NoOp@NoOp|NoOp@NoOp|NoOp@NoOp|NoOp@NoOp|NoOp@NoOp|NoOp@NoOp|Move(E)@Move(E)|NoOp@NoOp|NoOp@NoOp|NoOp@NoOp
3308691300:NoOp@NoOp|NoOp@NoOp|NoOp@NoOp|NoOp@NoOp|NoOp@NoOp|NoOp@NoOp|Move(E)@Move(E)|NoOp@NoOp|NoOp@NoOp|NoOp@NoOp
3308751900:NoOp@NoOp|NoOp@NoOp|NoOp@NoOp|NoOp@NoOp|NoOp@NoOp|NoOp@NoOp|Move(E)@Move(E)|NoOp@NoOp|NoOp@NoOp|NoOp@NoOp
3308821600:NoOp@NoOp|NoOp@NoOp|NoOp@NoOp|NoOp@NoOp|NoOp@NoOp|NoOp@NoOp|Move(E)@Move(E)|NoOp@NoOp|NoOp@NoOp|NoOp@NoOp
3308882000:NoOp@NoOp|NoOp@NoOp|NoOp@NoOp|NoOp@NoOp|NoOp@NoOp|NoOp@NoOp|Move(E)@Move(E)|NoOp@NoOp|NoOp@NoOp|NoOp@NoOp
3308942400:NoOp@NoOp|NoOp@NoOp|NoOp@NoOp|NoOp@NoOp|NoOp@NoOp|NoOp@NoOp|Move(E)@Move(E)|NoOp@NoOp|NoOp@NoOp|NoOp@NoOp
3309011000:NoOp@NoOp|NoOp@NoOp|NoOp@NoOp|NoOp@NoOp|NoOp@NoOp|NoOp@NoOp|Move(E)@Move(E)|NoOp@NoOp|NoOp@NoOp|NoOp@NoOp
3309075300:NoOp@NoOp|NoOp@NoOp|NoOp@NoOp|NoOp@NoOp|NoOp@NoOp|NoOp@NoOp|Move(E)@Move(E)|NoOp@NoOp|NoOp@NoOp|NoOp@NoOp
3309139100:NoOp@NoOp|NoOp@NoOp|NoOp@NoOp|NoOp@NoOp|NoOp@NoOp|NoOp@NoOp|Move(E)@Move(E)|NoOp@NoOp|NoOp@NoOp|NoOp@NoOp
3309203200:NoOp@NoOp|NoOp@NoOp|NoOp@NoOp|NoOp@NoOp|NoOp@NoOp|NoOp@NoOp|Move(E)@Move(E)|NoOp@NoOp|NoOp@NoOp|NoOp@NoOp
3309263500:NoOp@NoOp|NoOp@NoOp|NoOp@NoOp|NoOp@NoOp|NoOp@NoOp|NoOp@NoOp|Move(E)@Move(E)|NoOp@NoOp|NoOp@NoOp|NoOp@NoOp
3309322600:NoOp@NoOp|NoOp@NoOp|NoOp@NoOp|NoOp@NoOp|NoOp@NoOp|NoOp@NoOp|Move(S)@Move(S)|NoOp@NoOp|NoOp@NoOp|NoOp@NoOp
3309399000:NoOp@NoOp|NoOp@NoOp|NoOp@NoOp|NoOp@NoOp|NoOp@NoOp|NoOp@NoOp|Move(S)@Move(S)|NoOp@NoOp|NoOp@NoOp|NoOp@NoOp
3309461700:NoOp@NoOp|NoOp@NoOp|NoOp@NoOp|NoOp@NoOp|NoOp@NoOp|NoOp@NoOp|Move(W)@Move(W)|NoOp@NoOp|NoOp@NoOp|NoOp@NoOp
3309517600:NoOp@NoOp|NoOp@NoOp|NoOp@NoOp|NoOp@NoOp|NoOp@NoOp|NoOp@NoOp|Move(W)@Move(W)|NoOp@NoOp|NoOp@NoOp|NoOp@NoOp
3309583200:NoOp@NoOp|NoOp@NoOp|NoOp@NoOp|NoOp@NoOp|NoOp@NoOp|NoOp@NoOp|Move(S)@Move(S)|NoOp@NoOp|NoOp@NoOp|NoOp@NoOp
3309649800:NoOp@NoOp|NoOp@NoOp|NoOp@NoOp|NoOp@NoOp|NoOp@NoOp|NoOp@NoOp|Move(S)@Move(S)|NoOp@NoOp|NoOp@NoOp|NoOp@NoOp
3309711700:NoOp@NoOp|NoOp@NoOp|NoOp@NoOp|NoOp@NoOp|NoOp@NoOp|NoOp@NoOp|Move(S)@Move(S)|NoOp@NoOp|NoOp@NoOp|NoOp@NoOp
3309773500:NoOp@NoOp|NoOp@NoOp|NoOp@NoOp|NoOp@NoOp|NoOp@NoOp|NoOp@NoOp|Move(S)@Move(S)|NoOp@NoOp|NoOp@NoOp|NoOp@NoOp
3309835200:NoOp@NoOp|NoOp@NoOp|NoOp@NoOp|NoOp@NoOp|NoOp@NoOp|NoOp@NoOp|Move(S)@Move(S)|NoOp@NoOp|NoOp@NoOp|NoOp@NoOp
3309896700:NoOp@NoOp|NoOp@NoOp|NoOp@NoOp|NoOp@NoOp|NoOp@NoOp|NoOp@NoOp|Move(W)@Move(W)|NoOp@NoOp|NoOp@NoOp|NoOp@NoOp
3309958300:NoOp@NoOp|NoOp@NoOp|NoOp@NoOp|NoOp@NoOp|NoOp@NoOp|NoOp@NoOp|Move(W)@Move(W)|NoOp@NoOp|NoOp@NoOp|NoOp@NoOp
3310019900:NoOp@NoOp|NoOp@NoOp|NoOp@NoOp|NoOp@NoOp|NoOp@NoOp|NoOp@NoOp|Move(W)@Move(W)|NoOp@NoOp|NoOp@NoOp|NoOp@NoOp
3310081600:NoOp@NoOp|NoOp@NoOp|NoOp@NoOp|NoOp@NoOp|NoOp@NoOp|NoOp@NoOp|Move(W)@Move(W)|NoOp@NoOp|NoOp@NoOp|NoOp@NoOp
3310148500:NoOp@NoOp|NoOp@NoOp|NoOp@NoOp|NoOp@NoOp|NoOp@NoOp|NoOp@NoOp|Move(W)@Move(W)|NoOp@NoOp|NoOp@NoOp|NoOp@NoOp
3310210400:NoOp@NoOp|NoOp@NoOp|NoOp@NoOp|NoOp@NoOp|NoOp@NoOp|NoOp@NoOp|Move(W)@Move(W)|NoOp@NoOp|NoOp@NoOp|NoOp@NoOp
3310271600:NoOp@NoOp|NoOp@NoOp|NoOp@NoOp|NoOp@NoOp|NoOp@NoOp|NoOp@NoOp|Move(W)@Move(W)|NoOp@NoOp|NoOp@NoOp|NoOp@NoOp
3310332900:Move(N)@Move(N)|NoOp@NoOp|NoOp@NoOp|NoOp@NoOp|NoOp@NoOp|NoOp@NoOp|NoOp@NoOp|NoOp@NoOp|NoOp@NoOp|NoOp@NoOp
3310394400:Move(N)@Move(N)|NoOp@NoOp|NoOp@NoOp|NoOp@NoOp|NoOp@NoOp|NoOp@NoOp|NoOp@NoOp|NoOp@NoOp|NoOp@NoOp|NoOp@NoOp
3310457000:Move(N)@Move(N)|NoOp@NoOp|NoOp@NoOp|NoOp@NoOp|NoOp@NoOp|NoOp@NoOp|NoOp@NoOp|NoOp@NoOp|NoOp@NoOp|NoOp@NoOp
3310518100:Move(N)@Move(N)|NoOp@NoOp|NoOp@NoOp|NoOp@NoOp|NoOp@NoOp|NoOp@NoOp|NoOp@NoOp|NoOp@NoOp|NoOp@NoOp|NoOp@NoOp
3310579400:Move(N)@Move(N)|NoOp@NoOp|NoOp@NoOp|NoOp@NoOp|NoOp@NoOp|NoOp@NoOp|NoOp@NoOp|NoOp@NoOp|NoOp@NoOp|NoOp@NoOp
3310641000:Move(N)@Move(N)|NoOp@NoOp|NoOp@NoOp|NoOp@NoOp|NoOp@NoOp|NoOp@NoOp|NoOp@NoOp|NoOp@NoOp|NoOp@NoOp|NoOp@NoOp
3310702100:Move(E)@Move(E)|NoOp@NoOp|NoOp@NoOp|NoOp@NoOp|NoOp@NoOp|NoOp@NoOp|NoOp@NoOp|NoOp@NoOp|NoOp@NoOp|NoOp@NoOp
3310763500:Move(E)@Move(E)|NoOp@NoOp|NoOp@NoOp|NoOp@NoOp|NoOp@NoOp|NoOp@NoOp|NoOp@NoOp|NoOp@NoOp|NoOp@NoOp|NoOp@NoOp
3310824500:Move(E)@Move(E)|NoOp@NoOp|NoOp@NoOp|NoOp@NoOp|NoOp@NoOp|NoOp@NoOp|NoOp@NoOp|NoOp@NoOp|NoOp@NoOp|NoOp@NoOp
3310888800:Move(E)@Move(E)|NoOp@NoOp|NoOp@NoOp|NoOp@NoOp|NoOp@NoOp|NoOp@NoOp|NoOp@NoOp|NoOp@NoOp|NoOp@NoOp|NoOp@NoOp
3310950200:Move(E)@Move(E)|NoOp@NoOp|NoOp@NoOp|NoOp@NoOp|NoOp@NoOp|NoOp@NoOp|NoOp@NoOp|NoOp@NoOp|NoOp@NoOp|NoOp@NoOp
3311011200:Move(E)@Move(E)|NoOp@NoOp|NoOp@NoOp|NoOp@NoOp|NoOp@NoOp|NoOp@NoOp|NoOp@NoOp|NoOp@NoOp|NoOp@NoOp|NoOp@NoOp
3311072500:Move(E)@Move(E)|NoOp@NoOp|NoOp@NoOp|NoOp@NoOp|NoOp@NoOp|NoOp@NoOp|NoOp@NoOp|NoOp@NoOp|NoOp@NoOp|NoOp@NoOp
3311133500:Move(E)@Move(E)|NoOp@NoOp|NoOp@NoOp|NoOp@NoOp|NoOp@NoOp|NoOp@NoOp|NoOp@NoOp|NoOp@NoOp|NoOp@NoOp|NoOp@NoOp
3311194600:Move(E)@Move(E)|NoOp@NoOp|NoOp@NoOp|NoOp@NoOp|NoOp@NoOp|NoOp@NoOp|NoOp@NoOp|NoOp@NoOp|NoOp@NoOp|NoOp@NoOp
3311255700:Move(N)@Move(N)|NoOp@NoOp|NoOp@NoOp|NoOp@NoOp|NoOp@NoOp|NoOp@NoOp|NoOp@NoOp|NoOp@NoOp|NoOp@NoOp|NoOp@NoOp
3311317700:Move(N)@Move(N)|NoOp@NoOp|NoOp@NoOp|NoOp@NoOp|NoOp@NoOp|NoOp@NoOp|NoOp@NoOp|NoOp@NoOp|NoOp@NoOp|NoOp@NoOp
3311378900:Move(E)@Move(E)|NoOp@NoOp|NoOp@NoOp|NoOp@NoOp|NoOp@NoOp|NoOp@NoOp|NoOp@NoOp|NoOp@NoOp|NoOp@NoOp|NoOp@NoOp
3311440600:Move(E)@Move(E)|NoOp@NoOp|NoOp@NoOp|NoOp@NoOp|NoOp@NoOp|NoOp@NoOp|NoOp@NoOp|NoOp@NoOp|NoOp@NoOp|NoOp@NoOp
3311502000:Move(E)@Move(E)|NoOp@NoOp|NoOp@NoOp|NoOp@NoOp|NoOp@NoOp|NoOp@NoOp|NoOp@NoOp|NoOp@NoOp|NoOp@NoOp|NoOp@NoOp
3311563500:Move(E)@Move(E)|NoOp@NoOp|NoOp@NoOp|NoOp@NoOp|NoOp@NoOp|NoOp@NoOp|NoOp@NoOp|NoOp@NoOp|NoOp@NoOp|NoOp@NoOp
3311624800:Move(E)@Move(E)|NoOp@NoOp|NoOp@NoOp|NoOp@NoOp|NoOp@NoOp|NoOp@NoOp|NoOp@NoOp|NoOp@NoOp|NoOp@NoOp|NoOp@NoOp
3311685900:Move(E)@Move(E)|NoOp@NoOp|NoOp@NoOp|NoOp@NoOp|NoOp@NoOp|NoOp@NoOp|NoOp@NoOp|NoOp@NoOp|NoOp@NoOp|NoOp@NoOp
3311747000:Move(E)@Move(E)|NoOp@NoOp|NoOp@NoOp|NoOp@NoOp|NoOp@NoOp|NoOp@NoOp|NoOp@NoOp|NoOp@NoOp|NoOp@NoOp|NoOp@NoOp
3311815300:Move(E)@Move(E)|NoOp@NoOp|NoOp@NoOp|NoOp@NoOp|NoOp@NoOp|NoOp@NoOp|NoOp@NoOp|NoOp@NoOp|NoOp@NoOp|NoOp@NoOp
3311876800:Move(E)@Move(E)|NoOp@NoOp|NoOp@NoOp|NoOp@NoOp|NoOp@NoOp|NoOp@NoOp|NoOp@NoOp|NoOp@NoOp|NoOp@NoOp|NoOp@NoOp
3311945000:Move(E)@Move(E)|NoOp@NoOp|NoOp@NoOp|NoOp@NoOp|NoOp@NoOp|NoOp@NoOp|NoOp@NoOp|NoOp@NoOp|NoOp@NoOp|NoOp@NoOp
3312007400:Move(E)@Move(E)|NoOp@NoOp|NoOp@NoOp|NoOp@NoOp|NoOp@NoOp|NoOp@NoOp|NoOp@NoOp|NoOp@NoOp|NoOp@NoOp|NoOp@NoOp
3312068700:Move(E)@Move(E)|NoOp@NoOp|NoOp@NoOp|NoOp@NoOp|NoOp@NoOp|NoOp@NoOp|NoOp@NoOp|NoOp@NoOp|NoOp@NoOp|NoOp@NoOp
3312130000:Move(E)@Move(E)|NoOp@NoOp|NoOp@NoOp|NoOp@NoOp|NoOp@NoOp|NoOp@NoOp|NoOp@NoOp|NoOp@NoOp|NoOp@NoOp|NoOp@NoOp
3312191200:Move(E)@Move(E)|NoOp@NoOp|NoOp@NoOp|NoOp@NoOp|NoOp@NoOp|NoOp@NoOp|NoOp@NoOp|NoOp@NoOp|NoOp@NoOp|NoOp@NoOp
3312252600:Move(E)@Move(E)|NoOp@NoOp|NoOp@NoOp|NoOp@NoOp|NoOp@NoOp|NoOp@NoOp|NoOp@NoOp|NoOp@NoOp|NoOp@NoOp|NoOp@NoOp
3312314200:Move(E)@Move(E)|NoOp@NoOp|NoOp@NoOp|NoOp@NoOp|NoOp@NoOp|NoOp@NoOp|NoOp@NoOp|NoOp@NoOp|NoOp@NoOp|NoOp@NoOp
3312377700:NoOp@NoOp|NoOp@NoOp|NoOp@NoOp|NoOp@NoOp|NoOp@NoOp|NoOp@NoOp|NoOp@NoOp|NoOp@NoOp|NoOp@NoOp|Move(N)@Move(N)
3312439200:NoOp@NoOp|NoOp@NoOp|NoOp@NoOp|NoOp@NoOp|NoOp@NoOp|NoOp@NoOp|NoOp@NoOp|NoOp@NoOp|NoOp@NoOp|Move(N)@Move(N)
3312500500:NoOp@NoOp|NoOp@NoOp|NoOp@NoOp|NoOp@NoOp|NoOp@NoOp|NoOp@NoOp|NoOp@NoOp|NoOp@NoOp|NoOp@NoOp|Move(N)@Move(N)
3312561700:NoOp@NoOp|NoOp@NoOp|NoOp@NoOp|NoOp@NoOp|NoOp@NoOp|NoOp@NoOp|NoOp@NoOp|NoOp@NoOp|NoOp@NoOp|Move(N)@Move(N)
3312623000:NoOp@NoOp|NoOp@NoOp|NoOp@NoOp|NoOp@NoOp|NoOp@NoOp|NoOp@NoOp|NoOp@NoOp|NoOp@NoOp|NoOp@NoOp|Move(N)@Move(N)
3312684100:NoOp@NoOp|NoOp@NoOp|NoOp@NoOp|NoOp@NoOp|NoOp@NoOp|NoOp@NoOp|NoOp@NoOp|NoOp@NoOp|NoOp@NoOp|Move(W)@Move(W)
3312745600:NoOp@NoOp|NoOp@NoOp|NoOp@NoOp|NoOp@NoOp|NoOp@NoOp|NoOp@NoOp|NoOp@NoOp|NoOp@NoOp|NoOp@NoOp|Move(W)@Move(W)
3312806900:NoOp@NoOp|NoOp@NoOp|NoOp@NoOp|NoOp@NoOp|NoOp@NoOp|NoOp@NoOp|NoOp@NoOp|NoOp@NoOp|NoOp@NoOp|Move(W)@Move(W)
3312867600:NoOp@NoOp|NoOp@NoOp|NoOp@NoOp|NoOp@NoOp|NoOp@NoOp|NoOp@NoOp|NoOp@NoOp|NoOp@NoOp|NoOp@NoOp|Move(W)@Move(W)
3312938500:NoOp@NoOp|NoOp@NoOp|NoOp@NoOp|NoOp@NoOp|NoOp@NoOp|NoOp@NoOp|NoOp@NoOp|NoOp@NoOp|NoOp@NoOp|Move(W)@Move(W)
3313022300:NoOp@NoOp|NoOp@NoOp|NoOp@NoOp|NoOp@NoOp|NoOp@NoOp|NoOp@NoOp|NoOp@NoOp|NoOp@NoOp|NoOp@NoOp|Move(W)@Move(W)
3313084300:NoOp@NoOp|NoOp@NoOp|NoOp@NoOp|NoOp@NoOp|NoOp@NoOp|NoOp@NoOp|NoOp@NoOp|NoOp@NoOp|NoOp@NoOp|Move(W)@Move(W)
3313150100:NoOp@NoOp|NoOp@NoOp|NoOp@NoOp|NoOp@NoOp|NoOp@NoOp|NoOp@NoOp|NoOp@NoOp|NoOp@NoOp|NoOp@NoOp|Move(N)@Move(N)
3313211500:NoOp@NoOp|NoOp@NoOp|NoOp@NoOp|NoOp@NoOp|NoOp@NoOp|NoOp@NoOp|NoOp@NoOp|NoOp@NoOp|NoOp@NoOp|Move(N)@Move(N)
3313273200:NoOp@NoOp|NoOp@NoOp|NoOp@NoOp|NoOp@NoOp|NoOp@NoOp|NoOp@NoOp|NoOp@NoOp|NoOp@NoOp|NoOp@NoOp|Move(N)@Move(N)
3313334600:NoOp@NoOp|NoOp@NoOp|NoOp@NoOp|NoOp@NoOp|NoOp@NoOp|NoOp@NoOp|NoOp@NoOp|NoOp@NoOp|NoOp@NoOp|Move(N)@Move(N)
3313395900:NoOp@NoOp|NoOp@NoOp|NoOp@NoOp|NoOp@NoOp|NoOp@NoOp|NoOp@NoOp|NoOp@NoOp|NoOp@NoOp|NoOp@NoOp|Move(N)@Move(N)
3313460900:NoOp@NoOp|NoOp@NoOp|NoOp@NoOp|NoOp@NoOp|NoOp@NoOp|NoOp@NoOp|NoOp@NoOp|NoOp@NoOp|NoOp@NoOp|Move(E)@Move(E)
3313522300:NoOp@NoOp|NoOp@NoOp|NoOp@NoOp|NoOp@NoOp|NoOp@NoOp|NoOp@NoOp|NoOp@NoOp|NoOp@NoOp|NoOp@NoOp|Move(E)@Move(E)
3313583300:NoOp@NoOp|NoOp@NoOp|NoOp@NoOp|NoOp@NoOp|NoOp@NoOp|NoOp@NoOp|NoOp@NoOp|NoOp@NoOp|NoOp@NoOp|Move(N)@Move(N)
3313644300:NoOp@NoOp|NoOp@NoOp|NoOp@NoOp|NoOp@NoOp|NoOp@NoOp|NoOp@NoOp|NoOp@NoOp|NoOp@NoOp|NoOp@NoOp|Move(N)@Move(N)
3313705400:NoOp@NoOp|NoOp@NoOp|NoOp@NoOp|NoOp@NoOp|NoOp@NoOp|NoOp@NoOp|NoOp@NoOp|NoOp@NoOp|NoOp@NoOp|Move(N)@Move(N)
3313766700:NoOp@NoOp|NoOp@NoOp|NoOp@NoOp|NoOp@NoOp|NoOp@NoOp|NoOp@NoOp|NoOp@NoOp|NoOp@NoOp|NoOp@NoOp|Move(N)@Move(N)
3313827700:NoOp@NoOp|NoOp@NoOp|NoOp@NoOp|NoOp@NoOp|NoOp@NoOp|NoOp@NoOp|NoOp@NoOp|NoOp@NoOp|NoOp@NoOp|Move(N)@Move(N)
3313892000:NoOp@NoOp|NoOp@NoOp|NoOp@NoOp|NoOp@NoOp|NoOp@NoOp|NoOp@NoOp|NoOp@NoOp|NoOp@NoOp|NoOp@NoOp|Move(N)@Move(N)
3313953300:NoOp@NoOp|NoOp@NoOp|NoOp@NoOp|NoOp@NoOp|NoOp@NoOp|NoOp@NoOp|NoOp@NoOp|NoOp@NoOp|NoOp@NoOp|Move(N)@Move(N)
3314014400:NoOp@NoOp|NoOp@NoOp|NoOp@NoOp|NoOp@NoOp|NoOp@NoOp|NoOp@NoOp|NoOp@NoOp|NoOp@NoOp|NoOp@NoOp|Move(N)@Move(N)
3314075800:NoOp@NoOp|NoOp@NoOp|NoOp@NoOp|NoOp@NoOp|NoOp@NoOp|NoOp@NoOp|NoOp@NoOp|NoOp@NoOp|NoOp@NoOp|Move(N)@Move(N)
3314136900:NoOp@NoOp|NoOp@NoOp|NoOp@NoOp|NoOp@NoOp|NoOp@NoOp|NoOp@NoOp|NoOp@NoOp|NoOp@NoOp|NoOp@NoOp|Move(W)@Move(W)
3314198300:NoOp@NoOp|NoOp@NoOp|NoOp@NoOp|NoOp@NoOp|NoOp@NoOp|NoOp@NoOp|NoOp@NoOp|NoOp@NoOp|NoOp@NoOp|Move(W)@Move(W)
3314259200:NoOp@NoOp|NoOp@NoOp|NoOp@NoOp|NoOp@NoOp|NoOp@NoOp|NoOp@NoOp|NoOp@NoOp|NoOp@NoOp|NoOp@NoOp|Move(W)@Move(W)
3314320400:NoOp@NoOp|NoOp@NoOp|NoOp@NoOp|NoOp@NoOp|NoOp@NoOp|NoOp@NoOp|NoOp@NoOp|NoOp@NoOp|NoOp@NoOp|Move(W)@Move(W)
3314381800:NoOp@NoOp|NoOp@NoOp|NoOp@NoOp|NoOp@NoOp|NoOp@NoOp|NoOp@NoOp|NoOp@NoOp|NoOp@NoOp|NoOp@NoOp|Move(W)@Move(W)
3314443000:NoOp@NoOp|NoOp@NoOp|NoOp@NoOp|NoOp@NoOp|NoOp@NoOp|NoOp@NoOp|NoOp@NoOp|NoOp@NoOp|NoOp@NoOp|Move(W)@Move(W)
3314504000:NoOp@NoOp|NoOp@NoOp|NoOp@NoOp|NoOp@NoOp|NoOp@NoOp|NoOp@NoOp|NoOp@NoOp|NoOp@NoOp|NoOp@NoOp|Move(W)@Move(W)
3314564800:NoOp@NoOp|NoOp@NoOp|NoOp@NoOp|NoOp@NoOp|NoOp@NoOp|NoOp@NoOp|NoOp@NoOp|NoOp@NoOp|NoOp@NoOp|Move(W)@Move(W)
3314629100:NoOp@NoOp|NoOp@NoOp|NoOp@NoOp|NoOp@NoOp|NoOp@NoOp|NoOp@NoOp|NoOp@NoOp|NoOp@NoOp|NoOp@NoOp|Move(W)@Move(W)
3314690300:NoOp@NoOp|NoOp@NoOp|NoOp@NoOp|NoOp@NoOp|NoOp@NoOp|NoOp@NoOp|NoOp@NoOp|NoOp@NoOp|NoOp@NoOp|Move(W)@Move(W)
3314751400:NoOp@NoOp|NoOp@NoOp|NoOp@NoOp|NoOp@NoOp|NoOp@NoOp|NoOp@NoOp|NoOp@NoOp|NoOp@NoOp|NoOp@NoOp|Move(W)@Move(W)
3314812300:NoOp@NoOp|NoOp@NoOp|NoOp@NoOp|NoOp@NoOp|NoOp@NoOp|NoOp@NoOp|NoOp@NoOp|NoOp@NoOp|NoOp@NoOp|Move(W)@Move(W)
3314873200:NoOp@NoOp|NoOp@NoOp|NoOp@NoOp|NoOp@NoOp|NoOp@NoOp|NoOp@NoOp|NoOp@NoOp|NoOp@NoOp|NoOp@NoOp|Move(W)@Move(W)
3314943900:NoOp@NoOp|NoOp@NoOp|NoOp@NoOp|NoOp@NoOp|NoOp@NoOp|NoOp@NoOp|NoOp@NoOp|NoOp@NoOp|NoOp@NoOp|Move(N)@Move(N)
3315003000:NoOp@NoOp|NoOp@NoOp|NoOp@NoOp|NoOp@NoOp|NoOp@NoOp|NoOp@NoOp|NoOp@NoOp|NoOp@NoOp|NoOp@NoOp|Move(N)@Move(N)
3315063800:NoOp@NoOp|NoOp@NoOp|NoOp@NoOp|NoOp@NoOp|NoOp@NoOp|NoOp@NoOp|NoOp@NoOp|NoOp@NoOp|NoOp@NoOp|Move(N)@Move(N)
3315124900:NoOp@NoOp|NoOp@NoOp|NoOp@NoOp|NoOp@NoOp|NoOp@NoOp|NoOp@NoOp|NoOp@NoOp|NoOp@NoOp|NoOp@NoOp|Move(N)@Move(N)
3315185700:NoOp@NoOp|NoOp@NoOp|NoOp@NoOp|NoOp@NoOp|NoOp@NoOp|NoOp@NoOp|NoOp@NoOp|NoOp@NoOp|NoOp@NoOp|Move(N)@Move(N)
3315247000:NoOp@NoOp|NoOp@NoOp|NoOp@NoOp|NoOp@NoOp|NoOp@NoOp|NoOp@NoOp|NoOp@NoOp|NoOp@NoOp|NoOp@NoOp|Move(N)@Move(N)
3315308100:NoOp@NoOp|NoOp@NoOp|NoOp@NoOp|NoOp@NoOp|NoOp@NoOp|NoOp@NoOp|NoOp@NoOp|NoOp@NoOp|NoOp@NoOp|Move(N)@Move(N)
3315372200:NoOp@NoOp|NoOp@NoOp|NoOp@NoOp|NoOp@NoOp|NoOp@NoOp|NoOp@NoOp|NoOp@NoOp|NoOp@NoOp|NoOp@NoOp|Move(E)@Move(E)
3315433100:NoOp@NoOp|NoOp@NoOp|NoOp@NoOp|NoOp@NoOp|NoOp@NoOp|NoOp@NoOp|NoOp@NoOp|NoOp@NoOp|NoOp@NoOp|Move(E)@Move(E)
3315494100:NoOp@NoOp|NoOp@NoOp|NoOp@NoOp|NoOp@NoOp|NoOp@NoOp|NoOp@NoOp|NoOp@NoOp|NoOp@NoOp|NoOp@NoOp|Move(E)@Move(E)
3315555300:NoOp@NoOp|NoOp@NoOp|NoOp@NoOp|NoOp@NoOp|NoOp@NoOp|NoOp@NoOp|NoOp@NoOp|NoOp@NoOp|NoOp@NoOp|Move(E)@Move(E)
3315617400:NoOp@NoOp|NoOp@NoOp|NoOp@NoOp|NoOp@NoOp|NoOp@NoOp|NoOp@NoOp|NoOp@NoOp|NoOp@NoOp|NoOp@NoOp|Move(E)@Move(E)
3315678500:NoOp@NoOp|NoOp@NoOp|NoOp@NoOp|NoOp@NoOp|NoOp@NoOp|NoOp@NoOp|NoOp@NoOp|NoOp@NoOp|NoOp@NoOp|Move(E)@Move(E)
3315739600:NoOp@NoOp|NoOp@NoOp|NoOp@NoOp|NoOp@NoOp|NoOp@NoOp|NoOp@NoOp|NoOp@NoOp|NoOp@NoOp|NoOp@NoOp|Move(E)@Move(E)
3315800300:NoOp@NoOp|NoOp@NoOp|NoOp@NoOp|NoOp@NoOp|NoOp@NoOp|NoOp@NoOp|NoOp@NoOp|NoOp@NoOp|NoOp@NoOp|Move(E)@Move(E)
3315861200:NoOp@NoOp|NoOp@NoOp|NoOp@NoOp|NoOp@NoOp|NoOp@NoOp|NoOp@NoOp|NoOp@NoOp|NoOp@NoOp|NoOp@NoOp|Move(E)@Move(E)
3315922600:NoOp@NoOp|NoOp@NoOp|NoOp@NoOp|NoOp@NoOp|NoOp@NoOp|NoOp@NoOp|NoOp@NoOp|NoOp@NoOp|NoOp@NoOp|Move(E)@Move(E)
3315984600:NoOp@NoOp|NoOp@NoOp|NoOp@NoOp|NoOp@NoOp|NoOp@NoOp|NoOp@NoOp|NoOp@NoOp|NoOp@NoOp|NoOp@NoOp|Move(E)@Move(E)
3316045900:NoOp@NoOp|NoOp@NoOp|NoOp@NoOp|NoOp@NoOp|NoOp@NoOp|NoOp@NoOp|NoOp@NoOp|NoOp@NoOp|NoOp@NoOp|Move(E)@Move(E)
3316109700:NoOp@NoOp|NoOp@NoOp|NoOp@NoOp|NoOp@NoOp|NoOp@NoOp|NoOp@NoOp|NoOp@NoOp|NoOp@NoOp|NoOp@NoOp|Move(E)@Move(E)
3316171100:NoOp@NoOp|NoOp@NoOp|NoOp@NoOp|NoOp@NoOp|NoOp@NoOp|NoOp@NoOp|NoOp@NoOp|NoOp@NoOp|NoOp@NoOp|Move(E)@Move(E)
3316232600:NoOp@NoOp|NoOp@NoOp|NoOp@NoOp|NoOp@NoOp|NoOp@NoOp|NoOp@NoOp|NoOp@NoOp|NoOp@NoOp|NoOp@NoOp|Move(E)@Move(E)
3316294400:NoOp@NoOp|NoOp@NoOp|NoOp@NoOp|NoOp@NoOp|NoOp@NoOp|NoOp@NoOp|NoOp@NoOp|NoOp@NoOp|NoOp@NoOp|Move(E)@Move(E)
3316356900:NoOp@NoOp|NoOp@NoOp|NoOp@NoOp|NoOp@NoOp|NoOp@NoOp|NoOp@NoOp|NoOp@NoOp|NoOp@NoOp|NoOp@NoOp|Move(E)@Move(E)
3316418100:NoOp@NoOp|NoOp@NoOp|NoOp@NoOp|NoOp@NoOp|NoOp@NoOp|NoOp@NoOp|NoOp@NoOp|NoOp@NoOp|NoOp@NoOp|Move(E)@Move(E)
3316479500:NoOp@NoOp|NoOp@NoOp|NoOp@NoOp|NoOp@NoOp|NoOp@NoOp|NoOp@NoOp|NoOp@NoOp|NoOp@NoOp|NoOp@NoOp|Move(E)@Move(E)
3316540800:NoOp@NoOp|NoOp@NoOp|NoOp@NoOp|NoOp@NoOp|NoOp@NoOp|NoOp@NoOp|NoOp@NoOp|NoOp@NoOp|NoOp@NoOp|Move(E)@Move(E)
3316602000:NoOp@NoOp|Move(N)@Move(N)|NoOp@NoOp|NoOp@NoOp|NoOp@NoOp|NoOp@NoOp|NoOp@NoOp|NoOp@NoOp|NoOp@NoOp|NoOp@NoOp
3316663300:NoOp@NoOp|Move(N)@Move(N)|NoOp@NoOp|NoOp@NoOp|NoOp@NoOp|NoOp@NoOp|NoOp@NoOp|NoOp@NoOp|NoOp@NoOp|NoOp@NoOp
3316724300:NoOp@NoOp|Move(N)@Move(N)|NoOp@NoOp|NoOp@NoOp|NoOp@NoOp|NoOp@NoOp|NoOp@NoOp|NoOp@NoOp|NoOp@NoOp|NoOp@NoOp
3316785500:NoOp@NoOp|Move(N)@Move(N)|NoOp@NoOp|NoOp@NoOp|NoOp@NoOp|NoOp@NoOp|NoOp@NoOp|NoOp@NoOp|NoOp@NoOp|NoOp@NoOp
3316849300:NoOp@NoOp|Move(N)@Move(N)|NoOp@NoOp|NoOp@NoOp|NoOp@NoOp|NoOp@NoOp|NoOp@NoOp|NoOp@NoOp|NoOp@NoOp|NoOp@NoOp
3316910600:NoOp@NoOp|Move(N)@Move(N)|NoOp@NoOp|NoOp@NoOp|NoOp@NoOp|NoOp@NoOp|NoOp@NoOp|NoOp@NoOp|NoOp@NoOp|NoOp@NoOp
3316971900:NoOp@NoOp|Move(N)@Move(N)|NoOp@NoOp|NoOp@NoOp|NoOp@NoOp|NoOp@NoOp|NoOp@NoOp|NoOp@NoOp|NoOp@NoOp|NoOp@NoOp
3317033000:NoOp@NoOp|Move(N)@Move(N)|NoOp@NoOp|NoOp@NoOp|NoOp@NoOp|NoOp@NoOp|NoOp@NoOp|NoOp@NoOp|NoOp@NoOp|NoOp@NoOp
3317094000:NoOp@NoOp|Move(N)@Move(N)|NoOp@NoOp|NoOp@NoOp|NoOp@NoOp|NoOp@NoOp|NoOp@NoOp|NoOp@NoOp|NoOp@NoOp|NoOp@NoOp
3317154700:NoOp@NoOp|Move(W)@Move(W)|NoOp@NoOp|NoOp@NoOp|NoOp@NoOp|NoOp@NoOp|NoOp@NoOp|NoOp@NoOp|NoOp@NoOp|NoOp@NoOp
3317215800:NoOp@NoOp|Move(W)@Move(W)|NoOp@NoOp|NoOp@NoOp|NoOp@NoOp|NoOp@NoOp|NoOp@NoOp|NoOp@NoOp|NoOp@NoOp|NoOp@NoOp
3317276800:NoOp@NoOp|Move(N)@Move(N)|NoOp@NoOp|NoOp@NoOp|NoOp@NoOp|NoOp@NoOp|NoOp@NoOp|NoOp@NoOp|NoOp@NoOp|NoOp@NoOp
3317337800:NoOp@NoOp|Move(N)@Move(N)|NoOp@NoOp|NoOp@NoOp|NoOp@NoOp|NoOp@NoOp|NoOp@NoOp|NoOp@NoOp|NoOp@NoOp|NoOp@NoOp
3317402400:NoOp@NoOp|Move(E)@Move(E)|NoOp@NoOp|NoOp@NoOp|NoOp@NoOp|NoOp@NoOp|NoOp@NoOp|NoOp@NoOp|NoOp@NoOp|NoOp@NoOp
3317463600:NoOp@NoOp|Move(E)@Move(E)|NoOp@NoOp|NoOp@NoOp|NoOp@NoOp|NoOp@NoOp|NoOp@NoOp|NoOp@NoOp|NoOp@NoOp|NoOp@NoOp
3317524600:NoOp@NoOp|Move(N)@Move(N)|NoOp@NoOp|NoOp@NoOp|NoOp@NoOp|NoOp@NoOp|NoOp@NoOp|NoOp@NoOp|NoOp@NoOp|NoOp@NoOp
3317588500:NoOp@NoOp|Move(N)@Move(N)|NoOp@NoOp|NoOp@NoOp|NoOp@NoOp|NoOp@NoOp|NoOp@NoOp|NoOp@NoOp|NoOp@NoOp|NoOp@NoOp
3317649600:NoOp@NoOp|Move(W)@Move(W)|NoOp@NoOp|NoOp@NoOp|NoOp@NoOp|NoOp@NoOp|NoOp@NoOp|NoOp@NoOp|NoOp@NoOp|NoOp@NoOp
3317710500:NoOp@NoOp|Move(W)@Move(W)|NoOp@NoOp|NoOp@NoOp|NoOp@NoOp|NoOp@NoOp|NoOp@NoOp|NoOp@NoOp|NoOp@NoOp|NoOp@NoOp
3317771500:NoOp@NoOp|Move(N)@Move(N)|NoOp@NoOp|NoOp@NoOp|NoOp@NoOp|NoOp@NoOp|NoOp@NoOp|NoOp@NoOp|NoOp@NoOp|NoOp@NoOp
3317832400:NoOp@NoOp|Move(N)@Move(N)|NoOp@NoOp|NoOp@NoOp|NoOp@NoOp|NoOp@NoOp|NoOp@NoOp|NoOp@NoOp|NoOp@NoOp|NoOp@NoOp
3317893200:NoOp@NoOp|Move(E)@Move(E)|NoOp@NoOp|NoOp@NoOp|NoOp@NoOp|NoOp@NoOp|NoOp@NoOp|NoOp@NoOp|NoOp@NoOp|NoOp@NoOp
3317954000:NoOp@NoOp|Move(E)@Move(E)|NoOp@NoOp|NoOp@NoOp|NoOp@NoOp|NoOp@NoOp|NoOp@NoOp|NoOp@NoOp|NoOp@NoOp|NoOp@NoOp
3318015300:NoOp@NoOp|Move(N)@Move(N)|NoOp@NoOp|NoOp@NoOp|NoOp@NoOp|NoOp@NoOp|NoOp@NoOp|NoOp@NoOp|NoOp@NoOp|NoOp@NoOp
3318077100:NoOp@NoOp|Move(N)@Move(N)|NoOp@NoOp|NoOp@NoOp|NoOp@NoOp|NoOp@NoOp|NoOp@NoOp|NoOp@NoOp|NoOp@NoOp|NoOp@NoOp
3318138000:NoOp@NoOp|Move(W)@Move(W)|NoOp@NoOp|NoOp@NoOp|NoOp@NoOp|NoOp@NoOp|NoOp@NoOp|NoOp@NoOp|NoOp@NoOp|NoOp@NoOp
3318198800:NoOp@NoOp|Move(W)@Move(W)|NoOp@NoOp|NoOp@NoOp|NoOp@NoOp|NoOp@NoOp|NoOp@NoOp|NoOp@NoOp|NoOp@NoOp|NoOp@NoOp
3318259600:NoOp@NoOp|Move(N)@Move(N)|NoOp@NoOp|NoOp@NoOp|NoOp@NoOp|NoOp@NoOp|NoOp@NoOp|NoOp@NoOp|NoOp@NoOp|NoOp@NoOp
3318323500:NoOp@NoOp|Move(N)@Move(N)|NoOp@NoOp|NoOp@NoOp|NoOp@NoOp|NoOp@NoOp|NoOp@NoOp|NoOp@NoOp|NoOp@NoOp|NoOp@NoOp
3318384700:NoOp@NoOp|Move(E)@Move(E)|NoOp@NoOp|NoOp@NoOp|NoOp@NoOp|NoOp@NoOp|NoOp@NoOp|NoOp@NoOp|NoOp@NoOp|NoOp@NoOp
3318445700:NoOp@NoOp|Move(E)@Move(E)|NoOp@NoOp|NoOp@NoOp|NoOp@NoOp|NoOp@NoOp|NoOp@NoOp|NoOp@NoOp|NoOp@NoOp|NoOp@NoOp
3318506900:NoOp@NoOp|Move(N)@Move(N)|NoOp@NoOp|NoOp@NoOp|NoOp@NoOp|NoOp@NoOp|NoOp@NoOp|NoOp@NoOp|NoOp@NoOp|NoOp@NoOp
3318567700:NoOp@NoOp|Move(N)@Move(N)|NoOp@NoOp|NoOp@NoOp|NoOp@NoOp|NoOp@NoOp|NoOp@NoOp|NoOp@NoOp|NoOp@NoOp|NoOp@NoOp
3318628700:NoOp@NoOp|Move(W)@Move(W)|NoOp@NoOp|NoOp@NoOp|NoOp@NoOp|NoOp@NoOp|NoOp@NoOp|NoOp@NoOp|NoOp@NoOp|NoOp@NoOp
3318690000:NoOp@NoOp|Move(W)@Move(W)|NoOp@NoOp|NoOp@NoOp|NoOp@NoOp|NoOp@NoOp|NoOp@NoOp|NoOp@NoOp|NoOp@NoOp|NoOp@NoOp
3318754900:NoOp@NoOp|Move(N)@Move(N)|NoOp@NoOp|NoOp@NoOp|NoOp@NoOp|NoOp@NoOp|NoOp@NoOp|NoOp@NoOp|NoOp@NoOp|NoOp@NoOp
3318815900:NoOp@NoOp|Move(N)@Move(N)|NoOp@NoOp|NoOp@NoOp|NoOp@NoOp|NoOp@NoOp|NoOp@NoOp|NoOp@NoOp|NoOp@NoOp|NoOp@NoOp
3318876900:NoOp@NoOp|Move(N)@Move(N)|NoOp@NoOp|NoOp@NoOp|NoOp@NoOp|NoOp@NoOp|NoOp@NoOp|NoOp@NoOp|NoOp@NoOp|NoOp@NoOp
3318938000:NoOp@NoOp|Move(N)@Move(N)|NoOp@NoOp|NoOp@NoOp|NoOp@NoOp|NoOp@NoOp|NoOp@NoOp|NoOp@NoOp|NoOp@NoOp|NoOp@NoOp
3318999100:NoOp@NoOp|Move(N)@Move(N)|NoOp@NoOp|NoOp@NoOp|NoOp@NoOp|NoOp@NoOp|NoOp@NoOp|NoOp@NoOp|NoOp@NoOp|NoOp@NoOp
3319062900:NoOp@NoOp|Move(N)@Move(N)|NoOp@NoOp|NoOp@NoOp|NoOp@NoOp|NoOp@NoOp|NoOp@NoOp|NoOp@NoOp|NoOp@NoOp|NoOp@NoOp
3319123800:NoOp@NoOp|Move(N)@Move(N)|NoOp@NoOp|NoOp@NoOp|NoOp@NoOp|NoOp@NoOp|NoOp@NoOp|NoOp@NoOp|NoOp@NoOp|NoOp@NoOp
3319184600:NoOp@NoOp|Move(N)@Move(N)|NoOp@NoOp|NoOp@NoOp|NoOp@NoOp|NoOp@NoOp|NoOp@NoOp|NoOp@NoOp|NoOp@NoOp|NoOp@NoOp
3319245500:NoOp@NoOp|Move(N)@Move(N)|NoOp@NoOp|NoOp@NoOp|NoOp@NoOp|NoOp@NoOp|NoOp@NoOp|NoOp@NoOp|NoOp@NoOp|NoOp@NoOp
3319306300:NoOp@NoOp|Move(N)@Move(N)|NoOp@NoOp|NoOp@NoOp|NoOp@NoOp|NoOp@NoOp|NoOp@NoOp|NoOp@NoOp|NoOp@NoOp|NoOp@NoOp
3319368000:NoOp@NoOp|Move(N)@Move(N)|NoOp@NoOp|NoOp@NoOp|NoOp@NoOp|NoOp@NoOp|NoOp@NoOp|NoOp@NoOp|NoOp@NoOp|NoOp@NoOp
3319428900:NoOp@NoOp|Move(N)@Move(N)|NoOp@NoOp|NoOp@NoOp|NoOp@NoOp|NoOp@NoOp|NoOp@NoOp|NoOp@NoOp|NoOp@NoOp|NoOp@NoOp
3319490100:NoOp@NoOp|Move(N)@Move(N)|NoOp@NoOp|NoOp@NoOp|NoOp@NoOp|NoOp@NoOp|NoOp@NoOp|NoOp@NoOp|NoOp@NoOp|NoOp@NoOp
3319551100:NoOp@NoOp|Move(N)@Move(N)|NoOp@NoOp|NoOp@NoOp|NoOp@NoOp|NoOp@NoOp|NoOp@NoOp|NoOp@NoOp|NoOp@NoOp|NoOp@NoOp
3319611800:NoOp@NoOp|Move(N)@Move(N)|NoOp@NoOp|NoOp@NoOp|NoOp@NoOp|NoOp@NoOp|NoOp@NoOp|NoOp@NoOp|NoOp@NoOp|NoOp@NoOp
3319672500:NoOp@NoOp|Move(E)@Move(E)|NoOp@NoOp|NoOp@NoOp|NoOp@NoOp|NoOp@NoOp|NoOp@NoOp|NoOp@NoOp|NoOp@NoOp|NoOp@NoOp
3319733300:NoOp@NoOp|Move(N)@Move(N)|NoOp@NoOp|NoOp@NoOp|NoOp@NoOp|NoOp@NoOp|NoOp@NoOp|NoOp@NoOp|NoOp@NoOp|NoOp@NoOp
3319798700:NoOp@NoOp|Move(E)@Move(E)|NoOp@NoOp|NoOp@NoOp|NoOp@NoOp|NoOp@NoOp|NoOp@NoOp|NoOp@NoOp|NoOp@NoOp|NoOp@NoOp
3319859400:NoOp@NoOp|Move(E)@Move(E)|NoOp@NoOp|NoOp@NoOp|NoOp@NoOp|NoOp@NoOp|NoOp@NoOp|NoOp@NoOp|NoOp@NoOp|NoOp@NoOp
3319920200:NoOp@NoOp|Move(E)@Move(E)|NoOp@NoOp|NoOp@NoOp|NoOp@NoOp|NoOp@NoOp|NoOp@NoOp|NoOp@NoOp|NoOp@NoOp|NoOp@NoOp
3319981100:NoOp@NoOp|Move(S)@Move(S)|NoOp@NoOp|NoOp@NoOp|NoOp@NoOp|NoOp@NoOp|NoOp@NoOp|NoOp@NoOp|NoOp@NoOp|NoOp@NoOp
3320041900:NoOp@NoOp|Move(E)@Move(E)|NoOp@NoOp|NoOp@NoOp|NoOp@NoOp|NoOp@NoOp|NoOp@NoOp|NoOp@NoOp|NoOp@NoOp|NoOp@NoOp
3320103000:NoOp@NoOp|NoOp@NoOp|NoOp@NoOp|Move(S)@Move(S)|NoOp@NoOp|NoOp@NoOp|NoOp@NoOp|NoOp@NoOp|NoOp@NoOp|NoOp@NoOp
3320164200:NoOp@NoOp|NoOp@NoOp|NoOp@NoOp|Move(E)@Move(E)|NoOp@NoOp|NoOp@NoOp|NoOp@NoOp|NoOp@NoOp|NoOp@NoOp|NoOp@NoOp
3320225200:NoOp@NoOp|NoOp@NoOp|NoOp@NoOp|Move(E)@Move(E)|NoOp@NoOp|NoOp@NoOp|NoOp@NoOp|NoOp@NoOp|NoOp@NoOp|NoOp@NoOp
3320285900:NoOp@NoOp|NoOp@NoOp|NoOp@NoOp|Move(N)@Move(N)|NoOp@NoOp|NoOp@NoOp|NoOp@NoOp|NoOp@NoOp|NoOp@NoOp|NoOp@NoOp
3320347300:NoOp@NoOp|NoOp@NoOp|NoOp@NoOp|Move(E)@Move(E)|NoOp@NoOp|NoOp@NoOp|NoOp@NoOp|NoOp@NoOp|NoOp@NoOp|NoOp@NoOp
3320408300:NoOp@NoOp|NoOp@NoOp|NoOp@NoOp|Move(E)@Move(E)|NoOp@NoOp|NoOp@NoOp|NoOp@NoOp|NoOp@NoOp|NoOp@NoOp|NoOp@NoOp
3320469400:NoOp@NoOp|NoOp@NoOp|NoOp@NoOp|Move(N)@Move(N)|NoOp@NoOp|NoOp@NoOp|NoOp@NoOp|NoOp@NoOp|NoOp@NoOp|NoOp@NoOp
3320533900:NoOp@NoOp|NoOp@NoOp|NoOp@NoOp|Move(N)@Move(N)|NoOp@NoOp|NoOp@NoOp|NoOp@NoOp|NoOp@NoOp|NoOp@NoOp|NoOp@NoOp
3320595300:NoOp@NoOp|NoOp@NoOp|NoOp@NoOp|Move(N)@Move(N)|NoOp@NoOp|NoOp@NoOp|NoOp@NoOp|NoOp@NoOp|NoOp@NoOp|NoOp@NoOp
3320656000:NoOp@NoOp|NoOp@NoOp|NoOp@NoOp|Move(N)@Move(N)|NoOp@NoOp|NoOp@NoOp|NoOp@NoOp|NoOp@NoOp|NoOp@NoOp|NoOp@NoOp
3320716700:NoOp@NoOp|NoOp@NoOp|NoOp@NoOp|Move(N)@Move(N)|NoOp@NoOp|NoOp@NoOp|NoOp@NoOp|NoOp@NoOp|NoOp@NoOp|NoOp@NoOp
3320777700:NoOp@NoOp|NoOp@NoOp|NoOp@NoOp|Move(N)@Move(N)|NoOp@NoOp|NoOp@NoOp|NoOp@NoOp|NoOp@NoOp|NoOp@NoOp|NoOp@NoOp
3320838600:NoOp@NoOp|NoOp@NoOp|NoOp@NoOp|Move(N)@Move(N)|NoOp@NoOp|NoOp@NoOp|NoOp@NoOp|NoOp@NoOp|NoOp@NoOp|NoOp@NoOp
3320899700:NoOp@NoOp|NoOp@NoOp|NoOp@NoOp|Move(N)@Move(N)|NoOp@NoOp|NoOp@NoOp|NoOp@NoOp|NoOp@NoOp|NoOp@NoOp|NoOp@NoOp
3320960600:NoOp@NoOp|NoOp@NoOp|NoOp@NoOp|Move(N)@Move(N)|NoOp@NoOp|NoOp@NoOp|NoOp@NoOp|NoOp@NoOp|NoOp@NoOp|NoOp@NoOp
3321021100:NoOp@NoOp|NoOp@NoOp|NoOp@NoOp|Move(E)@Move(E)|NoOp@NoOp|NoOp@NoOp|NoOp@NoOp|NoOp@NoOp|NoOp@NoOp|NoOp@NoOp
3321082100:NoOp@NoOp|NoOp@NoOp|NoOp@NoOp|Move(E)@Move(E)|NoOp@NoOp|NoOp@NoOp|NoOp@NoOp|NoOp@NoOp|NoOp@NoOp|NoOp@NoOp
3321143300:NoOp@NoOp|NoOp@NoOp|NoOp@NoOp|Move(N)@Move(N)|NoOp@NoOp|NoOp@NoOp|NoOp@NoOp|NoOp@NoOp|NoOp@NoOp|NoOp@NoOp
3321204100:NoOp@NoOp|NoOp@NoOp|NoOp@NoOp|Move(N)@Move(N)|NoOp@NoOp|NoOp@NoOp|NoOp@NoOp|NoOp@NoOp|NoOp@NoOp|NoOp@NoOp
3321267800:NoOp@NoOp|NoOp@NoOp|NoOp@NoOp|Move(W)@Move(W)|NoOp@NoOp|NoOp@NoOp|NoOp@NoOp|NoOp@NoOp|NoOp@NoOp|NoOp@NoOp
3321328800:NoOp@NoOp|NoOp@NoOp|NoOp@NoOp|Move(W)@Move(W)|NoOp@NoOp|NoOp@NoOp|NoOp@NoOp|NoOp@NoOp|NoOp@NoOp|NoOp@NoOp
3321389700:NoOp@NoOp|NoOp@NoOp|NoOp@NoOp|Move(N)@Move(N)|NoOp@NoOp|NoOp@NoOp|NoOp@NoOp|NoOp@NoOp|NoOp@NoOp|NoOp@NoOp
3321450700:NoOp@NoOp|NoOp@NoOp|NoOp@NoOp|Move(N)@Move(N)|NoOp@NoOp|NoOp@NoOp|NoOp@NoOp|NoOp@NoOp|NoOp@NoOp|NoOp@NoOp
3321511700:NoOp@NoOp|NoOp@NoOp|NoOp@NoOp|Move(E)@Move(E)|NoOp@NoOp|NoOp@NoOp|NoOp@NoOp|NoOp@NoOp|NoOp@NoOp|NoOp@NoOp
3321572600:NoOp@NoOp|NoOp@NoOp|NoOp@NoOp|Move(E)@Move(E)|NoOp@NoOp|NoOp@NoOp|NoOp@NoOp|NoOp@NoOp|NoOp@NoOp|NoOp@NoOp
3321633300:NoOp@NoOp|NoOp@NoOp|NoOp@NoOp|Move(N)@Move(N)|NoOp@NoOp|NoOp@NoOp|NoOp@NoOp|NoOp@NoOp|NoOp@NoOp|NoOp@NoOp
3321694300:NoOp@NoOp|NoOp@NoOp|NoOp@NoOp|Move(N)@Move(N)|NoOp@NoOp|NoOp@NoOp|NoOp@NoOp|NoOp@NoOp|NoOp@NoOp|NoOp@NoOp
3321764900:NoOp@NoOp|NoOp@NoOp|NoOp@NoOp|Move(W)@Move(W)|NoOp@NoOp|NoOp@NoOp|NoOp@NoOp|NoOp@NoOp|NoOp@NoOp|NoOp@NoOp
3321825800:NoOp@NoOp|NoOp@NoOp|NoOp@NoOp|Move(W)@Move(W)|NoOp@NoOp|NoOp@NoOp|NoOp@NoOp|NoOp@NoOp|NoOp@NoOp|NoOp@NoOp
3321886500:NoOp@NoOp|NoOp@NoOp|NoOp@NoOp|Move(N)@Move(N)|NoOp@NoOp|NoOp@NoOp|NoOp@NoOp|NoOp@NoOp|NoOp@NoOp|NoOp@NoOp
3321968600:NoOp@NoOp|NoOp@NoOp|NoOp@NoOp|Move(N)@Move(N)|NoOp@NoOp|NoOp@NoOp|NoOp@NoOp|NoOp@NoOp|NoOp@NoOp|NoOp@NoOp
3322032100:NoOp@NoOp|NoOp@NoOp|NoOp@NoOp|Move(E)@Move(E)|NoOp@NoOp|NoOp@NoOp|NoOp@NoOp|NoOp@NoOp|NoOp@NoOp|NoOp@NoOp
3322093300:NoOp@NoOp|NoOp@NoOp|NoOp@NoOp|Move(E)@Move(E)|NoOp@NoOp|NoOp@NoOp|NoOp@NoOp|NoOp@NoOp|NoOp@NoOp|NoOp@NoOp
3322153900:NoOp@NoOp|NoOp@NoOp|NoOp@NoOp|Move(N)@Move(N)|NoOp@NoOp|NoOp@NoOp|NoOp@NoOp|NoOp@NoOp|NoOp@NoOp|NoOp@NoOp
3322214900:NoOp@NoOp|NoOp@NoOp|NoOp@NoOp|Move(N)@Move(N)|NoOp@NoOp|NoOp@NoOp|NoOp@NoOp|NoOp@NoOp|NoOp@NoOp|NoOp@NoOp
3322275800:NoOp@NoOp|NoOp@NoOp|NoOp@NoOp|Move(W)@Move(W)|NoOp@NoOp|NoOp@NoOp|NoOp@NoOp|NoOp@NoOp|NoOp@NoOp|NoOp@NoOp
3322336800:NoOp@NoOp|NoOp@NoOp|NoOp@NoOp|Move(W)@Move(W)|NoOp@NoOp|NoOp@NoOp|NoOp@NoOp|NoOp@NoOp|NoOp@NoOp|NoOp@NoOp
3322397900:NoOp@NoOp|NoOp@NoOp|NoOp@NoOp|Move(N)@Move(N)|NoOp@NoOp|NoOp@NoOp|NoOp@NoOp|NoOp@NoOp|NoOp@NoOp|NoOp@NoOp
3322458900:NoOp@NoOp|NoOp@NoOp|NoOp@NoOp|Move(N)@Move(N)|NoOp@NoOp|NoOp@NoOp|NoOp@NoOp|NoOp@NoOp|NoOp@NoOp|NoOp@NoOp
3322519800:NoOp@NoOp|NoOp@NoOp|NoOp@NoOp|Move(E)@Move(E)|NoOp@NoOp|NoOp@NoOp|NoOp@NoOp|NoOp@NoOp|NoOp@NoOp|NoOp@NoOp
3322581100:NoOp@NoOp|NoOp@NoOp|NoOp@NoOp|Move(E)@Move(E)|NoOp@NoOp|NoOp@NoOp|NoOp@NoOp|NoOp@NoOp|NoOp@NoOp|NoOp@NoOp
3322645200:NoOp@NoOp|NoOp@NoOp|NoOp@NoOp|Move(N)@Move(N)|NoOp@NoOp|NoOp@NoOp|NoOp@NoOp|NoOp@NoOp|NoOp@NoOp|NoOp@NoOp
3322706200:NoOp@NoOp|NoOp@NoOp|NoOp@NoOp|Move(N)@Move(N)|NoOp@NoOp|NoOp@NoOp|NoOp@NoOp|NoOp@NoOp|NoOp@NoOp|NoOp@NoOp
3322770000:NoOp@NoOp|NoOp@NoOp|NoOp@NoOp|Move(N)@Move(N)|NoOp@NoOp|NoOp@NoOp|NoOp@NoOp|NoOp@NoOp|NoOp@NoOp|NoOp@NoOp
3322830900:NoOp@NoOp|NoOp@NoOp|NoOp@NoOp|Move(N)@Move(N)|NoOp@NoOp|NoOp@NoOp|NoOp@NoOp|NoOp@NoOp|NoOp@NoOp|NoOp@NoOp
3322892000:NoOp@NoOp|NoOp@NoOp|NoOp@NoOp|Move(N)@Move(N)|NoOp@NoOp|NoOp@NoOp|NoOp@NoOp|NoOp@NoOp|NoOp@NoOp|NoOp@NoOp
3322953200:NoOp@NoOp|NoOp@NoOp|NoOp@NoOp|Move(N)@Move(N)|NoOp@NoOp|NoOp@NoOp|NoOp@NoOp|NoOp@NoOp|NoOp@NoOp|NoOp@NoOp
3323015000:NoOp@NoOp|NoOp@NoOp|NoOp@NoOp|Move(N)@Move(N)|NoOp@NoOp|NoOp@NoOp|NoOp@NoOp|NoOp@NoOp|NoOp@NoOp|NoOp@NoOp
3323076000:NoOp@NoOp|NoOp@NoOp|NoOp@NoOp|Move(N)@Move(N)|NoOp@NoOp|NoOp@NoOp|NoOp@NoOp|NoOp@NoOp|NoOp@NoOp|NoOp@NoOp
3323137200:NoOp@NoOp|NoOp@NoOp|NoOp@NoOp|Move(N)@Move(N)|NoOp@NoOp|NoOp@NoOp|NoOp@NoOp|NoOp@NoOp|NoOp@NoOp|NoOp@NoOp
3323197900:NoOp@NoOp|NoOp@NoOp|NoOp@NoOp|Move(N)@Move(N)|NoOp@NoOp|NoOp@NoOp|NoOp@NoOp|NoOp@NoOp|NoOp@NoOp|NoOp@NoOp
3323258700:NoOp@NoOp|NoOp@NoOp|NoOp@NoOp|Move(N)@Move(N)|NoOp@NoOp|NoOp@NoOp|NoOp@NoOp|NoOp@NoOp|NoOp@NoOp|NoOp@NoOp
3323319600:NoOp@NoOp|NoOp@NoOp|NoOp@NoOp|Move(N)@Move(N)|NoOp@NoOp|NoOp@NoOp|NoOp@NoOp|NoOp@NoOp|NoOp@NoOp|NoOp@NoOp
3323380300:NoOp@NoOp|NoOp@NoOp|NoOp@NoOp|Move(N)@Move(N)|NoOp@NoOp|NoOp@NoOp|NoOp@NoOp|NoOp@NoOp|NoOp@NoOp|NoOp@NoOp
3323441100:NoOp@NoOp|NoOp@NoOp|NoOp@NoOp|Move(N)@Move(N)|NoOp@NoOp|NoOp@NoOp|NoOp@NoOp|NoOp@NoOp|NoOp@NoOp|NoOp@NoOp
3323504700:NoOp@NoOp|NoOp@NoOp|NoOp@NoOp|Move(N)@Move(N)|NoOp@NoOp|NoOp@NoOp|NoOp@NoOp|NoOp@NoOp|NoOp@NoOp|NoOp@NoOp
3323565600:NoOp@NoOp|NoOp@NoOp|NoOp@NoOp|Move(W)@Move(W)|NoOp@NoOp|NoOp@NoOp|NoOp@NoOp|NoOp@NoOp|NoOp@NoOp|NoOp@NoOp
3323626500:NoOp@NoOp|NoOp@NoOp|NoOp@NoOp|Move(W)@Move(W)|NoOp@NoOp|NoOp@NoOp|NoOp@NoOp|NoOp@NoOp|NoOp@NoOp|NoOp@NoOp
3323687400:NoOp@NoOp|NoOp@NoOp|NoOp@NoOp|Move(W)@Move(W)|NoOp@NoOp|NoOp@NoOp|NoOp@NoOp|NoOp@NoOp|NoOp@NoOp|NoOp@NoOp
3323748100:NoOp@NoOp|NoOp@NoOp|NoOp@NoOp|NoOp@NoOp|NoOp@NoOp|Move(S)@Move(S)|NoOp@NoOp|NoOp@NoOp|NoOp@NoOp|NoOp@NoOp
3323809100:NoOp@NoOp|NoOp@NoOp|NoOp@NoOp|NoOp@NoOp|NoOp@NoOp|Move(S)@Move(S)|NoOp@NoOp|NoOp@NoOp|NoOp@NoOp|NoOp@NoOp
3323870000:NoOp@NoOp|NoOp@NoOp|NoOp@NoOp|NoOp@NoOp|NoOp@NoOp|Move(S)@Move(S)|NoOp@NoOp|NoOp@NoOp|NoOp@NoOp|NoOp@NoOp
3323930900:NoOp@NoOp|NoOp@NoOp|NoOp@NoOp|NoOp@NoOp|NoOp@NoOp|Move(S)@Move(S)|NoOp@NoOp|NoOp@NoOp|NoOp@NoOp|NoOp@NoOp
3323991600:NoOp@NoOp|NoOp@NoOp|NoOp@NoOp|NoOp@NoOp|NoOp@NoOp|Move(S)@Move(S)|NoOp@NoOp|NoOp@NoOp|NoOp@NoOp|NoOp@NoOp
3324052300:NoOp@NoOp|NoOp@NoOp|NoOp@NoOp|NoOp@NoOp|NoOp@NoOp|Move(S)@Move(S)|NoOp@NoOp|NoOp@NoOp|NoOp@NoOp|NoOp@NoOp
3324127500:NoOp@NoOp|NoOp@NoOp|NoOp@NoOp|NoOp@NoOp|NoOp@NoOp|Move(S)@Move(S)|NoOp@NoOp|NoOp@NoOp|NoOp@NoOp|NoOp@NoOp
3324188400:NoOp@NoOp|NoOp@NoOp|NoOp@NoOp|NoOp@NoOp|NoOp@NoOp|Move(S)@Move(S)|NoOp@NoOp|NoOp@NoOp|NoOp@NoOp|NoOp@NoOp
3324252100:NoOp@NoOp|NoOp@NoOp|NoOp@NoOp|NoOp@NoOp|NoOp@NoOp|Move(S)@Move(S)|NoOp@NoOp|NoOp@NoOp|NoOp@NoOp|NoOp@NoOp
3324313100:NoOp@NoOp|NoOp@NoOp|NoOp@NoOp|NoOp@NoOp|NoOp@NoOp|Move(S)@Move(S)|NoOp@NoOp|NoOp@NoOp|NoOp@NoOp|NoOp@NoOp
3324373800:NoOp@NoOp|NoOp@NoOp|NoOp@NoOp|NoOp@NoOp|NoOp@NoOp|Move(S)@Move(S)|NoOp@NoOp|NoOp@NoOp|NoOp@NoOp|NoOp@NoOp
3324434800:NoOp@NoOp|NoOp@NoOp|NoOp@NoOp|NoOp@NoOp|NoOp@NoOp|Move(S)@Move(S)|NoOp@NoOp|NoOp@NoOp|NoOp@NoOp|NoOp@NoOp
3324495700:NoOp@NoOp|NoOp@NoOp|NoOp@NoOp|NoOp@NoOp|NoOp@NoOp|Move(S)@Move(S)|NoOp@NoOp|NoOp@NoOp|NoOp@NoOp|NoOp@NoOp
3324556300:NoOp@NoOp|NoOp@NoOp|NoOp@NoOp|NoOp@NoOp|NoOp@NoOp|Move(W)@Move(W)|NoOp@NoOp|NoOp@NoOp|NoOp@NoOp|NoOp@NoOp
3324617200:NoOp@NoOp|NoOp@NoOp|NoOp@NoOp|NoOp@NoOp|NoOp@NoOp|Move(W)@Move(W)|NoOp@NoOp|NoOp@NoOp|NoOp@NoOp|NoOp@NoOp
3324678000:NoOp@NoOp|NoOp@NoOp|NoOp@NoOp|NoOp@NoOp|NoOp@NoOp|Move(S)@Move(S)|NoOp@NoOp|NoOp@NoOp|NoOp@NoOp|NoOp@NoOp
3324739000:NoOp@NoOp|NoOp@NoOp|NoOp@NoOp|NoOp@NoOp|NoOp@NoOp|Move(S)@Move(S)|NoOp@NoOp|NoOp@NoOp|NoOp@NoOp|NoOp@NoOp
3324799800:NoOp@NoOp|NoOp@NoOp|NoOp@NoOp|NoOp@NoOp|NoOp@NoOp|Move(E)@Move(E)|NoOp@NoOp|NoOp@NoOp|NoOp@NoOp|NoOp@NoOp
3324860800:NoOp@NoOp|NoOp@NoOp|NoOp@NoOp|NoOp@NoOp|NoOp@NoOp|Move(E)@Move(E)|NoOp@NoOp|NoOp@NoOp|NoOp@NoOp|NoOp@NoOp
3324921500:NoOp@NoOp|NoOp@NoOp|NoOp@NoOp|NoOp@NoOp|NoOp@NoOp|Move(S)@Move(S)|NoOp@NoOp|NoOp@NoOp|NoOp@NoOp|NoOp@NoOp
3324985100:NoOp@NoOp|NoOp@NoOp|NoOp@NoOp|NoOp@NoOp|NoOp@NoOp|Move(S)@Move(S)|NoOp@NoOp|NoOp@NoOp|NoOp@NoOp|NoOp@NoOp
3325046000:NoOp@NoOp|NoOp@NoOp|NoOp@NoOp|NoOp@NoOp|NoOp@NoOp|Move(W)@Move(W)|NoOp@NoOp|NoOp@NoOp|NoOp@NoOp|NoOp@NoOp
3325106800:NoOp@NoOp|NoOp@NoOp|NoOp@NoOp|NoOp@NoOp|NoOp@NoOp|Move(W)@Move(W)|NoOp@NoOp|NoOp@NoOp|NoOp@NoOp|NoOp@NoOp
3325167900:NoOp@NoOp|NoOp@NoOp|NoOp@NoOp|NoOp@NoOp|NoOp@NoOp|Move(S)@Move(S)|NoOp@NoOp|NoOp@NoOp|NoOp@NoOp|NoOp@NoOp
3325228700:NoOp@NoOp|NoOp@NoOp|NoOp@NoOp|NoOp@NoOp|NoOp@NoOp|Move(S)@Move(S)|NoOp@NoOp|NoOp@NoOp|NoOp@NoOp|NoOp@NoOp
3325289800:NoOp@NoOp|NoOp@NoOp|NoOp@NoOp|NoOp@NoOp|NoOp@NoOp|Move(E)@Move(E)|NoOp@NoOp|NoOp@NoOp|NoOp@NoOp|NoOp@NoOp
3325350300:NoOp@NoOp|NoOp@NoOp|NoOp@NoOp|NoOp@NoOp|NoOp@NoOp|Move(E)@Move(E)|NoOp@NoOp|NoOp@NoOp|NoOp@NoOp|NoOp@NoOp
3325411100:NoOp@NoOp|NoOp@NoOp|NoOp@NoOp|NoOp@NoOp|NoOp@NoOp|Move(S)@Move(S)|NoOp@NoOp|NoOp@NoOp|NoOp@NoOp|NoOp@NoOp
3325473100:NoOp@NoOp|NoOp@NoOp|NoOp@NoOp|NoOp@NoOp|NoOp@NoOp|Move(S)@Move(S)|NoOp@NoOp|NoOp@NoOp|NoOp@NoOp|NoOp@NoOp
3325533800:NoOp@NoOp|NoOp@NoOp|NoOp@NoOp|NoOp@NoOp|NoOp@NoOp|Move(W)@Move(W)|NoOp@NoOp|NoOp@NoOp|NoOp@NoOp|NoOp@NoOp
3325594600:NoOp@NoOp|NoOp@NoOp|NoOp@NoOp|NoOp@NoOp|NoOp@NoOp|Move(W)@Move(W)|NoOp@NoOp|NoOp@NoOp|NoOp@NoOp|NoOp@NoOp
3325655100:NoOp@NoOp|NoOp@NoOp|NoOp@NoOp|NoOp@NoOp|NoOp@NoOp|Move(S)@Move(S)|NoOp@NoOp|NoOp@NoOp|NoOp@NoOp|NoOp@NoOp
3325719200:NoOp@NoOp|NoOp@NoOp|NoOp@NoOp|NoOp@NoOp|NoOp@NoOp|Move(S)@Move(S)|NoOp@NoOp|NoOp@NoOp|NoOp@NoOp|NoOp@NoOp
3325780600:NoOp@NoOp|NoOp@NoOp|NoOp@NoOp|NoOp@NoOp|NoOp@NoOp|Move(E)@Move(E)|NoOp@NoOp|NoOp@NoOp|NoOp@NoOp|NoOp@NoOp
3325841600:NoOp@NoOp|NoOp@NoOp|NoOp@NoOp|NoOp@NoOp|NoOp@NoOp|Move(E)@Move(E)|NoOp@NoOp|NoOp@NoOp|NoOp@NoOp|NoOp@NoOp
3325902400:NoOp@NoOp|NoOp@NoOp|NoOp@NoOp|NoOp@NoOp|NoOp@NoOp|Move(S)@Move(S)|NoOp@NoOp|NoOp@NoOp|NoOp@NoOp|NoOp@NoOp
3325963400:NoOp@NoOp|NoOp@NoOp|NoOp@NoOp|NoOp@NoOp|NoOp@NoOp|Move(S)@Move(S)|NoOp@NoOp|NoOp@NoOp|NoOp@NoOp|NoOp@NoOp
3326024300:NoOp@NoOp|NoOp@NoOp|NoOp@NoOp|NoOp@NoOp|NoOp@NoOp|Move(W)@Move(W)|NoOp@NoOp|NoOp@NoOp|NoOp@NoOp|NoOp@NoOp
3326087100:NoOp@NoOp|NoOp@NoOp|NoOp@NoOp|NoOp@NoOp|NoOp@NoOp|Move(W)@Move(W)|NoOp@NoOp|NoOp@NoOp|NoOp@NoOp|NoOp@NoOp
3326147700:NoOp@NoOp|NoOp@NoOp|NoOp@NoOp|NoOp@NoOp|NoOp@NoOp|Move(S)@Move(S)|NoOp@NoOp|NoOp@NoOp|NoOp@NoOp|NoOp@NoOp
3326208600:NoOp@NoOp|NoOp@NoOp|NoOp@NoOp|NoOp@NoOp|NoOp@NoOp|Move(S)@Move(S)|NoOp@NoOp|NoOp@NoOp|NoOp@NoOp|NoOp@NoOp
3326269500:NoOp@NoOp|NoOp@NoOp|NoOp@NoOp|NoOp@NoOp|NoOp@NoOp|Move(S)@Move(S)|NoOp@NoOp|NoOp@NoOp|NoOp@NoOp|NoOp@NoOp
3326330200:NoOp@NoOp|NoOp@NoOp|NoOp@NoOp|NoOp@NoOp|NoOp@NoOp|Move(S)@Move(S)|NoOp@NoOp|NoOp@NoOp|NoOp@NoOp|NoOp@NoOp
3326391400:NoOp@NoOp|NoOp@NoOp|NoOp@NoOp|NoOp@NoOp|NoOp@NoOp|Move(S)@Move(S)|NoOp@NoOp|NoOp@NoOp|NoOp@NoOp|NoOp@NoOp
3326454900:NoOp@NoOp|NoOp@NoOp|NoOp@NoOp|NoOp@NoOp|NoOp@NoOp|Move(S)@Move(S)|NoOp@NoOp|NoOp@NoOp|NoOp@NoOp|NoOp@NoOp
3326515700:NoOp@NoOp|NoOp@NoOp|NoOp@NoOp|NoOp@NoOp|NoOp@NoOp|Move(S)@Move(S)|NoOp@NoOp|NoOp@NoOp|NoOp@NoOp|NoOp@NoOp
3326576500:NoOp@NoOp|NoOp@NoOp|NoOp@NoOp|NoOp@NoOp|NoOp@NoOp|Move(S)@Move(S)|NoOp@NoOp|NoOp@NoOp|NoOp@NoOp|NoOp@NoOp
3326637200:NoOp@NoOp|NoOp@NoOp|NoOp@NoOp|NoOp@NoOp|NoOp@NoOp|Move(S)@Move(S)|NoOp@NoOp|NoOp@NoOp|NoOp@NoOp|NoOp@NoOp
3326698000:NoOp@NoOp|NoOp@NoOp|NoOp@NoOp|NoOp@NoOp|NoOp@NoOp|Move(S)@Move(S)|NoOp@NoOp|NoOp@NoOp|NoOp@NoOp|NoOp@NoOp
3326758600:NoOp@NoOp|NoOp@NoOp|NoOp@NoOp|NoOp@NoOp|NoOp@NoOp|Move(S)@Move(S)|NoOp@NoOp|NoOp@NoOp|NoOp@NoOp|NoOp@NoOp
3326819600:NoOp@NoOp|NoOp@NoOp|NoOp@NoOp|NoOp@NoOp|NoOp@NoOp|Move(S)@Move(S)|NoOp@NoOp|NoOp@NoOp|NoOp@NoOp|NoOp@NoOp
3326880500:NoOp@NoOp|NoOp@NoOp|NoOp@NoOp|NoOp@NoOp|NoOp@NoOp|Move(E)@Move(E)|NoOp@NoOp|NoOp@NoOp|NoOp@NoOp|NoOp@NoOp
3326941400:NoOp@NoOp|NoOp@NoOp|NoOp@NoOp|NoOp@NoOp|NoOp@NoOp|Move(E)@Move(E)|NoOp@NoOp|NoOp@NoOp|NoOp@NoOp|NoOp@NoOp
3327002000:NoOp@NoOp|NoOp@NoOp|NoOp@NoOp|NoOp@NoOp|NoOp@NoOp|Move(E)@Move(E)|NoOp@NoOp|NoOp@NoOp|NoOp@NoOp|NoOp@NoOp
3327062700:NoOp@NoOp|NoOp@NoOp|NoOp@NoOp|NoOp@NoOp|NoOp@NoOp|Move(E)@Move(E)|NoOp@NoOp|NoOp@NoOp|NoOp@NoOp|NoOp@NoOp
3327123700:NoOp@NoOp|NoOp@NoOp|NoOp@NoOp|NoOp@NoOp|NoOp@NoOp|Move(N)@Move(N)|NoOp@NoOp|NoOp@NoOp|NoOp@NoOp|NoOp@NoOp
3327187700:NoOp@NoOp|NoOp@NoOp|NoOp@NoOp|NoOp@NoOp|NoOp@NoOp|Move(E)@Move(E)|NoOp@NoOp|NoOp@NoOp|NoOp@NoOp|NoOp@NoOp
3327248600:NoOp@NoOp|NoOp@NoOp|NoOp@NoOp|NoOp@NoOp|NoOp@NoOp|NoOp@NoOp|NoOp@NoOp|Move(N)@Move(N)|NoOp@NoOp|NoOp@NoOp
3327309600:NoOp@NoOp|NoOp@NoOp|NoOp@NoOp|NoOp@NoOp|NoOp@NoOp|NoOp@NoOp|NoOp@NoOp|Move(W)@Move(W)|NoOp@NoOp|NoOp@NoOp
3327370800:NoOp@NoOp|NoOp@NoOp|NoOp@NoOp|NoOp@NoOp|NoOp@NoOp|NoOp@NoOp|NoOp@NoOp|Move(W)@Move(W)|NoOp@NoOp|NoOp@NoOp
3327431900:NoOp@NoOp|NoOp@NoOp|NoOp@NoOp|NoOp@NoOp|NoOp@NoOp|NoOp@NoOp|NoOp@NoOp|Move(W)@Move(W)|NoOp@NoOp|NoOp@NoOp
3327492700:NoOp@NoOp|NoOp@NoOp|NoOp@NoOp|NoOp@NoOp|NoOp@NoOp|NoOp@NoOp|NoOp@NoOp|Move(W)@Move(W)|NoOp@NoOp|NoOp@NoOp
3327554000:NoOp@NoOp|NoOp@NoOp|NoOp@NoOp|NoOp@NoOp|NoOp@NoOp|NoOp@NoOp|NoOp@NoOp|Move(W)@Move(W)|NoOp@NoOp|NoOp@NoOp
3327614600:NoOp@NoOp|NoOp@NoOp|NoOp@NoOp|NoOp@NoOp|NoOp@NoOp|NoOp@NoOp|NoOp@NoOp|Move(W)@Move(W)|NoOp@NoOp|NoOp@NoOp
3327675500:NoOp@NoOp|NoOp@NoOp|NoOp@NoOp|NoOp@NoOp|NoOp@NoOp|NoOp@NoOp|NoOp@NoOp|Move(W)@Move(W)|NoOp@NoOp|NoOp@NoOp
3327736200:NoOp@NoOp|NoOp@NoOp|NoOp@NoOp|NoOp@NoOp|NoOp@NoOp|NoOp@NoOp|NoOp@NoOp|Move(W)@Move(W)|NoOp@NoOp|NoOp@NoOp
3327796900:NoOp@NoOp|NoOp@NoOp|NoOp@NoOp|NoOp@NoOp|NoOp@NoOp|NoOp@NoOp|NoOp@NoOp|Move(W)@Move(W)|NoOp@NoOp|NoOp@NoOp
3327861200:NoOp@NoOp|NoOp@NoOp|NoOp@NoOp|NoOp@NoOp|NoOp@NoOp|NoOp@NoOp|NoOp@NoOp|Move(W)@Move(W)|NoOp@NoOp|NoOp@NoOp
3327925900:NoOp@NoOp|NoOp@NoOp|NoOp@NoOp|NoOp@NoOp|NoOp@NoOp|NoOp@NoOp|NoOp@NoOp|Move(W)@Move(W)|NoOp@NoOp|NoOp@NoOp
3327987100:NoOp@NoOp|NoOp@NoOp|NoOp@NoOp|NoOp@NoOp|NoOp@NoOp|NoOp@NoOp|NoOp@NoOp|Move(W)@Move(W)|NoOp@NoOp|NoOp@NoOp
3328047900:NoOp@NoOp|NoOp@NoOp|NoOp@NoOp|NoOp@NoOp|NoOp@NoOp|NoOp@NoOp|NoOp@NoOp|Move(W)@Move(W)|NoOp@NoOp|NoOp@NoOp
3328109100:NoOp@NoOp|NoOp@NoOp|NoOp@NoOp|NoOp@NoOp|NoOp@NoOp|NoOp@NoOp|NoOp@NoOp|Move(W)@Move(W)|NoOp@NoOp|NoOp@NoOp
3328169900:NoOp@NoOp|NoOp@NoOp|NoOp@NoOp|NoOp@NoOp|NoOp@NoOp|NoOp@NoOp|NoOp@NoOp|Move(W)@Move(W)|NoOp@NoOp|NoOp@NoOp
3328230900:NoOp@NoOp|NoOp@NoOp|NoOp@NoOp|NoOp@NoOp|NoOp@NoOp|NoOp@NoOp|NoOp@NoOp|Move(W)@Move(W)|NoOp@NoOp|NoOp@NoOp
3328291600:NoOp@NoOp|NoOp@NoOp|NoOp@NoOp|NoOp@NoOp|NoOp@NoOp|NoOp@NoOp|NoOp@NoOp|Move(W)@Move(W)|NoOp@NoOp|NoOp@NoOp
3328352200:NoOp@NoOp|NoOp@NoOp|NoOp@NoOp|NoOp@NoOp|NoOp@NoOp|NoOp@NoOp|NoOp@NoOp|Move(W)@Move(W)|NoOp@NoOp|NoOp@NoOp
3328413200:NoOp@NoOp|NoOp@NoOp|NoOp@NoOp|NoOp@NoOp|NoOp@NoOp|NoOp@NoOp|NoOp@NoOp|Move(W)@Move(W)|NoOp@NoOp|NoOp@NoOp
3328474100:NoOp@NoOp|NoOp@NoOp|NoOp@NoOp|NoOp@NoOp|NoOp@NoOp|NoOp@NoOp|NoOp@NoOp|Move(W)@Move(W)|NoOp@NoOp|NoOp@NoOp
3328535000:NoOp@NoOp|NoOp@NoOp|NoOp@NoOp|NoOp@NoOp|NoOp@NoOp|NoOp@NoOp|NoOp@NoOp|Move(W)@Move(W)|NoOp@NoOp|NoOp@NoOp
3328596200:NoOp@NoOp|NoOp@NoOp|NoOp@NoOp|NoOp@NoOp|NoOp@NoOp|NoOp@NoOp|NoOp@NoOp|Move(W)@Move(W)|NoOp@NoOp|NoOp@NoOp
3328659800:NoOp@NoOp|NoOp@NoOp|NoOp@NoOp|NoOp@NoOp|NoOp@NoOp|NoOp@NoOp|NoOp@NoOp|Move(W)@Move(W)|NoOp@NoOp|NoOp@NoOp
3328720600:NoOp@NoOp|NoOp@NoOp|NoOp@NoOp|NoOp@NoOp|NoOp@NoOp|NoOp@NoOp|NoOp@NoOp|Move(W)@Move(W)|NoOp@NoOp|NoOp@NoOp
3328781600:NoOp@NoOp|NoOp@NoOp|NoOp@NoOp|NoOp@NoOp|NoOp@NoOp|NoOp@NoOp|NoOp@NoOp|Move(W)@Move(W)|NoOp@NoOp|NoOp@NoOp
3328842400:NoOp@NoOp|NoOp@NoOp|NoOp@NoOp|NoOp@NoOp|NoOp@NoOp|NoOp@NoOp|NoOp@NoOp|Move(W)@Move(W)|NoOp@NoOp|NoOp@NoOp
3328903100:NoOp@NoOp|NoOp@NoOp|NoOp@NoOp|NoOp@NoOp|NoOp@NoOp|NoOp@NoOp|NoOp@NoOp|Move(W)@Move(W)|NoOp@NoOp|NoOp@NoOp
3328985700:NoOp@NoOp|NoOp@NoOp|NoOp@NoOp|NoOp@NoOp|NoOp@NoOp|NoOp@NoOp|NoOp@NoOp|Move(N)@Move(N)|NoOp@NoOp|NoOp@NoOp
3329068400:NoOp@NoOp|NoOp@NoOp|NoOp@NoOp|NoOp@NoOp|NoOp@NoOp|NoOp@NoOp|NoOp@NoOp|Move(N)@Move(N)|NoOp@NoOp|NoOp@NoOp
3329141600:NoOp@NoOp|NoOp@NoOp|NoOp@NoOp|NoOp@NoOp|NoOp@NoOp|NoOp@NoOp|NoOp@NoOp|Move(N)@Move(N)|NoOp@NoOp|NoOp@NoOp
3329201800:NoOp@NoOp|NoOp@NoOp|NoOp@NoOp|NoOp@NoOp|NoOp@NoOp|NoOp@NoOp|NoOp@NoOp|Move(N)@Move(N)|NoOp@NoOp|NoOp@NoOp
3329270300:NoOp@NoOp|NoOp@NoOp|NoOp@NoOp|NoOp@NoOp|NoOp@NoOp|NoOp@NoOp|NoOp@NoOp|Move(N)@Move(N)|NoOp@NoOp|NoOp@NoOp
3329332400:NoOp@NoOp|NoOp@NoOp|NoOp@NoOp|NoOp@NoOp|NoOp@NoOp|NoOp@NoOp|NoOp@NoOp|Move(N)@Move(N)|NoOp@NoOp|NoOp@NoOp
3329393400:NoOp@NoOp|NoOp@NoOp|NoOp@NoOp|NoOp@NoOp|NoOp@NoOp|NoOp@NoOp|NoOp@NoOp|Move(N)@Move(N)|NoOp@NoOp|NoOp@NoOp
3329457000:NoOp@NoOp|NoOp@NoOp|NoOp@NoOp|NoOp@NoOp|NoOp@NoOp|NoOp@NoOp|NoOp@NoOp|Move(E)@Move(E)|NoOp@NoOp|NoOp@NoOp
3329517900:NoOp@NoOp|NoOp@NoOp|NoOp@NoOp|NoOp@NoOp|NoOp@NoOp|NoOp@NoOp|NoOp@NoOp|Move(E)@Move(E)|NoOp@NoOp|NoOp@NoOp
3329579000:NoOp@NoOp|NoOp@NoOp|NoOp@NoOp|NoOp@NoOp|NoOp@NoOp|NoOp@NoOp|NoOp@NoOp|Move(S)@Move(S)|NoOp@NoOp|NoOp@NoOp
3329640200:NoOp@NoOp|NoOp@NoOp|NoOp@NoOp|NoOp@NoOp|NoOp@NoOp|NoOp@NoOp|NoOp@NoOp|Move(E)@Move(E)|NoOp@NoOp|NoOp@NoOp
3329700900:NoOp@NoOp|NoOp@NoOp|NoOp@NoOp|NoOp@NoOp|NoOp@NoOp|NoOp@NoOp|NoOp@NoOp|Move(E)@Move(E)|NoOp@NoOp|NoOp@NoOp
3329761900:NoOp@NoOp|NoOp@NoOp|NoOp@NoOp|NoOp@NoOp|NoOp@NoOp|NoOp@NoOp|NoOp@NoOp|Move(E)@Move(E)|NoOp@NoOp|NoOp@NoOp
3329822700:NoOp@NoOp|NoOp@NoOp|NoOp@NoOp|NoOp@NoOp|NoOp@NoOp|NoOp@NoOp|NoOp@NoOp|Move(E)@Move(E)|NoOp@NoOp|NoOp@NoOp
3329883900:NoOp@NoOp|NoOp@NoOp|NoOp@NoOp|NoOp@NoOp|NoOp@NoOp|NoOp@NoOp|NoOp@NoOp|Move(E)@Move(E)|NoOp@NoOp|NoOp@NoOp
3329944900:NoOp@NoOp|NoOp@NoOp|NoOp@NoOp|NoOp@NoOp|NoOp@NoOp|NoOp@NoOp|NoOp@NoOp|Move(E)@Move(E)|NoOp@NoOp|NoOp@NoOp
3330006400:NoOp@NoOp|NoOp@NoOp|NoOp@NoOp|NoOp@NoOp|NoOp@NoOp|NoOp@NoOp|NoOp@NoOp|Move(E)@Move(E)|NoOp@NoOp|NoOp@NoOp
3330067400:NoOp@NoOp|NoOp@NoOp|NoOp@NoOp|NoOp@NoOp|NoOp@NoOp|NoOp@NoOp|NoOp@NoOp|Move(E)@Move(E)|NoOp@NoOp|NoOp@NoOp
3330128200:NoOp@NoOp|NoOp@NoOp|NoOp@NoOp|NoOp@NoOp|NoOp@NoOp|NoOp@NoOp|NoOp@NoOp|Move(E)@Move(E)|NoOp@NoOp|NoOp@NoOp
3330191800:NoOp@NoOp|NoOp@NoOp|NoOp@NoOp|NoOp@NoOp|NoOp@NoOp|NoOp@NoOp|NoOp@NoOp|Move(E)@Move(E)|NoOp@NoOp|NoOp@NoOp
3330252900:NoOp@NoOp|NoOp@NoOp|NoOp@NoOp|NoOp@NoOp|NoOp@NoOp|NoOp@NoOp|NoOp@NoOp|Move(E)@Move(E)|NoOp@NoOp|NoOp@NoOp
3330313700:NoOp@NoOp|NoOp@NoOp|NoOp@NoOp|NoOp@NoOp|NoOp@NoOp|NoOp@NoOp|NoOp@NoOp|Move(E)@Move(E)|NoOp@NoOp|NoOp@NoOp
3330374600:NoOp@NoOp|NoOp@NoOp|NoOp@NoOp|NoOp@NoOp|NoOp@NoOp|NoOp@NoOp|NoOp@NoOp|Move(E)@Move(E)|NoOp@NoOp|NoOp@NoOp
3330436500:NoOp@NoOp|NoOp@NoOp|NoOp@NoOp|NoOp@NoOp|NoOp@NoOp|NoOp@NoOp|NoOp@NoOp|Move(E)@Move(E)|NoOp@NoOp|NoOp@NoOp
3330497200:NoOp@NoOp|NoOp@NoOp|NoOp@NoOp|NoOp@NoOp|NoOp@NoOp|NoOp@NoOp|NoOp@NoOp|Move(E)@Move(E)|NoOp@NoOp|NoOp@NoOp
3330557800:NoOp@NoOp|NoOp@NoOp|NoOp@NoOp|NoOp@NoOp|NoOp@NoOp|NoOp@NoOp|NoOp@NoOp|Move(E)@Move(E)|NoOp@NoOp|NoOp@NoOp
3330618700:NoOp@NoOp|NoOp@NoOp|NoOp@NoOp|NoOp@NoOp|NoOp@NoOp|NoOp@NoOp|NoOp@NoOp|Move(E)@Move(E)|NoOp@NoOp|NoOp@NoOp
3330679700:NoOp@NoOp|NoOp@NoOp|NoOp@NoOp|NoOp@NoOp|NoOp@NoOp|NoOp@NoOp|NoOp@NoOp|Move(E)@Move(E)|NoOp@NoOp|NoOp@NoOp
3330740600:NoOp@NoOp|NoOp@NoOp|NoOp@NoOp|NoOp@NoOp|NoOp@NoOp|NoOp@NoOp|NoOp@NoOp|Move(E)@Move(E)|NoOp@NoOp|NoOp@NoOp
3330801600:NoOp@NoOp|NoOp@NoOp|NoOp@NoOp|NoOp@NoOp|NoOp@NoOp|NoOp@NoOp|NoOp@NoOp|Move(N)@Move(N)|NoOp@NoOp|NoOp@NoOp
3330862400:NoOp@NoOp|NoOp@NoOp|NoOp@NoOp|NoOp@NoOp|NoOp@NoOp|NoOp@NoOp|NoOp@NoOp|Move(E)@Move(E)|NoOp@NoOp|NoOp@NoOp
3330926100:NoOp@NoOp|NoOp@NoOp|NoOp@NoOp|NoOp@NoOp|NoOp@NoOp|NoOp@NoOp|NoOp@NoOp|Move(E)@Move(E)|NoOp@NoOp|NoOp@NoOp
3330987400:NoOp@NoOp|NoOp@NoOp|NoOp@NoOp|NoOp@NoOp|NoOp@NoOp|NoOp@NoOp|NoOp@NoOp|Move(E)@Move(E)|NoOp@NoOp|NoOp@NoOp
3331048200:NoOp@NoOp|NoOp@NoOp|NoOp@NoOp|NoOp@NoOp|NoOp@NoOp|NoOp@NoOp|NoOp@NoOp|Move(E)@Move(E)|NoOp@NoOp|NoOp@NoOp
3331109400:NoOp@NoOp|NoOp@NoOp|NoOp@NoOp|NoOp@NoOp|NoOp@NoOp|NoOp@NoOp|NoOp@NoOp|Move(E)@Move(E)|NoOp@NoOp|NoOp@NoOp
3331170300:NoOp@NoOp|NoOp@NoOp|NoOp@NoOp|NoOp@NoOp|NoOp@NoOp|NoOp@NoOp|NoOp@NoOp|Move(E)@Move(E)|NoOp@NoOp|NoOp@NoOp
3331231400:NoOp@NoOp|NoOp@NoOp|NoOp@NoOp|NoOp@NoOp|NoOp@NoOp|NoOp@NoOp|NoOp@NoOp|Move(E)@Move(E)|NoOp@NoOp|NoOp@NoOp
3331292300:NoOp@NoOp|NoOp@NoOp|NoOp@NoOp|NoOp@NoOp|NoOp@NoOp|NoOp@NoOp|NoOp@NoOp|Move(E)@Move(E)|NoOp@NoOp|NoOp@NoOp
3331352800:NoOp@NoOp|NoOp@NoOp|NoOp@NoOp|NoOp@NoOp|NoOp@NoOp|NoOp@NoOp|NoOp@NoOp|Move(E)@Move(E)|NoOp@NoOp|NoOp@NoOp
3331413800:NoOp@NoOp|NoOp@NoOp|NoOp@NoOp|NoOp@NoOp|NoOp@NoOp|NoOp@NoOp|NoOp@NoOp|Move(E)@Move(E)|NoOp@NoOp|NoOp@NoOp
3331474600:NoOp@NoOp|NoOp@NoOp|NoOp@NoOp|NoOp@NoOp|NoOp@NoOp|NoOp@NoOp|NoOp@NoOp|Move(E)@Move(E)|NoOp@NoOp|NoOp@NoOp
3331535500:NoOp@NoOp|NoOp@NoOp|NoOp@NoOp|NoOp@NoOp|NoOp@NoOp|NoOp@NoOp|NoOp@NoOp|Move(E)@Move(E)|NoOp@NoOp|NoOp@NoOp
3331596300:NoOp@NoOp|NoOp@NoOp|NoOp@NoOp|NoOp@NoOp|NoOp@NoOp|NoOp@NoOp|NoOp@NoOp|Move(E)@Move(E)|NoOp@NoOp|NoOp@NoOp
3331659900:NoOp@NoOp|NoOp@NoOp|NoOp@NoOp|NoOp@NoOp|NoOp@NoOp|NoOp@NoOp|NoOp@NoOp|Move(E)@Move(E)|NoOp@NoOp|NoOp@NoOp
3331720400:NoOp@NoOp|NoOp@NoOp|NoOp@NoOp|NoOp@NoOp|NoOp@NoOp|NoOp@NoOp|NoOp@NoOp|Move(S)@Move(S)|NoOp@NoOp|NoOp@NoOp
3331781200:NoOp@NoOp|NoOp@NoOp|NoOp@NoOp|NoOp@NoOp|NoOp@NoOp|NoOp@NoOp|NoOp@NoOp|Move(S)@Move(S)|NoOp@NoOp|NoOp@NoOp
3331842000:NoOp@NoOp|NoOp@NoOp|NoOp@NoOp|NoOp@NoOp|NoOp@NoOp|NoOp@NoOp|NoOp@NoOp|Move(S)@Move(S)|NoOp@NoOp|NoOp@NoOp
3331902800:NoOp@NoOp|NoOp@NoOp|NoOp@NoOp|NoOp@NoOp|NoOp@NoOp|NoOp@NoOp|NoOp@NoOp|Move(S)@Move(S)|NoOp@NoOp|NoOp@NoOp
3331964200:NoOp@NoOp|NoOp@NoOp|NoOp@NoOp|NoOp@NoOp|NoOp@NoOp|NoOp@NoOp|NoOp@NoOp|Move(S)@Move(S)|NoOp@NoOp|NoOp@NoOp
3332025500:NoOp@NoOp|NoOp@NoOp|NoOp@NoOp|NoOp@NoOp|NoOp@NoOp|NoOp@NoOp|NoOp@NoOp|Move(S)@Move(S)|NoOp@NoOp|NoOp@NoOp
3332092400:NoOp@NoOp|NoOp@NoOp|NoOp@NoOp|NoOp@NoOp|NoOp@NoOp|NoOp@NoOp|NoOp@NoOp|Move(S)@Move(S)|NoOp@NoOp|NoOp@NoOp
3332150900:NoOp@NoOp|NoOp@NoOp|NoOp@NoOp|NoOp@NoOp|NoOp@NoOp|NoOp@NoOp|NoOp@NoOp|Move(S)@Move(S)|NoOp@NoOp|NoOp@NoOp
3332212000:NoOp@NoOp|NoOp@NoOp|NoOp@NoOp|NoOp@NoOp|NoOp@NoOp|NoOp@NoOp|NoOp@NoOp|Move(S)@Move(S)|NoOp@NoOp|NoOp@NoOp
3332272800:NoOp@NoOp|NoOp@NoOp|NoOp@NoOp|NoOp@NoOp|NoOp@NoOp|NoOp@NoOp|NoOp@NoOp|Move(S)@Move(S)|NoOp@NoOp|NoOp@NoOp
3332333800:NoOp@NoOp|NoOp@NoOp|NoOp@NoOp|NoOp@NoOp|NoOp@NoOp|NoOp@NoOp|NoOp@NoOp|Move(S)@Move(S)|NoOp@NoOp|NoOp@NoOp
3332397800:NoOp@NoOp|NoOp@NoOp|NoOp@NoOp|NoOp@NoOp|NoOp@NoOp|NoOp@NoOp|NoOp@NoOp|Move(S)@Move(S)|NoOp@NoOp|NoOp@NoOp
3332458500:NoOp@NoOp|NoOp@NoOp|NoOp@NoOp|NoOp@NoOp|NoOp@NoOp|NoOp@NoOp|NoOp@NoOp|Move(S)@Move(S)|NoOp@NoOp|NoOp@NoOp
3332521400:NoOp@NoOp|NoOp@NoOp|NoOp@NoOp|NoOp@NoOp|NoOp@NoOp|NoOp@NoOp|NoOp@NoOp|Move(S)@Move(S)|NoOp@NoOp|NoOp@NoOp
3332582300:NoOp@NoOp|NoOp@NoOp|NoOp@NoOp|NoOp@NoOp|NoOp@NoOp|NoOp@NoOp|NoOp@NoOp|Move(E)@Move(E)|NoOp@NoOp|NoOp@NoOp
3332643400:NoOp@NoOp|NoOp@NoOp|NoOp@NoOp|NoOp@NoOp|NoOp@NoOp|NoOp@NoOp|NoOp@NoOp|Move(E)@Move(E)|NoOp@NoOp|NoOp@NoOp
3332704200:NoOp@NoOp|NoOp@NoOp|NoOp@NoOp|NoOp@NoOp|NoOp@NoOp|NoOp@NoOp|NoOp@NoOp|Move(S)@Move(S)|NoOp@NoOp|NoOp@NoOp
3332765100:NoOp@NoOp|NoOp@NoOp|NoOp@NoOp|NoOp@NoOp|NoOp@NoOp|NoOp@NoOp|NoOp@NoOp|Move(S)@Move(S)|NoOp@NoOp|NoOp@NoOp
3332825900:NoOp@NoOp|NoOp@NoOp|NoOp@NoOp|NoOp@NoOp|NoOp@NoOp|NoOp@NoOp|NoOp@NoOp|Move(W)@Move(W)|NoOp@NoOp|NoOp@NoOp
3332887000:NoOp@NoOp|NoOp@NoOp|NoOp@NoOp|NoOp@NoOp|NoOp@NoOp|NoOp@NoOp|NoOp@NoOp|Move(W)@Move(W)|NoOp@NoOp|NoOp@NoOp
3332949000:NoOp@NoOp|NoOp@NoOp|NoOp@NoOp|NoOp@NoOp|NoOp@NoOp|NoOp@NoOp|NoOp@NoOp|Move(S)@Move(S)|NoOp@NoOp|NoOp@NoOp
3333010300:NoOp@NoOp|NoOp@NoOp|NoOp@NoOp|NoOp@NoOp|NoOp@NoOp|NoOp@NoOp|NoOp@NoOp|Move(S)@Move(S)|NoOp@NoOp|NoOp@NoOp
3333070900:NoOp@NoOp|NoOp@NoOp|NoOp@NoOp|NoOp@NoOp|NoOp@NoOp|NoOp@NoOp|NoOp@NoOp|Move(E)@Move(E)|NoOp@NoOp|NoOp@NoOp
3333134700:NoOp@NoOp|NoOp@NoOp|NoOp@NoOp|NoOp@NoOp|NoOp@NoOp|NoOp@NoOp|NoOp@NoOp|Move(E)@Move(E)|NoOp@NoOp|NoOp@NoOp
3333198800:NoOp@NoOp|NoOp@NoOp|NoOp@NoOp|NoOp@NoOp|NoOp@NoOp|NoOp@NoOp|NoOp@NoOp|Move(S)@Move(S)|NoOp@NoOp|NoOp@NoOp
3333259900:NoOp@NoOp|NoOp@NoOp|NoOp@NoOp|NoOp@NoOp|NoOp@NoOp|NoOp@NoOp|NoOp@NoOp|Move(S)@Move(S)|NoOp@NoOp|NoOp@NoOp
3333320900:NoOp@NoOp|NoOp@NoOp|NoOp@NoOp|NoOp@NoOp|NoOp@NoOp|NoOp@NoOp|NoOp@NoOp|Move(W)@Move(W)|NoOp@NoOp|NoOp@NoOp
3333381300:NoOp@NoOp|NoOp@NoOp|NoOp@NoOp|NoOp@NoOp|NoOp@NoOp|NoOp@NoOp|NoOp@NoOp|Move(W)@Move(W)|NoOp@NoOp|NoOp@NoOp
3333442300:NoOp@NoOp|NoOp@NoOp|NoOp@NoOp|NoOp@NoOp|NoOp@NoOp|NoOp@NoOp|NoOp@NoOp|Move(S)@Move(S)|NoOp@NoOp|NoOp@NoOp
3333503100:NoOp@NoOp|NoOp@NoOp|NoOp@NoOp|NoOp@NoOp|NoOp@NoOp|NoOp@NoOp|NoOp@NoOp|Move(S)@Move(S)|NoOp@NoOp|NoOp@NoOp
3333563800:NoOp@NoOp|NoOp@NoOp|NoOp@NoOp|NoOp@NoOp|NoOp@NoOp|NoOp@NoOp|NoOp@NoOp|Move(E)@Move(E)|NoOp@NoOp|NoOp@NoOp
3333624800:NoOp@NoOp|NoOp@NoOp|NoOp@NoOp|NoOp@NoOp|NoOp@NoOp|NoOp@NoOp|NoOp@NoOp|Move(E)@Move(E)|NoOp@NoOp|NoOp@NoOp
3333685400:NoOp@NoOp|NoOp@NoOp|NoOp@NoOp|NoOp@NoOp|NoOp@NoOp|NoOp@NoOp|NoOp@NoOp|Move(S)@Move(S)|NoOp@NoOp|NoOp@NoOp
3333746400:NoOp@NoOp|NoOp@NoOp|NoOp@NoOp|NoOp@NoOp|NoOp@NoOp|NoOp@NoOp|NoOp@NoOp|Move(S)@Move(S)|NoOp@NoOp|NoOp@NoOp
3333807000:NoOp@NoOp|NoOp@NoOp|NoOp@NoOp|NoOp@NoOp|NoOp@NoOp|NoOp@NoOp|NoOp@NoOp|Move(W)@Move(W)|NoOp@NoOp|NoOp@NoOp
3333870800:NoOp@NoOp|NoOp@NoOp|NoOp@NoOp|NoOp@NoOp|NoOp@NoOp|NoOp@NoOp|NoOp@NoOp|Move(W)@Move(W)|NoOp@NoOp|NoOp@NoOp
3333931700:NoOp@NoOp|NoOp@NoOp|NoOp@NoOp|NoOp@NoOp|NoOp@NoOp|NoOp@NoOp|NoOp@NoOp|Move(S)@Move(S)|NoOp@NoOp|NoOp@NoOp
3333992700:NoOp@NoOp|NoOp@NoOp|NoOp@NoOp|NoOp@NoOp|NoOp@NoOp|NoOp@NoOp|NoOp@NoOp|Move(S)@Move(S)|NoOp@NoOp|NoOp@NoOp
3334053300:NoOp@NoOp|NoOp@NoOp|NoOp@NoOp|NoOp@NoOp|NoOp@NoOp|NoOp@NoOp|NoOp@NoOp|Move(E)@Move(E)|NoOp@NoOp|NoOp@NoOp
3334114400:NoOp@NoOp|NoOp@NoOp|NoOp@NoOp|NoOp@NoOp|NoOp@NoOp|NoOp@NoOp|NoOp@NoOp|Move(E)@Move(E)|NoOp@NoOp|NoOp@NoOp
3334175400:NoOp@NoOp|NoOp@NoOp|NoOp@NoOp|NoOp@NoOp|NoOp@NoOp|NoOp@NoOp|NoOp@NoOp|Move(S)@Move(S)|NoOp@NoOp|NoOp@NoOp
3334236200:NoOp@NoOp|NoOp@NoOp|NoOp@NoOp|NoOp@NoOp|NoOp@NoOp|NoOp@NoOp|NoOp@NoOp|Move(S)@Move(S)|NoOp@NoOp|NoOp@NoOp
3334297100:NoOp@NoOp|NoOp@NoOp|NoOp@NoOp|NoOp@NoOp|NoOp@NoOp|NoOp@NoOp|NoOp@NoOp|Move(S)@Move(S)|NoOp@NoOp|NoOp@NoOp
3334357800:NoOp@NoOp|NoOp@NoOp|NoOp@NoOp|NoOp@NoOp|NoOp@NoOp|NoOp@NoOp|NoOp@NoOp|Move(S)@Move(S)|NoOp@NoOp|NoOp@NoOp
3334418600:NoOp@NoOp|NoOp@NoOp|NoOp@NoOp|NoOp@NoOp|NoOp@NoOp|NoOp@NoOp|NoOp@NoOp|Move(S)@Move(S)|NoOp@NoOp|NoOp@NoOp
3334479900:NoOp@NoOp|NoOp@NoOp|NoOp@NoOp|NoOp@NoOp|NoOp@NoOp|NoOp@NoOp|NoOp@NoOp|Move(S)@Move(S)|NoOp@NoOp|NoOp@NoOp
3334540800:NoOp@NoOp|NoOp@NoOp|NoOp@NoOp|NoOp@NoOp|NoOp@NoOp|NoOp@NoOp|NoOp@NoOp|Move(S)@Move(S)|NoOp@NoOp|NoOp@NoOp
3334604200:NoOp@NoOp|NoOp@NoOp|NoOp@NoOp|NoOp@NoOp|NoOp@NoOp|NoOp@NoOp|NoOp@NoOp|Move(S)@Move(S)|NoOp@NoOp|NoOp@NoOp
3334664800:NoOp@NoOp|NoOp@NoOp|NoOp@NoOp|NoOp@NoOp|NoOp@NoOp|NoOp@NoOp|NoOp@NoOp|Move(S)@Move(S)|NoOp@NoOp|NoOp@NoOp
3334725500:NoOp@NoOp|NoOp@NoOp|NoOp@NoOp|NoOp@NoOp|NoOp@NoOp|NoOp@NoOp|NoOp@NoOp|Move(S)@Move(S)|NoOp@NoOp|NoOp@NoOp
3334786000:NoOp@NoOp|NoOp@NoOp|NoOp@NoOp|NoOp@NoOp|NoOp@NoOp|NoOp@NoOp|NoOp@NoOp|Move(S)@Move(S)|NoOp@NoOp|NoOp@NoOp
3334846800:NoOp@NoOp|NoOp@NoOp|NoOp@NoOp|NoOp@NoOp|NoOp@NoOp|NoOp@NoOp|NoOp@NoOp|Move(W)@Move(W)|NoOp@NoOp|NoOp@NoOp
3334907800:NoOp@NoOp|NoOp@NoOp|NoOp@NoOp|NoOp@NoOp|NoOp@NoOp|NoOp@NoOp|NoOp@NoOp|Move(W)@Move(W)|NoOp@NoOp|NoOp@NoOp
3334968900:NoOp@NoOp|NoOp@NoOp|NoOp@NoOp|NoOp@NoOp|NoOp@NoOp|NoOp@NoOp|NoOp@NoOp|Move(W)@Move(W)|NoOp@NoOp|NoOp@NoOp
#end
#solved
true
#numactions
1660
#time
3334968900
#end
