#domain
hospital
#levelname
PinWheel
#colors
red: 0,A,B,C,D,E,F
blue: 1,G,H,I,J,K,L
green: 2,M,N,O,P,Q,R
orange: 3,S,T,U,V,W,X
#initial
+++++++++++++++++++++++++++++++++++++++++++
+++++++++++++++++++++++++++++++++++++++++++
+++++++++++++++++++++++++++++++++++++++++++
++      G     +++++++++++++++     M      ++
+++++++++++++ +++++++++++++++ +++++++++++++
+++++++++++++ +++++++++++++++ +++++++++++++
++++++++++       +++++++++       ++++++++++
++++++++++       +++++++++       ++++++++++
++++++++++       +++++++++       ++++++++++
+++++++++++++ +++++++++++++++ +++++++++++++
+++++++++++++ 3      +      2 +++++++++++++
++++++++++++++ T U V   N O P ++++++++++++++
++++++++++++++ W X   + Q R   ++++++++++++++
++++++++++++++ ++ +++++++ ++ ++++++++++++++
++++++++++++++ K L   + E F   ++++++++++++++
++++++++++++++ H I J   B C D ++++++++++++++
+++++++++++++ 1      +      0 +++++++++++++
+++++++++++++ +++++++++++++++ +++++++++++++
++++++++++       +++++++++       ++++++++++
++++++++++       +++++++++       ++++++++++
++++++++++       +++++++++       ++++++++++
+++++++++++++ +++++++++++++++ +++++++++++++
+++++++++++++ +++++++++++++++ +++++++++++++
++      S     +++++++++++++++     A      ++
+++++++++++++++++++++++++++++++++++++++++++
+++++++++++++++++++++++++++++++++++++++++++
+++++++++++++++++++++++++++++++++++++++++++
#goal
+++++++++++++++++++++++++++++++++++++++++++
+++++++++++++++++++++++++++++++++++++++++++
+++++++++++++++++++++++++++++++++++++++++++
++ABCDEF      +++++++++++++++      GHIJKL++
+++++++++++++ +++++++++++++++ +++++++++++++
+++++++++++++ +++++++++++++++ +++++++++++++
++++++++++       +++++++++       ++++++++++
++++++++++       +++++++++       ++++++++++
++++++++++       +++++++++       ++++++++++
+++++++++++++ +++++++++++++++ +++++++++++++
+++++++++++++        +        +++++++++++++
++++++++++++++               ++++++++++++++
++++++++++++++       +       ++++++++++++++
++++++++++++++ ++ +++++++ ++ ++++++++++++++
++++++++++++++       +       ++++++++++++++
++++++++++++++               ++++++++++++++
+++++++++++++        +        +++++++++++++
+++++++++++++ +++++++++++++++ +++++++++++++
++++++++++       +++++++++       ++++++++++
++++++++++       +++++++++       ++++++++++
++++++++++       +++++++++       ++++++++++
+++++++++++++ +++++++++++++++ +++++++++++++
+++++++++++++ +++++++++++++++ +++++++++++++
++MNOPQR      +++++++++++++++      STUVWX++
+++++++++++++++++++++++++++++++++++++++++++
+++++++++++++++++++++++++++++++++++++++++++
+++++++++++++++++++++++++++++++++++++++++++
#end
#clientname
Dracarys
#actions
16201022500:NoOp@NoOp|NoOp@NoOp|NoOp@NoOp|Move(S)@Move(S)
16201123000:NoOp@NoOp|Move(N)@Move(N)|NoOp@NoOp|NoOp@NoOp
16201240500:Move(N)@Move(N)|NoOp@NoOp|NoOp@NoOp|NoOp@NoOp
16201305300:Move(N)@Move(N)|NoOp@NoOp|NoOp@NoOp|NoOp@NoOp
16201424500:Move(W)@Move(W)|NoOp@NoOp|NoOp@NoOp|NoOp@NoOp
16201535000:Move(W)@Move(W)|NoOp@NoOp|NoOp@NoOp|NoOp@NoOp
16201642400:Push(W,N)@Push(W,N)|NoOp@NoOp|NoOp@NoOp|NoOp@NoOp
16201720000:Move(E)@Move(E)|NoOp@NoOp|NoOp@NoOp|NoOp@NoOp
16201800600:NoOp@NoOp|NoOp@NoOp|Move(S)@Move(S)|NoOp@NoOp
16201872700:NoOp@NoOp|NoOp@NoOp|Move(S)@Move(S)|NoOp@NoOp
16201941600:NoOp@NoOp|NoOp@NoOp|Move(W)@Move(W)|NoOp@NoOp
16202010100:NoOp@NoOp|NoOp@NoOp|Move(W)@Move(W)|NoOp@NoOp
16202080500:NoOp@NoOp|NoOp@NoOp|Push(W,W)@Push(W,W)|NoOp@NoOp
16202151400:NoOp@NoOp|NoOp@NoOp|Move(E)@Move(E)|NoOp@NoOp
16202226600:NoOp@NoOp|NoOp@NoOp|Move(N)@Move(N)|NoOp@NoOp
16202292700:NoOp@NoOp|NoOp@NoOp|Push(E,N)@Push(E,N)|NoOp@NoOp
16202355000:NoOp@NoOp|NoOp@NoOp|Move(S)@Move(S)|NoOp@NoOp
16202416200:Move(W)@Move(W)|NoOp@NoOp|NoOp@NoOp|NoOp@NoOp
16202476500:Push(N,N)@Push(N,N)|NoOp@NoOp|NoOp@NoOp|NoOp@NoOp
16202536800:Move(S)@Move(S)|NoOp@NoOp|NoOp@NoOp|NoOp@NoOp
16202596100:Move(E)@Move(E)|NoOp@NoOp|NoOp@NoOp|NoOp@NoOp
16202655700:NoOp@NoOp|NoOp@NoOp|Move(N)@Move(N)|NoOp@NoOp
16202754600:NoOp@NoOp|NoOp@NoOp|Move(W)@Move(W)|NoOp@NoOp
16202857200:NoOp@NoOp|NoOp@NoOp|Push(W,N)@Push(W,N)|NoOp@NoOp
16202969100:NoOp@NoOp|NoOp@NoOp|Move(E)@Move(E)|NoOp@NoOp
16203058700:NoOp@NoOp|NoOp@NoOp|Move(N)@Move(N)|NoOp@NoOp
16203140100:NoOp@NoOp|NoOp@NoOp|Move(S)@Move(S)|NoOp@NoOp
16203243500:NoOp@NoOp|NoOp@NoOp|NoOp@NoOp|Move(N)@Move(N)
16203337600:NoOp@NoOp|NoOp@NoOp|NoOp@NoOp|Move(E)@Move(E)
16203414100:NoOp@NoOp|NoOp@NoOp|NoOp@NoOp|Move(E)@Move(E)
16203486300:NoOp@NoOp|NoOp@NoOp|NoOp@NoOp|Move(S)@Move(S)
16203558500:NoOp@NoOp|NoOp@NoOp|NoOp@NoOp|Move(S)@Move(S)
16203631800:NoOp@NoOp|NoOp@NoOp|NoOp@NoOp|Pull(N,W)@Pull(N,W)
16203716400:NoOp@NoOp|Move(S)@Move(S)|NoOp@NoOp|NoOp@NoOp
16203792200:NoOp@NoOp|Move(E)@Move(E)|NoOp@NoOp|NoOp@NoOp
16203878700:NoOp@NoOp|Move(E)@Move(E)|NoOp@NoOp|NoOp@NoOp
16203955800:NoOp@NoOp|Move(N)@Move(N)|NoOp@NoOp|NoOp@NoOp
16204032800:NoOp@NoOp|Move(N)@Move(N)|NoOp@NoOp|NoOp@NoOp
16204107200:NoOp@NoOp|Push(E,N)@Push(E,N)|NoOp@NoOp|NoOp@NoOp
16204179100:NoOp@NoOp|NoOp@NoOp|NoOp@NoOp|Move(N)@Move(N)
16204248500:NoOp@NoOp|NoOp@NoOp|NoOp@NoOp|Move(E)@Move(E)
16204316100:NoOp@NoOp|NoOp@NoOp|NoOp@NoOp|Move(E)@Move(E)
16204394000:NoOp@NoOp|NoOp@NoOp|NoOp@NoOp|Move(S)@Move(S)
16204453000:NoOp@NoOp|NoOp@NoOp|NoOp@NoOp|Move(S)@Move(S)
16204511900:NoOp@NoOp|NoOp@NoOp|Move(W)@Move(W)|NoOp@NoOp
16204585800:NoOp@NoOp|NoOp@NoOp|Move(W)@Move(W)|NoOp@NoOp
16204652700:NoOp@NoOp|NoOp@NoOp|Push(W,N)@Push(W,N)|NoOp@NoOp
16204712200:NoOp@NoOp|NoOp@NoOp|Move(E)@Move(E)|NoOp@NoOp
16204769700:NoOp@NoOp|NoOp@NoOp|Move(N)@Move(N)|NoOp@NoOp
16204835700:NoOp@NoOp|NoOp@NoOp|Move(S)@Move(S)|NoOp@NoOp
16204920000:NoOp@NoOp|Move(E)@Move(E)|NoOp@NoOp|NoOp@NoOp
16204971800:NoOp@NoOp|NoOp@NoOp|NoOp@NoOp|Move(W)@Move(W)
16205031800:NoOp@NoOp|NoOp@NoOp|NoOp@NoOp|Push(W,N)@Push(W,N)
16205100500:NoOp@NoOp|NoOp@NoOp|NoOp@NoOp|Push(W,W)@Push(W,W)
16205162600:NoOp@NoOp|NoOp@NoOp|NoOp@NoOp|Push(N,W)@Push(N,W)
16205227600:NoOp@NoOp|NoOp@NoOp|NoOp@NoOp|Move(N)@Move(N)
16205287100:NoOp@NoOp|Move(S)@Move(S)|NoOp@NoOp|NoOp@NoOp
16205352800:NoOp@NoOp|NoOp@NoOp|NoOp@NoOp|Move(S)@Move(S)
16205412200:NoOp@NoOp|Move(N)@Move(N)|NoOp@NoOp|NoOp@NoOp
16205471700:NoOp@NoOp|NoOp@NoOp|NoOp@NoOp|Move(N)@Move(N)
16205530800:NoOp@NoOp|NoOp@NoOp|NoOp@NoOp|Move(E)@Move(E)
16205589600:NoOp@NoOp|NoOp@NoOp|NoOp@NoOp|Move(E)@Move(E)
16205648800:NoOp@NoOp|NoOp@NoOp|NoOp@NoOp|Push(S,E)@Push(S,E)
16205708100:NoOp@NoOp|NoOp@NoOp|NoOp@NoOp|Move(N)@Move(N)
16205767100:NoOp@NoOp|Move(W)@Move(W)|NoOp@NoOp|NoOp@NoOp
16205826200:NoOp@NoOp|Push(N,N)@Push(N,N)|NoOp@NoOp|NoOp@NoOp
16205885500:NoOp@NoOp|Push(N,W)@Push(N,W)|NoOp@NoOp|NoOp@NoOp
16205945000:Move(S)@Move(S)|NoOp@NoOp|NoOp@NoOp|NoOp@NoOp
16206004800:Push(W,N)@Push(W,N)|NoOp@NoOp|NoOp@NoOp|NoOp@NoOp
16206064300:NoOp@NoOp|NoOp@NoOp|Move(N)@Move(N)|NoOp@NoOp
16206123400:NoOp@NoOp|NoOp@NoOp|NoOp@NoOp|Move(S)@Move(S)
16206182400:Move(E)@Move(E)|NoOp@NoOp|NoOp@NoOp|NoOp@NoOp
16206241600:Move(N)@Move(N)|NoOp@NoOp|NoOp@NoOp|NoOp@NoOp
16206300600:Move(E)@Move(E)|NoOp@NoOp|NoOp@NoOp|NoOp@NoOp
16206359900:Move(E)@Move(E)|NoOp@NoOp|NoOp@NoOp|NoOp@NoOp
16206418900:Move(N)@Move(N)|NoOp@NoOp|NoOp@NoOp|NoOp@NoOp
16206477800:Move(N)@Move(N)|NoOp@NoOp|NoOp@NoOp|NoOp@NoOp
16206542900:Move(W)@Move(W)|NoOp@NoOp|NoOp@NoOp|NoOp@NoOp
16206602200:Move(W)@Move(W)|NoOp@NoOp|NoOp@NoOp|NoOp@NoOp
16206662300:Pull(E,E)@Pull(E,E)|NoOp@NoOp|NoOp@NoOp|NoOp@NoOp
16206726000:Move(N)@Move(N)|NoOp@NoOp|NoOp@NoOp|NoOp@NoOp
16206778900:Move(W)@Move(W)|NoOp@NoOp|NoOp@NoOp|NoOp@NoOp
16206829800:Move(W)@Move(W)|NoOp@NoOp|NoOp@NoOp|NoOp@NoOp
16206885100:Move(S)@Move(S)|NoOp@NoOp|NoOp@NoOp|NoOp@NoOp
16206944500:Move(S)@Move(S)|NoOp@NoOp|NoOp@NoOp|NoOp@NoOp
16207003900:Push(S,W)@Push(S,W)|NoOp@NoOp|NoOp@NoOp|NoOp@NoOp
16207063700:NoOp@NoOp|NoOp@NoOp|Move(S)@Move(S)|NoOp@NoOp
16207122900:NoOp@NoOp|NoOp@NoOp|NoOp@NoOp|Move(N)@Move(N)
16207181800:NoOp@NoOp|Move(S)@Move(S)|NoOp@NoOp|NoOp@NoOp
16207240900:NoOp@NoOp|Move(S)@Move(S)|NoOp@NoOp|NoOp@NoOp
16207299700:NoOp@NoOp|Move(W)@Move(W)|NoOp@NoOp|NoOp@NoOp
16207360500:NoOp@NoOp|Move(S)@Move(S)|NoOp@NoOp|NoOp@NoOp
16207419700:NoOp@NoOp|Push(W,W)@Push(W,W)|NoOp@NoOp|NoOp@NoOp
16207479000:NoOp@NoOp|Move(S)@Move(S)|NoOp@NoOp|NoOp@NoOp
16207538000:NoOp@NoOp|NoOp@NoOp|NoOp@NoOp|Move(W)@Move(W)
16207633300:NoOp@NoOp|NoOp@NoOp|NoOp@NoOp|Move(W)@Move(W)
16207687400:NoOp@NoOp|NoOp@NoOp|NoOp@NoOp|Move(S)@Move(S)
16207744600:NoOp@NoOp|NoOp@NoOp|NoOp@NoOp|Move(S)@Move(S)
16207803700:NoOp@NoOp|NoOp@NoOp|NoOp@NoOp|Pull(N,E)@Pull(N,E)
16207862700:NoOp@NoOp|NoOp@NoOp|NoOp@NoOp|Pull(N,E)@Pull(N,E)
16207921500:NoOp@NoOp|NoOp@NoOp|NoOp@NoOp|Move(W)@Move(W)
16207980000:NoOp@NoOp|NoOp@NoOp|NoOp@NoOp|Move(S)@Move(S)
16208038200:NoOp@NoOp|NoOp@NoOp|NoOp@NoOp|Move(S)@Move(S)
16208096400:NoOp@NoOp|NoOp@NoOp|NoOp@NoOp|Pull(N,W)@Pull(N,W)
16208155000:NoOp@NoOp|NoOp@NoOp|NoOp@NoOp|Pull(N,W)@Pull(N,W)
16208213800:NoOp@NoOp|NoOp@NoOp|NoOp@NoOp|Move(E)@Move(E)
16208272700:Move(S)@Move(S)|NoOp@NoOp|NoOp@NoOp|NoOp@NoOp
16208331100:Move(W)@Move(W)|NoOp@NoOp|NoOp@NoOp|NoOp@NoOp
16208407400:Pull(E,E)@Pull(E,E)|NoOp@NoOp|NoOp@NoOp|NoOp@NoOp
16208481400:NoOp@NoOp|NoOp@NoOp|NoOp@NoOp|Move(S)@Move(S)
16208542300:NoOp@NoOp|NoOp@NoOp|NoOp@NoOp|Move(N)@Move(N)
16208602300:NoOp@NoOp|Move(N)@Move(N)|NoOp@NoOp|NoOp@NoOp
16208663400:NoOp@NoOp|Push(W,N)@Push(W,N)|NoOp@NoOp|NoOp@NoOp
16208723400:NoOp@NoOp|Move(S)@Move(S)|NoOp@NoOp|NoOp@NoOp
16208782500:NoOp@NoOp|NoOp@NoOp|NoOp@NoOp|Move(S)@Move(S)
16208841300:NoOp@NoOp|NoOp@NoOp|NoOp@NoOp|Move(S)@Move(S)
16208900700:NoOp@NoOp|NoOp@NoOp|NoOp@NoOp|Pull(N,E)@Pull(N,E)
16208960400:NoOp@NoOp|NoOp@NoOp|NoOp@NoOp|Pull(N,E)@Pull(N,E)
16209020500:Move(N)@Move(N)|NoOp@NoOp|NoOp@NoOp|NoOp@NoOp
16209080000:Pull(E,E)@Pull(E,E)|NoOp@NoOp|NoOp@NoOp|NoOp@NoOp
16209139600:Push(W,N)@Push(W,N)|NoOp@NoOp|NoOp@NoOp|NoOp@NoOp
16209198800:NoOp@NoOp|NoOp@NoOp|NoOp@NoOp|Move(E)@Move(E)
16209258300:NoOp@NoOp|NoOp@NoOp|NoOp@NoOp|Pull(E,N)@Pull(E,N)
16209318100:NoOp@NoOp|Move(N)@Move(N)|NoOp@NoOp|NoOp@NoOp
16209377100:NoOp@NoOp|Move(E)@Move(E)|NoOp@NoOp|NoOp@NoOp
16209436600:NoOp@NoOp|Move(E)@Move(E)|NoOp@NoOp|NoOp@NoOp
16209495800:NoOp@NoOp|Move(N)@Move(N)|NoOp@NoOp|NoOp@NoOp
16209554600:NoOp@NoOp|Move(E)@Move(E)|NoOp@NoOp|NoOp@NoOp
16209613800:NoOp@NoOp|Move(N)@Move(N)|NoOp@NoOp|NoOp@NoOp
16209672800:NoOp@NoOp|Move(N)@Move(N)|NoOp@NoOp|NoOp@NoOp
16209732000:NoOp@NoOp|Pull(E,E)@Pull(E,E)|NoOp@NoOp|NoOp@NoOp
16209791700:NoOp@NoOp|NoOp@NoOp|NoOp@NoOp|Move(S)@Move(S)
16209850500:NoOp@NoOp|NoOp@NoOp|NoOp@NoOp|Move(W)@Move(W)
16209909400:NoOp@NoOp|NoOp@NoOp|NoOp@NoOp|Move(S)@Move(S)
16209969000:NoOp@NoOp|NoOp@NoOp|NoOp@NoOp|Push(W,W)@Push(W,W)
16210028100:NoOp@NoOp|NoOp@NoOp|NoOp@NoOp|Push(N,N)@Push(N,N)
16210087200:NoOp@NoOp|NoOp@NoOp|NoOp@NoOp|Move(S)@Move(S)
16210145900:Move(E)@Move(E)|NoOp@NoOp|NoOp@NoOp|NoOp@NoOp
16210205000:NoOp@NoOp|Move(E)@Move(E)|NoOp@NoOp|NoOp@NoOp
16210263800:NoOp@NoOp|Move(E)@Move(E)|NoOp@NoOp|NoOp@NoOp
16210322800:NoOp@NoOp|Move(N)@Move(N)|NoOp@NoOp|NoOp@NoOp
16210382100:NoOp@NoOp|Move(N)@Move(N)|NoOp@NoOp|NoOp@NoOp
16210440800:NoOp@NoOp|Move(S)@Move(S)|NoOp@NoOp|NoOp@NoOp
16210500000:NoOp@NoOp|Move(S)@Move(S)|NoOp@NoOp|NoOp@NoOp
16210559200:NoOp@NoOp|Move(W)@Move(W)|NoOp@NoOp|NoOp@NoOp
16210618000:NoOp@NoOp|Move(W)@Move(W)|NoOp@NoOp|NoOp@NoOp
16210677100:NoOp@NoOp|Push(W,W)@Push(W,W)|NoOp@NoOp|NoOp@NoOp
16210736200:NoOp@NoOp|Move(N)@Move(N)|NoOp@NoOp|NoOp@NoOp
16210794800:NoOp@NoOp|NoOp@NoOp|Move(W)@Move(W)|NoOp@NoOp
16210854000:NoOp@NoOp|NoOp@NoOp|Pull(E,N)@Pull(E,N)|NoOp@NoOp
16210913500:NoOp@NoOp|NoOp@NoOp|NoOp@NoOp|Move(N)@Move(N)
16210972700:NoOp@NoOp|NoOp@NoOp|NoOp@NoOp|Move(E)@Move(E)
16211032000:NoOp@NoOp|NoOp@NoOp|NoOp@NoOp|Push(N,E)@Push(N,E)
16211091600:NoOp@NoOp|NoOp@NoOp|NoOp@NoOp|Push(E,E)@Push(E,E)
16211150800:NoOp@NoOp|Move(S)@Move(S)|NoOp@NoOp|NoOp@NoOp
16211209800:NoOp@NoOp|Move(N)@Move(N)|NoOp@NoOp|NoOp@NoOp
16211269300:NoOp@NoOp|NoOp@NoOp|Pull(E,E)@Pull(E,E)|NoOp@NoOp
16211328900:NoOp@NoOp|NoOp@NoOp|Move(S)@Move(S)|NoOp@NoOp
16211388100:NoOp@NoOp|NoOp@NoOp|Push(W,W)@Push(W,W)|NoOp@NoOp
16211447200:NoOp@NoOp|NoOp@NoOp|Move(E)@Move(E)|NoOp@NoOp
16211505900:NoOp@NoOp|NoOp@NoOp|Move(N)@Move(N)|NoOp@NoOp
16211564700:NoOp@NoOp|NoOp@NoOp|Move(E)@Move(E)|NoOp@NoOp
16211627500:NoOp@NoOp|Move(W)@Move(W)|NoOp@NoOp|NoOp@NoOp
16211687000:NoOp@NoOp|NoOp@NoOp|NoOp@NoOp|Move(S)@Move(S)
16211746100:NoOp@NoOp|NoOp@NoOp|NoOp@NoOp|Move(S)@Move(S)
16211805100:NoOp@NoOp|NoOp@NoOp|NoOp@NoOp|Move(E)@Move(E)
16211864500:NoOp@NoOp|NoOp@NoOp|NoOp@NoOp|Push(N,W)@Push(N,W)
16211923500:NoOp@NoOp|NoOp@NoOp|NoOp@NoOp|Move(S)@Move(S)
16211982400:NoOp@NoOp|Pull(N,N)@Pull(N,N)|NoOp@NoOp|NoOp@NoOp
16212042000:NoOp@NoOp|Move(E)@Move(E)|NoOp@NoOp|NoOp@NoOp
16212101000:NoOp@NoOp|NoOp@NoOp|NoOp@NoOp|Move(W)@Move(W)
16212160500:NoOp@NoOp|NoOp@NoOp|NoOp@NoOp|Move(W)@Move(W)
16212219400:NoOp@NoOp|NoOp@NoOp|NoOp@NoOp|Move(W)@Move(W)
16212278100:NoOp@NoOp|NoOp@NoOp|NoOp@NoOp|Move(N)@Move(N)
16212337300:NoOp@NoOp|NoOp@NoOp|NoOp@NoOp|Push(N,W)@Push(N,W)
16212396600:NoOp@NoOp|NoOp@NoOp|NoOp@NoOp|Move(S)@Move(S)
16212459000:Move(W)@Move(W)|NoOp@NoOp|NoOp@NoOp|NoOp@NoOp
16212518200:Move(W)@Move(W)|NoOp@NoOp|NoOp@NoOp|NoOp@NoOp
16212577200:Push(W,S)@Push(W,S)|NoOp@NoOp|NoOp@NoOp|NoOp@NoOp
16212636300:Move(E)@Move(E)|NoOp@NoOp|NoOp@NoOp|NoOp@NoOp
16212695200:Move(E)@Move(E)|NoOp@NoOp|NoOp@NoOp|NoOp@NoOp
16212754300:Move(S)@Move(S)|NoOp@NoOp|NoOp@NoOp|NoOp@NoOp
16212813400:NoOp@NoOp|NoOp@NoOp|Move(W)@Move(W)|NoOp@NoOp
16212872400:NoOp@NoOp|NoOp@NoOp|Push(W,N)@Push(W,N)|NoOp@NoOp
16212932000:NoOp@NoOp|NoOp@NoOp|Move(S)@Move(S)|NoOp@NoOp
16212990900:Move(N)@Move(N)|NoOp@NoOp|NoOp@NoOp|NoOp@NoOp
16213050000:Pull(S,S)@Pull(S,S)|NoOp@NoOp|NoOp@NoOp|NoOp@NoOp
16213109300:Push(N,E)@Push(N,E)|NoOp@NoOp|NoOp@NoOp|NoOp@NoOp
16213168600:Move(S)@Move(S)|NoOp@NoOp|NoOp@NoOp|NoOp@NoOp
16213227200:Move(S)@Move(S)|NoOp@NoOp|NoOp@NoOp|NoOp@NoOp
16213286200:Move(N)@Move(N)|NoOp@NoOp|NoOp@NoOp|NoOp@NoOp
16213345000:NoOp@NoOp|Move(W)@Move(W)|NoOp@NoOp|NoOp@NoOp
16213404000:NoOp@NoOp|NoOp@NoOp|NoOp@NoOp|Move(S)@Move(S)
16213462700:NoOp@NoOp|NoOp@NoOp|NoOp@NoOp|Move(E)@Move(E)
16213521500:NoOp@NoOp|NoOp@NoOp|NoOp@NoOp|Move(E)@Move(E)
16213580800:NoOp@NoOp|NoOp@NoOp|NoOp@NoOp|Push(N,N)@Push(N,N)
16213650900:NoOp@NoOp|Move(W)@Move(W)|NoOp@NoOp|NoOp@NoOp
16213715900:NoOp@NoOp|Move(S)@Move(S)|NoOp@NoOp|NoOp@NoOp
16213777500:NoOp@NoOp|NoOp@NoOp|NoOp@NoOp|Move(E)@Move(E)
16213836600:Move(N)@Move(N)|NoOp@NoOp|NoOp@NoOp|NoOp@NoOp
16213895300:Move(W)@Move(W)|NoOp@NoOp|NoOp@NoOp|NoOp@NoOp
16213954200:Move(W)@Move(W)|NoOp@NoOp|NoOp@NoOp|NoOp@NoOp
16214013300:Push(S,S)@Push(S,S)|NoOp@NoOp|NoOp@NoOp|NoOp@NoOp
16214073000:Pull(W,W)@Pull(W,W)|NoOp@NoOp|NoOp@NoOp|NoOp@NoOp
16214133000:Move(N)@Move(N)|NoOp@NoOp|NoOp@NoOp|NoOp@NoOp
16214192200:NoOp@NoOp|NoOp@NoOp|Move(N)@Move(N)|NoOp@NoOp
16214251100:NoOp@NoOp|NoOp@NoOp|Move(E)@Move(E)|NoOp@NoOp
16214310400:NoOp@NoOp|NoOp@NoOp|Pull(S,S)@Pull(S,S)|NoOp@NoOp
16214370000:NoOp@NoOp|NoOp@NoOp|Push(N,W)@Push(N,W)|NoOp@NoOp
16214429700:Move(S)@Move(S)|NoOp@NoOp|NoOp@NoOp|NoOp@NoOp
16214488700:Move(S)@Move(S)|NoOp@NoOp|NoOp@NoOp|NoOp@NoOp
16214547700:NoOp@NoOp|NoOp@NoOp|Move(E)@Move(E)|NoOp@NoOp
16214606400:NoOp@NoOp|NoOp@NoOp|Move(N)@Move(N)|NoOp@NoOp
16214665100:NoOp@NoOp|Move(S)@Move(S)|NoOp@NoOp|NoOp@NoOp
16214723500:NoOp@NoOp|Move(E)@Move(E)|NoOp@NoOp|NoOp@NoOp
16214785400:NoOp@NoOp|Move(E)@Move(E)|NoOp@NoOp|NoOp@NoOp
16214844100:NoOp@NoOp|Move(S)@Move(S)|NoOp@NoOp|NoOp@NoOp
16214903000:NoOp@NoOp|Move(S)@Move(S)|NoOp@NoOp|NoOp@NoOp
16214961700:NoOp@NoOp|Pull(N,N)@Pull(N,N)|NoOp@NoOp|NoOp@NoOp
16215021000:NoOp@NoOp|Move(N)@Move(N)|NoOp@NoOp|NoOp@NoOp
16215079800:NoOp@NoOp|Move(N)@Move(N)|NoOp@NoOp|NoOp@NoOp
16215138500:NoOp@NoOp|NoOp@NoOp|Move(S)@Move(S)|NoOp@NoOp
16215197400:NoOp@NoOp|NoOp@NoOp|Move(W)@Move(W)|NoOp@NoOp
16215256200:NoOp@NoOp|NoOp@NoOp|Push(W,W)@Push(W,W)|NoOp@NoOp
16215315500:NoOp@NoOp|NoOp@NoOp|Move(S)@Move(S)|NoOp@NoOp
16215365000:Move(N)@Move(N)|NoOp@NoOp|NoOp@NoOp|NoOp@NoOp
16215421800:Move(N)@Move(N)|NoOp@NoOp|NoOp@NoOp|NoOp@NoOp
16215480600:Move(E)@Move(E)|NoOp@NoOp|NoOp@NoOp|NoOp@NoOp
16215539200:Move(E)@Move(E)|NoOp@NoOp|NoOp@NoOp|NoOp@NoOp
16215598000:Move(E)@Move(E)|NoOp@NoOp|NoOp@NoOp|NoOp@NoOp
16215656700:Move(N)@Move(N)|NoOp@NoOp|NoOp@NoOp|NoOp@NoOp
16215715100:Move(N)@Move(N)|NoOp@NoOp|NoOp@NoOp|NoOp@NoOp
16215774200:Push(E,N)@Push(E,N)|NoOp@NoOp|NoOp@NoOp|NoOp@NoOp
16215833400:Move(E)@Move(E)|NoOp@NoOp|NoOp@NoOp|NoOp@NoOp
16215892200:Move(E)@Move(E)|NoOp@NoOp|NoOp@NoOp|NoOp@NoOp
16215951400:NoOp@NoOp|NoOp@NoOp|Move(N)@Move(N)|NoOp@NoOp
16216014500:NoOp@NoOp|NoOp@NoOp|Move(E)@Move(E)|NoOp@NoOp
16216073100:NoOp@NoOp|NoOp@NoOp|Move(N)@Move(N)|NoOp@NoOp
16216131900:NoOp@NoOp|NoOp@NoOp|Move(E)@Move(E)|NoOp@NoOp
16216190800:NoOp@NoOp|NoOp@NoOp|Push(E,S)@Push(E,S)|NoOp@NoOp
16216249700:NoOp@NoOp|NoOp@NoOp|Move(E)@Move(E)|NoOp@NoOp
16216308200:NoOp@NoOp|NoOp@NoOp|Move(S)@Move(S)|NoOp@NoOp
16216366800:Move(W)@Move(W)|NoOp@NoOp|NoOp@NoOp|NoOp@NoOp
16216425400:NoOp@NoOp|NoOp@NoOp|Move(N)@Move(N)|NoOp@NoOp
16216484300:NoOp@NoOp|NoOp@NoOp|Move(W)@Move(W)|NoOp@NoOp
16216543200:NoOp@NoOp|NoOp@NoOp|Move(W)@Move(W)|NoOp@NoOp
16216602100:NoOp@NoOp|NoOp@NoOp|Move(W)@Move(W)|NoOp@NoOp
16216660500:NoOp@NoOp|NoOp@NoOp|Move(S)@Move(S)|NoOp@NoOp
16216719200:NoOp@NoOp|NoOp@NoOp|Move(W)@Move(W)|NoOp@NoOp
16216778200:NoOp@NoOp|NoOp@NoOp|Push(W,W)@Push(W,W)|NoOp@NoOp
16216837400:NoOp@NoOp|NoOp@NoOp|Move(E)@Move(E)|NoOp@NoOp
16216896100:NoOp@NoOp|NoOp@NoOp|Move(S)@Move(S)|NoOp@NoOp
16216954800:Move(E)@Move(E)|NoOp@NoOp|NoOp@NoOp|NoOp@NoOp
16217013400:Move(S)@Move(S)|NoOp@NoOp|NoOp@NoOp|NoOp@NoOp
16217072300:Move(S)@Move(S)|NoOp@NoOp|NoOp@NoOp|NoOp@NoOp
16217130800:Move(W)@Move(W)|NoOp@NoOp|NoOp@NoOp|NoOp@NoOp
16217189800:Pull(E,E)@Pull(E,E)|NoOp@NoOp|NoOp@NoOp|NoOp@NoOp
16217248900:Move(S)@Move(S)|NoOp@NoOp|NoOp@NoOp|NoOp@NoOp
16217307700:Push(W,W)@Push(W,W)|NoOp@NoOp|NoOp@NoOp|NoOp@NoOp
16217369800:Move(S)@Move(S)|NoOp@NoOp|NoOp@NoOp|NoOp@NoOp
16217457400:NoOp@NoOp|NoOp@NoOp|Move(N)@Move(N)|NoOp@NoOp
16217540400:NoOp@NoOp|NoOp@NoOp|Move(E)@Move(E)|NoOp@NoOp
16217613300:NoOp@NoOp|NoOp@NoOp|Move(N)@Move(N)|NoOp@NoOp
16217694200:NoOp@NoOp|NoOp@NoOp|Move(E)@Move(E)|NoOp@NoOp
16217769300:NoOp@NoOp|NoOp@NoOp|Move(E)@Move(E)|NoOp@NoOp
16217845100:NoOp@NoOp|NoOp@NoOp|Move(E)@Move(E)|NoOp@NoOp
16217927000:NoOp@NoOp|NoOp@NoOp|Move(E)@Move(E)|NoOp@NoOp
16218010000:NoOp@NoOp|NoOp@NoOp|Move(N)@Move(N)|NoOp@NoOp
16218098700:NoOp@NoOp|NoOp@NoOp|Move(N)@Move(N)|NoOp@NoOp
16218178700:NoOp@NoOp|NoOp@NoOp|Move(N)@Move(N)|NoOp@NoOp
16218263200:NoOp@NoOp|NoOp@NoOp|Move(N)@Move(N)|NoOp@NoOp
16218345500:NoOp@NoOp|NoOp@NoOp|Move(N)@Move(N)|NoOp@NoOp
16218422900:NoOp@NoOp|NoOp@NoOp|Move(N)@Move(N)|NoOp@NoOp
16218496200:NoOp@NoOp|NoOp@NoOp|Move(N)@Move(N)|NoOp@NoOp
16218570800:NoOp@NoOp|NoOp@NoOp|Move(E)@Move(E)|NoOp@NoOp
16218644800:NoOp@NoOp|NoOp@NoOp|Move(E)@Move(E)|NoOp@NoOp
16218719300:NoOp@NoOp|NoOp@NoOp|Move(E)@Move(E)|NoOp@NoOp
16218793600:NoOp@NoOp|NoOp@NoOp|Move(E)@Move(E)|NoOp@NoOp
16218895700:NoOp@NoOp|NoOp@NoOp|Push(E,E)@Push(E,E)|NoOp@NoOp
16218987600:NoOp@NoOp|NoOp@NoOp|Push(E,E)@Push(E,E)|NoOp@NoOp
16219074400:NoOp@NoOp|NoOp@NoOp|Push(E,E)@Push(E,E)|NoOp@NoOp
16219158200:NoOp@NoOp|NoOp@NoOp|Push(E,E)@Push(E,E)|NoOp@NoOp
16219242900:NoOp@NoOp|NoOp@NoOp|Push(E,E)@Push(E,E)|NoOp@NoOp
16219337200:NoOp@NoOp|NoOp@NoOp|Move(W)@Move(W)|NoOp@NoOp
16219422400:NoOp@NoOp|NoOp@NoOp|Move(W)@Move(W)|NoOp@NoOp
16219511600:NoOp@NoOp|NoOp@NoOp|Move(W)@Move(W)|NoOp@NoOp
16219596600:NoOp@NoOp|NoOp@NoOp|Move(W)@Move(W)|NoOp@NoOp
16219686300:NoOp@NoOp|NoOp@NoOp|Move(W)@Move(W)|NoOp@NoOp
16219771900:NoOp@NoOp|NoOp@NoOp|Move(W)@Move(W)|NoOp@NoOp
16219856500:NoOp@NoOp|NoOp@NoOp|Move(W)@Move(W)|NoOp@NoOp
16219966200:NoOp@NoOp|NoOp@NoOp|Move(W)@Move(W)|NoOp@NoOp
16220036800:NoOp@NoOp|NoOp@NoOp|Move(W)@Move(W)|NoOp@NoOp
16220106800:NoOp@NoOp|NoOp@NoOp|Move(S)@Move(S)|NoOp@NoOp
16220177300:NoOp@NoOp|NoOp@NoOp|Move(S)@Move(S)|NoOp@NoOp
16220246300:NoOp@NoOp|NoOp@NoOp|Move(S)@Move(S)|NoOp@NoOp
16220326300:NoOp@NoOp|NoOp@NoOp|Move(E)@Move(E)|NoOp@NoOp
16220404100:NoOp@NoOp|Move(S)@Move(S)|NoOp@NoOp|NoOp@NoOp
16220491000:NoOp@NoOp|Move(S)@Move(S)|NoOp@NoOp|NoOp@NoOp
16220611100:NoOp@NoOp|Push(S,W)@Push(S,W)|NoOp@NoOp|NoOp@NoOp
16220746700:NoOp@NoOp|NoOp@NoOp|NoOp@NoOp|Move(S)@Move(S)
16220862400:NoOp@NoOp|Push(W,S)@Push(W,S)|NoOp@NoOp|NoOp@NoOp
16220979900:Move(N)@Move(N)|NoOp@NoOp|NoOp@NoOp|NoOp@NoOp
16221081500:NoOp@NoOp|NoOp@NoOp|NoOp@NoOp|Move(N)@Move(N)
16221167400:NoOp@NoOp|Push(S,W)@Push(S,W)|NoOp@NoOp|NoOp@NoOp
16221249600:NoOp@NoOp|Move(N)@Move(N)|NoOp@NoOp|NoOp@NoOp
16221345400:NoOp@NoOp|NoOp@NoOp|NoOp@NoOp|Move(S)@Move(S)
16221426200:NoOp@NoOp|NoOp@NoOp|NoOp@NoOp|Move(W)@Move(W)
16221507500:NoOp@NoOp|NoOp@NoOp|NoOp@NoOp|Move(S)@Move(S)
16221586400:NoOp@NoOp|NoOp@NoOp|NoOp@NoOp|Move(S)@Move(S)
16221674700:NoOp@NoOp|NoOp@NoOp|NoOp@NoOp|Move(S)@Move(S)
16221764800:NoOp@NoOp|NoOp@NoOp|NoOp@NoOp|Move(S)@Move(S)
16221846300:NoOp@NoOp|NoOp@NoOp|NoOp@NoOp|Move(W)@Move(W)
16221930100:NoOp@NoOp|NoOp@NoOp|NoOp@NoOp|Move(W)@Move(W)
16222002700:NoOp@NoOp|NoOp@NoOp|NoOp@NoOp|Move(W)@Move(W)
16222079500:NoOp@NoOp|NoOp@NoOp|NoOp@NoOp|Move(W)@Move(W)
16222150900:NoOp@NoOp|NoOp@NoOp|NoOp@NoOp|Move(S)@Move(S)
16222220400:NoOp@NoOp|NoOp@NoOp|NoOp@NoOp|Move(S)@Move(S)
16222292400:NoOp@NoOp|NoOp@NoOp|NoOp@NoOp|Move(S)@Move(S)
16222368700:NoOp@NoOp|NoOp@NoOp|NoOp@NoOp|Move(S)@Move(S)
16222448800:NoOp@NoOp|NoOp@NoOp|NoOp@NoOp|Move(S)@Move(S)
16222536200:NoOp@NoOp|NoOp@NoOp|NoOp@NoOp|Move(S)@Move(S)
16222607300:NoOp@NoOp|NoOp@NoOp|NoOp@NoOp|Move(S)@Move(S)
16222678100:NoOp@NoOp|NoOp@NoOp|NoOp@NoOp|Move(W)@Move(W)
16222748900:NoOp@NoOp|NoOp@NoOp|NoOp@NoOp|Move(W)@Move(W)
16222818300:NoOp@NoOp|NoOp@NoOp|NoOp@NoOp|Move(W)@Move(W)
16222943400:NoOp@NoOp|NoOp@NoOp|NoOp@NoOp|Move(W)@Move(W)
16223087700:NoOp@NoOp|NoOp@NoOp|NoOp@NoOp|Push(W,W)@Push(W,W)
16223343000:NoOp@NoOp|NoOp@NoOp|NoOp@NoOp|Move(E)@Move(E)
16223459700:NoOp@NoOp|NoOp@NoOp|NoOp@NoOp|Move(E)@Move(E)
16223578100:NoOp@NoOp|NoOp@NoOp|NoOp@NoOp|Move(E)@Move(E)
16223696600:NoOp@NoOp|NoOp@NoOp|NoOp@NoOp|Move(E)@Move(E)
16223812400:NoOp@NoOp|NoOp@NoOp|NoOp@NoOp|Move(E)@Move(E)
16223932700:NoOp@NoOp|NoOp@NoOp|NoOp@NoOp|Move(N)@Move(N)
16224003700:NoOp@NoOp|NoOp@NoOp|NoOp@NoOp|Move(N)@Move(N)
16224074000:NoOp@NoOp|NoOp@NoOp|NoOp@NoOp|Move(N)@Move(N)
16224144800:NoOp@NoOp|NoOp@NoOp|NoOp@NoOp|Move(E)@Move(E)
16224323700:NoOp@NoOp|NoOp@NoOp|Move(S)@Move(S)|NoOp@NoOp
16224396400:NoOp@NoOp|NoOp@NoOp|Move(S)@Move(S)|NoOp@NoOp
16224467200:NoOp@NoOp|NoOp@NoOp|Move(W)@Move(W)|NoOp@NoOp
16224537800:NoOp@NoOp|NoOp@NoOp|Move(S)@Move(S)|NoOp@NoOp
16224610400:NoOp@NoOp|NoOp@NoOp|Move(S)@Move(S)|NoOp@NoOp
16224680700:NoOp@NoOp|NoOp@NoOp|Move(W)@Move(W)|NoOp@NoOp
16224751300:NoOp@NoOp|NoOp@NoOp|Move(W)@Move(W)|NoOp@NoOp
16224841800:NoOp@NoOp|NoOp@NoOp|Move(W)@Move(W)|NoOp@NoOp
16224985400:NoOp@NoOp|NoOp@NoOp|Move(W)@Move(W)|NoOp@NoOp
16225097900:NoOp@NoOp|NoOp@NoOp|Move(S)@Move(S)|NoOp@NoOp
16225225900:NoOp@NoOp|NoOp@NoOp|Move(W)@Move(W)|NoOp@NoOp
16225556700:NoOp@NoOp|NoOp@NoOp|Move(W)@Move(W)|NoOp@NoOp
16225913200:NoOp@NoOp|NoOp@NoOp|Pull(E,E)@Pull(E,E)|NoOp@NoOp
16226243800:NoOp@NoOp|NoOp@NoOp|NoOp@NoOp|Move(N)@Move(N)
16226542300:NoOp@NoOp|NoOp@NoOp|NoOp@NoOp|Move(N)@Move(N)
16226851800:NoOp@NoOp|NoOp@NoOp|NoOp@NoOp|Move(W)@Move(W)
16227161900:NoOp@NoOp|NoOp@NoOp|NoOp@NoOp|Move(N)@Move(N)
16227421300:NoOp@NoOp|NoOp@NoOp|NoOp@NoOp|Move(N)@Move(N)
16227525900:NoOp@NoOp|NoOp@NoOp|NoOp@NoOp|Move(E)@Move(E)
16227951900:NoOp@NoOp|NoOp@NoOp|NoOp@NoOp|Move(E)@Move(E)
16228516700:NoOp@NoOp|NoOp@NoOp|NoOp@NoOp|Move(E)@Move(E)
16228788200:NoOp@NoOp|NoOp@NoOp|NoOp@NoOp|Move(N)@Move(N)
16229038200:NoOp@NoOp|NoOp@NoOp|NoOp@NoOp|Move(E)@Move(E)
16229255500:NoOp@NoOp|NoOp@NoOp|NoOp@NoOp|Move(N)@Move(N)
16229344400:NoOp@NoOp|NoOp@NoOp|NoOp@NoOp|Move(N)@Move(N)
16229422900:NoOp@NoOp|NoOp@NoOp|NoOp@NoOp|Move(N)@Move(N)
16229501500:NoOp@NoOp|NoOp@NoOp|NoOp@NoOp|Move(N)@Move(N)
16229577400:NoOp@NoOp|NoOp@NoOp|NoOp@NoOp|Move(E)@Move(E)
16229653200:NoOp@NoOp|NoOp@NoOp|NoOp@NoOp|Push(E,N)@Push(E,N)
16229729400:NoOp@NoOp|NoOp@NoOp|NoOp@NoOp|Move(S)@Move(S)
16229804100:NoOp@NoOp|NoOp@NoOp|NoOp@NoOp|Move(N)@Move(N)
16229894200:NoOp@NoOp|Move(S)@Move(S)|NoOp@NoOp|NoOp@NoOp
16229967900:NoOp@NoOp|Push(W,W)@Push(W,W)|NoOp@NoOp|NoOp@NoOp
16230041000:NoOp@NoOp|Move(S)@Move(S)|NoOp@NoOp|NoOp@NoOp
16230115800:NoOp@NoOp|NoOp@NoOp|Pull(E,E)@Pull(E,E)|NoOp@NoOp
16230206500:NoOp@NoOp|Move(N)@Move(N)|NoOp@NoOp|NoOp@NoOp
16230300000:NoOp@NoOp|NoOp@NoOp|Move(S)@Move(S)|NoOp@NoOp
16230534900:NoOp@NoOp|NoOp@NoOp|Move(S)@Move(S)|NoOp@NoOp
16230620200:NoOp@NoOp|NoOp@NoOp|Move(S)@Move(S)|NoOp@NoOp
16230703900:NoOp@NoOp|NoOp@NoOp|Move(W)@Move(W)|NoOp@NoOp
16230780100:NoOp@NoOp|NoOp@NoOp|Move(W)@Move(W)|NoOp@NoOp
16230872500:NoOp@NoOp|NoOp@NoOp|Move(W)@Move(W)|NoOp@NoOp
16230960200:NoOp@NoOp|NoOp@NoOp|Move(S)@Move(S)|NoOp@NoOp
16231039500:NoOp@NoOp|NoOp@NoOp|Move(W)@Move(W)|NoOp@NoOp
16231118000:NoOp@NoOp|NoOp@NoOp|Move(W)@Move(W)|NoOp@NoOp
16231197000:NoOp@NoOp|NoOp@NoOp|Move(N)@Move(N)|NoOp@NoOp
16231276100:NoOp@NoOp|NoOp@NoOp|Move(W)@Move(W)|NoOp@NoOp
16231352300:NoOp@NoOp|NoOp@NoOp|Move(W)@Move(W)|NoOp@NoOp
16231429200:NoOp@NoOp|NoOp@NoOp|Move(W)@Move(W)|NoOp@NoOp
16231506300:NoOp@NoOp|NoOp@NoOp|Move(N)@Move(N)|NoOp@NoOp
16231584800:NoOp@NoOp|NoOp@NoOp|Move(N)@Move(N)|NoOp@NoOp
16231662500:NoOp@NoOp|NoOp@NoOp|Move(E)@Move(E)|NoOp@NoOp
16231741900:NoOp@NoOp|NoOp@NoOp|Move(E)@Move(E)|NoOp@NoOp
16231820600:NoOp@NoOp|NoOp@NoOp|Move(E)@Move(E)|NoOp@NoOp
16231911900:NoOp@NoOp|NoOp@NoOp|Move(N)@Move(N)|NoOp@NoOp
16231982000:NoOp@NoOp|NoOp@NoOp|Move(E)@Move(E)|NoOp@NoOp
16232052300:NoOp@NoOp|NoOp@NoOp|Move(E)@Move(E)|NoOp@NoOp
16232122000:NoOp@NoOp|NoOp@NoOp|Move(N)@Move(N)|NoOp@NoOp
16232193900:NoOp@NoOp|NoOp@NoOp|Push(E,S)@Push(E,S)|NoOp@NoOp
16232265200:NoOp@NoOp|NoOp@NoOp|Move(W)@Move(W)|NoOp@NoOp
16232342700:NoOp@NoOp|NoOp@NoOp|Move(S)@Move(S)|NoOp@NoOp
16232412400:NoOp@NoOp|NoOp@NoOp|Move(S)@Move(S)|NoOp@NoOp
16232482900:NoOp@NoOp|NoOp@NoOp|NoOp@NoOp|Move(S)@Move(S)
16232552900:NoOp@NoOp|NoOp@NoOp|NoOp@NoOp|Move(N)@Move(N)
16232622900:NoOp@NoOp|Move(S)@Move(S)|NoOp@NoOp|NoOp@NoOp
16232690400:NoOp@NoOp|NoOp@NoOp|Move(N)@Move(N)|NoOp@NoOp
16232757500:NoOp@NoOp|NoOp@NoOp|Pull(W,W)@Pull(W,W)|NoOp@NoOp
16232823600:NoOp@NoOp|NoOp@NoOp|Pull(W,W)@Pull(W,W)|NoOp@NoOp
16232919900:NoOp@NoOp|NoOp@NoOp|Pull(N,W)@Pull(N,W)|NoOp@NoOp
16233008100:NoOp@NoOp|NoOp@NoOp|Push(S,S)@Push(S,S)|NoOp@NoOp
16233097300:NoOp@NoOp|NoOp@NoOp|Push(S,W)@Push(S,W)|NoOp@NoOp
16233185400:NoOp@NoOp|NoOp@NoOp|Push(W,W)@Push(W,W)|NoOp@NoOp
16233281900:NoOp@NoOp|NoOp@NoOp|Push(W,W)@Push(W,W)|NoOp@NoOp
16233454100:NoOp@NoOp|NoOp@NoOp|Push(W,S)@Push(W,S)|NoOp@NoOp
16233550500:NoOp@NoOp|NoOp@NoOp|Push(S,S)@Push(S,S)|NoOp@NoOp
16233653800:NoOp@NoOp|NoOp@NoOp|Push(S,E)@Push(S,E)|NoOp@NoOp
16233755700:NoOp@NoOp|NoOp@NoOp|Push(E,E)@Push(E,E)|NoOp@NoOp
16233854900:NoOp@NoOp|NoOp@NoOp|Push(E,E)@Push(E,E)|NoOp@NoOp
16233961100:NoOp@NoOp|NoOp@NoOp|Push(E,S)@Push(E,S)|NoOp@NoOp
16234035100:NoOp@NoOp|NoOp@NoOp|Push(S,E)@Push(S,E)|NoOp@NoOp
16234101500:NoOp@NoOp|NoOp@NoOp|Push(E,E)@Push(E,E)|NoOp@NoOp
16234165800:NoOp@NoOp|NoOp@NoOp|Push(E,N)@Push(E,N)|NoOp@NoOp
16234229900:NoOp@NoOp|NoOp@NoOp|Push(N,E)@Push(N,E)|NoOp@NoOp
16234287400:NoOp@NoOp|NoOp@NoOp|Push(E,E)@Push(E,E)|NoOp@NoOp
16234358800:NoOp@NoOp|NoOp@NoOp|Push(E,E)@Push(E,E)|NoOp@NoOp
16234451600:NoOp@NoOp|NoOp@NoOp|Push(E,N)@Push(E,N)|NoOp@NoOp
16234845900:NoOp@NoOp|NoOp@NoOp|Push(N,N)@Push(N,N)|NoOp@NoOp
16234929100:NoOp@NoOp|NoOp@NoOp|Push(N,N)@Push(N,N)|NoOp@NoOp
16235046300:NoOp@NoOp|Move(N)@Move(N)|NoOp@NoOp|NoOp@NoOp
16235120600:NoOp@NoOp|NoOp@NoOp|Move(W)@Move(W)|NoOp@NoOp
16235206900:NoOp@NoOp|NoOp@NoOp|Push(N,W)@Push(N,W)|NoOp@NoOp
16235274100:NoOp@NoOp|NoOp@NoOp|Pull(S,S)@Pull(S,S)|NoOp@NoOp
16235343600:NoOp@NoOp|NoOp@NoOp|NoOp@NoOp|Move(S)@Move(S)
16235412300:Move(S)@Move(S)|NoOp@NoOp|NoOp@NoOp|NoOp@NoOp
16235481000:Move(W)@Move(W)|NoOp@NoOp|NoOp@NoOp|NoOp@NoOp
16235552500:Move(W)@Move(W)|NoOp@NoOp|NoOp@NoOp|NoOp@NoOp
16235622500:Move(N)@Move(N)|NoOp@NoOp|NoOp@NoOp|NoOp@NoOp
16235714400:Move(W)@Move(W)|NoOp@NoOp|NoOp@NoOp|NoOp@NoOp
16235792500:Push(W,N)@Push(W,N)|NoOp@NoOp|NoOp@NoOp|NoOp@NoOp
16235903600:Move(E)@Move(E)|NoOp@NoOp|NoOp@NoOp|NoOp@NoOp
16236048800:Move(N)@Move(N)|NoOp@NoOp|NoOp@NoOp|NoOp@NoOp
16236207200:NoOp@NoOp|NoOp@NoOp|Move(E)@Move(E)|NoOp@NoOp
16236302500:NoOp@NoOp|NoOp@NoOp|Pull(S,S)@Pull(S,S)|NoOp@NoOp
16236407500:NoOp@NoOp|NoOp@NoOp|Move(S)@Move(S)|NoOp@NoOp
16236500800:NoOp@NoOp|NoOp@NoOp|Move(S)@Move(S)|NoOp@NoOp
16236598300:NoOp@NoOp|NoOp@NoOp|Move(S)@Move(S)|NoOp@NoOp
16236689300:Move(S)@Move(S)|NoOp@NoOp|NoOp@NoOp|NoOp@NoOp
16236780600:Move(E)@Move(E)|NoOp@NoOp|NoOp@NoOp|NoOp@NoOp
16236872500:Push(E,N)@Push(E,N)|NoOp@NoOp|NoOp@NoOp|NoOp@NoOp
16236961500:Move(S)@Move(S)|NoOp@NoOp|NoOp@NoOp|NoOp@NoOp
16237030000:NoOp@NoOp|NoOp@NoOp|Move(N)@Move(N)|NoOp@NoOp
16237097300:NoOp@NoOp|NoOp@NoOp|Move(E)@Move(E)|NoOp@NoOp
16237163900:NoOp@NoOp|NoOp@NoOp|Move(E)@Move(E)|NoOp@NoOp
16237231600:NoOp@NoOp|NoOp@NoOp|Move(E)@Move(E)|NoOp@NoOp
16237298900:NoOp@NoOp|NoOp@NoOp|Move(N)@Move(N)|NoOp@NoOp
16237371500:NoOp@NoOp|NoOp@NoOp|Move(N)@Move(N)|NoOp@NoOp
16237436900:NoOp@NoOp|NoOp@NoOp|Move(N)@Move(N)|NoOp@NoOp
16237504300:NoOp@NoOp|NoOp@NoOp|Move(N)@Move(N)|NoOp@NoOp
16237571200:NoOp@NoOp|NoOp@NoOp|Move(N)@Move(N)|NoOp@NoOp
16237638500:NoOp@NoOp|NoOp@NoOp|Move(E)@Move(E)|NoOp@NoOp
16237705100:NoOp@NoOp|NoOp@NoOp|Move(N)@Move(N)|NoOp@NoOp
16237771800:NoOp@NoOp|NoOp@NoOp|Move(N)@Move(N)|NoOp@NoOp
16237853900:NoOp@NoOp|NoOp@NoOp|Move(N)@Move(N)|NoOp@NoOp
16237927700:NoOp@NoOp|NoOp@NoOp|Move(N)@Move(N)|NoOp@NoOp
16238001700:NoOp@NoOp|NoOp@NoOp|Move(N)@Move(N)|NoOp@NoOp
16238076100:NoOp@NoOp|NoOp@NoOp|Move(N)@Move(N)|NoOp@NoOp
16238150300:NoOp@NoOp|NoOp@NoOp|Move(N)@Move(N)|NoOp@NoOp
16238224300:NoOp@NoOp|NoOp@NoOp|Move(E)@Move(E)|NoOp@NoOp
16238298000:NoOp@NoOp|NoOp@NoOp|Move(E)@Move(E)|NoOp@NoOp
16238383600:NoOp@NoOp|NoOp@NoOp|Move(E)@Move(E)|NoOp@NoOp
16238457000:NoOp@NoOp|NoOp@NoOp|Move(E)@Move(E)|NoOp@NoOp
16238531500:NoOp@NoOp|NoOp@NoOp|Move(E)@Move(E)|NoOp@NoOp
16238605600:NoOp@NoOp|NoOp@NoOp|Move(E)@Move(E)|NoOp@NoOp
16238679200:NoOp@NoOp|NoOp@NoOp|Move(E)@Move(E)|NoOp@NoOp
16238752400:NoOp@NoOp|NoOp@NoOp|Move(E)@Move(E)|NoOp@NoOp
16238825800:NoOp@NoOp|NoOp@NoOp|Move(E)@Move(E)|NoOp@NoOp
16238922900:NoOp@NoOp|NoOp@NoOp|Push(E,E)@Push(E,E)|NoOp@NoOp
16239007600:NoOp@NoOp|NoOp@NoOp|Move(W)@Move(W)|NoOp@NoOp
16239091400:NoOp@NoOp|NoOp@NoOp|Move(W)@Move(W)|NoOp@NoOp
16239174200:NoOp@NoOp|NoOp@NoOp|Move(W)@Move(W)|NoOp@NoOp
16239257500:NoOp@NoOp|NoOp@NoOp|Move(W)@Move(W)|NoOp@NoOp
16239347500:NoOp@NoOp|NoOp@NoOp|Move(W)@Move(W)|NoOp@NoOp
16239441600:NoOp@NoOp|NoOp@NoOp|Move(W)@Move(W)|NoOp@NoOp
16239524600:NoOp@NoOp|NoOp@NoOp|Move(W)@Move(W)|NoOp@NoOp
16239607400:NoOp@NoOp|NoOp@NoOp|Move(W)@Move(W)|NoOp@NoOp
16239696900:NoOp@NoOp|NoOp@NoOp|Move(W)@Move(W)|NoOp@NoOp
16239780400:NoOp@NoOp|NoOp@NoOp|Move(W)@Move(W)|NoOp@NoOp
16239856800:NoOp@NoOp|NoOp@NoOp|Move(S)@Move(S)|NoOp@NoOp
16239937100:NoOp@NoOp|NoOp@NoOp|Move(S)@Move(S)|NoOp@NoOp
16240003800:NoOp@NoOp|NoOp@NoOp|Move(S)@Move(S)|NoOp@NoOp
16240067400:NoOp@NoOp|NoOp@NoOp|Move(E)@Move(E)|NoOp@NoOp
16240130600:NoOp@NoOp|Push(N,E)@Push(N,E)|NoOp@NoOp|NoOp@NoOp
16240194300:NoOp@NoOp|Push(E,E)@Push(E,E)|NoOp@NoOp|NoOp@NoOp
16240257200:NoOp@NoOp|Push(E,N)@Push(E,N)|NoOp@NoOp|NoOp@NoOp
16240335100:NoOp@NoOp|Push(N,N)@Push(N,N)|NoOp@NoOp|NoOp@NoOp
16240401800:NoOp@NoOp|Push(N,N)@Push(N,N)|NoOp@NoOp|NoOp@NoOp
16240469800:NoOp@NoOp|Push(N,E)@Push(N,E)|NoOp@NoOp|NoOp@NoOp
16240532600:NoOp@NoOp|Push(E,E)@Push(E,E)|NoOp@NoOp|NoOp@NoOp
16240600800:NoOp@NoOp|Push(E,E)@Push(E,E)|NoOp@NoOp|NoOp@NoOp
16240668300:NoOp@NoOp|Push(E,E)@Push(E,E)|NoOp@NoOp|NoOp@NoOp
16240740700:NoOp@NoOp|Push(E,E)@Push(E,E)|NoOp@NoOp|NoOp@NoOp
16240808200:NoOp@NoOp|Push(E,N)@Push(E,N)|NoOp@NoOp|NoOp@NoOp
16240904600:NoOp@NoOp|Push(N,E)@Push(N,E)|NoOp@NoOp|NoOp@NoOp
16240996300:NoOp@NoOp|Push(E,E)@Push(E,E)|NoOp@NoOp|NoOp@NoOp
16241085800:NoOp@NoOp|Push(E,E)@Push(E,E)|NoOp@NoOp|NoOp@NoOp
16241177800:NoOp@NoOp|Push(E,E)@Push(E,E)|NoOp@NoOp|NoOp@NoOp
16241271000:NoOp@NoOp|Push(E,E)@Push(E,E)|NoOp@NoOp|NoOp@NoOp
16241479500:NoOp@NoOp|Push(E,E)@Push(E,E)|NoOp@NoOp|NoOp@NoOp
16241569800:NoOp@NoOp|Push(E,E)@Push(E,E)|NoOp@NoOp|NoOp@NoOp
16241661000:NoOp@NoOp|Push(E,N)@Push(E,N)|NoOp@NoOp|NoOp@NoOp
16241752300:NoOp@NoOp|Push(N,N)@Push(N,N)|NoOp@NoOp|NoOp@NoOp
16241843300:NoOp@NoOp|Push(N,N)@Push(N,N)|NoOp@NoOp|NoOp@NoOp
16241938900:NoOp@NoOp|Push(N,N)@Push(N,N)|NoOp@NoOp|NoOp@NoOp
16242006900:NoOp@NoOp|Push(N,N)@Push(N,N)|NoOp@NoOp|NoOp@NoOp
16242075300:NoOp@NoOp|Push(N,N)@Push(N,N)|NoOp@NoOp|NoOp@NoOp
16242143500:NoOp@NoOp|Push(N,N)@Push(N,N)|NoOp@NoOp|NoOp@NoOp
16242210500:NoOp@NoOp|Push(N,E)@Push(N,E)|NoOp@NoOp|NoOp@NoOp
16242278700:NoOp@NoOp|Push(E,E)@Push(E,E)|NoOp@NoOp|NoOp@NoOp
16242345200:NoOp@NoOp|Push(E,E)@Push(E,E)|NoOp@NoOp|NoOp@NoOp
16242412300:NoOp@NoOp|Push(E,E)@Push(E,E)|NoOp@NoOp|NoOp@NoOp
16242480100:NoOp@NoOp|Push(E,E)@Push(E,E)|NoOp@NoOp|NoOp@NoOp
16242548500:NoOp@NoOp|Push(E,E)@Push(E,E)|NoOp@NoOp|NoOp@NoOp
16242617100:NoOp@NoOp|Push(E,E)@Push(E,E)|NoOp@NoOp|NoOp@NoOp
16242696500:NoOp@NoOp|Push(E,E)@Push(E,E)|NoOp@NoOp|NoOp@NoOp
16242764800:NoOp@NoOp|Push(E,E)@Push(E,E)|NoOp@NoOp|NoOp@NoOp
16242848200:NoOp@NoOp|Push(E,E)@Push(E,E)|NoOp@NoOp|NoOp@NoOp
16242923700:Move(N)@Move(N)|NoOp@NoOp|NoOp@NoOp|NoOp@NoOp
16242998000:NoOp@NoOp|Move(W)@Move(W)|NoOp@NoOp|NoOp@NoOp
16243071900:NoOp@NoOp|Move(W)@Move(W)|NoOp@NoOp|NoOp@NoOp
16243145100:NoOp@NoOp|Move(W)@Move(W)|NoOp@NoOp|NoOp@NoOp
16243218100:NoOp@NoOp|Move(W)@Move(W)|NoOp@NoOp|NoOp@NoOp
16243292800:NoOp@NoOp|Move(W)@Move(W)|NoOp@NoOp|NoOp@NoOp
16243370300:NoOp@NoOp|Move(W)@Move(W)|NoOp@NoOp|NoOp@NoOp
16243444700:NoOp@NoOp|Move(W)@Move(W)|NoOp@NoOp|NoOp@NoOp
16243518300:NoOp@NoOp|Move(W)@Move(W)|NoOp@NoOp|NoOp@NoOp
16243599700:NoOp@NoOp|Move(W)@Move(W)|NoOp@NoOp|NoOp@NoOp
16243672800:NoOp@NoOp|Move(S)@Move(S)|NoOp@NoOp|NoOp@NoOp
16243745500:NoOp@NoOp|Move(S)@Move(S)|NoOp@NoOp|NoOp@NoOp
16243818500:NoOp@NoOp|Move(S)@Move(S)|NoOp@NoOp|NoOp@NoOp
16243911400:NoOp@NoOp|Move(S)@Move(S)|NoOp@NoOp|NoOp@NoOp
16243991500:NoOp@NoOp|Move(S)@Move(S)|NoOp@NoOp|NoOp@NoOp
16244071300:NoOp@NoOp|Move(S)@Move(S)|NoOp@NoOp|NoOp@NoOp
16244151200:NoOp@NoOp|Move(S)@Move(S)|NoOp@NoOp|NoOp@NoOp
16244230400:NoOp@NoOp|Move(W)@Move(W)|NoOp@NoOp|NoOp@NoOp
16244317200:NoOp@NoOp|Move(W)@Move(W)|NoOp@NoOp|NoOp@NoOp
16244406900:NoOp@NoOp|Move(W)@Move(W)|NoOp@NoOp|NoOp@NoOp
16244488300:NoOp@NoOp|Move(W)@Move(W)|NoOp@NoOp|NoOp@NoOp
16244568800:NoOp@NoOp|Move(W)@Move(W)|NoOp@NoOp|NoOp@NoOp
16244648000:NoOp@NoOp|Move(W)@Move(W)|NoOp@NoOp|NoOp@NoOp
16244728600:NoOp@NoOp|Move(W)@Move(W)|NoOp@NoOp|NoOp@NoOp
16244807200:NoOp@NoOp|Move(S)@Move(S)|NoOp@NoOp|NoOp@NoOp
16244894100:NoOp@NoOp|Move(W)@Move(W)|NoOp@NoOp|NoOp@NoOp
16244961500:NoOp@NoOp|Move(W)@Move(W)|NoOp@NoOp|NoOp@NoOp
16245027700:NoOp@NoOp|Move(W)@Move(W)|NoOp@NoOp|NoOp@NoOp
16245094300:NoOp@NoOp|Move(W)@Move(W)|NoOp@NoOp|NoOp@NoOp
16245160200:NoOp@NoOp|Move(S)@Move(S)|NoOp@NoOp|NoOp@NoOp
16245227700:NoOp@NoOp|Move(W)@Move(W)|NoOp@NoOp|NoOp@NoOp
16245295900:NoOp@NoOp|Move(S)@Move(S)|NoOp@NoOp|NoOp@NoOp
16245366700:NoOp@NoOp|Move(S)@Move(S)|NoOp@NoOp|NoOp@NoOp
16245431400:NoOp@NoOp|Move(S)@Move(S)|NoOp@NoOp|NoOp@NoOp
16245497100:NoOp@NoOp|Move(W)@Move(W)|NoOp@NoOp|NoOp@NoOp
16245564800:NoOp@NoOp|Move(W)@Move(W)|NoOp@NoOp|NoOp@NoOp
16245632400:NoOp@NoOp|Pull(E,E)@Pull(E,E)|NoOp@NoOp|NoOp@NoOp
16245700500:NoOp@NoOp|Push(W,N)@Push(W,N)|NoOp@NoOp|NoOp@NoOp
16245768400:NoOp@NoOp|Push(N,E)@Push(N,E)|NoOp@NoOp|NoOp@NoOp
16245835600:NoOp@NoOp|Push(E,E)@Push(E,E)|NoOp@NoOp|NoOp@NoOp
16245944400:NoOp@NoOp|Push(E,N)@Push(E,N)|NoOp@NoOp|NoOp@NoOp
16246049100:NoOp@NoOp|Push(N,N)@Push(N,N)|NoOp@NoOp|NoOp@NoOp
16246153200:NoOp@NoOp|Push(N,N)@Push(N,N)|NoOp@NoOp|NoOp@NoOp
16246257300:NoOp@NoOp|Push(N,E)@Push(N,E)|NoOp@NoOp|NoOp@NoOp
16246359100:NoOp@NoOp|Push(E,E)@Push(E,E)|NoOp@NoOp|NoOp@NoOp
16246462300:NoOp@NoOp|Push(E,E)@Push(E,E)|NoOp@NoOp|NoOp@NoOp
16246563500:NoOp@NoOp|Push(E,E)@Push(E,E)|NoOp@NoOp|NoOp@NoOp
16246669300:NoOp@NoOp|Push(E,E)@Push(E,E)|NoOp@NoOp|NoOp@NoOp
16246783500:NoOp@NoOp|Push(E,N)@Push(E,N)|NoOp@NoOp|NoOp@NoOp
16246885500:NoOp@NoOp|Push(N,E)@Push(N,E)|NoOp@NoOp|NoOp@NoOp
16246982700:NoOp@NoOp|Push(E,E)@Push(E,E)|NoOp@NoOp|NoOp@NoOp
16247050400:NoOp@NoOp|Push(E,E)@Push(E,E)|NoOp@NoOp|NoOp@NoOp
16247118900:NoOp@NoOp|Push(E,E)@Push(E,E)|NoOp@NoOp|NoOp@NoOp
16247188300:NoOp@NoOp|Push(E,E)@Push(E,E)|NoOp@NoOp|NoOp@NoOp
16247259900:NoOp@NoOp|Push(E,E)@Push(E,E)|NoOp@NoOp|NoOp@NoOp
16247334100:NoOp@NoOp|Push(E,E)@Push(E,E)|NoOp@NoOp|NoOp@NoOp
16247401100:NoOp@NoOp|Push(E,N)@Push(E,N)|NoOp@NoOp|NoOp@NoOp
16247499600:NoOp@NoOp|Push(N,N)@Push(N,N)|NoOp@NoOp|NoOp@NoOp
16247569000:NoOp@NoOp|Push(N,N)@Push(N,N)|NoOp@NoOp|NoOp@NoOp
16247636400:NoOp@NoOp|Push(N,N)@Push(N,N)|NoOp@NoOp|NoOp@NoOp
16247703900:NoOp@NoOp|Push(N,N)@Push(N,N)|NoOp@NoOp|NoOp@NoOp
16247773300:NoOp@NoOp|Push(N,N)@Push(N,N)|NoOp@NoOp|NoOp@NoOp
16247843000:NoOp@NoOp|Push(N,N)@Push(N,N)|NoOp@NoOp|NoOp@NoOp
16247912700:NoOp@NoOp|Push(N,E)@Push(N,E)|NoOp@NoOp|NoOp@NoOp
16247982400:NoOp@NoOp|Push(E,E)@Push(E,E)|NoOp@NoOp|NoOp@NoOp
16248051500:NoOp@NoOp|Push(E,E)@Push(E,E)|NoOp@NoOp|NoOp@NoOp
16248119700:NoOp@NoOp|Push(E,E)@Push(E,E)|NoOp@NoOp|NoOp@NoOp
16248187200:NoOp@NoOp|Push(E,E)@Push(E,E)|NoOp@NoOp|NoOp@NoOp
16248256900:NoOp@NoOp|Push(E,E)@Push(E,E)|NoOp@NoOp|NoOp@NoOp
16248348000:NoOp@NoOp|Push(E,E)@Push(E,E)|NoOp@NoOp|NoOp@NoOp
16248415900:NoOp@NoOp|Push(E,E)@Push(E,E)|NoOp@NoOp|NoOp@NoOp
16248485200:NoOp@NoOp|NoOp@NoOp|NoOp@NoOp|Move(W)@Move(W)
16248556200:NoOp@NoOp|NoOp@NoOp|NoOp@NoOp|Move(W)@Move(W)
16248623300:NoOp@NoOp|NoOp@NoOp|NoOp@NoOp|Move(S)@Move(S)
16248692400:NoOp@NoOp|NoOp@NoOp|NoOp@NoOp|Move(S)@Move(S)
16248762400:NoOp@NoOp|NoOp@NoOp|NoOp@NoOp|Move(S)@Move(S)
16248831300:NoOp@NoOp|NoOp@NoOp|NoOp@NoOp|Move(S)@Move(S)
16248943700:NoOp@NoOp|NoOp@NoOp|NoOp@NoOp|Move(W)@Move(W)
16249058200:NoOp@NoOp|NoOp@NoOp|NoOp@NoOp|Move(W)@Move(W)
16249173600:NoOp@NoOp|NoOp@NoOp|NoOp@NoOp|Move(W)@Move(W)
16249288000:NoOp@NoOp|NoOp@NoOp|NoOp@NoOp|Move(W)@Move(W)
16249422900:NoOp@NoOp|NoOp@NoOp|NoOp@NoOp|Move(S)@Move(S)
16249548000:NoOp@NoOp|NoOp@NoOp|NoOp@NoOp|Move(S)@Move(S)
16249663700:NoOp@NoOp|NoOp@NoOp|NoOp@NoOp|Move(S)@Move(S)
16249778100:NoOp@NoOp|NoOp@NoOp|NoOp@NoOp|Move(S)@Move(S)
16249892700:NoOp@NoOp|NoOp@NoOp|NoOp@NoOp|Move(S)@Move(S)
16249998200:NoOp@NoOp|NoOp@NoOp|NoOp@NoOp|Move(S)@Move(S)
16250065600:NoOp@NoOp|NoOp@NoOp|NoOp@NoOp|Move(S)@Move(S)
16250133400:NoOp@NoOp|NoOp@NoOp|NoOp@NoOp|Move(W)@Move(W)
16250201500:NoOp@NoOp|NoOp@NoOp|NoOp@NoOp|Move(W)@Move(W)
16250271900:NoOp@NoOp|NoOp@NoOp|NoOp@NoOp|Move(W)@Move(W)
16250346100:NoOp@NoOp|NoOp@NoOp|NoOp@NoOp|Move(W)@Move(W)
16250419100:NoOp@NoOp|NoOp@NoOp|NoOp@NoOp|Move(W)@Move(W)
16250486600:NoOp@NoOp|NoOp@NoOp|NoOp@NoOp|Push(W,W)@Push(W,W)
16250555500:NoOp@NoOp|NoOp@NoOp|NoOp@NoOp|Push(W,W)@Push(W,W)
16250623700:NoOp@NoOp|NoOp@NoOp|NoOp@NoOp|Push(W,W)@Push(W,W)
16250692000:NoOp@NoOp|NoOp@NoOp|NoOp@NoOp|Move(E)@Move(E)
16250762200:NoOp@NoOp|NoOp@NoOp|NoOp@NoOp|Move(E)@Move(E)
16250830400:NoOp@NoOp|NoOp@NoOp|NoOp@NoOp|Move(E)@Move(E)
16250899200:NoOp@NoOp|NoOp@NoOp|NoOp@NoOp|Move(E)@Move(E)
16250968900:NoOp@NoOp|NoOp@NoOp|NoOp@NoOp|Move(E)@Move(E)
16251035500:NoOp@NoOp|NoOp@NoOp|NoOp@NoOp|Move(E)@Move(E)
16251096700:NoOp@NoOp|NoOp@NoOp|NoOp@NoOp|Move(E)@Move(E)
16251164600:NoOp@NoOp|NoOp@NoOp|NoOp@NoOp|Move(E)@Move(E)
16251232500:NoOp@NoOp|NoOp@NoOp|NoOp@NoOp|Move(N)@Move(N)
16251327900:NoOp@NoOp|NoOp@NoOp|NoOp@NoOp|Move(N)@Move(N)
16251398900:NoOp@NoOp|NoOp@NoOp|NoOp@NoOp|Move(N)@Move(N)
16251466400:NoOp@NoOp|NoOp@NoOp|NoOp@NoOp|Move(E)@Move(E)
16251534600:NoOp@NoOp|NoOp@NoOp|Move(S)@Move(S)|NoOp@NoOp
16251602600:NoOp@NoOp|NoOp@NoOp|Move(S)@Move(S)|NoOp@NoOp
16251670800:NoOp@NoOp|NoOp@NoOp|Move(W)@Move(W)|NoOp@NoOp
16251739200:NoOp@NoOp|NoOp@NoOp|Move(S)@Move(S)|NoOp@NoOp
16251807900:NoOp@NoOp|NoOp@NoOp|Move(S)@Move(S)|NoOp@NoOp
16251903800:NoOp@NoOp|NoOp@NoOp|Move(W)@Move(W)|NoOp@NoOp
16252030000:NoOp@NoOp|NoOp@NoOp|Move(S)@Move(S)|NoOp@NoOp
16252145600:NoOp@NoOp|NoOp@NoOp|Move(S)@Move(S)|NoOp@NoOp
16252258400:NoOp@NoOp|NoOp@NoOp|Move(W)@Move(W)|NoOp@NoOp
16257423600:NoOp@NoOp|NoOp@NoOp|Move(W)@Move(W)|NoOp@NoOp
16257566200:NoOp@NoOp|NoOp@NoOp|Push(W,N)@Push(W,N)|NoOp@NoOp
16257639300:NoOp@NoOp|NoOp@NoOp|Move(E)@Move(E)|NoOp@NoOp
16257706100:NoOp@NoOp|NoOp@NoOp|Move(E)@Move(E)|NoOp@NoOp
16257772600:NoOp@NoOp|NoOp@NoOp|Pull(E,S)@Pull(E,S)|NoOp@NoOp
16257841700:NoOp@NoOp|NoOp@NoOp|Push(W,W)@Push(W,W)|NoOp@NoOp
16257959600:NoOp@NoOp|NoOp@NoOp|Push(W,W)@Push(W,W)|NoOp@NoOp
16258067500:NoOp@NoOp|NoOp@NoOp|Push(W,S)@Push(W,S)|NoOp@NoOp
16258175000:NoOp@NoOp|NoOp@NoOp|Push(S,S)@Push(S,S)|NoOp@NoOp
16258282100:NoOp@NoOp|NoOp@NoOp|Push(S,S)@Push(S,S)|NoOp@NoOp
16258391600:NoOp@NoOp|NoOp@NoOp|Push(S,W)@Push(S,W)|NoOp@NoOp
16258499100:NoOp@NoOp|NoOp@NoOp|Push(W,W)@Push(W,W)|NoOp@NoOp
16258607700:NoOp@NoOp|NoOp@NoOp|Push(W,W)@Push(W,W)|NoOp@NoOp
16258716100:NoOp@NoOp|NoOp@NoOp|Push(W,W)@Push(W,W)|NoOp@NoOp
16258835200:NoOp@NoOp|NoOp@NoOp|Push(W,W)@Push(W,W)|NoOp@NoOp
16258960500:NoOp@NoOp|NoOp@NoOp|Push(W,S)@Push(W,S)|NoOp@NoOp
16259033300:NoOp@NoOp|NoOp@NoOp|Push(S,W)@Push(S,W)|NoOp@NoOp
16259102400:NoOp@NoOp|NoOp@NoOp|Push(W,W)@Push(W,W)|NoOp@NoOp
16259171300:NoOp@NoOp|NoOp@NoOp|Push(W,W)@Push(W,W)|NoOp@NoOp
16259240600:NoOp@NoOp|NoOp@NoOp|Push(W,W)@Push(W,W)|NoOp@NoOp
16259316600:NoOp@NoOp|NoOp@NoOp|Push(W,W)@Push(W,W)|NoOp@NoOp
16259385600:NoOp@NoOp|NoOp@NoOp|Push(W,W)@Push(W,W)|NoOp@NoOp
16259453800:NoOp@NoOp|NoOp@NoOp|Push(W,W)@Push(W,W)|NoOp@NoOp
16259521500:NoOp@NoOp|NoOp@NoOp|Push(W,S)@Push(W,S)|NoOp@NoOp
16259591600:NoOp@NoOp|NoOp@NoOp|Push(S,S)@Push(S,S)|NoOp@NoOp
16259660300:NoOp@NoOp|NoOp@NoOp|Push(S,S)@Push(S,S)|NoOp@NoOp
16259728800:NoOp@NoOp|NoOp@NoOp|Push(S,S)@Push(S,S)|NoOp@NoOp
16259796900:NoOp@NoOp|NoOp@NoOp|Push(S,S)@Push(S,S)|NoOp@NoOp
16259868600:NoOp@NoOp|NoOp@NoOp|Push(S,S)@Push(S,S)|NoOp@NoOp
16259937400:NoOp@NoOp|NoOp@NoOp|Push(S,S)@Push(S,S)|NoOp@NoOp
16260006000:NoOp@NoOp|NoOp@NoOp|Push(S,W)@Push(S,W)|NoOp@NoOp
16260074700:NoOp@NoOp|NoOp@NoOp|Push(W,W)@Push(W,W)|NoOp@NoOp
16260143800:NoOp@NoOp|NoOp@NoOp|Push(W,W)@Push(W,W)|NoOp@NoOp
16260215000:NoOp@NoOp|NoOp@NoOp|Push(W,W)@Push(W,W)|NoOp@NoOp
16260283300:NoOp@NoOp|NoOp@NoOp|Push(W,W)@Push(W,W)|NoOp@NoOp
16260379700:NoOp@NoOp|NoOp@NoOp|Push(W,W)@Push(W,W)|NoOp@NoOp
16260455400:NoOp@NoOp|NoOp@NoOp|Push(W,W)@Push(W,W)|NoOp@NoOp
16260523600:NoOp@NoOp|NoOp@NoOp|Push(W,W)@Push(W,W)|NoOp@NoOp
16260591600:Move(W)@Move(W)|NoOp@NoOp|NoOp@NoOp|NoOp@NoOp
16260660300:Move(N)@Move(N)|NoOp@NoOp|NoOp@NoOp|NoOp@NoOp
16260728100:Move(N)@Move(N)|NoOp@NoOp|NoOp@NoOp|NoOp@NoOp
16260797100:Move(N)@Move(N)|NoOp@NoOp|NoOp@NoOp|NoOp@NoOp
16260892200:Move(E)@Move(E)|NoOp@NoOp|NoOp@NoOp|NoOp@NoOp
16261004500:Push(N,N)@Push(N,N)|NoOp@NoOp|NoOp@NoOp|NoOp@NoOp
16261111700:Move(S)@Move(S)|NoOp@NoOp|NoOp@NoOp|NoOp@NoOp
16261251200:NoOp@NoOp|NoOp@NoOp|Move(E)@Move(E)|NoOp@NoOp
16261364300:NoOp@NoOp|NoOp@NoOp|Move(E)@Move(E)|NoOp@NoOp
16261477100:NoOp@NoOp|NoOp@NoOp|Move(E)@Move(E)|NoOp@NoOp
16261589000:NoOp@NoOp|NoOp@NoOp|Move(E)@Move(E)|NoOp@NoOp
16261716100:NoOp@NoOp|NoOp@NoOp|Move(E)@Move(E)|NoOp@NoOp
16261845300:NoOp@NoOp|NoOp@NoOp|Move(E)@Move(E)|NoOp@NoOp
16261951800:NoOp@NoOp|NoOp@NoOp|Move(E)@Move(E)|NoOp@NoOp
16262022900:NoOp@NoOp|NoOp@NoOp|Move(N)@Move(N)|NoOp@NoOp
16262091300:NoOp@NoOp|NoOp@NoOp|Move(N)@Move(N)|NoOp@NoOp
16262244800:NoOp@NoOp|NoOp@NoOp|Move(N)@Move(N)|NoOp@NoOp
16262322500:NoOp@NoOp|NoOp@NoOp|Move(N)@Move(N)|NoOp@NoOp
16262390300:NoOp@NoOp|NoOp@NoOp|Move(N)@Move(N)|NoOp@NoOp
16262470000:NoOp@NoOp|NoOp@NoOp|Move(N)@Move(N)|NoOp@NoOp
16262537000:NoOp@NoOp|NoOp@NoOp|Move(N)@Move(N)|NoOp@NoOp
16262604100:NoOp@NoOp|NoOp@NoOp|Move(E)@Move(E)|NoOp@NoOp
16262670700:NoOp@NoOp|NoOp@NoOp|Move(E)@Move(E)|NoOp@NoOp
16262737000:NoOp@NoOp|NoOp@NoOp|Move(E)@Move(E)|NoOp@NoOp
16262804500:NoOp@NoOp|NoOp@NoOp|Move(E)@Move(E)|NoOp@NoOp
16262871600:NoOp@NoOp|NoOp@NoOp|Move(E)@Move(E)|NoOp@NoOp
16262938500:NoOp@NoOp|NoOp@NoOp|Move(E)@Move(E)|NoOp@NoOp
16263006900:NoOp@NoOp|NoOp@NoOp|Move(E)@Move(E)|NoOp@NoOp
16263074000:NoOp@NoOp|NoOp@NoOp|Move(N)@Move(N)|NoOp@NoOp
16263141300:NoOp@NoOp|NoOp@NoOp|Move(E)@Move(E)|NoOp@NoOp
16263209100:NoOp@NoOp|NoOp@NoOp|Move(E)@Move(E)|NoOp@NoOp
16263276000:NoOp@NoOp|NoOp@NoOp|Move(E)@Move(E)|NoOp@NoOp
16263342200:NoOp@NoOp|NoOp@NoOp|Move(E)@Move(E)|NoOp@NoOp
16263409800:NoOp@NoOp|NoOp@NoOp|Move(N)@Move(N)|NoOp@NoOp
16263476900:NoOp@NoOp|NoOp@NoOp|Move(E)@Move(E)|NoOp@NoOp
16263544700:NoOp@NoOp|NoOp@NoOp|Move(N)@Move(N)|NoOp@NoOp
16263611400:NoOp@NoOp|NoOp@NoOp|Move(N)@Move(N)|NoOp@NoOp
16263679300:NoOp@NoOp|NoOp@NoOp|Push(N,N)@Push(N,N)|NoOp@NoOp
16263748500:NoOp@NoOp|NoOp@NoOp|Move(S)@Move(S)|NoOp@NoOp
16263838400:NoOp@NoOp|NoOp@NoOp|Move(N)@Move(N)|NoOp@NoOp
16263953200:NoOp@NoOp|NoOp@NoOp|Push(W,N)@Push(W,N)|NoOp@NoOp
16264067900:NoOp@NoOp|NoOp@NoOp|Push(N,W)@Push(N,W)|NoOp@NoOp
16264183000:NoOp@NoOp|NoOp@NoOp|Push(W,W)@Push(W,W)|NoOp@NoOp
16264297000:NoOp@NoOp|NoOp@NoOp|Push(W,S)@Push(W,S)|NoOp@NoOp
16264420900:NoOp@NoOp|NoOp@NoOp|Push(S,W)@Push(S,W)|NoOp@NoOp
16264534200:NoOp@NoOp|NoOp@NoOp|Push(W,W)@Push(W,W)|NoOp@NoOp
16264650100:NoOp@NoOp|NoOp@NoOp|Push(W,S)@Push(W,S)|NoOp@NoOp
16264765700:NoOp@NoOp|NoOp@NoOp|Push(S,W)@Push(S,W)|NoOp@NoOp
16264881400:NoOp@NoOp|NoOp@NoOp|Push(W,W)@Push(W,W)|NoOp@NoOp
16264984900:NoOp@NoOp|NoOp@NoOp|Push(W,W)@Push(W,W)|NoOp@NoOp
16265053200:NoOp@NoOp|NoOp@NoOp|Push(W,S)@Push(W,S)|NoOp@NoOp
16265121900:NoOp@NoOp|NoOp@NoOp|Push(S,S)@Push(S,S)|NoOp@NoOp
16265189800:NoOp@NoOp|NoOp@NoOp|Push(S,S)@Push(S,S)|NoOp@NoOp
16265257000:NoOp@NoOp|NoOp@NoOp|Push(S,S)@Push(S,S)|NoOp@NoOp
16265371700:NoOp@NoOp|NoOp@NoOp|Push(S,W)@Push(S,W)|NoOp@NoOp
16265441400:NoOp@NoOp|NoOp@NoOp|Push(W,W)@Push(W,W)|NoOp@NoOp
16265508300:NoOp@NoOp|NoOp@NoOp|Push(W,W)@Push(W,W)|NoOp@NoOp
16265574600:NoOp@NoOp|NoOp@NoOp|Push(W,W)@Push(W,W)|NoOp@NoOp
16265641900:NoOp@NoOp|NoOp@NoOp|Push(W,S)@Push(W,S)|NoOp@NoOp
16265709000:NoOp@NoOp|NoOp@NoOp|Push(S,S)@Push(S,S)|NoOp@NoOp
16265776700:NoOp@NoOp|NoOp@NoOp|Push(S,S)@Push(S,S)|NoOp@NoOp
16265843400:NoOp@NoOp|NoOp@NoOp|Push(S,S)@Push(S,S)|NoOp@NoOp
16265909900:NoOp@NoOp|NoOp@NoOp|Push(S,S)@Push(S,S)|NoOp@NoOp
16265987200:NoOp@NoOp|NoOp@NoOp|Push(S,S)@Push(S,S)|NoOp@NoOp
16266055000:NoOp@NoOp|NoOp@NoOp|Push(S,S)@Push(S,S)|NoOp@NoOp
16266122300:NoOp@NoOp|NoOp@NoOp|Push(S,W)@Push(S,W)|NoOp@NoOp
16266190400:NoOp@NoOp|NoOp@NoOp|Push(W,W)@Push(W,W)|NoOp@NoOp
16266257800:NoOp@NoOp|NoOp@NoOp|Push(W,W)@Push(W,W)|NoOp@NoOp
16266337100:NoOp@NoOp|NoOp@NoOp|Push(W,W)@Push(W,W)|NoOp@NoOp
16266404300:NoOp@NoOp|NoOp@NoOp|Push(W,W)@Push(W,W)|NoOp@NoOp
16266478300:NoOp@NoOp|NoOp@NoOp|Push(W,W)@Push(W,W)|NoOp@NoOp
16266545200:NoOp@NoOp|NoOp@NoOp|Push(W,W)@Push(W,W)|NoOp@NoOp
16266613900:NoOp@NoOp|NoOp@NoOp|Move(E)@Move(E)|NoOp@NoOp
16266681500:NoOp@NoOp|NoOp@NoOp|Move(E)@Move(E)|NoOp@NoOp
16266749000:NoOp@NoOp|NoOp@NoOp|Move(E)@Move(E)|NoOp@NoOp
16266816100:NoOp@NoOp|NoOp@NoOp|Move(E)@Move(E)|NoOp@NoOp
16266926500:NoOp@NoOp|NoOp@NoOp|Move(E)@Move(E)|NoOp@NoOp
16267041300:NoOp@NoOp|NoOp@NoOp|Move(E)@Move(E)|NoOp@NoOp
16267155100:NoOp@NoOp|NoOp@NoOp|Move(N)@Move(N)|NoOp@NoOp
16267276100:NoOp@NoOp|NoOp@NoOp|Move(N)@Move(N)|NoOp@NoOp
16267387700:NoOp@NoOp|NoOp@NoOp|Move(N)@Move(N)|NoOp@NoOp
16267502100:NoOp@NoOp|NoOp@NoOp|Move(N)@Move(N)|NoOp@NoOp
16267618300:NoOp@NoOp|NoOp@NoOp|Move(N)@Move(N)|NoOp@NoOp
16267732500:NoOp@NoOp|NoOp@NoOp|Move(N)@Move(N)|NoOp@NoOp
16267847200:NoOp@NoOp|NoOp@NoOp|Move(N)@Move(N)|NoOp@NoOp
16267971300:NoOp@NoOp|NoOp@NoOp|Move(E)@Move(E)|NoOp@NoOp
16268039300:NoOp@NoOp|NoOp@NoOp|Move(N)@Move(N)|NoOp@NoOp
16268107000:NoOp@NoOp|NoOp@NoOp|Move(E)@Move(E)|NoOp@NoOp
16268173300:NoOp@NoOp|NoOp@NoOp|Move(N)@Move(N)|NoOp@NoOp
16268242900:NoOp@NoOp|NoOp@NoOp|Move(E)@Move(E)|NoOp@NoOp
16268311100:NoOp@NoOp|NoOp@NoOp|Move(E)@Move(E)|NoOp@NoOp
16268385200:NoOp@NoOp|NoOp@NoOp|Move(N)@Move(N)|NoOp@NoOp
16268460700:NoOp@NoOp|NoOp@NoOp|Move(N)@Move(N)|NoOp@NoOp
16268527800:NoOp@NoOp|NoOp@NoOp|Move(N)@Move(N)|NoOp@NoOp
16268595000:NoOp@NoOp|NoOp@NoOp|Move(E)@Move(E)|NoOp@NoOp
16268662500:NoOp@NoOp|NoOp@NoOp|Move(E)@Move(E)|NoOp@NoOp
16268730400:NoOp@NoOp|NoOp@NoOp|Move(E)@Move(E)|NoOp@NoOp
16268805400:NoOp@NoOp|NoOp@NoOp|Move(E)@Move(E)|NoOp@NoOp
16268876200:NoOp@NoOp|NoOp@NoOp|Move(E)@Move(E)|NoOp@NoOp
16268948700:NoOp@NoOp|NoOp@NoOp|Push(E,N)@Push(E,N)|NoOp@NoOp
16269016800:NoOp@NoOp|NoOp@NoOp|Move(E)@Move(E)|NoOp@NoOp
16269154900:NoOp@NoOp|NoOp@NoOp|Move(N)@Move(N)|NoOp@NoOp
16269223400:NoOp@NoOp|NoOp@NoOp|Move(S)@Move(S)|NoOp@NoOp
16269291000:NoOp@NoOp|NoOp@NoOp|Move(S)@Move(S)|NoOp@NoOp
16269361400:NoOp@NoOp|NoOp@NoOp|Push(W,N)@Push(W,N)|NoOp@NoOp
16269430200:NoOp@NoOp|NoOp@NoOp|Push(N,W)@Push(N,W)|NoOp@NoOp
16269498800:NoOp@NoOp|NoOp@NoOp|Push(W,W)@Push(W,W)|NoOp@NoOp
16269566700:NoOp@NoOp|NoOp@NoOp|Push(W,W)@Push(W,W)|NoOp@NoOp
16269634900:NoOp@NoOp|NoOp@NoOp|Push(W,S)@Push(W,S)|NoOp@NoOp
16269703100:NoOp@NoOp|NoOp@NoOp|Push(S,W)@Push(S,W)|NoOp@NoOp
16269769100:NoOp@NoOp|NoOp@NoOp|Push(W,W)@Push(W,W)|NoOp@NoOp
16269865400:NoOp@NoOp|NoOp@NoOp|Push(W,W)@Push(W,W)|NoOp@NoOp
16269964000:NoOp@NoOp|NoOp@NoOp|Push(W,S)@Push(W,S)|NoOp@NoOp
16270063400:NoOp@NoOp|NoOp@NoOp|Push(S,S)@Push(S,S)|NoOp@NoOp
16270166100:NoOp@NoOp|NoOp@NoOp|Push(S,S)@Push(S,S)|NoOp@NoOp
16270274100:NoOp@NoOp|NoOp@NoOp|Push(S,S)@Push(S,S)|NoOp@NoOp
16270371500:NoOp@NoOp|NoOp@NoOp|Push(S,W)@Push(S,W)|NoOp@NoOp
16270478600:NoOp@NoOp|NoOp@NoOp|Push(W,W)@Push(W,W)|NoOp@NoOp
16270575100:NoOp@NoOp|NoOp@NoOp|Push(W,W)@Push(W,W)|NoOp@NoOp
16270673100:NoOp@NoOp|NoOp@NoOp|Push(W,W)@Push(W,W)|NoOp@NoOp
16270770900:NoOp@NoOp|NoOp@NoOp|Push(W,S)@Push(W,S)|NoOp@NoOp
16270885800:NoOp@NoOp|NoOp@NoOp|Push(S,S)@Push(S,S)|NoOp@NoOp
16270974700:NoOp@NoOp|NoOp@NoOp|Push(S,S)@Push(S,S)|NoOp@NoOp
16271042200:NoOp@NoOp|NoOp@NoOp|Push(S,S)@Push(S,S)|NoOp@NoOp
16271110400:NoOp@NoOp|NoOp@NoOp|Push(S,S)@Push(S,S)|NoOp@NoOp
16271178400:NoOp@NoOp|NoOp@NoOp|Push(S,S)@Push(S,S)|NoOp@NoOp
16271245000:NoOp@NoOp|NoOp@NoOp|Push(S,S)@Push(S,S)|NoOp@NoOp
16271313900:NoOp@NoOp|NoOp@NoOp|Push(S,W)@Push(S,W)|NoOp@NoOp
16271382600:NoOp@NoOp|NoOp@NoOp|Push(W,W)@Push(W,W)|NoOp@NoOp
16271468100:NoOp@NoOp|NoOp@NoOp|Push(W,W)@Push(W,W)|NoOp@NoOp
16271537000:NoOp@NoOp|NoOp@NoOp|Push(W,W)@Push(W,W)|NoOp@NoOp
16271607400:NoOp@NoOp|NoOp@NoOp|Push(W,W)@Push(W,W)|NoOp@NoOp
16271675600:NoOp@NoOp|NoOp@NoOp|Push(W,W)@Push(W,W)|NoOp@NoOp
16271744100:NoOp@NoOp|NoOp@NoOp|NoOp@NoOp|Move(N)@Move(N)
16271824900:NoOp@NoOp|NoOp@NoOp|NoOp@NoOp|Move(N)@Move(N)
16271893600:NoOp@NoOp|NoOp@NoOp|NoOp@NoOp|Move(W)@Move(W)
16271963700:NoOp@NoOp|NoOp@NoOp|NoOp@NoOp|Move(N)@Move(N)
16272033000:NoOp@NoOp|NoOp@NoOp|NoOp@NoOp|Move(N)@Move(N)
16272101200:NoOp@NoOp|NoOp@NoOp|NoOp@NoOp|Move(E)@Move(E)
16272169200:NoOp@NoOp|NoOp@NoOp|NoOp@NoOp|Move(N)@Move(N)
16272237300:NoOp@NoOp|NoOp@NoOp|NoOp@NoOp|Move(E)@Move(E)
16272304500:NoOp@NoOp|NoOp@NoOp|NoOp@NoOp|Move(N)@Move(N)
16272371600:NoOp@NoOp|NoOp@NoOp|NoOp@NoOp|Move(E)@Move(E)
16272439000:NoOp@NoOp|NoOp@NoOp|NoOp@NoOp|Move(E)@Move(E)
16272505500:NoOp@NoOp|NoOp@NoOp|NoOp@NoOp|Move(N)@Move(N)
16272573300:NoOp@NoOp|NoOp@NoOp|NoOp@NoOp|Move(N)@Move(N)
16272640200:NoOp@NoOp|NoOp@NoOp|NoOp@NoOp|Move(N)@Move(N)
16272707600:NoOp@NoOp|NoOp@NoOp|NoOp@NoOp|Move(E)@Move(E)
16272775600:NoOp@NoOp|NoOp@NoOp|NoOp@NoOp|Move(E)@Move(E)
16272844600:NoOp@NoOp|NoOp@NoOp|NoOp@NoOp|Pull(S,S)@Pull(S,S)
16272961000:Move(E)@Move(E)|NoOp@NoOp|NoOp@NoOp|NoOp@NoOp
16273067800:Move(E)@Move(E)|NoOp@NoOp|NoOp@NoOp|NoOp@NoOp
16273174900:Move(S)@Move(S)|NoOp@NoOp|NoOp@NoOp|NoOp@NoOp
16273281300:Move(S)@Move(S)|NoOp@NoOp|NoOp@NoOp|NoOp@NoOp
16273386700:Move(S)@Move(S)|NoOp@NoOp|NoOp@NoOp|NoOp@NoOp
16273494000:Move(S)@Move(S)|NoOp@NoOp|NoOp@NoOp|NoOp@NoOp
16273601100:Move(E)@Move(E)|NoOp@NoOp|NoOp@NoOp|NoOp@NoOp
16273708100:Move(S)@Move(S)|NoOp@NoOp|NoOp@NoOp|NoOp@NoOp
16273816100:Move(S)@Move(S)|NoOp@NoOp|NoOp@NoOp|NoOp@NoOp
16273923600:Move(S)@Move(S)|NoOp@NoOp|NoOp@NoOp|NoOp@NoOp
16274009800:Move(S)@Move(S)|NoOp@NoOp|NoOp@NoOp|NoOp@NoOp
16274075600:Move(S)@Move(S)|NoOp@NoOp|NoOp@NoOp|NoOp@NoOp
16274142000:Move(S)@Move(S)|NoOp@NoOp|NoOp@NoOp|NoOp@NoOp
16274207700:Move(S)@Move(S)|NoOp@NoOp|NoOp@NoOp|NoOp@NoOp
16274274400:Move(E)@Move(E)|NoOp@NoOp|NoOp@NoOp|NoOp@NoOp
16274347200:Move(E)@Move(E)|NoOp@NoOp|NoOp@NoOp|NoOp@NoOp
16274413100:Move(E)@Move(E)|NoOp@NoOp|NoOp@NoOp|NoOp@NoOp
16274486700:Move(E)@Move(E)|NoOp@NoOp|NoOp@NoOp|NoOp@NoOp
16274559300:Push(E,E)@Push(E,E)|NoOp@NoOp|NoOp@NoOp|NoOp@NoOp
16274625800:Move(W)@Move(W)|NoOp@NoOp|NoOp@NoOp|NoOp@NoOp
16274691900:Move(W)@Move(W)|NoOp@NoOp|NoOp@NoOp|NoOp@NoOp
16274757600:Move(W)@Move(W)|NoOp@NoOp|NoOp@NoOp|NoOp@NoOp
16274823400:Move(W)@Move(W)|NoOp@NoOp|NoOp@NoOp|NoOp@NoOp
16274903900:Move(W)@Move(W)|NoOp@NoOp|NoOp@NoOp|NoOp@NoOp
16274971100:Move(N)@Move(N)|NoOp@NoOp|NoOp@NoOp|NoOp@NoOp
16275038100:Move(N)@Move(N)|NoOp@NoOp|NoOp@NoOp|NoOp@NoOp
16275106000:Move(N)@Move(N)|NoOp@NoOp|NoOp@NoOp|NoOp@NoOp
16275173900:Move(E)@Move(E)|NoOp@NoOp|NoOp@NoOp|NoOp@NoOp
16275242500:NoOp@NoOp|NoOp@NoOp|NoOp@NoOp|Push(N,W)@Push(N,W)
16275311100:NoOp@NoOp|NoOp@NoOp|NoOp@NoOp|Move(N)@Move(N)
16275414900:NoOp@NoOp|NoOp@NoOp|NoOp@NoOp|Pull(E,E)@Pull(E,E)
16275484500:NoOp@NoOp|NoOp@NoOp|NoOp@NoOp|Push(W,S)@Push(W,S)
16275552500:NoOp@NoOp|NoOp@NoOp|NoOp@NoOp|Push(S,S)@Push(S,S)
16275619700:NoOp@NoOp|NoOp@NoOp|NoOp@NoOp|Push(S,W)@Push(S,W)
16275687400:NoOp@NoOp|NoOp@NoOp|NoOp@NoOp|Push(W,W)@Push(W,W)
16275754700:NoOp@NoOp|NoOp@NoOp|NoOp@NoOp|Push(W,N)@Push(W,N)
16275822800:Move(N)@Move(N)|NoOp@NoOp|NoOp@NoOp|NoOp@NoOp
16275926800:Move(N)@Move(N)|NoOp@NoOp|NoOp@NoOp|NoOp@NoOp
16276119300:Move(W)@Move(W)|NoOp@NoOp|NoOp@NoOp|NoOp@NoOp
16276230600:Move(N)@Move(N)|NoOp@NoOp|NoOp@NoOp|NoOp@NoOp
16276353800:Move(N)@Move(N)|NoOp@NoOp|NoOp@NoOp|NoOp@NoOp
16276466500:Move(W)@Move(W)|NoOp@NoOp|NoOp@NoOp|NoOp@NoOp
16276576100:Move(N)@Move(N)|NoOp@NoOp|NoOp@NoOp|NoOp@NoOp
16276687200:Move(W)@Move(W)|NoOp@NoOp|NoOp@NoOp|NoOp@NoOp
16276800600:Move(W)@Move(W)|NoOp@NoOp|NoOp@NoOp|NoOp@NoOp
16276919300:Move(W)@Move(W)|NoOp@NoOp|NoOp@NoOp|NoOp@NoOp
16277004900:Move(N)@Move(N)|NoOp@NoOp|NoOp@NoOp|NoOp@NoOp
16277072600:Move(W)@Move(W)|NoOp@NoOp|NoOp@NoOp|NoOp@NoOp
16277141200:Push(W,W)@Push(W,W)|NoOp@NoOp|NoOp@NoOp|NoOp@NoOp
16277210400:Move(S)@Move(S)|NoOp@NoOp|NoOp@NoOp|NoOp@NoOp
16277278400:NoOp@NoOp|NoOp@NoOp|NoOp@NoOp|Pull(S,S)@Pull(S,S)
16277350100:NoOp@NoOp|NoOp@NoOp|NoOp@NoOp|Move(S)@Move(S)
16277418100:NoOp@NoOp|NoOp@NoOp|NoOp@NoOp|Move(S)@Move(S)
16277484300:NoOp@NoOp|NoOp@NoOp|NoOp@NoOp|Move(N)@Move(N)
16277552600:NoOp@NoOp|NoOp@NoOp|NoOp@NoOp|Move(N)@Move(N)
16277621600:NoOp@NoOp|NoOp@NoOp|NoOp@NoOp|Push(N,N)@Push(N,N)
16277689800:NoOp@NoOp|NoOp@NoOp|NoOp@NoOp|Move(E)@Move(E)
16277756800:Move(N)@Move(N)|NoOp@NoOp|NoOp@NoOp|NoOp@NoOp
16277825300:Push(W,S)@Push(W,S)|NoOp@NoOp|NoOp@NoOp|NoOp@NoOp
16277909500:Push(S,E)@Push(S,E)|NoOp@NoOp|NoOp@NoOp|NoOp@NoOp
16277978900:Move(S)@Move(S)|NoOp@NoOp|NoOp@NoOp|NoOp@NoOp
16278047800:Move(N)@Move(N)|NoOp@NoOp|NoOp@NoOp|NoOp@NoOp
16278116100:Move(N)@Move(N)|NoOp@NoOp|NoOp@NoOp|NoOp@NoOp
16278185700:NoOp@NoOp|NoOp@NoOp|NoOp@NoOp|Move(W)@Move(W)
16278254900:NoOp@NoOp|NoOp@NoOp|NoOp@NoOp|Pull(S,S)@Pull(S,S)
16278343900:NoOp@NoOp|NoOp@NoOp|NoOp@NoOp|Move(S)@Move(S)
16278413800:NoOp@NoOp|NoOp@NoOp|NoOp@NoOp|Move(S)@Move(S)
16278490800:Move(S)@Move(S)|NoOp@NoOp|NoOp@NoOp|NoOp@NoOp
16278561100:Push(E,E)@Push(E,E)|NoOp@NoOp|NoOp@NoOp|NoOp@NoOp
16278631800:Move(N)@Move(N)|NoOp@NoOp|NoOp@NoOp|NoOp@NoOp
16278700900:Move(S)@Move(S)|NoOp@NoOp|NoOp@NoOp|NoOp@NoOp
16278778800:Move(N)@Move(N)|NoOp@NoOp|NoOp@NoOp|NoOp@NoOp
16278866100:NoOp@NoOp|NoOp@NoOp|NoOp@NoOp|Move(N)@Move(N)
16278962900:NoOp@NoOp|NoOp@NoOp|NoOp@NoOp|Move(N)@Move(N)
16279059500:NoOp@NoOp|NoOp@NoOp|NoOp@NoOp|Push(N,N)@Push(N,N)
16279156900:NoOp@NoOp|NoOp@NoOp|NoOp@NoOp|Move(E)@Move(E)
16279254400:Move(S)@Move(S)|NoOp@NoOp|NoOp@NoOp|NoOp@NoOp
16279368200:Push(E,N)@Push(E,N)|NoOp@NoOp|NoOp@NoOp|NoOp@NoOp
16279466200:Move(S)@Move(S)|NoOp@NoOp|NoOp@NoOp|NoOp@NoOp
16279564400:NoOp@NoOp|NoOp@NoOp|Move(E)@Move(E)|NoOp@NoOp
16279662100:NoOp@NoOp|NoOp@NoOp|Move(E)@Move(E)|NoOp@NoOp
16279759900:NoOp@NoOp|NoOp@NoOp|Move(E)@Move(E)|NoOp@NoOp
16279857600:NoOp@NoOp|NoOp@NoOp|Move(E)@Move(E)|NoOp@NoOp
16279948600:NoOp@NoOp|NoOp@NoOp|Move(E)@Move(E)|NoOp@NoOp
16280015300:NoOp@NoOp|NoOp@NoOp|Move(N)@Move(N)|NoOp@NoOp
16280082300:NoOp@NoOp|NoOp@NoOp|Move(N)@Move(N)|NoOp@NoOp
16280149400:NoOp@NoOp|NoOp@NoOp|Move(N)@Move(N)|NoOp@NoOp
16280217100:NoOp@NoOp|NoOp@NoOp|Move(N)@Move(N)|NoOp@NoOp
16280285100:NoOp@NoOp|NoOp@NoOp|Move(N)@Move(N)|NoOp@NoOp
16280351300:NoOp@NoOp|NoOp@NoOp|Move(N)@Move(N)|NoOp@NoOp
16280418700:NoOp@NoOp|NoOp@NoOp|Move(N)@Move(N)|NoOp@NoOp
16280491700:NoOp@NoOp|NoOp@NoOp|Move(E)@Move(E)|NoOp@NoOp
16280560000:NoOp@NoOp|NoOp@NoOp|Move(E)@Move(E)|NoOp@NoOp
16280627300:NoOp@NoOp|NoOp@NoOp|Move(E)@Move(E)|NoOp@NoOp
16280695500:NoOp@NoOp|NoOp@NoOp|Move(E)@Move(E)|NoOp@NoOp
16280763800:NoOp@NoOp|NoOp@NoOp|Move(E)@Move(E)|NoOp@NoOp
16280846900:NoOp@NoOp|NoOp@NoOp|Move(E)@Move(E)|NoOp@NoOp
16280920000:NoOp@NoOp|NoOp@NoOp|Move(E)@Move(E)|NoOp@NoOp
16280991900:NoOp@NoOp|NoOp@NoOp|Move(N)@Move(N)|NoOp@NoOp
16281063800:NoOp@NoOp|NoOp@NoOp|Move(E)@Move(E)|NoOp@NoOp
16281137000:NoOp@NoOp|NoOp@NoOp|Move(E)@Move(E)|NoOp@NoOp
16281208700:NoOp@NoOp|NoOp@NoOp|Move(E)@Move(E)|NoOp@NoOp
16281281800:NoOp@NoOp|NoOp@NoOp|Move(E)@Move(E)|NoOp@NoOp
16281352000:NoOp@NoOp|NoOp@NoOp|Move(E)@Move(E)|NoOp@NoOp
16281421500:NoOp@NoOp|NoOp@NoOp|Move(N)@Move(N)|NoOp@NoOp
16281491300:NoOp@NoOp|NoOp@NoOp|Move(N)@Move(N)|NoOp@NoOp
16281563900:NoOp@NoOp|NoOp@NoOp|Move(N)@Move(N)|NoOp@NoOp
16281644800:NoOp@NoOp|NoOp@NoOp|Move(N)@Move(N)|NoOp@NoOp
16281719200:NoOp@NoOp|NoOp@NoOp|Push(N,W)@Push(N,W)|NoOp@NoOp
16281792300:NoOp@NoOp|NoOp@NoOp|Move(S)@Move(S)|NoOp@NoOp
16281939900:NoOp@NoOp|NoOp@NoOp|Move(E)@Move(E)|NoOp@NoOp
16282032400:NoOp@NoOp|Move(W)@Move(W)|NoOp@NoOp|NoOp@NoOp
16282132500:NoOp@NoOp|Move(W)@Move(W)|NoOp@NoOp|NoOp@NoOp
16282388400:NoOp@NoOp|Move(W)@Move(W)|NoOp@NoOp|NoOp@NoOp
16282483900:NoOp@NoOp|Move(W)@Move(W)|NoOp@NoOp|NoOp@NoOp
16282630700:NoOp@NoOp|Move(W)@Move(W)|NoOp@NoOp|NoOp@NoOp
16282726900:NoOp@NoOp|Move(W)@Move(W)|NoOp@NoOp|NoOp@NoOp
16282820200:NoOp@NoOp|Move(W)@Move(W)|NoOp@NoOp|NoOp@NoOp
16282925400:NoOp@NoOp|Move(S)@Move(S)|NoOp@NoOp|NoOp@NoOp
16283069400:NoOp@NoOp|Move(S)@Move(S)|NoOp@NoOp|NoOp@NoOp
16283138200:NoOp@NoOp|Move(S)@Move(S)|NoOp@NoOp|NoOp@NoOp
16283207100:NoOp@NoOp|Move(S)@Move(S)|NoOp@NoOp|NoOp@NoOp
16283274900:NoOp@NoOp|Move(S)@Move(S)|NoOp@NoOp|NoOp@NoOp
16283350600:NoOp@NoOp|Move(S)@Move(S)|NoOp@NoOp|NoOp@NoOp
16283419100:NoOp@NoOp|Move(S)@Move(S)|NoOp@NoOp|NoOp@NoOp
16283486700:NoOp@NoOp|Move(W)@Move(W)|NoOp@NoOp|NoOp@NoOp
16283553200:NoOp@NoOp|Move(S)@Move(S)|NoOp@NoOp|NoOp@NoOp
16283634100:NoOp@NoOp|Move(S)@Move(S)|NoOp@NoOp|NoOp@NoOp
16283702600:NoOp@NoOp|Move(S)@Move(S)|NoOp@NoOp|NoOp@NoOp
16283770500:NoOp@NoOp|Move(S)@Move(S)|NoOp@NoOp|NoOp@NoOp
16283849000:NoOp@NoOp|Move(S)@Move(S)|NoOp@NoOp|NoOp@NoOp
16283918000:NoOp@NoOp|Move(W)@Move(W)|NoOp@NoOp|NoOp@NoOp
16283985900:NoOp@NoOp|Move(W)@Move(W)|NoOp@NoOp|NoOp@NoOp
16284056100:NoOp@NoOp|Move(W)@Move(W)|NoOp@NoOp|NoOp@NoOp
16284126700:NoOp@NoOp|Move(W)@Move(W)|NoOp@NoOp|NoOp@NoOp
16284194600:NoOp@NoOp|Move(W)@Move(W)|NoOp@NoOp|NoOp@NoOp
16284275500:NoOp@NoOp|Move(W)@Move(W)|NoOp@NoOp|NoOp@NoOp
16284353000:NoOp@NoOp|Move(W)@Move(W)|NoOp@NoOp|NoOp@NoOp
16284430100:NoOp@NoOp|Move(W)@Move(W)|NoOp@NoOp|NoOp@NoOp
16284515400:NoOp@NoOp|Push(W,N)@Push(W,N)|NoOp@NoOp|NoOp@NoOp
16284605400:NoOp@NoOp|Push(N,W)@Push(N,W)|NoOp@NoOp|NoOp@NoOp
16284685200:NoOp@NoOp|Move(S)@Move(S)|NoOp@NoOp|NoOp@NoOp
16284762500:Move(N)@Move(N)|NoOp@NoOp|NoOp@NoOp|NoOp@NoOp
16284840600:Push(N,W)@Push(N,W)|NoOp@NoOp|NoOp@NoOp|NoOp@NoOp
16284925600:Move(S)@Move(S)|NoOp@NoOp|NoOp@NoOp|NoOp@NoOp
16285001200:Move(S)@Move(S)|NoOp@NoOp|NoOp@NoOp|NoOp@NoOp
16285077800:Push(W,N)@Push(W,N)|NoOp@NoOp|NoOp@NoOp|NoOp@NoOp
16285157900:NoOp@NoOp|NoOp@NoOp|Move(S)@Move(S)|NoOp@NoOp
16285237000:NoOp@NoOp|NoOp@NoOp|NoOp@NoOp|Move(E)@Move(E)
16285311600:NoOp@NoOp|NoOp@NoOp|NoOp@NoOp|Move(N)@Move(N)
16285388200:NoOp@NoOp|NoOp@NoOp|NoOp@NoOp|Move(N)@Move(N)
16285467300:NoOp@NoOp|NoOp@NoOp|NoOp@NoOp|Move(W)@Move(W)
16285547500:NoOp@NoOp|NoOp@NoOp|NoOp@NoOp|Push(W,W)@Push(W,W)
16285623900:NoOp@NoOp|NoOp@NoOp|NoOp@NoOp|Move(E)@Move(E)
16285700500:NoOp@NoOp|NoOp@NoOp|NoOp@NoOp|Move(E)@Move(E)
16285778400:NoOp@NoOp|NoOp@NoOp|NoOp@NoOp|Move(S)@Move(S)
16285854900:Move(E)@Move(E)|NoOp@NoOp|NoOp@NoOp|NoOp@NoOp
16285930400:Move(E)@Move(E)|NoOp@NoOp|NoOp@NoOp|NoOp@NoOp
16286007000:Move(E)@Move(E)|NoOp@NoOp|NoOp@NoOp|NoOp@NoOp
16286083200:Move(E)@Move(E)|NoOp@NoOp|NoOp@NoOp|NoOp@NoOp
16286162300:Move(E)@Move(E)|NoOp@NoOp|NoOp@NoOp|NoOp@NoOp
16286238100:Move(E)@Move(E)|NoOp@NoOp|NoOp@NoOp|NoOp@NoOp
16286315900:Move(S)@Move(S)|NoOp@NoOp|NoOp@NoOp|NoOp@NoOp
16286399300:Move(S)@Move(S)|NoOp@NoOp|NoOp@NoOp|NoOp@NoOp
16286474700:Move(S)@Move(S)|NoOp@NoOp|NoOp@NoOp|NoOp@NoOp
16286546100:Move(S)@Move(S)|NoOp@NoOp|NoOp@NoOp|NoOp@NoOp
16286622000:Move(S)@Move(S)|NoOp@NoOp|NoOp@NoOp|NoOp@NoOp
16286698200:Move(S)@Move(S)|NoOp@NoOp|NoOp@NoOp|NoOp@NoOp
16286779500:Move(S)@Move(S)|NoOp@NoOp|NoOp@NoOp|NoOp@NoOp
16286870300:Move(E)@Move(E)|NoOp@NoOp|NoOp@NoOp|NoOp@NoOp
16286951600:Move(E)@Move(E)|NoOp@NoOp|NoOp@NoOp|NoOp@NoOp
16287028100:Move(E)@Move(E)|NoOp@NoOp|NoOp@NoOp|NoOp@NoOp
16287104700:Move(E)@Move(E)|NoOp@NoOp|NoOp@NoOp|NoOp@NoOp
16287183000:Move(E)@Move(E)|NoOp@NoOp|NoOp@NoOp|NoOp@NoOp
16287260000:Pull(W,W)@Pull(W,W)|NoOp@NoOp|NoOp@NoOp|NoOp@NoOp
16287336300:Pull(W,W)@Pull(W,W)|NoOp@NoOp|NoOp@NoOp|NoOp@NoOp
16287424000:Pull(W,W)@Pull(W,W)|NoOp@NoOp|NoOp@NoOp|NoOp@NoOp
16287500400:Pull(W,W)@Pull(W,W)|NoOp@NoOp|NoOp@NoOp|NoOp@NoOp
16287576600:Pull(W,W)@Pull(W,W)|NoOp@NoOp|NoOp@NoOp|NoOp@NoOp
16287653500:Pull(N,W)@Pull(N,W)|NoOp@NoOp|NoOp@NoOp|NoOp@NoOp
16287730300:Pull(N,N)@Pull(N,N)|NoOp@NoOp|NoOp@NoOp|NoOp@NoOp
16287807700:Pull(N,N)@Pull(N,N)|NoOp@NoOp|NoOp@NoOp|NoOp@NoOp
16287896600:Pull(N,N)@Pull(N,N)|NoOp@NoOp|NoOp@NoOp|NoOp@NoOp
16287975700:Push(S,W)@Push(S,W)|NoOp@NoOp|NoOp@NoOp|NoOp@NoOp
16288051200:Move(E)@Move(E)|NoOp@NoOp|NoOp@NoOp|NoOp@NoOp
16288125300:NoOp@NoOp|Move(N)@Move(N)|NoOp@NoOp|NoOp@NoOp
16288198900:NoOp@NoOp|NoOp@NoOp|NoOp@NoOp|Move(N)@Move(N)
16288271400:NoOp@NoOp|NoOp@NoOp|NoOp@NoOp|Move(W)@Move(W)
16288344300:NoOp@NoOp|NoOp@NoOp|NoOp@NoOp|Move(W)@Move(W)
16288417700:NoOp@NoOp|NoOp@NoOp|NoOp@NoOp|Push(S,S)@Push(S,S)
16288491200:NoOp@NoOp|NoOp@NoOp|NoOp@NoOp|Push(S,S)@Push(S,S)
16288562900:NoOp@NoOp|NoOp@NoOp|NoOp@NoOp|Push(S,S)@Push(S,S)
16288635700:NoOp@NoOp|NoOp@NoOp|NoOp@NoOp|Push(S,S)@Push(S,S)
16288709500:NoOp@NoOp|NoOp@NoOp|NoOp@NoOp|Push(S,E)@Push(S,E)
16288781800:NoOp@NoOp|NoOp@NoOp|NoOp@NoOp|Push(E,E)@Push(E,E)
16288874400:NoOp@NoOp|NoOp@NoOp|NoOp@NoOp|Push(E,E)@Push(E,E)
16288961700:NoOp@NoOp|NoOp@NoOp|NoOp@NoOp|Push(E,E)@Push(E,E)
16289046400:NoOp@NoOp|NoOp@NoOp|NoOp@NoOp|Push(E,E)@Push(E,E)
16289142500:NoOp@NoOp|NoOp@NoOp|NoOp@NoOp|Push(E,S)@Push(E,S)
16289227500:NoOp@NoOp|NoOp@NoOp|NoOp@NoOp|Push(S,E)@Push(S,E)
16289311800:NoOp@NoOp|NoOp@NoOp|NoOp@NoOp|Push(E,E)@Push(E,E)
16289396600:NoOp@NoOp|NoOp@NoOp|NoOp@NoOp|Push(E,E)@Push(E,E)
16289480900:NoOp@NoOp|NoOp@NoOp|NoOp@NoOp|Push(E,E)@Push(E,E)
16289564600:NoOp@NoOp|NoOp@NoOp|NoOp@NoOp|Push(E,E)@Push(E,E)
16289649200:NoOp@NoOp|NoOp@NoOp|NoOp@NoOp|Push(E,E)@Push(E,E)
16289732400:NoOp@NoOp|NoOp@NoOp|NoOp@NoOp|Push(E,E)@Push(E,E)
16289817000:NoOp@NoOp|NoOp@NoOp|NoOp@NoOp|Push(E,S)@Push(E,S)
16290021800:NoOp@NoOp|NoOp@NoOp|NoOp@NoOp|Push(S,S)@Push(S,S)
16290090200:NoOp@NoOp|NoOp@NoOp|NoOp@NoOp|Push(S,S)@Push(S,S)
16290157300:NoOp@NoOp|NoOp@NoOp|NoOp@NoOp|Push(S,S)@Push(S,S)
16290225300:NoOp@NoOp|NoOp@NoOp|NoOp@NoOp|Push(S,S)@Push(S,S)
16290293100:NoOp@NoOp|NoOp@NoOp|NoOp@NoOp|Push(S,S)@Push(S,S)
16290360200:NoOp@NoOp|NoOp@NoOp|NoOp@NoOp|Push(S,S)@Push(S,S)
16290427600:NoOp@NoOp|NoOp@NoOp|NoOp@NoOp|Push(S,E)@Push(S,E)
16290495500:NoOp@NoOp|NoOp@NoOp|NoOp@NoOp|Push(E,E)@Push(E,E)
16290561500:NoOp@NoOp|NoOp@NoOp|NoOp@NoOp|Push(E,E)@Push(E,E)
16290631200:NoOp@NoOp|NoOp@NoOp|NoOp@NoOp|Push(E,E)@Push(E,E)
16290737500:NoOp@NoOp|NoOp@NoOp|NoOp@NoOp|Push(E,E)@Push(E,E)
16290804500:NoOp@NoOp|NoOp@NoOp|NoOp@NoOp|Push(E,E)@Push(E,E)
16290902900:NoOp@NoOp|NoOp@NoOp|NoOp@NoOp|Push(E,E)@Push(E,E)
16291001700:NoOp@NoOp|NoOp@NoOp|NoOp@NoOp|Push(E,E)@Push(E,E)
16291101700:NoOp@NoOp|NoOp@NoOp|NoOp@NoOp|Push(E,E)@Push(E,E)
16291200100:NoOp@NoOp|NoOp@NoOp|NoOp@NoOp|Push(E,E)@Push(E,E)
16291298500:NoOp@NoOp|NoOp@NoOp|NoOp@NoOp|Push(E,E)@Push(E,E)
16291396600:NoOp@NoOp|NoOp@NoOp|NoOp@NoOp|Move(W)@Move(W)
16291496600:NoOp@NoOp|NoOp@NoOp|NoOp@NoOp|Move(W)@Move(W)
16291593900:NoOp@NoOp|NoOp@NoOp|NoOp@NoOp|Move(W)@Move(W)
16291691600:NoOp@NoOp|NoOp@NoOp|NoOp@NoOp|Move(W)@Move(W)
16291803300:NoOp@NoOp|NoOp@NoOp|NoOp@NoOp|Move(W)@Move(W)
16291900700:NoOp@NoOp|NoOp@NoOp|NoOp@NoOp|Move(W)@Move(W)
16291986400:NoOp@NoOp|NoOp@NoOp|NoOp@NoOp|Move(W)@Move(W)
16292054400:NoOp@NoOp|NoOp@NoOp|NoOp@NoOp|Move(W)@Move(W)
16292123000:NoOp@NoOp|NoOp@NoOp|NoOp@NoOp|Move(W)@Move(W)
16292191600:NoOp@NoOp|NoOp@NoOp|NoOp@NoOp|Move(W)@Move(W)
16292259400:NoOp@NoOp|NoOp@NoOp|NoOp@NoOp|Move(N)@Move(N)
16292326800:NoOp@NoOp|NoOp@NoOp|NoOp@NoOp|Move(N)@Move(N)
16292393800:NoOp@NoOp|NoOp@NoOp|NoOp@NoOp|Move(N)@Move(N)
16292460500:NoOp@NoOp|NoOp@NoOp|NoOp@NoOp|Move(N)@Move(N)
16292536800:NoOp@NoOp|NoOp@NoOp|NoOp@NoOp|Move(N)@Move(N)
16292603900:NoOp@NoOp|NoOp@NoOp|NoOp@NoOp|Move(N)@Move(N)
16292671300:NoOp@NoOp|NoOp@NoOp|NoOp@NoOp|Move(N)@Move(N)
16292738400:NoOp@NoOp|NoOp@NoOp|NoOp@NoOp|Move(W)@Move(W)
16292806300:NoOp@NoOp|NoOp@NoOp|NoOp@NoOp|Move(N)@Move(N)
16292895900:NoOp@NoOp|NoOp@NoOp|NoOp@NoOp|Move(N)@Move(N)
16292969600:NoOp@NoOp|NoOp@NoOp|NoOp@NoOp|Move(N)@Move(N)
16293068400:NoOp@NoOp|NoOp@NoOp|NoOp@NoOp|Move(N)@Move(N)
16293141300:NoOp@NoOp|NoOp@NoOp|NoOp@NoOp|Move(N)@Move(N)
16293212200:NoOp@NoOp|NoOp@NoOp|NoOp@NoOp|Move(W)@Move(W)
16293283900:NoOp@NoOp|NoOp@NoOp|NoOp@NoOp|Move(W)@Move(W)
16293356400:NoOp@NoOp|NoOp@NoOp|NoOp@NoOp|Move(W)@Move(W)
16293429200:NoOp@NoOp|NoOp@NoOp|NoOp@NoOp|Move(W)@Move(W)
16293526900:NoOp@NoOp|NoOp@NoOp|NoOp@NoOp|Move(W)@Move(W)
16293600600:NoOp@NoOp|NoOp@NoOp|NoOp@NoOp|Move(W)@Move(W)
16293671900:NoOp@NoOp|NoOp@NoOp|NoOp@NoOp|Move(W)@Move(W)
16293742700:NoOp@NoOp|NoOp@NoOp|NoOp@NoOp|Move(W)@Move(W)
16293823500:NoOp@NoOp|NoOp@NoOp|NoOp@NoOp|Move(N)@Move(N)
16293900500:NoOp@NoOp|NoOp@NoOp|NoOp@NoOp|Move(W)@Move(W)
16294024800:NoOp@NoOp|NoOp@NoOp|NoOp@NoOp|Move(W)@Move(W)
16294111100:NoOp@NoOp|NoOp@NoOp|NoOp@NoOp|Move(W)@Move(W)
16294203100:NoOp@NoOp|NoOp@NoOp|NoOp@NoOp|Pull(E,E)@Pull(E,E)
16294293900:NoOp@NoOp|NoOp@NoOp|NoOp@NoOp|Push(W,S)@Push(W,S)
16294381800:NoOp@NoOp|NoOp@NoOp|NoOp@NoOp|Push(S,S)@Push(S,S)
16294467200:NoOp@NoOp|NoOp@NoOp|NoOp@NoOp|Push(S,S)@Push(S,S)
16294564200:NoOp@NoOp|NoOp@NoOp|NoOp@NoOp|Push(S,S)@Push(S,S)
16294651300:NoOp@NoOp|NoOp@NoOp|NoOp@NoOp|Push(S,S)@Push(S,S)
16294746200:NoOp@NoOp|NoOp@NoOp|NoOp@NoOp|Push(S,E)@Push(S,E)
16294836900:NoOp@NoOp|NoOp@NoOp|NoOp@NoOp|Push(E,E)@Push(E,E)
16294940800:NoOp@NoOp|NoOp@NoOp|NoOp@NoOp|Push(E,E)@Push(E,E)
16295010700:NoOp@NoOp|NoOp@NoOp|NoOp@NoOp|Push(E,E)@Push(E,E)
16295084900:NoOp@NoOp|NoOp@NoOp|NoOp@NoOp|Push(E,E)@Push(E,E)
16295166600:NoOp@NoOp|NoOp@NoOp|NoOp@NoOp|Push(E,S)@Push(E,S)
16295234400:NoOp@NoOp|NoOp@NoOp|NoOp@NoOp|Push(S,E)@Push(S,E)
16295295700:NoOp@NoOp|NoOp@NoOp|NoOp@NoOp|Push(E,E)@Push(E,E)
16295357400:NoOp@NoOp|NoOp@NoOp|NoOp@NoOp|Push(E,E)@Push(E,E)
16295418700:NoOp@NoOp|NoOp@NoOp|NoOp@NoOp|Push(E,E)@Push(E,E)
16295489200:NoOp@NoOp|NoOp@NoOp|NoOp@NoOp|Push(E,E)@Push(E,E)
16295549800:NoOp@NoOp|NoOp@NoOp|NoOp@NoOp|Push(E,E)@Push(E,E)
16295612800:NoOp@NoOp|NoOp@NoOp|NoOp@NoOp|Push(E,E)@Push(E,E)
16295676100:NoOp@NoOp|NoOp@NoOp|NoOp@NoOp|Push(E,S)@Push(E,S)
16295738700:NoOp@NoOp|NoOp@NoOp|NoOp@NoOp|Push(S,S)@Push(S,S)
16295813900:NoOp@NoOp|NoOp@NoOp|NoOp@NoOp|Push(S,S)@Push(S,S)
16295901300:NoOp@NoOp|NoOp@NoOp|NoOp@NoOp|Push(S,S)@Push(S,S)
16295973100:NoOp@NoOp|NoOp@NoOp|NoOp@NoOp|Push(S,S)@Push(S,S)
16296044500:NoOp@NoOp|NoOp@NoOp|NoOp@NoOp|Push(S,S)@Push(S,S)
16296115600:NoOp@NoOp|NoOp@NoOp|NoOp@NoOp|Push(S,S)@Push(S,S)
16296188300:NoOp@NoOp|NoOp@NoOp|NoOp@NoOp|Push(S,E)@Push(S,E)
16296259200:NoOp@NoOp|NoOp@NoOp|NoOp@NoOp|Push(E,E)@Push(E,E)
16296332200:NoOp@NoOp|NoOp@NoOp|NoOp@NoOp|Push(E,E)@Push(E,E)
16296406500:NoOp@NoOp|NoOp@NoOp|NoOp@NoOp|Push(E,E)@Push(E,E)
16296486200:NoOp@NoOp|NoOp@NoOp|NoOp@NoOp|Push(E,E)@Push(E,E)
16296567600:NoOp@NoOp|NoOp@NoOp|NoOp@NoOp|Push(E,E)@Push(E,E)
16296639800:NoOp@NoOp|NoOp@NoOp|NoOp@NoOp|Push(E,E)@Push(E,E)
16296712900:NoOp@NoOp|NoOp@NoOp|NoOp@NoOp|Push(E,E)@Push(E,E)
16296786700:NoOp@NoOp|NoOp@NoOp|NoOp@NoOp|Move(W)@Move(W)
16296975300:NoOp@NoOp|NoOp@NoOp|NoOp@NoOp|Move(W)@Move(W)
16297055700:NoOp@NoOp|NoOp@NoOp|NoOp@NoOp|Move(W)@Move(W)
16297123700:NoOp@NoOp|NoOp@NoOp|NoOp@NoOp|Move(W)@Move(W)
16297199300:NoOp@NoOp|NoOp@NoOp|NoOp@NoOp|Move(W)@Move(W)
16297275100:NoOp@NoOp|NoOp@NoOp|NoOp@NoOp|Move(W)@Move(W)
16297351800:NoOp@NoOp|NoOp@NoOp|NoOp@NoOp|Move(W)@Move(W)
16297427900:NoOp@NoOp|NoOp@NoOp|NoOp@NoOp|Move(N)@Move(N)
16297503900:NoOp@NoOp|NoOp@NoOp|NoOp@NoOp|Move(N)@Move(N)
16297580200:NoOp@NoOp|NoOp@NoOp|NoOp@NoOp|Move(N)@Move(N)
16297656200:NoOp@NoOp|NoOp@NoOp|NoOp@NoOp|Move(N)@Move(N)
16297732000:NoOp@NoOp|NoOp@NoOp|NoOp@NoOp|Move(N)@Move(N)
16297807100:NoOp@NoOp|NoOp@NoOp|NoOp@NoOp|Move(N)@Move(N)
16297896000:NoOp@NoOp|NoOp@NoOp|NoOp@NoOp|Move(N)@Move(N)
16297981300:NoOp@NoOp|NoOp@NoOp|NoOp@NoOp|Move(W)@Move(W)
16298062400:NoOp@NoOp|NoOp@NoOp|NoOp@NoOp|Move(N)@Move(N)
16298142100:NoOp@NoOp|NoOp@NoOp|NoOp@NoOp|Move(N)@Move(N)
16298221600:NoOp@NoOp|NoOp@NoOp|NoOp@NoOp|Move(N)@Move(N)
16298300500:NoOp@NoOp|NoOp@NoOp|NoOp@NoOp|Move(N)@Move(N)
16298380100:NoOp@NoOp|NoOp@NoOp|NoOp@NoOp|Move(N)@Move(N)
16298458800:NoOp@NoOp|NoOp@NoOp|NoOp@NoOp|Move(W)@Move(W)
16298540400:NoOp@NoOp|NoOp@NoOp|NoOp@NoOp|Move(W)@Move(W)
16298625000:NoOp@NoOp|NoOp@NoOp|NoOp@NoOp|Move(W)@Move(W)
16298704300:NoOp@NoOp|NoOp@NoOp|NoOp@NoOp|Move(W)@Move(W)
16298781000:NoOp@NoOp|NoOp@NoOp|NoOp@NoOp|Move(W)@Move(W)
16298869300:NoOp@NoOp|NoOp@NoOp|NoOp@NoOp|Move(W)@Move(W)
16298940900:NoOp@NoOp|NoOp@NoOp|NoOp@NoOp|Move(W)@Move(W)
16299020900:NoOp@NoOp|NoOp@NoOp|NoOp@NoOp|Move(W)@Move(W)
16299091300:NoOp@NoOp|NoOp@NoOp|NoOp@NoOp|Move(N)@Move(N)
16299162700:NoOp@NoOp|NoOp@NoOp|NoOp@NoOp|Move(W)@Move(W)
16299234000:NoOp@NoOp|NoOp@NoOp|NoOp@NoOp|Move(W)@Move(W)
16299304600:NoOp@NoOp|NoOp@NoOp|NoOp@NoOp|Move(W)@Move(W)
16299374300:NoOp@NoOp|NoOp@NoOp|NoOp@NoOp|Move(W)@Move(W)
16299444900:NoOp@NoOp|NoOp@NoOp|NoOp@NoOp|Move(W)@Move(W)
16299530800:NoOp@NoOp|NoOp@NoOp|NoOp@NoOp|Push(W,S)@Push(W,S)
16299602100:NoOp@NoOp|NoOp@NoOp|NoOp@NoOp|Push(S,E)@Push(S,E)
16299674100:NoOp@NoOp|NoOp@NoOp|NoOp@NoOp|Push(E,S)@Push(E,S)
16299744600:NoOp@NoOp|NoOp@NoOp|NoOp@NoOp|Push(S,E)@Push(S,E)
16299816700:NoOp@NoOp|NoOp@NoOp|NoOp@NoOp|Push(E,E)@Push(E,E)
16299907800:NoOp@NoOp|NoOp@NoOp|NoOp@NoOp|Push(E,S)@Push(E,S)
16299990500:NoOp@NoOp|NoOp@NoOp|NoOp@NoOp|Push(S,S)@Push(S,S)
16300073300:NoOp@NoOp|NoOp@NoOp|NoOp@NoOp|Push(S,S)@Push(S,S)
16300155800:NoOp@NoOp|NoOp@NoOp|NoOp@NoOp|Push(S,E)@Push(S,E)
16300238300:NoOp@NoOp|NoOp@NoOp|NoOp@NoOp|Push(E,E)@Push(E,E)
16300321900:NoOp@NoOp|NoOp@NoOp|NoOp@NoOp|Push(E,E)@Push(E,E)
16300404700:NoOp@NoOp|NoOp@NoOp|NoOp@NoOp|Push(E,E)@Push(E,E)
16300488600:NoOp@NoOp|NoOp@NoOp|NoOp@NoOp|Push(E,E)@Push(E,E)
16300584600:NoOp@NoOp|NoOp@NoOp|NoOp@NoOp|Push(E,S)@Push(E,S)
16300668800:NoOp@NoOp|NoOp@NoOp|NoOp@NoOp|Push(S,E)@Push(S,E)
16300752800:NoOp@NoOp|NoOp@NoOp|NoOp@NoOp|Push(E,E)@Push(E,E)
16300835500:NoOp@NoOp|NoOp@NoOp|NoOp@NoOp|Push(E,E)@Push(E,E)
16300926800:NoOp@NoOp|NoOp@NoOp|NoOp@NoOp|Push(E,E)@Push(E,E)
16300993700:NoOp@NoOp|NoOp@NoOp|NoOp@NoOp|Push(E,E)@Push(E,E)
16301067200:NoOp@NoOp|NoOp@NoOp|NoOp@NoOp|Push(E,E)@Push(E,E)
16301132900:NoOp@NoOp|NoOp@NoOp|NoOp@NoOp|Push(E,E)@Push(E,E)
16301199500:NoOp@NoOp|NoOp@NoOp|NoOp@NoOp|Push(E,S)@Push(E,S)
16301265400:NoOp@NoOp|NoOp@NoOp|NoOp@NoOp|Push(S,S)@Push(S,S)
16301332300:NoOp@NoOp|NoOp@NoOp|NoOp@NoOp|Push(S,S)@Push(S,S)
16301398400:NoOp@NoOp|NoOp@NoOp|NoOp@NoOp|Push(S,S)@Push(S,S)
16301464900:NoOp@NoOp|NoOp@NoOp|NoOp@NoOp|Push(S,S)@Push(S,S)
16301530000:NoOp@NoOp|NoOp@NoOp|NoOp@NoOp|Push(S,S)@Push(S,S)
16301596700:NoOp@NoOp|NoOp@NoOp|NoOp@NoOp|Push(S,S)@Push(S,S)
16301663100:NoOp@NoOp|NoOp@NoOp|NoOp@NoOp|Push(S,E)@Push(S,E)
16301728500:NoOp@NoOp|NoOp@NoOp|NoOp@NoOp|Push(E,E)@Push(E,E)
16301793200:NoOp@NoOp|NoOp@NoOp|NoOp@NoOp|Push(E,E)@Push(E,E)
16301880900:NoOp@NoOp|NoOp@NoOp|NoOp@NoOp|Push(E,E)@Push(E,E)
16301962000:NoOp@NoOp|NoOp@NoOp|NoOp@NoOp|Push(E,E)@Push(E,E)
16302041900:NoOp@NoOp|NoOp@NoOp|NoOp@NoOp|Push(E,E)@Push(E,E)
16302121300:NoOp@NoOp|NoOp@NoOp|NoOp@NoOp|Push(E,E)@Push(E,E)
16302205000:NoOp@NoOp|Move(S)@Move(S)|NoOp@NoOp|NoOp@NoOp
16302290600:NoOp@NoOp|Move(W)@Move(W)|NoOp@NoOp|NoOp@NoOp
16302379500:NoOp@NoOp|Move(W)@Move(W)|NoOp@NoOp|NoOp@NoOp
16302460200:NoOp@NoOp|Move(N)@Move(N)|NoOp@NoOp|NoOp@NoOp
16302535500:NoOp@NoOp|Move(N)@Move(N)|NoOp@NoOp|NoOp@NoOp
16302622900:NoOp@NoOp|Move(N)@Move(N)|NoOp@NoOp|NoOp@NoOp
16302713700:NoOp@NoOp|Move(N)@Move(N)|NoOp@NoOp|NoOp@NoOp
16302804200:NoOp@NoOp|Move(N)@Move(N)|NoOp@NoOp|NoOp@NoOp
16302898900:NoOp@NoOp|Move(W)@Move(W)|NoOp@NoOp|NoOp@NoOp
16302967500:NoOp@NoOp|Move(W)@Move(W)|NoOp@NoOp|NoOp@NoOp
16303041500:NoOp@NoOp|Move(W)@Move(W)|NoOp@NoOp|NoOp@NoOp
16303114600:NoOp@NoOp|Move(W)@Move(W)|NoOp@NoOp|NoOp@NoOp
16303187200:NoOp@NoOp|Move(N)@Move(N)|NoOp@NoOp|NoOp@NoOp
16303257200:NoOp@NoOp|Move(N)@Move(N)|NoOp@NoOp|NoOp@NoOp
16303326000:NoOp@NoOp|Move(N)@Move(N)|NoOp@NoOp|NoOp@NoOp
16303389000:NoOp@NoOp|Move(N)@Move(N)|NoOp@NoOp|NoOp@NoOp
16303449700:NoOp@NoOp|Move(N)@Move(N)|NoOp@NoOp|NoOp@NoOp
16303511000:NoOp@NoOp|Move(N)@Move(N)|NoOp@NoOp|NoOp@NoOp
16303580900:NoOp@NoOp|Move(N)@Move(N)|NoOp@NoOp|NoOp@NoOp
16303645700:NoOp@NoOp|Move(W)@Move(W)|NoOp@NoOp|NoOp@NoOp
16303708500:NoOp@NoOp|Move(W)@Move(W)|NoOp@NoOp|NoOp@NoOp
16303788100:NoOp@NoOp|Move(W)@Move(W)|NoOp@NoOp|NoOp@NoOp
16303882100:NoOp@NoOp|Move(W)@Move(W)|NoOp@NoOp|NoOp@NoOp
16303955300:NoOp@NoOp|Pull(E,E)@Pull(E,E)|NoOp@NoOp|NoOp@NoOp
16304026000:NoOp@NoOp|Pull(E,E)@Pull(E,E)|NoOp@NoOp|NoOp@NoOp
16304096500:NoOp@NoOp|Pull(E,E)@Pull(E,E)|NoOp@NoOp|NoOp@NoOp
16304165100:NoOp@NoOp|Pull(E,E)@Pull(E,E)|NoOp@NoOp|NoOp@NoOp
16304243600:NoOp@NoOp|Pull(S,E)@Pull(S,E)|NoOp@NoOp|NoOp@NoOp
16304321200:NoOp@NoOp|Pull(S,S)@Pull(S,S)|NoOp@NoOp|NoOp@NoOp
16304399400:NoOp@NoOp|Pull(S,S)@Pull(S,S)|NoOp@NoOp|NoOp@NoOp
16304478700:NoOp@NoOp|Pull(S,S)@Pull(S,S)|NoOp@NoOp|NoOp@NoOp
16304562000:NoOp@NoOp|Pull(S,S)@Pull(S,S)|NoOp@NoOp|NoOp@NoOp
16304651100:NoOp@NoOp|Pull(S,S)@Pull(S,S)|NoOp@NoOp|NoOp@NoOp
16304734800:NoOp@NoOp|Pull(S,S)@Pull(S,S)|NoOp@NoOp|NoOp@NoOp
16304817100:NoOp@NoOp|Pull(E,S)@Pull(E,S)|NoOp@NoOp|NoOp@NoOp
16304947300:NoOp@NoOp|Pull(E,E)@Pull(E,E)|NoOp@NoOp|NoOp@NoOp
16305028500:NoOp@NoOp|Pull(E,E)@Pull(E,E)|NoOp@NoOp|NoOp@NoOp
16305103200:NoOp@NoOp|Pull(E,E)@Pull(E,E)|NoOp@NoOp|NoOp@NoOp
16305174400:NoOp@NoOp|Pull(E,E)@Pull(E,E)|NoOp@NoOp|NoOp@NoOp
16305247800:NoOp@NoOp|Pull(E,E)@Pull(E,E)|NoOp@NoOp|NoOp@NoOp
16305318300:NoOp@NoOp|Pull(E,E)@Pull(E,E)|NoOp@NoOp|NoOp@NoOp
16305390600:NoOp@NoOp|Push(W,S)@Push(W,S)|NoOp@NoOp|NoOp@NoOp
16305462800:NoOp@NoOp|Push(S,E)@Push(S,E)|NoOp@NoOp|NoOp@NoOp
16305535400:NoOp@NoOp|Push(E,E)@Push(E,E)|NoOp@NoOp|NoOp@NoOp
16305608000:NoOp@NoOp|Push(E,E)@Push(E,E)|NoOp@NoOp|NoOp@NoOp
16305675600:NoOp@NoOp|Push(E,E)@Push(E,E)|NoOp@NoOp|NoOp@NoOp
16305746800:NoOp@NoOp|Push(E,E)@Push(E,E)|NoOp@NoOp|NoOp@NoOp
16305833100:NoOp@NoOp|Push(E,E)@Push(E,E)|NoOp@NoOp|NoOp@NoOp
16305931900:NoOp@NoOp|Push(E,E)@Push(E,E)|NoOp@NoOp|NoOp@NoOp
16306015300:NoOp@NoOp|Push(E,E)@Push(E,E)|NoOp@NoOp|NoOp@NoOp
16306096100:NoOp@NoOp|Push(E,N)@Push(E,N)|NoOp@NoOp|NoOp@NoOp
16306174900:NoOp@NoOp|Push(N,E)@Push(N,E)|NoOp@NoOp|NoOp@NoOp
16306253200:NoOp@NoOp|Push(E,E)@Push(E,E)|NoOp@NoOp|NoOp@NoOp
16306331800:NoOp@NoOp|Push(E,N)@Push(E,N)|NoOp@NoOp|NoOp@NoOp
16306413700:NoOp@NoOp|Push(N,N)@Push(N,N)|NoOp@NoOp|NoOp@NoOp
16306491900:NoOp@NoOp|Push(N,N)@Push(N,N)|NoOp@NoOp|NoOp@NoOp
16306569100:NoOp@NoOp|Push(N,N)@Push(N,N)|NoOp@NoOp|NoOp@NoOp
16306649900:NoOp@NoOp|Push(N,N)@Push(N,N)|NoOp@NoOp|NoOp@NoOp
16306733900:NoOp@NoOp|Push(N,N)@Push(N,N)|NoOp@NoOp|NoOp@NoOp
16306813900:NoOp@NoOp|Push(N,N)@Push(N,N)|NoOp@NoOp|NoOp@NoOp
16306905000:NoOp@NoOp|Push(N,E)@Push(N,E)|NoOp@NoOp|NoOp@NoOp
16306992200:NoOp@NoOp|Push(E,E)@Push(E,E)|NoOp@NoOp|NoOp@NoOp
16307069000:NoOp@NoOp|Push(E,E)@Push(E,E)|NoOp@NoOp|NoOp@NoOp
16307146600:NoOp@NoOp|Push(E,E)@Push(E,E)|NoOp@NoOp|NoOp@NoOp
16307225700:NoOp@NoOp|Push(E,E)@Push(E,E)|NoOp@NoOp|NoOp@NoOp
16307315700:NoOp@NoOp|Push(E,E)@Push(E,E)|NoOp@NoOp|NoOp@NoOp
16307396800:Move(W)@Move(W)|NoOp@NoOp|NoOp@NoOp|NoOp@NoOp
16307471200:Push(W,N)@Push(W,N)|NoOp@NoOp|NoOp@NoOp|NoOp@NoOp
16307616900:Push(N,N)@Push(N,N)|NoOp@NoOp|NoOp@NoOp|NoOp@NoOp
16307698800:Push(N,E)@Push(N,E)|NoOp@NoOp|NoOp@NoOp|NoOp@NoOp
16307780200:Push(E,N)@Push(E,N)|NoOp@NoOp|NoOp@NoOp|NoOp@NoOp
16307865200:Push(N,N)@Push(N,N)|NoOp@NoOp|NoOp@NoOp|NoOp@NoOp
16307947600:Push(N,W)@Push(N,W)|NoOp@NoOp|NoOp@NoOp|NoOp@NoOp
16308029200:Push(W,N)@Push(W,N)|NoOp@NoOp|NoOp@NoOp|NoOp@NoOp
16308102000:Push(N,N)@Push(N,N)|NoOp@NoOp|NoOp@NoOp|NoOp@NoOp
16308175600:Push(N,N)@Push(N,N)|NoOp@NoOp|NoOp@NoOp|NoOp@NoOp
16308245600:Push(N,N)@Push(N,N)|NoOp@NoOp|NoOp@NoOp|NoOp@NoOp
16308317200:Push(N,N)@Push(N,N)|NoOp@NoOp|NoOp@NoOp|NoOp@NoOp
16308388300:Push(N,W)@Push(N,W)|NoOp@NoOp|NoOp@NoOp|NoOp@NoOp
16308459500:Push(W,W)@Push(W,W)|NoOp@NoOp|NoOp@NoOp|NoOp@NoOp
16308530300:Push(W,W)@Push(W,W)|NoOp@NoOp|NoOp@NoOp|NoOp@NoOp
16308615500:Push(W,W)@Push(W,W)|NoOp@NoOp|NoOp@NoOp|NoOp@NoOp
16308687300:Push(W,W)@Push(W,W)|NoOp@NoOp|NoOp@NoOp|NoOp@NoOp
16308758100:Push(W,W)@Push(W,W)|NoOp@NoOp|NoOp@NoOp|NoOp@NoOp
16308831200:Push(W,W)@Push(W,W)|NoOp@NoOp|NoOp@NoOp|NoOp@NoOp
16308912600:Push(W,W)@Push(W,W)|NoOp@NoOp|NoOp@NoOp|NoOp@NoOp
16308998000:Push(W,N)@Push(W,N)|NoOp@NoOp|NoOp@NoOp|NoOp@NoOp
16309078000:Push(N,W)@Push(N,W)|NoOp@NoOp|NoOp@NoOp|NoOp@NoOp
16309181900:Push(W,W)@Push(W,W)|NoOp@NoOp|NoOp@NoOp|NoOp@NoOp
16309277600:Push(W,W)@Push(W,W)|NoOp@NoOp|NoOp@NoOp|NoOp@NoOp
16309363700:Push(W,W)@Push(W,W)|NoOp@NoOp|NoOp@NoOp|NoOp@NoOp
16309447500:Push(W,W)@Push(W,W)|NoOp@NoOp|NoOp@NoOp|NoOp@NoOp
16309535200:Push(W,W)@Push(W,W)|NoOp@NoOp|NoOp@NoOp|NoOp@NoOp
16309619800:Push(W,W)@Push(W,W)|NoOp@NoOp|NoOp@NoOp|NoOp@NoOp
16309703800:Push(W,N)@Push(W,N)|NoOp@NoOp|NoOp@NoOp|NoOp@NoOp
16309787200:Push(N,N)@Push(N,N)|NoOp@NoOp|NoOp@NoOp|NoOp@NoOp
16309871500:Push(N,N)@Push(N,N)|NoOp@NoOp|NoOp@NoOp|NoOp@NoOp
16309955400:Push(N,N)@Push(N,N)|NoOp@NoOp|NoOp@NoOp|NoOp@NoOp
16310038900:Push(N,N)@Push(N,N)|NoOp@NoOp|NoOp@NoOp|NoOp@NoOp
16310124000:Push(N,N)@Push(N,N)|NoOp@NoOp|NoOp@NoOp|NoOp@NoOp
16310207200:Push(N,N)@Push(N,N)|NoOp@NoOp|NoOp@NoOp|NoOp@NoOp
16310304100:Push(N,W)@Push(N,W)|NoOp@NoOp|NoOp@NoOp|NoOp@NoOp
16310391200:Push(W,W)@Push(W,W)|NoOp@NoOp|NoOp@NoOp|NoOp@NoOp
16310477400:Push(W,W)@Push(W,W)|NoOp@NoOp|NoOp@NoOp|NoOp@NoOp
16310612200:Push(W,W)@Push(W,W)|NoOp@NoOp|NoOp@NoOp|NoOp@NoOp
16310714300:Push(W,W)@Push(W,W)|NoOp@NoOp|NoOp@NoOp|NoOp@NoOp
16310820500:Push(W,W)@Push(W,W)|NoOp@NoOp|NoOp@NoOp|NoOp@NoOp
16310908800:Push(W,W)@Push(W,W)|NoOp@NoOp|NoOp@NoOp|NoOp@NoOp
16311010200:Push(W,W)@Push(W,W)|NoOp@NoOp|NoOp@NoOp|NoOp@NoOp
16311100300:Push(W,W)@Push(W,W)|NoOp@NoOp|NoOp@NoOp|NoOp@NoOp
16311194400:Push(W,W)@Push(W,W)|NoOp@NoOp|NoOp@NoOp|NoOp@NoOp
16311283500:Push(W,W)@Push(W,W)|NoOp@NoOp|NoOp@NoOp|NoOp@NoOp
16311372000:Move(E)@Move(E)|NoOp@NoOp|NoOp@NoOp|NoOp@NoOp
16311459600:Move(E)@Move(E)|NoOp@NoOp|NoOp@NoOp|NoOp@NoOp
16311547600:Move(E)@Move(E)|NoOp@NoOp|NoOp@NoOp|NoOp@NoOp
16311634700:Move(E)@Move(E)|NoOp@NoOp|NoOp@NoOp|NoOp@NoOp
16311722200:Move(E)@Move(E)|NoOp@NoOp|NoOp@NoOp|NoOp@NoOp
16311809700:Move(E)@Move(E)|NoOp@NoOp|NoOp@NoOp|NoOp@NoOp
16311896900:Move(E)@Move(E)|NoOp@NoOp|NoOp@NoOp|NoOp@NoOp
16311984200:Move(E)@Move(E)|NoOp@NoOp|NoOp@NoOp|NoOp@NoOp
16312069700:Move(E)@Move(E)|NoOp@NoOp|NoOp@NoOp|NoOp@NoOp
16312158800:Move(E)@Move(E)|NoOp@NoOp|NoOp@NoOp|NoOp@NoOp
16312246600:Move(S)@Move(S)|NoOp@NoOp|NoOp@NoOp|NoOp@NoOp
16312334600:Move(S)@Move(S)|NoOp@NoOp|NoOp@NoOp|NoOp@NoOp
16312421000:Move(S)@Move(S)|NoOp@NoOp|NoOp@NoOp|NoOp@NoOp
16312506600:Move(S)@Move(S)|NoOp@NoOp|NoOp@NoOp|NoOp@NoOp
16312594300:Move(S)@Move(S)|NoOp@NoOp|NoOp@NoOp|NoOp@NoOp
16312681300:Move(S)@Move(S)|NoOp@NoOp|NoOp@NoOp|NoOp@NoOp
16312768300:Move(S)@Move(S)|NoOp@NoOp|NoOp@NoOp|NoOp@NoOp
16312855600:Move(E)@Move(E)|NoOp@NoOp|NoOp@NoOp|NoOp@NoOp
16312941900:Move(S)@Move(S)|NoOp@NoOp|NoOp@NoOp|NoOp@NoOp
16313029500:Move(E)@Move(E)|NoOp@NoOp|NoOp@NoOp|NoOp@NoOp
16313115700:Move(S)@Move(S)|NoOp@NoOp|NoOp@NoOp|NoOp@NoOp
16313202400:Move(E)@Move(E)|NoOp@NoOp|NoOp@NoOp|NoOp@NoOp
16313303800:Move(E)@Move(E)|NoOp@NoOp|NoOp@NoOp|NoOp@NoOp
16313394100:Move(S)@Move(S)|NoOp@NoOp|NoOp@NoOp|NoOp@NoOp
16313483500:Move(S)@Move(S)|NoOp@NoOp|NoOp@NoOp|NoOp@NoOp
16313573000:Move(S)@Move(S)|NoOp@NoOp|NoOp@NoOp|NoOp@NoOp
16313662800:Move(E)@Move(E)|NoOp@NoOp|NoOp@NoOp|NoOp@NoOp
16313752300:Move(E)@Move(E)|NoOp@NoOp|NoOp@NoOp|NoOp@NoOp
16313842200:Move(E)@Move(E)|NoOp@NoOp|NoOp@NoOp|NoOp@NoOp
16313972900:Move(E)@Move(E)|NoOp@NoOp|NoOp@NoOp|NoOp@NoOp
16314065700:Move(E)@Move(E)|NoOp@NoOp|NoOp@NoOp|NoOp@NoOp
16314159100:Move(N)@Move(N)|NoOp@NoOp|NoOp@NoOp|NoOp@NoOp
16314249200:Pull(S,W)@Pull(S,W)|NoOp@NoOp|NoOp@NoOp|NoOp@NoOp
16314352500:Pull(S,S)@Pull(S,S)|NoOp@NoOp|NoOp@NoOp|NoOp@NoOp
16314432400:Push(N,W)@Push(N,W)|NoOp@NoOp|NoOp@NoOp|NoOp@NoOp
16314518300:Push(W,W)@Push(W,W)|NoOp@NoOp|NoOp@NoOp|NoOp@NoOp
16314605600:Push(W,W)@Push(W,W)|NoOp@NoOp|NoOp@NoOp|NoOp@NoOp
16314731300:Push(W,W)@Push(W,W)|NoOp@NoOp|NoOp@NoOp|NoOp@NoOp
16315026300:Push(W,W)@Push(W,W)|NoOp@NoOp|NoOp@NoOp|NoOp@NoOp
16315114400:Push(W,N)@Push(W,N)|NoOp@NoOp|NoOp@NoOp|NoOp@NoOp
16315189100:Push(N,N)@Push(N,N)|NoOp@NoOp|NoOp@NoOp|NoOp@NoOp
16315279000:Push(N,N)@Push(N,N)|NoOp@NoOp|NoOp@NoOp|NoOp@NoOp
16315372600:Push(N,N)@Push(N,N)|NoOp@NoOp|NoOp@NoOp|NoOp@NoOp
16315468600:Push(N,N)@Push(N,N)|NoOp@NoOp|NoOp@NoOp|NoOp@NoOp
16315772600:Push(N,W)@Push(N,W)|NoOp@NoOp|NoOp@NoOp|NoOp@NoOp
16315874600:Push(W,W)@Push(W,W)|NoOp@NoOp|NoOp@NoOp|NoOp@NoOp
16315969500:Push(W,W)@Push(W,W)|NoOp@NoOp|NoOp@NoOp|NoOp@NoOp
16316063100:Push(W,W)@Push(W,W)|NoOp@NoOp|NoOp@NoOp|NoOp@NoOp
16316156100:Push(W,N)@Push(W,N)|NoOp@NoOp|NoOp@NoOp|NoOp@NoOp
16316250100:Push(N,N)@Push(N,N)|NoOp@NoOp|NoOp@NoOp|NoOp@NoOp
16316342100:Push(N,N)@Push(N,N)|NoOp@NoOp|NoOp@NoOp|NoOp@NoOp
16316434600:Push(N,N)@Push(N,N)|NoOp@NoOp|NoOp@NoOp|NoOp@NoOp
16316528200:Push(N,N)@Push(N,N)|NoOp@NoOp|NoOp@NoOp|NoOp@NoOp
16316620400:Push(N,N)@Push(N,N)|NoOp@NoOp|NoOp@NoOp|NoOp@NoOp
16316713600:Push(N,N)@Push(N,N)|NoOp@NoOp|NoOp@NoOp|NoOp@NoOp
16316805400:Push(N,W)@Push(N,W)|NoOp@NoOp|NoOp@NoOp|NoOp@NoOp
16316900400:Push(W,W)@Push(W,W)|NoOp@NoOp|NoOp@NoOp|NoOp@NoOp
16316993300:Push(W,W)@Push(W,W)|NoOp@NoOp|NoOp@NoOp|NoOp@NoOp
16317085900:Push(W,W)@Push(W,W)|NoOp@NoOp|NoOp@NoOp|NoOp@NoOp
16317177600:Push(W,W)@Push(W,W)|NoOp@NoOp|NoOp@NoOp|NoOp@NoOp
16317269200:Push(W,W)@Push(W,W)|NoOp@NoOp|NoOp@NoOp|NoOp@NoOp
16317371100:Push(W,W)@Push(W,W)|NoOp@NoOp|NoOp@NoOp|NoOp@NoOp
16317463500:Push(W,W)@Push(W,W)|NoOp@NoOp|NoOp@NoOp|NoOp@NoOp
16317554900:Push(W,W)@Push(W,W)|NoOp@NoOp|NoOp@NoOp|NoOp@NoOp
16317656000:Push(W,W)@Push(W,W)|NoOp@NoOp|NoOp@NoOp|NoOp@NoOp
16317762100:Move(E)@Move(E)|NoOp@NoOp|NoOp@NoOp|NoOp@NoOp
16317864000:Move(E)@Move(E)|NoOp@NoOp|NoOp@NoOp|NoOp@NoOp
16317951900:Move(E)@Move(E)|NoOp@NoOp|NoOp@NoOp|NoOp@NoOp
16318037400:Move(E)@Move(E)|NoOp@NoOp|NoOp@NoOp|NoOp@NoOp
16318137300:Move(E)@Move(E)|NoOp@NoOp|NoOp@NoOp|NoOp@NoOp
16318231300:Move(E)@Move(E)|NoOp@NoOp|NoOp@NoOp|NoOp@NoOp
16318324100:Move(E)@Move(E)|NoOp@NoOp|NoOp@NoOp|NoOp@NoOp
16318415200:Move(E)@Move(E)|NoOp@NoOp|NoOp@NoOp|NoOp@NoOp
16318512900:Move(E)@Move(E)|NoOp@NoOp|NoOp@NoOp|NoOp@NoOp
16318625100:Move(S)@Move(S)|NoOp@NoOp|NoOp@NoOp|NoOp@NoOp
16318712900:Move(S)@Move(S)|NoOp@NoOp|NoOp@NoOp|NoOp@NoOp
16318798100:Move(S)@Move(S)|NoOp@NoOp|NoOp@NoOp|NoOp@NoOp
16318887200:Move(S)@Move(S)|NoOp@NoOp|NoOp@NoOp|NoOp@NoOp
16318970400:Move(S)@Move(S)|NoOp@NoOp|NoOp@NoOp|NoOp@NoOp
16319054200:Move(S)@Move(S)|NoOp@NoOp|NoOp@NoOp|NoOp@NoOp
16319139900:Move(S)@Move(S)|NoOp@NoOp|NoOp@NoOp|NoOp@NoOp
16319223300:Move(E)@Move(E)|NoOp@NoOp|NoOp@NoOp|NoOp@NoOp
16319321100:Move(E)@Move(E)|NoOp@NoOp|NoOp@NoOp|NoOp@NoOp
16319400300:Move(E)@Move(E)|NoOp@NoOp|NoOp@NoOp|NoOp@NoOp
16319479500:Move(E)@Move(E)|NoOp@NoOp|NoOp@NoOp|NoOp@NoOp
16319558900:Move(E)@Move(E)|NoOp@NoOp|NoOp@NoOp|NoOp@NoOp
16319638900:Move(E)@Move(E)|NoOp@NoOp|NoOp@NoOp|NoOp@NoOp
16319718400:Move(S)@Move(S)|NoOp@NoOp|NoOp@NoOp|NoOp@NoOp
16319798100:Move(E)@Move(E)|NoOp@NoOp|NoOp@NoOp|NoOp@NoOp
16319906600:Move(E)@Move(E)|NoOp@NoOp|NoOp@NoOp|NoOp@NoOp
16319986600:Move(E)@Move(E)|NoOp@NoOp|NoOp@NoOp|NoOp@NoOp
16320065900:Move(S)@Move(S)|NoOp@NoOp|NoOp@NoOp|NoOp@NoOp
16320144100:Move(E)@Move(E)|NoOp@NoOp|NoOp@NoOp|NoOp@NoOp
16320223900:Move(E)@Move(E)|NoOp@NoOp|NoOp@NoOp|NoOp@NoOp
16320302900:Move(E)@Move(E)|NoOp@NoOp|NoOp@NoOp|NoOp@NoOp
16320381300:Move(S)@Move(S)|NoOp@NoOp|NoOp@NoOp|NoOp@NoOp
16320460200:Move(S)@Move(S)|NoOp@NoOp|NoOp@NoOp|NoOp@NoOp
16320539000:Move(S)@Move(S)|NoOp@NoOp|NoOp@NoOp|NoOp@NoOp
16320617500:Move(E)@Move(E)|NoOp@NoOp|NoOp@NoOp|NoOp@NoOp
16320695300:Move(E)@Move(E)|NoOp@NoOp|NoOp@NoOp|NoOp@NoOp
16320774700:Push(N,E)@Push(N,E)|NoOp@NoOp|NoOp@NoOp|NoOp@NoOp
16320859500:Push(E,N)@Push(E,N)|NoOp@NoOp|NoOp@NoOp|NoOp@NoOp
16320938400:Push(N,N)@Push(N,N)|NoOp@NoOp|NoOp@NoOp|NoOp@NoOp
16321017900:Push(N,N)@Push(N,N)|NoOp@NoOp|NoOp@NoOp|NoOp@NoOp
16321096500:Push(N,W)@Push(N,W)|NoOp@NoOp|NoOp@NoOp|NoOp@NoOp
16321176500:Push(W,W)@Push(W,W)|NoOp@NoOp|NoOp@NoOp|NoOp@NoOp
16321254600:Push(W,W)@Push(W,W)|NoOp@NoOp|NoOp@NoOp|NoOp@NoOp
16321332800:Push(W,W)@Push(W,W)|NoOp@NoOp|NoOp@NoOp|NoOp@NoOp
16321411400:Push(W,W)@Push(W,W)|NoOp@NoOp|NoOp@NoOp|NoOp@NoOp
16321489700:Push(W,W)@Push(W,W)|NoOp@NoOp|NoOp@NoOp|NoOp@NoOp
16321562200:Push(W,W)@Push(W,W)|NoOp@NoOp|NoOp@NoOp|NoOp@NoOp
16321635400:Push(W,W)@Push(W,W)|NoOp@NoOp|NoOp@NoOp|NoOp@NoOp
16321703100:Push(W,N)@Push(W,N)|NoOp@NoOp|NoOp@NoOp|NoOp@NoOp
16321770100:Push(N,W)@Push(N,W)|NoOp@NoOp|NoOp@NoOp|NoOp@NoOp
16321847000:Push(W,W)@Push(W,W)|NoOp@NoOp|NoOp@NoOp|NoOp@NoOp
16321914400:Push(W,W)@Push(W,W)|NoOp@NoOp|NoOp@NoOp|NoOp@NoOp
16321981400:Push(W,W)@Push(W,W)|NoOp@NoOp|NoOp@NoOp|NoOp@NoOp
16322047400:Push(W,W)@Push(W,W)|NoOp@NoOp|NoOp@NoOp|NoOp@NoOp
16322113600:Push(W,W)@Push(W,W)|NoOp@NoOp|NoOp@NoOp|NoOp@NoOp
16322191100:Push(W,W)@Push(W,W)|NoOp@NoOp|NoOp@NoOp|NoOp@NoOp
16322271500:Push(W,N)@Push(W,N)|NoOp@NoOp|NoOp@NoOp|NoOp@NoOp
16322359600:Push(N,N)@Push(N,N)|NoOp@NoOp|NoOp@NoOp|NoOp@NoOp
16322433500:Push(N,N)@Push(N,N)|NoOp@NoOp|NoOp@NoOp|NoOp@NoOp
16322508900:Push(N,N)@Push(N,N)|NoOp@NoOp|NoOp@NoOp|NoOp@NoOp
16322592400:Push(N,N)@Push(N,N)|NoOp@NoOp|NoOp@NoOp|NoOp@NoOp
16322667800:Push(N,N)@Push(N,N)|NoOp@NoOp|NoOp@NoOp|NoOp@NoOp
16322740800:Push(N,N)@Push(N,N)|NoOp@NoOp|NoOp@NoOp|NoOp@NoOp
16322813900:Push(N,W)@Push(N,W)|NoOp@NoOp|NoOp@NoOp|NoOp@NoOp
16322885300:Push(W,W)@Push(W,W)|NoOp@NoOp|NoOp@NoOp|NoOp@NoOp
16322957800:Push(W,W)@Push(W,W)|NoOp@NoOp|NoOp@NoOp|NoOp@NoOp
16323031300:Push(W,W)@Push(W,W)|NoOp@NoOp|NoOp@NoOp|NoOp@NoOp
16323105200:Push(W,W)@Push(W,W)|NoOp@NoOp|NoOp@NoOp|NoOp@NoOp
16323179200:Push(W,W)@Push(W,W)|NoOp@NoOp|NoOp@NoOp|NoOp@NoOp
16323252400:Push(W,W)@Push(W,W)|NoOp@NoOp|NoOp@NoOp|NoOp@NoOp
16323325700:Push(W,W)@Push(W,W)|NoOp@NoOp|NoOp@NoOp|NoOp@NoOp
16323398700:Push(W,W)@Push(W,W)|NoOp@NoOp|NoOp@NoOp|NoOp@NoOp
16323473100:Move(E)@Move(E)|NoOp@NoOp|NoOp@NoOp|NoOp@NoOp
16323546700:Move(E)@Move(E)|NoOp@NoOp|NoOp@NoOp|NoOp@NoOp
16323619900:Move(E)@Move(E)|NoOp@NoOp|NoOp@NoOp|NoOp@NoOp
16323693800:Move(E)@Move(E)|NoOp@NoOp|NoOp@NoOp|NoOp@NoOp
16323767200:Move(E)@Move(E)|NoOp@NoOp|NoOp@NoOp|NoOp@NoOp
16323840500:Move(E)@Move(E)|NoOp@NoOp|NoOp@NoOp|NoOp@NoOp
16323921700:Move(E)@Move(E)|NoOp@NoOp|NoOp@NoOp|NoOp@NoOp
16323994900:Move(E)@Move(E)|NoOp@NoOp|NoOp@NoOp|NoOp@NoOp
16324068900:Move(S)@Move(S)|NoOp@NoOp|NoOp@NoOp|NoOp@NoOp
16324142000:Move(S)@Move(S)|NoOp@NoOp|NoOp@NoOp|NoOp@NoOp
16324216700:Move(S)@Move(S)|NoOp@NoOp|NoOp@NoOp|NoOp@NoOp
16324305100:Move(S)@Move(S)|NoOp@NoOp|NoOp@NoOp|NoOp@NoOp
16324382000:Move(S)@Move(S)|NoOp@NoOp|NoOp@NoOp|NoOp@NoOp
16324460600:Move(S)@Move(S)|NoOp@NoOp|NoOp@NoOp|NoOp@NoOp
16324539200:Move(S)@Move(S)|NoOp@NoOp|NoOp@NoOp|NoOp@NoOp
16324738300:Move(E)@Move(E)|NoOp@NoOp|NoOp@NoOp|NoOp@NoOp
16324818700:Move(E)@Move(E)|NoOp@NoOp|NoOp@NoOp|NoOp@NoOp
16324895200:Move(E)@Move(E)|NoOp@NoOp|NoOp@NoOp|NoOp@NoOp
16324972900:Move(E)@Move(E)|NoOp@NoOp|NoOp@NoOp|NoOp@NoOp
16325051900:Move(E)@Move(E)|NoOp@NoOp|NoOp@NoOp|NoOp@NoOp
16325132800:Move(E)@Move(E)|NoOp@NoOp|NoOp@NoOp|NoOp@NoOp
16325211000:Move(S)@Move(S)|NoOp@NoOp|NoOp@NoOp|NoOp@NoOp
16325290300:Move(E)@Move(E)|NoOp@NoOp|NoOp@NoOp|NoOp@NoOp
16325369700:Move(E)@Move(E)|NoOp@NoOp|NoOp@NoOp|NoOp@NoOp
16325448600:Move(E)@Move(E)|NoOp@NoOp|NoOp@NoOp|NoOp@NoOp
16325525700:Move(S)@Move(S)|NoOp@NoOp|NoOp@NoOp|NoOp@NoOp
16325603600:Move(E)@Move(E)|NoOp@NoOp|NoOp@NoOp|NoOp@NoOp
16325681600:Move(E)@Move(E)|NoOp@NoOp|NoOp@NoOp|NoOp@NoOp
16325760300:Move(E)@Move(E)|NoOp@NoOp|NoOp@NoOp|NoOp@NoOp
16325837900:Move(S)@Move(S)|NoOp@NoOp|NoOp@NoOp|NoOp@NoOp
16325961800:Move(S)@Move(S)|NoOp@NoOp|NoOp@NoOp|NoOp@NoOp
16326040600:Pull(W,W)@Pull(W,W)|NoOp@NoOp|NoOp@NoOp|NoOp@NoOp
16326120400:Push(E,N)@Push(E,N)|NoOp@NoOp|NoOp@NoOp|NoOp@NoOp
16326197800:Push(N,N)@Push(N,N)|NoOp@NoOp|NoOp@NoOp|NoOp@NoOp
16326275000:Push(N,N)@Push(N,N)|NoOp@NoOp|NoOp@NoOp|NoOp@NoOp
16326352700:Push(N,W)@Push(N,W)|NoOp@NoOp|NoOp@NoOp|NoOp@NoOp
16326430300:Push(W,W)@Push(W,W)|NoOp@NoOp|NoOp@NoOp|NoOp@NoOp
16326506600:Push(W,W)@Push(W,W)|NoOp@NoOp|NoOp@NoOp|NoOp@NoOp
16326584500:Push(W,W)@Push(W,W)|NoOp@NoOp|NoOp@NoOp|NoOp@NoOp
16326661400:Push(W,W)@Push(W,W)|NoOp@NoOp|NoOp@NoOp|NoOp@NoOp
16326738300:Push(W,N)@Push(W,N)|NoOp@NoOp|NoOp@NoOp|NoOp@NoOp
16326816300:Push(N,W)@Push(N,W)|NoOp@NoOp|NoOp@NoOp|NoOp@NoOp
16326893900:Push(W,W)@Push(W,W)|NoOp@NoOp|NoOp@NoOp|NoOp@NoOp
16326971800:Push(W,W)@Push(W,W)|NoOp@NoOp|NoOp@NoOp|NoOp@NoOp
16327049400:Push(W,W)@Push(W,W)|NoOp@NoOp|NoOp@NoOp|NoOp@NoOp
16327126600:Push(W,W)@Push(W,W)|NoOp@NoOp|NoOp@NoOp|NoOp@NoOp
16327205500:Push(W,W)@Push(W,W)|NoOp@NoOp|NoOp@NoOp|NoOp@NoOp
16327283300:Push(W,W)@Push(W,W)|NoOp@NoOp|NoOp@NoOp|NoOp@NoOp
16327360700:Push(W,N)@Push(W,N)|NoOp@NoOp|NoOp@NoOp|NoOp@NoOp
16327435100:Push(N,N)@Push(N,N)|NoOp@NoOp|NoOp@NoOp|NoOp@NoOp
16327520500:Push(N,N)@Push(N,N)|NoOp@NoOp|NoOp@NoOp|NoOp@NoOp
16327598200:Push(N,N)@Push(N,N)|NoOp@NoOp|NoOp@NoOp|NoOp@NoOp
16327675600:Push(N,N)@Push(N,N)|NoOp@NoOp|NoOp@NoOp|NoOp@NoOp
16327752900:Push(N,N)@Push(N,N)|NoOp@NoOp|NoOp@NoOp|NoOp@NoOp
16327830500:Push(N,N)@Push(N,N)|NoOp@NoOp|NoOp@NoOp|NoOp@NoOp
16327908200:Push(N,W)@Push(N,W)|NoOp@NoOp|NoOp@NoOp|NoOp@NoOp
16327984800:Push(W,W)@Push(W,W)|NoOp@NoOp|NoOp@NoOp|NoOp@NoOp
16328062700:Push(W,W)@Push(W,W)|NoOp@NoOp|NoOp@NoOp|NoOp@NoOp
16328140100:Push(W,W)@Push(W,W)|NoOp@NoOp|NoOp@NoOp|NoOp@NoOp
16328218000:Push(W,W)@Push(W,W)|NoOp@NoOp|NoOp@NoOp|NoOp@NoOp
16328295300:Push(W,W)@Push(W,W)|NoOp@NoOp|NoOp@NoOp|NoOp@NoOp
16328372200:Push(W,W)@Push(W,W)|NoOp@NoOp|NoOp@NoOp|NoOp@NoOp
16328449600:Push(W,W)@Push(W,W)|NoOp@NoOp|NoOp@NoOp|NoOp@NoOp
16328528600:Move(E)@Move(E)|NoOp@NoOp|NoOp@NoOp|NoOp@NoOp
16328607100:Move(E)@Move(E)|NoOp@NoOp|NoOp@NoOp|NoOp@NoOp
16328684300:Move(E)@Move(E)|NoOp@NoOp|NoOp@NoOp|NoOp@NoOp
16328761500:Move(E)@Move(E)|NoOp@NoOp|NoOp@NoOp|NoOp@NoOp
16328838300:Move(E)@Move(E)|NoOp@NoOp|NoOp@NoOp|NoOp@NoOp
16328921200:Move(E)@Move(E)|NoOp@NoOp|NoOp@NoOp|NoOp@NoOp
16328998300:Move(E)@Move(E)|NoOp@NoOp|NoOp@NoOp|NoOp@NoOp
16329075300:Move(S)@Move(S)|NoOp@NoOp|NoOp@NoOp|NoOp@NoOp
16329154600:Move(S)@Move(S)|NoOp@NoOp|NoOp@NoOp|NoOp@NoOp
16329232200:Move(S)@Move(S)|NoOp@NoOp|NoOp@NoOp|NoOp@NoOp
16329310200:Move(S)@Move(S)|NoOp@NoOp|NoOp@NoOp|NoOp@NoOp
16329388500:Move(S)@Move(S)|NoOp@NoOp|NoOp@NoOp|NoOp@NoOp
16329465800:Move(S)@Move(S)|NoOp@NoOp|NoOp@NoOp|NoOp@NoOp
16329543000:Move(S)@Move(S)|NoOp@NoOp|NoOp@NoOp|NoOp@NoOp
16329620100:Move(E)@Move(E)|NoOp@NoOp|NoOp@NoOp|NoOp@NoOp
16329698100:Move(S)@Move(S)|NoOp@NoOp|NoOp@NoOp|NoOp@NoOp
16329775400:Move(E)@Move(E)|NoOp@NoOp|NoOp@NoOp|NoOp@NoOp
16329916500:Move(S)@Move(S)|NoOp@NoOp|NoOp@NoOp|NoOp@NoOp
16330013700:Move(E)@Move(E)|NoOp@NoOp|NoOp@NoOp|NoOp@NoOp
16330106000:Move(E)@Move(E)|NoOp@NoOp|NoOp@NoOp|NoOp@NoOp
16330185900:Move(S)@Move(S)|NoOp@NoOp|NoOp@NoOp|NoOp@NoOp
16330283100:Move(S)@Move(S)|NoOp@NoOp|NoOp@NoOp|NoOp@NoOp
16330368400:Move(S)@Move(S)|NoOp@NoOp|NoOp@NoOp|NoOp@NoOp
16330456900:Move(E)@Move(E)|NoOp@NoOp|NoOp@NoOp|NoOp@NoOp
16330540700:Move(E)@Move(E)|NoOp@NoOp|NoOp@NoOp|NoOp@NoOp
16330621300:Move(E)@Move(E)|NoOp@NoOp|NoOp@NoOp|NoOp@NoOp
16330700200:Move(E)@Move(E)|NoOp@NoOp|NoOp@NoOp|NoOp@NoOp
16330779900:Move(E)@Move(E)|NoOp@NoOp|NoOp@NoOp|NoOp@NoOp
16330875800:Pull(W,W)@Pull(W,W)|NoOp@NoOp|NoOp@NoOp|NoOp@NoOp
16330957100:Pull(W,W)@Pull(W,W)|NoOp@NoOp|NoOp@NoOp|NoOp@NoOp
16331038900:Pull(W,W)@Pull(W,W)|NoOp@NoOp|NoOp@NoOp|NoOp@NoOp
16331120100:Pull(W,W)@Pull(W,W)|NoOp@NoOp|NoOp@NoOp|NoOp@NoOp
16331201900:Pull(W,W)@Pull(W,W)|NoOp@NoOp|NoOp@NoOp|NoOp@NoOp
16331283200:Pull(W,W)@Pull(W,W)|NoOp@NoOp|NoOp@NoOp|NoOp@NoOp
16331363600:Push(E,N)@Push(E,N)|NoOp@NoOp|NoOp@NoOp|NoOp@NoOp
16331441800:Push(N,N)@Push(N,N)|NoOp@NoOp|NoOp@NoOp|NoOp@NoOp
16331637800:Push(N,N)@Push(N,N)|NoOp@NoOp|NoOp@NoOp|NoOp@NoOp
16331713600:Push(N,N)@Push(N,N)|NoOp@NoOp|NoOp@NoOp|NoOp@NoOp
16331785400:Push(N,N)@Push(N,N)|NoOp@NoOp|NoOp@NoOp|NoOp@NoOp
16331874300:Push(N,W)@Push(N,W)|NoOp@NoOp|NoOp@NoOp|NoOp@NoOp
16331953700:Push(W,W)@Push(W,W)|NoOp@NoOp|NoOp@NoOp|NoOp@NoOp
16332034900:Push(W,W)@Push(W,W)|NoOp@NoOp|NoOp@NoOp|NoOp@NoOp
16332114800:Push(W,W)@Push(W,W)|NoOp@NoOp|NoOp@NoOp|NoOp@NoOp
16332193400:Push(W,N)@Push(W,N)|NoOp@NoOp|NoOp@NoOp|NoOp@NoOp
16332272400:Push(N,N)@Push(N,N)|NoOp@NoOp|NoOp@NoOp|NoOp@NoOp
16332352600:Push(N,N)@Push(N,N)|NoOp@NoOp|NoOp@NoOp|NoOp@NoOp
16332431500:Push(N,N)@Push(N,N)|NoOp@NoOp|NoOp@NoOp|NoOp@NoOp
16332511200:Push(N,N)@Push(N,N)|NoOp@NoOp|NoOp@NoOp|NoOp@NoOp
16332592200:Push(N,N)@Push(N,N)|NoOp@NoOp|NoOp@NoOp|NoOp@NoOp
16332671700:Push(N,N)@Push(N,N)|NoOp@NoOp|NoOp@NoOp|NoOp@NoOp
16332750200:Push(N,W)@Push(N,W)|NoOp@NoOp|NoOp@NoOp|NoOp@NoOp
16332829800:Push(W,W)@Push(W,W)|NoOp@NoOp|NoOp@NoOp|NoOp@NoOp
16332907900:Push(W,W)@Push(W,W)|NoOp@NoOp|NoOp@NoOp|NoOp@NoOp
16332987000:Push(W,W)@Push(W,W)|NoOp@NoOp|NoOp@NoOp|NoOp@NoOp
16333065700:Push(W,W)@Push(W,W)|NoOp@NoOp|NoOp@NoOp|NoOp@NoOp
16333144400:Push(W,W)@Push(W,W)|NoOp@NoOp|NoOp@NoOp|NoOp@NoOp
16333222900:Push(W,W)@Push(W,W)|NoOp@NoOp|NoOp@NoOp|NoOp@NoOp
16333301400:Move(E)@Move(E)|NoOp@NoOp|NoOp@NoOp|NoOp@NoOp
16333381600:Move(E)@Move(E)|NoOp@NoOp|NoOp@NoOp|NoOp@NoOp
16333460000:Move(E)@Move(E)|NoOp@NoOp|NoOp@NoOp|NoOp@NoOp
16333549200:Move(E)@Move(E)|NoOp@NoOp|NoOp@NoOp|NoOp@NoOp
16333641300:Move(E)@Move(E)|NoOp@NoOp|NoOp@NoOp|NoOp@NoOp
16333720300:Move(E)@Move(E)|NoOp@NoOp|NoOp@NoOp|NoOp@NoOp
16333800000:Move(S)@Move(S)|NoOp@NoOp|NoOp@NoOp|NoOp@NoOp
16333885600:Move(S)@Move(S)|NoOp@NoOp|NoOp@NoOp|NoOp@NoOp
16333966100:Move(S)@Move(S)|NoOp@NoOp|NoOp@NoOp|NoOp@NoOp
16334046600:Move(S)@Move(S)|NoOp@NoOp|NoOp@NoOp|NoOp@NoOp
16334125400:Move(S)@Move(S)|NoOp@NoOp|NoOp@NoOp|NoOp@NoOp
16334205100:Move(S)@Move(S)|NoOp@NoOp|NoOp@NoOp|NoOp@NoOp
16334283900:Move(S)@Move(S)|NoOp@NoOp|NoOp@NoOp|NoOp@NoOp
16334363700:Move(E)@Move(E)|NoOp@NoOp|NoOp@NoOp|NoOp@NoOp
16334441600:Move(E)@Move(E)|NoOp@NoOp|NoOp@NoOp|NoOp@NoOp
16334526900:Move(E)@Move(E)|NoOp@NoOp|NoOp@NoOp|NoOp@NoOp
16334612500:Move(E)@Move(E)|NoOp@NoOp|NoOp@NoOp|NoOp@NoOp
16334692500:Move(E)@Move(E)|NoOp@NoOp|NoOp@NoOp|NoOp@NoOp
16334772700:Move(E)@Move(E)|NoOp@NoOp|NoOp@NoOp|NoOp@NoOp
16334893500:Move(S)@Move(S)|NoOp@NoOp|NoOp@NoOp|NoOp@NoOp
16334973000:Move(E)@Move(E)|NoOp@NoOp|NoOp@NoOp|NoOp@NoOp
16335053700:Move(E)@Move(E)|NoOp@NoOp|NoOp@NoOp|NoOp@NoOp
16335190000:Move(E)@Move(E)|NoOp@NoOp|NoOp@NoOp|NoOp@NoOp
16335269300:Move(E)@Move(E)|NoOp@NoOp|NoOp@NoOp|NoOp@NoOp
16335348800:Move(E)@Move(E)|NoOp@NoOp|NoOp@NoOp|NoOp@NoOp
16335428300:Move(E)@Move(E)|NoOp@NoOp|NoOp@NoOp|NoOp@NoOp
16335507100:Move(N)@Move(N)|NoOp@NoOp|NoOp@NoOp|NoOp@NoOp
16335587900:Push(E,S)@Push(E,S)|NoOp@NoOp|NoOp@NoOp|NoOp@NoOp
16335668800:Push(S,W)@Push(S,W)|NoOp@NoOp|NoOp@NoOp|NoOp@NoOp
16335750200:Push(W,W)@Push(W,W)|NoOp@NoOp|NoOp@NoOp|NoOp@NoOp
16335830000:Push(W,W)@Push(W,W)|NoOp@NoOp|NoOp@NoOp|NoOp@NoOp
16335910100:Push(W,W)@Push(W,W)|NoOp@NoOp|NoOp@NoOp|NoOp@NoOp
16335991600:Push(W,W)@Push(W,W)|NoOp@NoOp|NoOp@NoOp|NoOp@NoOp
16336071300:Push(W,W)@Push(W,W)|NoOp@NoOp|NoOp@NoOp|NoOp@NoOp
16336151500:Push(W,N)@Push(W,N)|NoOp@NoOp|NoOp@NoOp|NoOp@NoOp
16336232400:Push(N,W)@Push(N,W)|NoOp@NoOp|NoOp@NoOp|NoOp@NoOp
16336311900:Push(W,W)@Push(W,W)|NoOp@NoOp|NoOp@NoOp|NoOp@NoOp
16336391300:Push(W,W)@Push(W,W)|NoOp@NoOp|NoOp@NoOp|NoOp@NoOp
16336474300:Push(W,W)@Push(W,W)|NoOp@NoOp|NoOp@NoOp|NoOp@NoOp
16336569200:Push(W,W)@Push(W,W)|NoOp@NoOp|NoOp@NoOp|NoOp@NoOp
16336646400:Push(W,W)@Push(W,W)|NoOp@NoOp|NoOp@NoOp|NoOp@NoOp
16336719600:Push(W,W)@Push(W,W)|NoOp@NoOp|NoOp@NoOp|NoOp@NoOp
16336791000:Push(W,N)@Push(W,N)|NoOp@NoOp|NoOp@NoOp|NoOp@NoOp
16336868000:Push(N,N)@Push(N,N)|NoOp@NoOp|NoOp@NoOp|NoOp@NoOp
16336938900:Push(N,N)@Push(N,N)|NoOp@NoOp|NoOp@NoOp|NoOp@NoOp
16337009500:Push(N,N)@Push(N,N)|NoOp@NoOp|NoOp@NoOp|NoOp@NoOp
16337079800:Push(N,N)@Push(N,N)|NoOp@NoOp|NoOp@NoOp|NoOp@NoOp
16337150000:Push(N,N)@Push(N,N)|NoOp@NoOp|NoOp@NoOp|NoOp@NoOp
16337220100:Push(N,N)@Push(N,N)|NoOp@NoOp|NoOp@NoOp|NoOp@NoOp
16337303700:Push(N,W)@Push(N,W)|NoOp@NoOp|NoOp@NoOp|NoOp@NoOp
16337371600:Push(W,W)@Push(W,W)|NoOp@NoOp|NoOp@NoOp|NoOp@NoOp
16337440000:Push(W,W)@Push(W,W)|NoOp@NoOp|NoOp@NoOp|NoOp@NoOp
16337508400:Push(W,W)@Push(W,W)|NoOp@NoOp|NoOp@NoOp|NoOp@NoOp
16337576000:Push(W,W)@Push(W,W)|NoOp@NoOp|NoOp@NoOp|NoOp@NoOp
16337643600:Push(W,W)@Push(W,W)|NoOp@NoOp|NoOp@NoOp|NoOp@NoOp
16337712200:NoOp@NoOp|Move(W)@Move(W)|NoOp@NoOp|NoOp@NoOp
16337780500:NoOp@NoOp|Move(W)@Move(W)|NoOp@NoOp|NoOp@NoOp
16337850000:NoOp@NoOp|Move(W)@Move(W)|NoOp@NoOp|NoOp@NoOp
16337920500:NoOp@NoOp|Move(W)@Move(W)|NoOp@NoOp|NoOp@NoOp
16337988300:NoOp@NoOp|Move(W)@Move(W)|NoOp@NoOp|NoOp@NoOp
16338056500:NoOp@NoOp|Move(S)@Move(S)|NoOp@NoOp|NoOp@NoOp
16338124900:NoOp@NoOp|Move(S)@Move(S)|NoOp@NoOp|NoOp@NoOp
16338193100:NoOp@NoOp|Move(S)@Move(S)|NoOp@NoOp|NoOp@NoOp
16338261000:NoOp@NoOp|Move(S)@Move(S)|NoOp@NoOp|NoOp@NoOp
16338341700:NoOp@NoOp|Move(S)@Move(S)|NoOp@NoOp|NoOp@NoOp
16338407400:NoOp@NoOp|Move(S)@Move(S)|NoOp@NoOp|NoOp@NoOp
16338477000:NoOp@NoOp|Move(S)@Move(S)|NoOp@NoOp|NoOp@NoOp
16338543700:NoOp@NoOp|Move(W)@Move(W)|NoOp@NoOp|NoOp@NoOp
16338609800:NoOp@NoOp|Move(S)@Move(S)|NoOp@NoOp|NoOp@NoOp
16338676000:NoOp@NoOp|Move(W)@Move(W)|NoOp@NoOp|NoOp@NoOp
16338742300:NoOp@NoOp|Move(W)@Move(W)|NoOp@NoOp|NoOp@NoOp
16338808400:NoOp@NoOp|Move(W)@Move(W)|NoOp@NoOp|NoOp@NoOp
16338876800:NoOp@NoOp|Move(W)@Move(W)|NoOp@NoOp|NoOp@NoOp
16338943000:NoOp@NoOp|Move(W)@Move(W)|NoOp@NoOp|NoOp@NoOp
16339008800:NoOp@NoOp|Move(W)@Move(W)|NoOp@NoOp|NoOp@NoOp
16339074500:NoOp@NoOp|Move(W)@Move(W)|NoOp@NoOp|NoOp@NoOp
16339140400:NoOp@NoOp|Move(W)@Move(W)|NoOp@NoOp|NoOp@NoOp
16339206500:NoOp@NoOp|Move(S)@Move(S)|NoOp@NoOp|NoOp@NoOp
16339286300:NoOp@NoOp|Move(W)@Move(W)|NoOp@NoOp|NoOp@NoOp
16339350300:NoOp@NoOp|Move(W)@Move(W)|NoOp@NoOp|NoOp@NoOp
16339414300:NoOp@NoOp|Move(W)@Move(W)|NoOp@NoOp|NoOp@NoOp
16339478600:NoOp@NoOp|Move(S)@Move(S)|NoOp@NoOp|NoOp@NoOp
16339542600:NoOp@NoOp|Move(S)@Move(S)|NoOp@NoOp|NoOp@NoOp
16339606900:NoOp@NoOp|Move(W)@Move(W)|NoOp@NoOp|NoOp@NoOp
16339670900:NoOp@NoOp|Move(W)@Move(W)|NoOp@NoOp|NoOp@NoOp
16339735400:NoOp@NoOp|Pull(E,E)@Pull(E,E)|NoOp@NoOp|NoOp@NoOp
16339800700:NoOp@NoOp|NoOp@NoOp|NoOp@NoOp|Move(W)@Move(W)
16339868400:NoOp@NoOp|NoOp@NoOp|NoOp@NoOp|Move(W)@Move(W)
16339932400:NoOp@NoOp|NoOp@NoOp|NoOp@NoOp|Move(W)@Move(W)
16339997000:NoOp@NoOp|NoOp@NoOp|NoOp@NoOp|Move(W)@Move(W)
16340061200:NoOp@NoOp|NoOp@NoOp|NoOp@NoOp|Move(W)@Move(W)
16340125100:NoOp@NoOp|NoOp@NoOp|NoOp@NoOp|Move(W)@Move(W)
16340189500:NoOp@NoOp|NoOp@NoOp|NoOp@NoOp|Move(N)@Move(N)
16340253900:NoOp@NoOp|NoOp@NoOp|NoOp@NoOp|Move(N)@Move(N)
16340319600:NoOp@NoOp|NoOp@NoOp|NoOp@NoOp|Move(N)@Move(N)
16340383400:NoOp@NoOp|NoOp@NoOp|NoOp@NoOp|Move(N)@Move(N)
16340447100:NoOp@NoOp|NoOp@NoOp|NoOp@NoOp|Move(N)@Move(N)
16340511200:NoOp@NoOp|NoOp@NoOp|NoOp@NoOp|Move(N)@Move(N)
16340575200:NoOp@NoOp|NoOp@NoOp|NoOp@NoOp|Move(N)@Move(N)
16340639900:NoOp@NoOp|NoOp@NoOp|NoOp@NoOp|Move(W)@Move(W)
16340704200:NoOp@NoOp|NoOp@NoOp|NoOp@NoOp|Move(N)@Move(N)
16340768200:NoOp@NoOp|NoOp@NoOp|NoOp@NoOp|Move(W)@Move(W)
16340832500:NoOp@NoOp|NoOp@NoOp|NoOp@NoOp|Move(W)@Move(W)
16340896900:NoOp@NoOp|NoOp@NoOp|NoOp@NoOp|Move(W)@Move(W)
16340960400:NoOp@NoOp|NoOp@NoOp|NoOp@NoOp|Move(W)@Move(W)
16341023900:NoOp@NoOp|NoOp@NoOp|NoOp@NoOp|Move(W)@Move(W)
16341087400:NoOp@NoOp|NoOp@NoOp|NoOp@NoOp|Move(W)@Move(W)
16341151500:NoOp@NoOp|NoOp@NoOp|NoOp@NoOp|Move(W)@Move(W)
16341216000:NoOp@NoOp|NoOp@NoOp|NoOp@NoOp|Move(W)@Move(W)
16341292100:NoOp@NoOp|NoOp@NoOp|NoOp@NoOp|Move(W)@Move(W)
16341352900:NoOp@NoOp|NoOp@NoOp|NoOp@NoOp|Move(W)@Move(W)
16341413700:NoOp@NoOp|NoOp@NoOp|NoOp@NoOp|Move(W)@Move(W)
16341474400:NoOp@NoOp|NoOp@NoOp|NoOp@NoOp|Move(N)@Move(N)
16341536600:NoOp@NoOp|NoOp@NoOp|NoOp@NoOp|Move(N)@Move(N)
16341597600:NoOp@NoOp|NoOp@NoOp|NoOp@NoOp|Move(N)@Move(N)
16341658400:NoOp@NoOp|NoOp@NoOp|NoOp@NoOp|Move(W)@Move(W)
16341719400:NoOp@NoOp|NoOp@NoOp|NoOp@NoOp|Move(W)@Move(W)
16341780500:NoOp@NoOp|NoOp@NoOp|NoOp@NoOp|Pull(E,E)@Pull(E,E)
16341841900:NoOp@NoOp|Move(E)@Move(E)|NoOp@NoOp|NoOp@NoOp
16341903700:NoOp@NoOp|Move(N)@Move(N)|NoOp@NoOp|NoOp@NoOp
16341972500:NoOp@NoOp|Move(N)@Move(N)|NoOp@NoOp|NoOp@NoOp
16342033300:NoOp@NoOp|Move(E)@Move(E)|NoOp@NoOp|NoOp@NoOp
16342095500:NoOp@NoOp|Move(E)@Move(E)|NoOp@NoOp|NoOp@NoOp
16342156100:NoOp@NoOp|Move(N)@Move(N)|NoOp@NoOp|NoOp@NoOp
16342216600:NoOp@NoOp|Move(E)@Move(E)|NoOp@NoOp|NoOp@NoOp
16342276800:NoOp@NoOp|Move(E)@Move(E)|NoOp@NoOp|NoOp@NoOp
16342337100:NoOp@NoOp|Move(E)@Move(E)|NoOp@NoOp|NoOp@NoOp
16342397400:NoOp@NoOp|Move(E)@Move(E)|NoOp@NoOp|NoOp@NoOp
16342457800:NoOp@NoOp|Move(E)@Move(E)|NoOp@NoOp|NoOp@NoOp
16342518300:NoOp@NoOp|Move(E)@Move(E)|NoOp@NoOp|NoOp@NoOp
16342578400:NoOp@NoOp|Move(N)@Move(N)|NoOp@NoOp|NoOp@NoOp
16342638700:NoOp@NoOp|Move(E)@Move(E)|NoOp@NoOp|NoOp@NoOp
16342699300:NoOp@NoOp|Move(E)@Move(E)|NoOp@NoOp|NoOp@NoOp
16342759700:NoOp@NoOp|Move(E)@Move(E)|NoOp@NoOp|NoOp@NoOp
16342820300:NoOp@NoOp|Move(E)@Move(E)|NoOp@NoOp|NoOp@NoOp
16342881200:NoOp@NoOp|Move(N)@Move(N)|NoOp@NoOp|NoOp@NoOp
16342941600:NoOp@NoOp|Move(N)@Move(N)|NoOp@NoOp|NoOp@NoOp
16343001800:NoOp@NoOp|Move(N)@Move(N)|NoOp@NoOp|NoOp@NoOp
16343062200:NoOp@NoOp|Move(N)@Move(N)|NoOp@NoOp|NoOp@NoOp
16343122500:NoOp@NoOp|Move(N)@Move(N)|NoOp@NoOp|NoOp@NoOp
16343182900:NoOp@NoOp|Move(N)@Move(N)|NoOp@NoOp|NoOp@NoOp
16343243200:NoOp@NoOp|Move(N)@Move(N)|NoOp@NoOp|NoOp@NoOp
16343304100:NoOp@NoOp|Move(E)@Move(E)|NoOp@NoOp|NoOp@NoOp
16343364900:NoOp@NoOp|Move(E)@Move(E)|NoOp@NoOp|NoOp@NoOp
16343425100:NoOp@NoOp|Move(E)@Move(E)|NoOp@NoOp|NoOp@NoOp
16343485300:NoOp@NoOp|Move(E)@Move(E)|NoOp@NoOp|NoOp@NoOp
16343545400:NoOp@NoOp|Move(E)@Move(E)|NoOp@NoOp|NoOp@NoOp
16343606000:NoOp@NoOp|Pull(W,W)@Pull(W,W)|NoOp@NoOp|NoOp@NoOp
16343666900:NoOp@NoOp|Pull(W,W)@Pull(W,W)|NoOp@NoOp|NoOp@NoOp
16343727500:NoOp@NoOp|Pull(W,W)@Pull(W,W)|NoOp@NoOp|NoOp@NoOp
16343789900:NoOp@NoOp|Pull(W,W)@Pull(W,W)|NoOp@NoOp|NoOp@NoOp
16343853800:NoOp@NoOp|Pull(W,W)@Pull(W,W)|NoOp@NoOp|NoOp@NoOp
16343915800:NoOp@NoOp|Pull(S,W)@Pull(S,W)|NoOp@NoOp|NoOp@NoOp
16343977000:NoOp@NoOp|Pull(S,S)@Pull(S,S)|NoOp@NoOp|NoOp@NoOp
16344038000:NoOp@NoOp|Pull(S,S)@Pull(S,S)|NoOp@NoOp|NoOp@NoOp
16344099200:NoOp@NoOp|Pull(S,S)@Pull(S,S)|NoOp@NoOp|NoOp@NoOp
16344159900:NoOp@NoOp|Push(N,W)@Push(N,W)|NoOp@NoOp|NoOp@NoOp
16344220600:NoOp@NoOp|Move(N)@Move(N)|NoOp@NoOp|NoOp@NoOp
16344281100:NoOp@NoOp|Move(N)@Move(N)|NoOp@NoOp|NoOp@NoOp
16344341700:NoOp@NoOp|Move(N)@Move(N)|NoOp@NoOp|NoOp@NoOp
16344402300:NoOp@NoOp|Move(E)@Move(E)|NoOp@NoOp|NoOp@NoOp
16344462800:NoOp@NoOp|Move(E)@Move(E)|NoOp@NoOp|NoOp@NoOp
16344523100:NoOp@NoOp|Move(E)@Move(E)|NoOp@NoOp|NoOp@NoOp
16344583300:NoOp@NoOp|Move(E)@Move(E)|NoOp@NoOp|NoOp@NoOp
16344643700:NoOp@NoOp|Move(E)@Move(E)|NoOp@NoOp|NoOp@NoOp
16344703900:NoOp@NoOp|Move(E)@Move(E)|NoOp@NoOp|NoOp@NoOp
16344764500:NoOp@NoOp|Move(E)@Move(E)|NoOp@NoOp|NoOp@NoOp
16344824900:NoOp@NoOp|Pull(W,W)@Pull(W,W)|NoOp@NoOp|NoOp@NoOp
16344886100:NoOp@NoOp|Pull(W,W)@Pull(W,W)|NoOp@NoOp|NoOp@NoOp
16344946900:NoOp@NoOp|Pull(W,W)@Pull(W,W)|NoOp@NoOp|NoOp@NoOp
16345007500:NoOp@NoOp|Pull(W,W)@Pull(W,W)|NoOp@NoOp|NoOp@NoOp
16345068400:NoOp@NoOp|Pull(W,W)@Pull(W,W)|NoOp@NoOp|NoOp@NoOp
16345132600:NoOp@NoOp|Pull(W,W)@Pull(W,W)|NoOp@NoOp|NoOp@NoOp
16345193400:NoOp@NoOp|Pull(W,W)@Pull(W,W)|NoOp@NoOp|NoOp@NoOp
16345267000:NoOp@NoOp|Pull(S,W)@Pull(S,W)|NoOp@NoOp|NoOp@NoOp
16345326300:NoOp@NoOp|Pull(S,S)@Pull(S,S)|NoOp@NoOp|NoOp@NoOp
16345385700:NoOp@NoOp|Pull(S,S)@Pull(S,S)|NoOp@NoOp|NoOp@NoOp
16345445100:NoOp@NoOp|Pull(S,S)@Pull(S,S)|NoOp@NoOp|NoOp@NoOp
16345506400:NoOp@NoOp|Push(N,E)@Push(N,E)|NoOp@NoOp|NoOp@NoOp
16345568500:NoOp@NoOp|Move(S)@Move(S)|NoOp@NoOp|NoOp@NoOp
16345631700:NoOp@NoOp|Move(S)@Move(S)|NoOp@NoOp|NoOp@NoOp
16345691600:NoOp@NoOp|Move(S)@Move(S)|NoOp@NoOp|NoOp@NoOp
16345750500:NoOp@NoOp|Move(S)@Move(S)|NoOp@NoOp|NoOp@NoOp
16345809400:NoOp@NoOp|Move(W)@Move(W)|NoOp@NoOp|NoOp@NoOp
16345867900:NoOp@NoOp|Move(S)@Move(S)|NoOp@NoOp|NoOp@NoOp
16345960400:NoOp@NoOp|Move(S)@Move(S)|NoOp@NoOp|NoOp@NoOp
16346027300:NoOp@NoOp|Move(S)@Move(S)|NoOp@NoOp|NoOp@NoOp
16346104800:NoOp@NoOp|Move(S)@Move(S)|NoOp@NoOp|NoOp@NoOp
16346172300:NoOp@NoOp|Move(S)@Move(S)|NoOp@NoOp|NoOp@NoOp
16346232400:NoOp@NoOp|Move(W)@Move(W)|NoOp@NoOp|NoOp@NoOp
16346293000:NoOp@NoOp|Move(W)@Move(W)|NoOp@NoOp|NoOp@NoOp
16346371100:NoOp@NoOp|Move(W)@Move(W)|NoOp@NoOp|NoOp@NoOp
16346435500:NoOp@NoOp|Move(W)@Move(W)|NoOp@NoOp|NoOp@NoOp
16346496000:NoOp@NoOp|Move(W)@Move(W)|NoOp@NoOp|NoOp@NoOp
16346578000:NoOp@NoOp|Move(W)@Move(W)|NoOp@NoOp|NoOp@NoOp
16346642000:NoOp@NoOp|Move(W)@Move(W)|NoOp@NoOp|NoOp@NoOp
16346703700:NoOp@NoOp|Move(W)@Move(W)|NoOp@NoOp|NoOp@NoOp
16346765000:NoOp@NoOp|Move(N)@Move(N)|NoOp@NoOp|NoOp@NoOp
16346828800:NoOp@NoOp|Move(W)@Move(W)|NoOp@NoOp|NoOp@NoOp
16346886500:NoOp@NoOp|Push(W,S)@Push(W,S)|NoOp@NoOp|NoOp@NoOp
16346947600:NoOp@NoOp|Push(S,E)@Push(S,E)|NoOp@NoOp|NoOp@NoOp
16347007500:NoOp@NoOp|Push(E,E)@Push(E,E)|NoOp@NoOp|NoOp@NoOp
16347067100:NoOp@NoOp|Push(E,E)@Push(E,E)|NoOp@NoOp|NoOp@NoOp
16347126200:NoOp@NoOp|Push(E,E)@Push(E,E)|NoOp@NoOp|NoOp@NoOp
16347194200:NoOp@NoOp|Push(E,N)@Push(E,N)|NoOp@NoOp|NoOp@NoOp
16347254300:NoOp@NoOp|Push(N,E)@Push(N,E)|NoOp@NoOp|NoOp@NoOp
16347314300:NoOp@NoOp|Push(E,E)@Push(E,E)|NoOp@NoOp|NoOp@NoOp
16347373700:NoOp@NoOp|Push(E,E)@Push(E,E)|NoOp@NoOp|NoOp@NoOp
16347432700:NoOp@NoOp|Push(E,N)@Push(E,N)|NoOp@NoOp|NoOp@NoOp
16347492200:NoOp@NoOp|Push(N,N)@Push(N,N)|NoOp@NoOp|NoOp@NoOp
16347552000:NoOp@NoOp|Push(N,N)@Push(N,N)|NoOp@NoOp|NoOp@NoOp
16347611300:NoOp@NoOp|Push(N,N)@Push(N,N)|NoOp@NoOp|NoOp@NoOp
16347671700:NoOp@NoOp|Push(N,E)@Push(N,E)|NoOp@NoOp|NoOp@NoOp
16347731900:NoOp@NoOp|Push(E,E)@Push(E,E)|NoOp@NoOp|NoOp@NoOp
16347791900:NoOp@NoOp|Push(E,E)@Push(E,E)|NoOp@NoOp|NoOp@NoOp
16347851700:NoOp@NoOp|Push(E,E)@Push(E,E)|NoOp@NoOp|NoOp@NoOp
16347911100:NoOp@NoOp|Push(E,N)@Push(E,N)|NoOp@NoOp|NoOp@NoOp
16347971700:NoOp@NoOp|Push(N,N)@Push(N,N)|NoOp@NoOp|NoOp@NoOp
16348031300:NoOp@NoOp|Push(N,N)@Push(N,N)|NoOp@NoOp|NoOp@NoOp
16348091000:NoOp@NoOp|Push(N,N)@Push(N,N)|NoOp@NoOp|NoOp@NoOp
16348150800:NoOp@NoOp|Push(N,N)@Push(N,N)|NoOp@NoOp|NoOp@NoOp
16348210200:NoOp@NoOp|Push(N,N)@Push(N,N)|NoOp@NoOp|NoOp@NoOp
16348269700:NoOp@NoOp|Push(N,N)@Push(N,N)|NoOp@NoOp|NoOp@NoOp
16348328900:NoOp@NoOp|Push(N,E)@Push(N,E)|NoOp@NoOp|NoOp@NoOp
16348394100:NoOp@NoOp|Push(E,E)@Push(E,E)|NoOp@NoOp|NoOp@NoOp
16348454000:NoOp@NoOp|Push(E,E)@Push(E,E)|NoOp@NoOp|NoOp@NoOp
16348513200:NoOp@NoOp|Push(E,E)@Push(E,E)|NoOp@NoOp|NoOp@NoOp
16348572400:NoOp@NoOp|Push(E,E)@Push(E,E)|NoOp@NoOp|NoOp@NoOp
16348634300:NoOp@NoOp|Push(E,E)@Push(E,E)|NoOp@NoOp|NoOp@NoOp
16348693600:NoOp@NoOp|Push(E,E)@Push(E,E)|NoOp@NoOp|NoOp@NoOp
16348753400:NoOp@NoOp|Push(E,E)@Push(E,E)|NoOp@NoOp|NoOp@NoOp
16348812400:NoOp@NoOp|Push(E,E)@Push(E,E)|NoOp@NoOp|NoOp@NoOp
16348871800:NoOp@NoOp|NoOp@NoOp|NoOp@NoOp|Move(E)@Move(E)
16348931600:NoOp@NoOp|NoOp@NoOp|NoOp@NoOp|Move(N)@Move(N)
16348991400:NoOp@NoOp|NoOp@NoOp|NoOp@NoOp|Push(E,N)@Push(E,N)
16349051300:NoOp@NoOp|NoOp@NoOp|NoOp@NoOp|Move(S)@Move(S)
16349110800:NoOp@NoOp|NoOp@NoOp|NoOp@NoOp|Move(N)@Move(N)
16349170300:NoOp@NoOp|NoOp@NoOp|Move(N)@Move(N)|NoOp@NoOp
16349230000:NoOp@NoOp|NoOp@NoOp|Move(W)@Move(W)|NoOp@NoOp
16349289400:NoOp@NoOp|NoOp@NoOp|Move(W)@Move(W)|NoOp@NoOp
16349348200:NoOp@NoOp|NoOp@NoOp|Move(W)@Move(W)|NoOp@NoOp
16349407700:NoOp@NoOp|NoOp@NoOp|Pull(S,S)@Pull(S,S)|NoOp@NoOp
16349467800:NoOp@NoOp|NoOp@NoOp|NoOp@NoOp|Move(S)@Move(S)
16349527600:NoOp@NoOp|NoOp@NoOp|NoOp@NoOp|Move(N)@Move(N)
16349587200:NoOp@NoOp|NoOp@NoOp|Push(N,E)@Push(N,E)|NoOp@NoOp
16349646600:NoOp@NoOp|NoOp@NoOp|Move(N)@Move(N)|NoOp@NoOp
16349706000:NoOp@NoOp|NoOp@NoOp|Pull(W,W)@Pull(W,W)|NoOp@NoOp
16349765700:NoOp@NoOp|NoOp@NoOp|Push(E,S)@Push(E,S)|NoOp@NoOp
16349825500:NoOp@NoOp|NoOp@NoOp|Move(E)@Move(E)|NoOp@NoOp
16349884700:NoOp@NoOp|NoOp@NoOp|Move(E)@Move(E)|NoOp@NoOp
16349944000:NoOp@NoOp|NoOp@NoOp|Move(S)@Move(S)|NoOp@NoOp
16350003300:NoOp@NoOp|NoOp@NoOp|NoOp@NoOp|Move(S)@Move(S)
16350062700:NoOp@NoOp|Pull(W,W)@Pull(W,W)|NoOp@NoOp|NoOp@NoOp
16350122600:NoOp@NoOp|Pull(W,W)@Pull(W,W)|NoOp@NoOp|NoOp@NoOp
16350182400:NoOp@NoOp|Pull(W,W)@Pull(W,W)|NoOp@NoOp|NoOp@NoOp
16350241700:NoOp@NoOp|Pull(W,W)@Pull(W,W)|NoOp@NoOp|NoOp@NoOp
16350300800:NoOp@NoOp|Pull(W,W)@Pull(W,W)|NoOp@NoOp|NoOp@NoOp
16350360300:NoOp@NoOp|Pull(W,W)@Pull(W,W)|NoOp@NoOp|NoOp@NoOp
16350419500:NoOp@NoOp|Pull(W,W)@Pull(W,W)|NoOp@NoOp|NoOp@NoOp
16350478700:NoOp@NoOp|Pull(W,W)@Pull(W,W)|NoOp@NoOp|NoOp@NoOp
16350538100:NoOp@NoOp|Pull(S,W)@Pull(S,W)|NoOp@NoOp|NoOp@NoOp
16350597700:NoOp@NoOp|Pull(S,S)@Pull(S,S)|NoOp@NoOp|NoOp@NoOp
16350657100:NoOp@NoOp|Pull(S,S)@Pull(S,S)|NoOp@NoOp|NoOp@NoOp
16350716600:NoOp@NoOp|Pull(S,S)@Pull(S,S)|NoOp@NoOp|NoOp@NoOp
16350781700:NoOp@NoOp|Pull(S,S)@Pull(S,S)|NoOp@NoOp|NoOp@NoOp
16350842300:NoOp@NoOp|Push(N,W)@Push(N,W)|NoOp@NoOp|NoOp@NoOp
16350899900:NoOp@NoOp|Push(W,W)@Push(W,W)|NoOp@NoOp|NoOp@NoOp
16350958300:NoOp@NoOp|Push(W,N)@Push(W,N)|NoOp@NoOp|NoOp@NoOp
16351021300:NoOp@NoOp|Move(E)@Move(E)|NoOp@NoOp|NoOp@NoOp
16351079200:NoOp@NoOp|Move(E)@Move(E)|NoOp@NoOp|NoOp@NoOp
16351137300:NoOp@NoOp|Move(N)@Move(N)|NoOp@NoOp|NoOp@NoOp
16351195100:NoOp@NoOp|Move(N)@Move(N)|NoOp@NoOp|NoOp@NoOp
16351252900:NoOp@NoOp|Move(N)@Move(N)|NoOp@NoOp|NoOp@NoOp
16351310500:NoOp@NoOp|Move(N)@Move(N)|NoOp@NoOp|NoOp@NoOp
16351368100:NoOp@NoOp|Move(E)@Move(E)|NoOp@NoOp|NoOp@NoOp
16351425800:NoOp@NoOp|Move(E)@Move(E)|NoOp@NoOp|NoOp@NoOp
16351483700:NoOp@NoOp|Move(E)@Move(E)|NoOp@NoOp|NoOp@NoOp
16351544500:NoOp@NoOp|Move(E)@Move(E)|NoOp@NoOp|NoOp@NoOp
16351602200:NoOp@NoOp|Move(E)@Move(E)|NoOp@NoOp|NoOp@NoOp
16351659600:NoOp@NoOp|Move(E)@Move(E)|NoOp@NoOp|NoOp@NoOp
16351717500:NoOp@NoOp|Move(E)@Move(E)|NoOp@NoOp|NoOp@NoOp
16351775100:NoOp@NoOp|Move(E)@Move(E)|NoOp@NoOp|NoOp@NoOp
16351832700:NoOp@NoOp|Move(E)@Move(E)|NoOp@NoOp|NoOp@NoOp
16351893800:NoOp@NoOp|Pull(W,W)@Pull(W,W)|NoOp@NoOp|NoOp@NoOp
16351951900:NoOp@NoOp|Pull(W,W)@Pull(W,W)|NoOp@NoOp|NoOp@NoOp
16352010200:NoOp@NoOp|Pull(W,W)@Pull(W,W)|NoOp@NoOp|NoOp@NoOp
16352068000:NoOp@NoOp|Pull(W,W)@Pull(W,W)|NoOp@NoOp|NoOp@NoOp
16352125900:NoOp@NoOp|Pull(W,W)@Pull(W,W)|NoOp@NoOp|NoOp@NoOp
16352183600:NoOp@NoOp|Pull(W,W)@Pull(W,W)|NoOp@NoOp|NoOp@NoOp
16352241800:NoOp@NoOp|Pull(W,W)@Pull(W,W)|NoOp@NoOp|NoOp@NoOp
16352299900:NoOp@NoOp|Pull(W,W)@Pull(W,W)|NoOp@NoOp|NoOp@NoOp
16352358100:NoOp@NoOp|Pull(W,W)@Pull(W,W)|NoOp@NoOp|NoOp@NoOp
16352416400:NoOp@NoOp|Pull(S,W)@Pull(S,W)|NoOp@NoOp|NoOp@NoOp
16352475200:NoOp@NoOp|Pull(S,S)@Pull(S,S)|NoOp@NoOp|NoOp@NoOp
16352533400:NoOp@NoOp|Pull(S,S)@Pull(S,S)|NoOp@NoOp|NoOp@NoOp
16352591300:NoOp@NoOp|Pull(S,S)@Pull(S,S)|NoOp@NoOp|NoOp@NoOp
16352649500:NoOp@NoOp|Pull(S,S)@Pull(S,S)|NoOp@NoOp|NoOp@NoOp
16352707700:NoOp@NoOp|Push(N,E)@Push(N,E)|NoOp@NoOp|NoOp@NoOp
16352766100:NoOp@NoOp|Push(E,E)@Push(E,E)|NoOp@NoOp|NoOp@NoOp
16352824100:NoOp@NoOp|Push(E,N)@Push(E,N)|NoOp@NoOp|NoOp@NoOp
16352887600:NoOp@NoOp|NoOp@NoOp|Move(N)@Move(N)|NoOp@NoOp
16352945500:NoOp@NoOp|NoOp@NoOp|Move(E)@Move(E)|NoOp@NoOp
16353003300:NoOp@NoOp|NoOp@NoOp|Move(E)@Move(E)|NoOp@NoOp
16353060900:NoOp@NoOp|NoOp@NoOp|Move(E)@Move(E)|NoOp@NoOp
16353118400:NoOp@NoOp|NoOp@NoOp|Move(E)@Move(E)|NoOp@NoOp
16353176000:NoOp@NoOp|NoOp@NoOp|Move(N)@Move(N)|NoOp@NoOp
16353233700:NoOp@NoOp|NoOp@NoOp|Move(N)@Move(N)|NoOp@NoOp
16353291400:NoOp@NoOp|NoOp@NoOp|Move(N)@Move(N)|NoOp@NoOp
16353349100:NoOp@NoOp|NoOp@NoOp|Move(N)@Move(N)|NoOp@NoOp
16353406800:NoOp@NoOp|NoOp@NoOp|Move(N)@Move(N)|NoOp@NoOp
16353464600:NoOp@NoOp|NoOp@NoOp|Move(N)@Move(N)|NoOp@NoOp
16353522000:NoOp@NoOp|NoOp@NoOp|Move(N)@Move(N)|NoOp@NoOp
16353579600:NoOp@NoOp|NoOp@NoOp|Move(E)@Move(E)|NoOp@NoOp
16353637100:NoOp@NoOp|NoOp@NoOp|Move(E)@Move(E)|NoOp@NoOp
16353694600:NoOp@NoOp|NoOp@NoOp|Move(E)@Move(E)|NoOp@NoOp
16353752100:NoOp@NoOp|NoOp@NoOp|Move(E)@Move(E)|NoOp@NoOp
16353810300:NoOp@NoOp|NoOp@NoOp|Move(E)@Move(E)|NoOp@NoOp
16353868400:NoOp@NoOp|NoOp@NoOp|Move(E)@Move(E)|NoOp@NoOp
16353926100:NoOp@NoOp|NoOp@NoOp|Move(E)@Move(E)|NoOp@NoOp
16353983500:NoOp@NoOp|NoOp@NoOp|Move(E)@Move(E)|NoOp@NoOp
16354041200:NoOp@NoOp|NoOp@NoOp|Move(E)@Move(E)|NoOp@NoOp
16354098600:NoOp@NoOp|NoOp@NoOp|Move(E)@Move(E)|NoOp@NoOp
16354156300:NoOp@NoOp|NoOp@NoOp|Pull(W,W)@Pull(W,W)|NoOp@NoOp
16354214500:NoOp@NoOp|NoOp@NoOp|Pull(W,W)@Pull(W,W)|NoOp@NoOp
16354272500:NoOp@NoOp|NoOp@NoOp|Pull(W,W)@Pull(W,W)|NoOp@NoOp
16354330400:NoOp@NoOp|NoOp@NoOp|Pull(W,W)@Pull(W,W)|NoOp@NoOp
16354388200:NoOp@NoOp|NoOp@NoOp|Pull(W,W)@Pull(W,W)|NoOp@NoOp
16354446100:NoOp@NoOp|NoOp@NoOp|Pull(W,W)@Pull(W,W)|NoOp@NoOp
16354503600:NoOp@NoOp|NoOp@NoOp|Pull(W,W)@Pull(W,W)|NoOp@NoOp
16354565100:NoOp@NoOp|NoOp@NoOp|Pull(W,W)@Pull(W,W)|NoOp@NoOp
16354623400:NoOp@NoOp|NoOp@NoOp|Pull(W,W)@Pull(W,W)|NoOp@NoOp
16354681300:NoOp@NoOp|NoOp@NoOp|Pull(W,W)@Pull(W,W)|NoOp@NoOp
16354739300:NoOp@NoOp|NoOp@NoOp|Pull(S,W)@Pull(S,W)|NoOp@NoOp
16354797400:NoOp@NoOp|NoOp@NoOp|Pull(S,S)@Pull(S,S)|NoOp@NoOp
16354855600:NoOp@NoOp|NoOp@NoOp|Pull(S,S)@Pull(S,S)|NoOp@NoOp
16354912200:NoOp@NoOp|NoOp@NoOp|Pull(S,S)@Pull(S,S)|NoOp@NoOp
16354970300:NoOp@NoOp|NoOp@NoOp|Pull(S,S)@Pull(S,S)|NoOp@NoOp
16355028700:NoOp@NoOp|NoOp@NoOp|Push(N,W)@Push(N,W)|NoOp@NoOp
16355086700:NoOp@NoOp|NoOp@NoOp|Move(E)@Move(E)|NoOp@NoOp
16355144300:NoOp@NoOp|Move(S)@Move(S)|NoOp@NoOp|NoOp@NoOp
16355202300:NoOp@NoOp|Move(W)@Move(W)|NoOp@NoOp|NoOp@NoOp
16355260100:NoOp@NoOp|Move(W)@Move(W)|NoOp@NoOp|NoOp@NoOp
16355317600:NoOp@NoOp|Move(S)@Move(S)|NoOp@NoOp|NoOp@NoOp
16355375300:NoOp@NoOp|Move(S)@Move(S)|NoOp@NoOp|NoOp@NoOp
16355433100:NoOp@NoOp|Move(W)@Move(W)|NoOp@NoOp|NoOp@NoOp
16355490800:NoOp@NoOp|Move(W)@Move(W)|NoOp@NoOp|NoOp@NoOp
16355548300:NoOp@NoOp|Move(W)@Move(W)|NoOp@NoOp|NoOp@NoOp
16355605800:NoOp@NoOp|Move(W)@Move(W)|NoOp@NoOp|NoOp@NoOp
16355663600:NoOp@NoOp|Move(W)@Move(W)|NoOp@NoOp|NoOp@NoOp
16355720800:NoOp@NoOp|Move(W)@Move(W)|NoOp@NoOp|NoOp@NoOp
16355778200:NoOp@NoOp|Move(W)@Move(W)|NoOp@NoOp|NoOp@NoOp
16355835900:NoOp@NoOp|Move(S)@Move(S)|NoOp@NoOp|NoOp@NoOp
16355897800:NoOp@NoOp|Move(W)@Move(W)|NoOp@NoOp|NoOp@NoOp
16355961600:NoOp@NoOp|Move(W)@Move(W)|NoOp@NoOp|NoOp@NoOp
16356019000:NoOp@NoOp|Move(W)@Move(W)|NoOp@NoOp|NoOp@NoOp
16356076800:NoOp@NoOp|Move(W)@Move(W)|NoOp@NoOp|NoOp@NoOp
16356134200:NoOp@NoOp|Move(W)@Move(W)|NoOp@NoOp|NoOp@NoOp
16356192300:NoOp@NoOp|Pull(E,E)@Pull(E,E)|NoOp@NoOp|NoOp@NoOp
16356250500:NoOp@NoOp|Pull(E,E)@Pull(E,E)|NoOp@NoOp|NoOp@NoOp
16356308400:NoOp@NoOp|Pull(E,E)@Pull(E,E)|NoOp@NoOp|NoOp@NoOp
16356366400:NoOp@NoOp|Pull(E,E)@Pull(E,E)|NoOp@NoOp|NoOp@NoOp
16356424300:NoOp@NoOp|Pull(E,E)@Pull(E,E)|NoOp@NoOp|NoOp@NoOp
16356482200:NoOp@NoOp|Pull(N,E)@Pull(N,E)|NoOp@NoOp|NoOp@NoOp
16356540200:NoOp@NoOp|Pull(E,N)@Pull(E,N)|NoOp@NoOp|NoOp@NoOp
16356598000:NoOp@NoOp|Pull(E,E)@Pull(E,E)|NoOp@NoOp|NoOp@NoOp
16356655700:NoOp@NoOp|Pull(E,E)@Pull(E,E)|NoOp@NoOp|NoOp@NoOp
16356713500:NoOp@NoOp|Pull(E,E)@Pull(E,E)|NoOp@NoOp|NoOp@NoOp
16356771400:NoOp@NoOp|Pull(E,E)@Pull(E,E)|NoOp@NoOp|NoOp@NoOp
16356829100:NoOp@NoOp|Pull(E,E)@Pull(E,E)|NoOp@NoOp|NoOp@NoOp
16356892000:NoOp@NoOp|Pull(E,E)@Pull(E,E)|NoOp@NoOp|NoOp@NoOp
16356950000:NoOp@NoOp|Pull(N,E)@Pull(N,E)|NoOp@NoOp|NoOp@NoOp
16357007800:NoOp@NoOp|Pull(N,N)@Pull(N,N)|NoOp@NoOp|NoOp@NoOp
16357065600:NoOp@NoOp|Pull(E,N)@Pull(E,N)|NoOp@NoOp|NoOp@NoOp
16357123700:NoOp@NoOp|Push(W,N)@Push(W,N)|NoOp@NoOp|NoOp@NoOp
16357181600:NoOp@NoOp|Push(N,N)@Push(N,N)|NoOp@NoOp|NoOp@NoOp
16357239600:NoOp@NoOp|Push(N,N)@Push(N,N)|NoOp@NoOp|NoOp@NoOp
16357297900:NoOp@NoOp|Push(N,N)@Push(N,N)|NoOp@NoOp|NoOp@NoOp
16357355800:NoOp@NoOp|Push(N,N)@Push(N,N)|NoOp@NoOp|NoOp@NoOp
16357413500:NoOp@NoOp|Push(N,E)@Push(N,E)|NoOp@NoOp|NoOp@NoOp
16357483600:NoOp@NoOp|Push(E,E)@Push(E,E)|NoOp@NoOp|NoOp@NoOp
16357541600:NoOp@NoOp|Push(E,E)@Push(E,E)|NoOp@NoOp|NoOp@NoOp
16357602000:NoOp@NoOp|Push(E,E)@Push(E,E)|NoOp@NoOp|NoOp@NoOp
16357659900:NoOp@NoOp|Push(E,E)@Push(E,E)|NoOp@NoOp|NoOp@NoOp
16357717800:NoOp@NoOp|Push(E,E)@Push(E,E)|NoOp@NoOp|NoOp@NoOp
16357775500:NoOp@NoOp|Push(E,E)@Push(E,E)|NoOp@NoOp|NoOp@NoOp
16357833200:NoOp@NoOp|Push(E,E)@Push(E,E)|NoOp@NoOp|NoOp@NoOp
16357893900:NoOp@NoOp|Push(E,E)@Push(E,E)|NoOp@NoOp|NoOp@NoOp
16357952000:NoOp@NoOp|Push(E,E)@Push(E,E)|NoOp@NoOp|NoOp@NoOp
16358010000:NoOp@NoOp|Push(E,E)@Push(E,E)|NoOp@NoOp|NoOp@NoOp
16358068000:NoOp@NoOp|NoOp@NoOp|Move(S)@Move(S)|NoOp@NoOp
16358125500:NoOp@NoOp|NoOp@NoOp|Move(W)@Move(W)|NoOp@NoOp
16358183400:NoOp@NoOp|NoOp@NoOp|Move(S)@Move(S)|NoOp@NoOp
16358240800:NoOp@NoOp|NoOp@NoOp|Move(S)@Move(S)|NoOp@NoOp
16358298400:NoOp@NoOp|NoOp@NoOp|Move(W)@Move(W)|NoOp@NoOp
16358356500:NoOp@NoOp|NoOp@NoOp|Move(S)@Move(S)|NoOp@NoOp
16358414100:NoOp@NoOp|NoOp@NoOp|Move(S)@Move(S)|NoOp@NoOp
16358471800:NoOp@NoOp|NoOp@NoOp|Move(S)@Move(S)|NoOp@NoOp
16358529600:NoOp@NoOp|NoOp@NoOp|Move(S)@Move(S)|NoOp@NoOp
16358587300:NoOp@NoOp|NoOp@NoOp|Move(S)@Move(S)|NoOp@NoOp
16358644800:NoOp@NoOp|NoOp@NoOp|Move(W)@Move(W)|NoOp@NoOp
16358702500:NoOp@NoOp|NoOp@NoOp|Move(W)@Move(W)|NoOp@NoOp
16358760000:NoOp@NoOp|NoOp@NoOp|Move(W)@Move(W)|NoOp@NoOp
16358817600:NoOp@NoOp|NoOp@NoOp|Move(W)@Move(W)|NoOp@NoOp
16358879900:NoOp@NoOp|NoOp@NoOp|Move(W)@Move(W)|NoOp@NoOp
16358937500:NoOp@NoOp|NoOp@NoOp|Move(W)@Move(W)|NoOp@NoOp
16358995000:NoOp@NoOp|NoOp@NoOp|Move(W)@Move(W)|NoOp@NoOp
16359052700:NoOp@NoOp|NoOp@NoOp|Move(W)@Move(W)|NoOp@NoOp
16359110400:NoOp@NoOp|NoOp@NoOp|Move(S)@Move(S)|NoOp@NoOp
16359155800:NoOp@NoOp|NoOp@NoOp|Move(W)@Move(W)|NoOp@NoOp
16359213700:NoOp@NoOp|NoOp@NoOp|Move(W)@Move(W)|NoOp@NoOp
16359270900:NoOp@NoOp|NoOp@NoOp|Move(W)@Move(W)|NoOp@NoOp
16359328300:NoOp@NoOp|NoOp@NoOp|Move(W)@Move(W)|NoOp@NoOp
16359385500:NoOp@NoOp|NoOp@NoOp|Move(W)@Move(W)|NoOp@NoOp
16359442300:NoOp@NoOp|NoOp@NoOp|Move(W)@Move(W)|NoOp@NoOp
16359499500:NoOp@NoOp|NoOp@NoOp|Move(W)@Move(W)|NoOp@NoOp
16359556600:NoOp@NoOp|NoOp@NoOp|Move(S)@Move(S)|NoOp@NoOp
16359613800:NoOp@NoOp|NoOp@NoOp|Move(S)@Move(S)|NoOp@NoOp
16359671200:NoOp@NoOp|NoOp@NoOp|Move(S)@Move(S)|NoOp@NoOp
16359728300:NoOp@NoOp|NoOp@NoOp|Move(S)@Move(S)|NoOp@NoOp
16359785800:NoOp@NoOp|NoOp@NoOp|Move(S)@Move(S)|NoOp@NoOp
16359843200:NoOp@NoOp|NoOp@NoOp|Move(S)@Move(S)|NoOp@NoOp
16359898200:NoOp@NoOp|NoOp@NoOp|Move(S)@Move(S)|NoOp@NoOp
16359955100:NoOp@NoOp|NoOp@NoOp|Move(W)@Move(W)|NoOp@NoOp
16360012400:NoOp@NoOp|NoOp@NoOp|Move(W)@Move(W)|NoOp@NoOp
16360069600:NoOp@NoOp|NoOp@NoOp|Move(W)@Move(W)|NoOp@NoOp
16360126700:NoOp@NoOp|NoOp@NoOp|Move(W)@Move(W)|NoOp@NoOp
16360184000:NoOp@NoOp|NoOp@NoOp|Move(W)@Move(W)|NoOp@NoOp
16360241300:NoOp@NoOp|NoOp@NoOp|Pull(E,E)@Pull(E,E)|NoOp@NoOp
16360299000:NoOp@NoOp|NoOp@NoOp|Pull(E,E)@Pull(E,E)|NoOp@NoOp
16360356800:NoOp@NoOp|NoOp@NoOp|Pull(E,E)@Pull(E,E)|NoOp@NoOp
16360414400:NoOp@NoOp|NoOp@NoOp|Pull(E,E)@Pull(E,E)|NoOp@NoOp
16360471700:NoOp@NoOp|NoOp@NoOp|Pull(E,E)@Pull(E,E)|NoOp@NoOp
16360529200:NoOp@NoOp|NoOp@NoOp|Pull(N,E)@Pull(N,E)|NoOp@NoOp
16360586800:NoOp@NoOp|NoOp@NoOp|Pull(N,N)@Pull(N,N)|NoOp@NoOp
16360644700:NoOp@NoOp|NoOp@NoOp|Pull(N,N)@Pull(N,N)|NoOp@NoOp
16360702400:NoOp@NoOp|NoOp@NoOp|Pull(N,N)@Pull(N,N)|NoOp@NoOp
16360760000:NoOp@NoOp|NoOp@NoOp|Push(S,W)@Push(S,W)|NoOp@NoOp
16360817700:NoOp@NoOp|NoOp@NoOp|Move(E)@Move(E)|NoOp@NoOp
16360880400:NoOp@NoOp|NoOp@NoOp|NoOp@NoOp|Move(N)@Move(N)
16360941000:NoOp@NoOp|NoOp@NoOp|NoOp@NoOp|Move(E)@Move(E)
16360998600:NoOp@NoOp|NoOp@NoOp|NoOp@NoOp|Move(E)@Move(E)
16361055900:NoOp@NoOp|NoOp@NoOp|NoOp@NoOp|Move(E)@Move(E)
16361113100:NoOp@NoOp|NoOp@NoOp|NoOp@NoOp|Move(E)@Move(E)
16361170300:NoOp@NoOp|NoOp@NoOp|NoOp@NoOp|Move(S)@Move(S)
16361227800:NoOp@NoOp|NoOp@NoOp|NoOp@NoOp|Move(E)@Move(E)
16361285400:NoOp@NoOp|NoOp@NoOp|NoOp@NoOp|Move(E)@Move(E)
16361342700:NoOp@NoOp|NoOp@NoOp|NoOp@NoOp|Move(E)@Move(E)
16361399700:NoOp@NoOp|NoOp@NoOp|NoOp@NoOp|Move(S)@Move(S)
16361456900:NoOp@NoOp|NoOp@NoOp|NoOp@NoOp|Move(S)@Move(S)
16361514200:NoOp@NoOp|NoOp@NoOp|NoOp@NoOp|Move(S)@Move(S)
16361571400:NoOp@NoOp|NoOp@NoOp|NoOp@NoOp|Move(S)@Move(S)
16361628900:NoOp@NoOp|NoOp@NoOp|NoOp@NoOp|Move(E)@Move(E)
16361686300:NoOp@NoOp|NoOp@NoOp|NoOp@NoOp|Move(E)@Move(E)
16361743300:NoOp@NoOp|NoOp@NoOp|NoOp@NoOp|Move(E)@Move(E)
16361800500:NoOp@NoOp|NoOp@NoOp|NoOp@NoOp|Move(E)@Move(E)
16361857500:NoOp@NoOp|NoOp@NoOp|NoOp@NoOp|Move(S)@Move(S)
16361942400:NoOp@NoOp|NoOp@NoOp|NoOp@NoOp|Move(S)@Move(S)
16362015100:NoOp@NoOp|NoOp@NoOp|NoOp@NoOp|Move(S)@Move(S)
16362082900:NoOp@NoOp|NoOp@NoOp|NoOp@NoOp|Move(S)@Move(S)
16362164000:NoOp@NoOp|NoOp@NoOp|NoOp@NoOp|Move(S)@Move(S)
16362224200:NoOp@NoOp|NoOp@NoOp|NoOp@NoOp|Move(S)@Move(S)
16362283300:NoOp@NoOp|NoOp@NoOp|NoOp@NoOp|Move(S)@Move(S)
16362340600:NoOp@NoOp|NoOp@NoOp|NoOp@NoOp|Move(E)@Move(E)
16362398200:NoOp@NoOp|NoOp@NoOp|NoOp@NoOp|Move(E)@Move(E)
16362455400:NoOp@NoOp|NoOp@NoOp|NoOp@NoOp|Move(E)@Move(E)
16362512800:NoOp@NoOp|NoOp@NoOp|NoOp@NoOp|Move(E)@Move(E)
16362570200:NoOp@NoOp|NoOp@NoOp|NoOp@NoOp|Move(E)@Move(E)
16362627400:NoOp@NoOp|NoOp@NoOp|NoOp@NoOp|Move(E)@Move(E)
16362684800:NoOp@NoOp|NoOp@NoOp|NoOp@NoOp|Pull(W,W)@Pull(W,W)
16362742900:NoOp@NoOp|NoOp@NoOp|NoOp@NoOp|Pull(W,W)@Pull(W,W)
16362800200:NoOp@NoOp|NoOp@NoOp|NoOp@NoOp|Pull(W,W)@Pull(W,W)
16362857800:NoOp@NoOp|NoOp@NoOp|NoOp@NoOp|Pull(W,W)@Pull(W,W)
16362913900:NoOp@NoOp|NoOp@NoOp|NoOp@NoOp|Pull(W,W)@Pull(W,W)
16362972100:NoOp@NoOp|NoOp@NoOp|NoOp@NoOp|Pull(W,W)@Pull(W,W)
16363030000:NoOp@NoOp|NoOp@NoOp|NoOp@NoOp|Pull(N,W)@Pull(N,W)
16363087600:NoOp@NoOp|NoOp@NoOp|NoOp@NoOp|Pull(N,N)@Pull(N,N)
16363145300:NoOp@NoOp|NoOp@NoOp|NoOp@NoOp|Pull(N,N)@Pull(N,N)
16363203000:NoOp@NoOp|NoOp@NoOp|NoOp@NoOp|Pull(N,N)@Pull(N,N)
16363260600:NoOp@NoOp|NoOp@NoOp|NoOp@NoOp|Push(S,W)@Push(S,W)
16363318200:NoOp@NoOp|NoOp@NoOp|NoOp@NoOp|Move(S)@Move(S)
16363375500:NoOp@NoOp|NoOp@NoOp|NoOp@NoOp|Move(S)@Move(S)
16363432800:NoOp@NoOp|NoOp@NoOp|NoOp@NoOp|Move(S)@Move(S)
16363490000:NoOp@NoOp|NoOp@NoOp|NoOp@NoOp|Move(E)@Move(E)
16363547500:NoOp@NoOp|NoOp@NoOp|NoOp@NoOp|Move(E)@Move(E)
16363604900:NoOp@NoOp|NoOp@NoOp|NoOp@NoOp|Move(E)@Move(E)
16363662200:NoOp@NoOp|NoOp@NoOp|NoOp@NoOp|Move(E)@Move(E)
16363719300:NoOp@NoOp|NoOp@NoOp|NoOp@NoOp|Move(E)@Move(E)
16363779300:NoOp@NoOp|NoOp@NoOp|NoOp@NoOp|Move(E)@Move(E)
16363836600:NoOp@NoOp|NoOp@NoOp|NoOp@NoOp|Move(E)@Move(E)
16363897800:NoOp@NoOp|NoOp@NoOp|NoOp@NoOp|Pull(W,W)@Pull(W,W)
16363955400:NoOp@NoOp|NoOp@NoOp|NoOp@NoOp|Pull(W,W)@Pull(W,W)
16364013500:NoOp@NoOp|NoOp@NoOp|NoOp@NoOp|Pull(W,W)@Pull(W,W)
16364070900:NoOp@NoOp|NoOp@NoOp|NoOp@NoOp|Pull(W,W)@Pull(W,W)
16364128700:NoOp@NoOp|NoOp@NoOp|NoOp@NoOp|Pull(W,W)@Pull(W,W)
16364186100:NoOp@NoOp|NoOp@NoOp|NoOp@NoOp|Pull(W,W)@Pull(W,W)
16364243900:NoOp@NoOp|NoOp@NoOp|NoOp@NoOp|Pull(W,W)@Pull(W,W)
16364301700:NoOp@NoOp|NoOp@NoOp|NoOp@NoOp|Pull(N,W)@Pull(N,W)
16364359200:NoOp@NoOp|NoOp@NoOp|NoOp@NoOp|Pull(N,N)@Pull(N,N)
16364417200:NoOp@NoOp|NoOp@NoOp|NoOp@NoOp|Pull(N,N)@Pull(N,N)
16364474900:NoOp@NoOp|NoOp@NoOp|NoOp@NoOp|Pull(N,N)@Pull(N,N)
16364532500:NoOp@NoOp|NoOp@NoOp|NoOp@NoOp|Push(S,E)@Push(S,E)
16364590500:NoOp@NoOp|NoOp@NoOp|NoOp@NoOp|Move(N)@Move(N)
16364647700:NoOp@NoOp|NoOp@NoOp|NoOp@NoOp|Move(N)@Move(N)
16364705100:NoOp@NoOp|NoOp@NoOp|NoOp@NoOp|Move(N)@Move(N)
16364762500:NoOp@NoOp|NoOp@NoOp|NoOp@NoOp|Move(N)@Move(N)
16364824300:NoOp@NoOp|NoOp@NoOp|NoOp@NoOp|Move(W)@Move(W)
16364901700:NoOp@NoOp|NoOp@NoOp|NoOp@NoOp|Move(N)@Move(N)
16364958700:NoOp@NoOp|NoOp@NoOp|NoOp@NoOp|Move(W)@Move(W)
16365016100:NoOp@NoOp|NoOp@NoOp|NoOp@NoOp|Move(W)@Move(W)
16365073500:NoOp@NoOp|NoOp@NoOp|NoOp@NoOp|Move(W)@Move(W)
16365130800:NoOp@NoOp|NoOp@NoOp|NoOp@NoOp|Move(W)@Move(W)
16365188100:NoOp@NoOp|NoOp@NoOp|NoOp@NoOp|Move(W)@Move(W)
16365245000:NoOp@NoOp|NoOp@NoOp|NoOp@NoOp|Move(W)@Move(W)
16365301900:NoOp@NoOp|NoOp@NoOp|NoOp@NoOp|Move(W)@Move(W)
16365359000:NoOp@NoOp|NoOp@NoOp|NoOp@NoOp|Move(W)@Move(W)
16365416300:NoOp@NoOp|NoOp@NoOp|NoOp@NoOp|Move(N)@Move(N)
16365473700:NoOp@NoOp|NoOp@NoOp|NoOp@NoOp|Move(W)@Move(W)
16365530900:NoOp@NoOp|NoOp@NoOp|NoOp@NoOp|Move(W)@Move(W)
16365588100:NoOp@NoOp|NoOp@NoOp|NoOp@NoOp|Move(W)@Move(W)
16365645300:NoOp@NoOp|NoOp@NoOp|NoOp@NoOp|Move(N)@Move(N)
16365702400:NoOp@NoOp|NoOp@NoOp|NoOp@NoOp|Move(N)@Move(N)
16365759800:NoOp@NoOp|NoOp@NoOp|NoOp@NoOp|Move(W)@Move(W)
16365817100:NoOp@NoOp|NoOp@NoOp|NoOp@NoOp|Pull(E,E)@Pull(E,E)
16365879900:NoOp@NoOp|NoOp@NoOp|NoOp@NoOp|Pull(E,E)@Pull(E,E)
16365937700:NoOp@NoOp|NoOp@NoOp|NoOp@NoOp|Push(W,S)@Push(W,S)
16365995200:NoOp@NoOp|NoOp@NoOp|NoOp@NoOp|Push(S,S)@Push(S,S)
16366052700:NoOp@NoOp|NoOp@NoOp|NoOp@NoOp|Push(S,S)@Push(S,S)
16366113400:NoOp@NoOp|NoOp@NoOp|NoOp@NoOp|Push(S,E)@Push(S,E)
16366170700:NoOp@NoOp|NoOp@NoOp|NoOp@NoOp|Push(E,E)@Push(E,E)
16366229000:NoOp@NoOp|NoOp@NoOp|NoOp@NoOp|Push(E,E)@Push(E,E)
16366286400:NoOp@NoOp|NoOp@NoOp|NoOp@NoOp|Push(E,E)@Push(E,E)
16366343900:NoOp@NoOp|NoOp@NoOp|NoOp@NoOp|Push(E,E)@Push(E,E)
16366401500:NoOp@NoOp|NoOp@NoOp|NoOp@NoOp|Push(E,S)@Push(E,S)
16366459000:NoOp@NoOp|NoOp@NoOp|NoOp@NoOp|Push(S,E)@Push(S,E)
16366516300:NoOp@NoOp|NoOp@NoOp|NoOp@NoOp|Push(E,E)@Push(E,E)
16366573800:NoOp@NoOp|NoOp@NoOp|NoOp@NoOp|Push(E,E)@Push(E,E)
16366631200:NoOp@NoOp|NoOp@NoOp|NoOp@NoOp|Push(E,E)@Push(E,E)
16366688600:NoOp@NoOp|NoOp@NoOp|NoOp@NoOp|Push(E,E)@Push(E,E)
16366746000:NoOp@NoOp|NoOp@NoOp|NoOp@NoOp|Push(E,E)@Push(E,E)
16366804800:NoOp@NoOp|NoOp@NoOp|NoOp@NoOp|Push(E,E)@Push(E,E)
16366862200:NoOp@NoOp|NoOp@NoOp|NoOp@NoOp|Push(E,S)@Push(E,S)
16366919600:NoOp@NoOp|NoOp@NoOp|NoOp@NoOp|Push(S,S)@Push(S,S)
16366977200:NoOp@NoOp|NoOp@NoOp|NoOp@NoOp|Push(S,S)@Push(S,S)
16367034600:NoOp@NoOp|NoOp@NoOp|NoOp@NoOp|Push(S,S)@Push(S,S)
16367092100:NoOp@NoOp|NoOp@NoOp|NoOp@NoOp|Push(S,S)@Push(S,S)
16367149600:NoOp@NoOp|NoOp@NoOp|NoOp@NoOp|Push(S,S)@Push(S,S)
16367207500:NoOp@NoOp|NoOp@NoOp|NoOp@NoOp|Push(S,S)@Push(S,S)
16367265200:NoOp@NoOp|NoOp@NoOp|NoOp@NoOp|Push(S,E)@Push(S,E)
16367322300:NoOp@NoOp|NoOp@NoOp|NoOp@NoOp|Push(E,E)@Push(E,E)
16367379700:NoOp@NoOp|NoOp@NoOp|NoOp@NoOp|Push(E,E)@Push(E,E)
16367437000:NoOp@NoOp|NoOp@NoOp|NoOp@NoOp|Push(E,E)@Push(E,E)
16367494400:NoOp@NoOp|NoOp@NoOp|NoOp@NoOp|Push(E,E)@Push(E,E)
16367551800:NoOp@NoOp|NoOp@NoOp|NoOp@NoOp|Push(E,E)@Push(E,E)
16367609300:NoOp@NoOp|NoOp@NoOp|NoOp@NoOp|Push(E,E)@Push(E,E)
16367672400:NoOp@NoOp|NoOp@NoOp|NoOp@NoOp|Push(E,E)@Push(E,E)
16367740400:NoOp@NoOp|NoOp@NoOp|NoOp@NoOp|Push(E,E)@Push(E,E)
16367799200:NoOp@NoOp|NoOp@NoOp|NoOp@NoOp|Push(E,E)@Push(E,E)
16367881700:NoOp@NoOp|NoOp@NoOp|NoOp@NoOp|Move(W)@Move(W)
16367948200:NoOp@NoOp|NoOp@NoOp|NoOp@NoOp|Move(W)@Move(W)
16368009900:NoOp@NoOp|NoOp@NoOp|NoOp@NoOp|Move(W)@Move(W)
16368069600:NoOp@NoOp|NoOp@NoOp|NoOp@NoOp|Move(W)@Move(W)
16368143500:NoOp@NoOp|NoOp@NoOp|NoOp@NoOp|Move(W)@Move(W)
16368201700:NoOp@NoOp|NoOp@NoOp|NoOp@NoOp|Move(W)@Move(W)
16368261300:NoOp@NoOp|NoOp@NoOp|NoOp@NoOp|Move(W)@Move(W)
16368321100:NoOp@NoOp|NoOp@NoOp|NoOp@NoOp|Move(W)@Move(W)
16368380600:NoOp@NoOp|NoOp@NoOp|NoOp@NoOp|Move(W)@Move(W)
16368440800:NoOp@NoOp|NoOp@NoOp|NoOp@NoOp|Move(N)@Move(N)
16368500400:NoOp@NoOp|NoOp@NoOp|NoOp@NoOp|Move(N)@Move(N)
16368559800:NoOp@NoOp|NoOp@NoOp|NoOp@NoOp|Move(N)@Move(N)
16368619500:NoOp@NoOp|NoOp@NoOp|NoOp@NoOp|Move(N)@Move(N)
16368679200:NoOp@NoOp|NoOp@NoOp|NoOp@NoOp|Move(N)@Move(N)
16368738700:NoOp@NoOp|NoOp@NoOp|NoOp@NoOp|Move(N)@Move(N)
16368798000:NoOp@NoOp|NoOp@NoOp|NoOp@NoOp|Move(N)@Move(N)
16368857500:NoOp@NoOp|NoOp@NoOp|NoOp@NoOp|Move(W)@Move(W)
16368916800:NoOp@NoOp|NoOp@NoOp|NoOp@NoOp|Move(N)@Move(N)
16368976100:NoOp@NoOp|NoOp@NoOp|NoOp@NoOp|Move(N)@Move(N)
16369035600:NoOp@NoOp|NoOp@NoOp|NoOp@NoOp|Move(N)@Move(N)
16369095400:NoOp@NoOp|NoOp@NoOp|NoOp@NoOp|Move(N)@Move(N)
16369155100:NoOp@NoOp|NoOp@NoOp|NoOp@NoOp|Move(W)@Move(W)
16369214500:NoOp@NoOp|NoOp@NoOp|NoOp@NoOp|Move(W)@Move(W)
16369274000:NoOp@NoOp|NoOp@NoOp|NoOp@NoOp|Move(W)@Move(W)
16369333600:NoOp@NoOp|NoOp@NoOp|NoOp@NoOp|Move(W)@Move(W)
16369392900:NoOp@NoOp|NoOp@NoOp|NoOp@NoOp|Move(W)@Move(W)
16369452300:NoOp@NoOp|NoOp@NoOp|NoOp@NoOp|Move(W)@Move(W)
16369512300:NoOp@NoOp|NoOp@NoOp|NoOp@NoOp|Move(N)@Move(N)
16369571900:NoOp@NoOp|NoOp@NoOp|NoOp@NoOp|Move(W)@Move(W)
16369631800:NoOp@NoOp|NoOp@NoOp|NoOp@NoOp|Move(W)@Move(W)
16369691100:NoOp@NoOp|NoOp@NoOp|NoOp@NoOp|Move(N)@Move(N)
16369751100:NoOp@NoOp|NoOp@NoOp|NoOp@NoOp|Move(W)@Move(W)
16369811900:NoOp@NoOp|NoOp@NoOp|NoOp@NoOp|Push(W,S)@Push(W,S)
16369872300:NoOp@NoOp|NoOp@NoOp|NoOp@NoOp|Push(S,E)@Push(S,E)
16369935700:NoOp@NoOp|NoOp@NoOp|NoOp@NoOp|Push(E,E)@Push(E,E)
16369995700:NoOp@NoOp|NoOp@NoOp|NoOp@NoOp|Push(E,E)@Push(E,E)
16370055700:NoOp@NoOp|NoOp@NoOp|NoOp@NoOp|Push(E,E)@Push(E,E)
16370115500:NoOp@NoOp|NoOp@NoOp|NoOp@NoOp|Push(E,S)@Push(E,S)
16370175400:NoOp@NoOp|NoOp@NoOp|NoOp@NoOp|Push(S,E)@Push(S,E)
16370235500:NoOp@NoOp|NoOp@NoOp|NoOp@NoOp|Push(E,E)@Push(E,E)
16370295100:NoOp@NoOp|NoOp@NoOp|NoOp@NoOp|Push(E,E)@Push(E,E)
16370355000:NoOp@NoOp|NoOp@NoOp|NoOp@NoOp|Push(E,S)@Push(E,S)
16370414900:NoOp@NoOp|NoOp@NoOp|NoOp@NoOp|Push(S,S)@Push(S,S)
16370474700:NoOp@NoOp|NoOp@NoOp|NoOp@NoOp|Push(S,S)@Push(S,S)
16370534900:NoOp@NoOp|NoOp@NoOp|NoOp@NoOp|Push(S,S)@Push(S,S)
16370594800:NoOp@NoOp|NoOp@NoOp|NoOp@NoOp|Push(S,E)@Push(S,E)
16370654600:NoOp@NoOp|NoOp@NoOp|NoOp@NoOp|Push(E,E)@Push(E,E)
16370714600:NoOp@NoOp|NoOp@NoOp|NoOp@NoOp|Push(E,E)@Push(E,E)
16370774400:NoOp@NoOp|NoOp@NoOp|NoOp@NoOp|Push(E,E)@Push(E,E)
16370833900:NoOp@NoOp|NoOp@NoOp|NoOp@NoOp|Push(E,S)@Push(E,S)
16370893800:NoOp@NoOp|NoOp@NoOp|NoOp@NoOp|Push(S,S)@Push(S,S)
16370953600:NoOp@NoOp|NoOp@NoOp|NoOp@NoOp|Push(S,S)@Push(S,S)
16371013700:NoOp@NoOp|NoOp@NoOp|NoOp@NoOp|Push(S,S)@Push(S,S)
16371074000:NoOp@NoOp|NoOp@NoOp|NoOp@NoOp|Push(S,S)@Push(S,S)
16371133700:NoOp@NoOp|NoOp@NoOp|NoOp@NoOp|Push(S,S)@Push(S,S)
16371193600:NoOp@NoOp|NoOp@NoOp|NoOp@NoOp|Push(S,S)@Push(S,S)
16371253200:NoOp@NoOp|NoOp@NoOp|NoOp@NoOp|Push(S,E)@Push(S,E)
16371313000:NoOp@NoOp|NoOp@NoOp|NoOp@NoOp|Push(E,E)@Push(E,E)
16371373100:NoOp@NoOp|NoOp@NoOp|NoOp@NoOp|Push(E,E)@Push(E,E)
16371432800:NoOp@NoOp|NoOp@NoOp|NoOp@NoOp|Push(E,E)@Push(E,E)
16371492500:NoOp@NoOp|NoOp@NoOp|NoOp@NoOp|Push(E,E)@Push(E,E)
16371552300:NoOp@NoOp|NoOp@NoOp|NoOp@NoOp|Push(E,E)@Push(E,E)
16371611900:NoOp@NoOp|NoOp@NoOp|NoOp@NoOp|Push(E,E)@Push(E,E)
16371671200:NoOp@NoOp|NoOp@NoOp|NoOp@NoOp|Push(E,E)@Push(E,E)
16371730900:NoOp@NoOp|NoOp@NoOp|NoOp@NoOp|Push(E,E)@Push(E,E)
16371791000:NoOp@NoOp|NoOp@NoOp|Move(W)@Move(W)|NoOp@NoOp
16371851000:NoOp@NoOp|NoOp@NoOp|Move(S)@Move(S)|NoOp@NoOp
16371910800:NoOp@NoOp|NoOp@NoOp|Move(S)@Move(S)|NoOp@NoOp
16371970400:NoOp@NoOp|NoOp@NoOp|Move(S)@Move(S)|NoOp@NoOp
16372030200:NoOp@NoOp|NoOp@NoOp|Move(W)@Move(W)|NoOp@NoOp
16372089800:NoOp@NoOp|NoOp@NoOp|Move(W)@Move(W)|NoOp@NoOp
16372149600:NoOp@NoOp|NoOp@NoOp|Move(W)@Move(W)|NoOp@NoOp
16372208900:NoOp@NoOp|NoOp@NoOp|Move(W)@Move(W)|NoOp@NoOp
16372268500:NoOp@NoOp|NoOp@NoOp|Move(W)@Move(W)|NoOp@NoOp
16372331200:NoOp@NoOp|NoOp@NoOp|Move(W)@Move(W)|NoOp@NoOp
16372390900:NoOp@NoOp|NoOp@NoOp|Pull(E,E)@Pull(E,E)|NoOp@NoOp
16372451400:NoOp@NoOp|NoOp@NoOp|Pull(E,E)@Pull(E,E)|NoOp@NoOp
16372511200:NoOp@NoOp|NoOp@NoOp|Pull(E,E)@Pull(E,E)|NoOp@NoOp
16372571000:NoOp@NoOp|NoOp@NoOp|Pull(E,E)@Pull(E,E)|NoOp@NoOp
16372630600:NoOp@NoOp|NoOp@NoOp|Pull(E,E)@Pull(E,E)|NoOp@NoOp
16372690500:NoOp@NoOp|NoOp@NoOp|Pull(E,E)@Pull(E,E)|NoOp@NoOp
16372750200:NoOp@NoOp|NoOp@NoOp|Pull(N,E)@Pull(N,E)|NoOp@NoOp
16372810000:NoOp@NoOp|NoOp@NoOp|Pull(N,N)@Pull(N,N)|NoOp@NoOp
16372870000:NoOp@NoOp|NoOp@NoOp|Pull(N,N)@Pull(N,N)|NoOp@NoOp
16372929900:NoOp@NoOp|NoOp@NoOp|Pull(N,N)@Pull(N,N)|NoOp@NoOp
16372989800:NoOp@NoOp|NoOp@NoOp|Push(S,E)@Push(S,E)|NoOp@NoOp
16373054300:NoOp@NoOp|NoOp@NoOp|Move(S)@Move(S)|NoOp@NoOp
16373114100:NoOp@NoOp|NoOp@NoOp|Move(S)@Move(S)|NoOp@NoOp
16373174400:NoOp@NoOp|NoOp@NoOp|Move(S)@Move(S)|NoOp@NoOp
16373234100:NoOp@NoOp|NoOp@NoOp|Move(W)@Move(W)|NoOp@NoOp
16373294200:NoOp@NoOp|NoOp@NoOp|Move(W)@Move(W)|NoOp@NoOp
16373353900:NoOp@NoOp|NoOp@NoOp|Move(W)@Move(W)|NoOp@NoOp
16373413400:NoOp@NoOp|NoOp@NoOp|Move(W)@Move(W)|NoOp@NoOp
16373472700:NoOp@NoOp|NoOp@NoOp|Move(W)@Move(W)|NoOp@NoOp
16373532100:NoOp@NoOp|NoOp@NoOp|Move(W)@Move(W)|NoOp@NoOp
16373591700:NoOp@NoOp|NoOp@NoOp|Move(W)@Move(W)|NoOp@NoOp
16373651400:NoOp@NoOp|NoOp@NoOp|Pull(E,E)@Pull(E,E)|NoOp@NoOp
16373715300:NoOp@NoOp|NoOp@NoOp|Pull(E,E)@Pull(E,E)|NoOp@NoOp
16373779600:NoOp@NoOp|NoOp@NoOp|Pull(E,E)@Pull(E,E)|NoOp@NoOp
16373839200:NoOp@NoOp|NoOp@NoOp|Pull(E,E)@Pull(E,E)|NoOp@NoOp
16373898900:NoOp@NoOp|NoOp@NoOp|Pull(E,E)@Pull(E,E)|NoOp@NoOp
16373958700:NoOp@NoOp|NoOp@NoOp|Pull(E,E)@Pull(E,E)|NoOp@NoOp
16374018400:NoOp@NoOp|NoOp@NoOp|Pull(E,E)@Pull(E,E)|NoOp@NoOp
16374078100:NoOp@NoOp|NoOp@NoOp|Pull(N,E)@Pull(N,E)|NoOp@NoOp
16374137800:NoOp@NoOp|NoOp@NoOp|Pull(N,N)@Pull(N,N)|NoOp@NoOp
16374197600:NoOp@NoOp|NoOp@NoOp|Pull(N,N)@Pull(N,N)|NoOp@NoOp
16374257200:NoOp@NoOp|NoOp@NoOp|Pull(N,N)@Pull(N,N)|NoOp@NoOp
16374317200:NoOp@NoOp|NoOp@NoOp|Pull(N,N)@Pull(N,N)|NoOp@NoOp
16374377200:NoOp@NoOp|NoOp@NoOp|Push(S,W)@Push(S,W)|NoOp@NoOp
16374437100:NoOp@NoOp|NoOp@NoOp|Move(E)@Move(E)|NoOp@NoOp
16374496800:NoOp@NoOp|NoOp@NoOp|NoOp@NoOp|Move(W)@Move(W)
16374556200:NoOp@NoOp|NoOp@NoOp|NoOp@NoOp|Move(W)@Move(W)
16374615700:NoOp@NoOp|NoOp@NoOp|NoOp@NoOp|Move(W)@Move(W)
16374675400:NoOp@NoOp|NoOp@NoOp|NoOp@NoOp|Move(W)@Move(W)
16374734900:NoOp@NoOp|NoOp@NoOp|NoOp@NoOp|Move(W)@Move(W)
16374794400:NoOp@NoOp|NoOp@NoOp|NoOp@NoOp|Move(W)@Move(W)
16374853800:NoOp@NoOp|NoOp@NoOp|NoOp@NoOp|Move(W)@Move(W)
16374913400:NoOp@NoOp|NoOp@NoOp|NoOp@NoOp|Move(W)@Move(W)
16374972900:NoOp@NoOp|NoOp@NoOp|NoOp@NoOp|Move(N)@Move(N)
16375032500:NoOp@NoOp|NoOp@NoOp|NoOp@NoOp|Move(N)@Move(N)
16375092000:NoOp@NoOp|NoOp@NoOp|NoOp@NoOp|Move(N)@Move(N)
16375151500:NoOp@NoOp|NoOp@NoOp|NoOp@NoOp|Move(N)@Move(N)
16375211000:NoOp@NoOp|NoOp@NoOp|NoOp@NoOp|Move(N)@Move(N)
16375270900:NoOp@NoOp|NoOp@NoOp|NoOp@NoOp|Move(N)@Move(N)
16375330500:NoOp@NoOp|NoOp@NoOp|NoOp@NoOp|Move(N)@Move(N)
16375390300:NoOp@NoOp|NoOp@NoOp|NoOp@NoOp|Move(W)@Move(W)
16375449900:NoOp@NoOp|NoOp@NoOp|NoOp@NoOp|Move(N)@Move(N)
16375509500:NoOp@NoOp|NoOp@NoOp|NoOp@NoOp|Move(W)@Move(W)
16375569100:NoOp@NoOp|NoOp@NoOp|NoOp@NoOp|Move(W)@Move(W)
16375628800:NoOp@NoOp|NoOp@NoOp|NoOp@NoOp|Move(W)@Move(W)
16375688700:NoOp@NoOp|NoOp@NoOp|NoOp@NoOp|Move(W)@Move(W)
16375748200:NoOp@NoOp|NoOp@NoOp|NoOp@NoOp|Move(W)@Move(W)
16375808000:NoOp@NoOp|NoOp@NoOp|NoOp@NoOp|Move(W)@Move(W)
16375867500:NoOp@NoOp|NoOp@NoOp|NoOp@NoOp|Move(W)@Move(W)
16375927100:NoOp@NoOp|NoOp@NoOp|NoOp@NoOp|Move(W)@Move(W)
16375986600:NoOp@NoOp|NoOp@NoOp|NoOp@NoOp|Move(S)@Move(S)
16376046200:NoOp@NoOp|NoOp@NoOp|NoOp@NoOp|Move(W)@Move(W)
16376105500:NoOp@NoOp|NoOp@NoOp|NoOp@NoOp|Move(W)@Move(W)
16376164800:NoOp@NoOp|NoOp@NoOp|NoOp@NoOp|Move(W)@Move(W)
16376224400:NoOp@NoOp|NoOp@NoOp|NoOp@NoOp|Move(W)@Move(W)
16376284200:NoOp@NoOp|NoOp@NoOp|NoOp@NoOp|Move(W)@Move(W)
16376344000:NoOp@NoOp|NoOp@NoOp|NoOp@NoOp|Move(W)@Move(W)
16376403300:NoOp@NoOp|NoOp@NoOp|NoOp@NoOp|Move(W)@Move(W)
16376462800:NoOp@NoOp|NoOp@NoOp|NoOp@NoOp|Move(S)@Move(S)
16376522300:NoOp@NoOp|NoOp@NoOp|NoOp@NoOp|Move(S)@Move(S)
16376581700:NoOp@NoOp|NoOp@NoOp|NoOp@NoOp|Move(S)@Move(S)
16376641100:NoOp@NoOp|NoOp@NoOp|NoOp@NoOp|Move(S)@Move(S)
16376700600:NoOp@NoOp|NoOp@NoOp|NoOp@NoOp|Move(S)@Move(S)
16376760100:NoOp@NoOp|NoOp@NoOp|NoOp@NoOp|Move(S)@Move(S)
16376819700:NoOp@NoOp|NoOp@NoOp|NoOp@NoOp|Move(S)@Move(S)
16376887700:NoOp@NoOp|NoOp@NoOp|NoOp@NoOp|Move(W)@Move(W)
16376957500:NoOp@NoOp|NoOp@NoOp|NoOp@NoOp|Move(W)@Move(W)
16377017100:NoOp@NoOp|NoOp@NoOp|NoOp@NoOp|Move(W)@Move(W)
16377078500:NoOp@NoOp|NoOp@NoOp|NoOp@NoOp|Move(W)@Move(W)
16377149400:NoOp@NoOp|NoOp@NoOp|NoOp@NoOp|Move(W)@Move(W)
16377209800:NoOp@NoOp|NoOp@NoOp|NoOp@NoOp|Move(W)@Move(W)
16377267200:NoOp@NoOp|NoOp@NoOp|NoOp@NoOp|Move(W)@Move(W)
16377327700:NoOp@NoOp|NoOp@NoOp|NoOp@NoOp|Move(W)@Move(W)
16377387300:NoOp@NoOp|NoOp@NoOp|NoOp@NoOp|Pull(E,E)@Pull(E,E)
16377446400:NoOp@NoOp|NoOp@NoOp|NoOp@NoOp|Pull(E,E)@Pull(E,E)
16377505100:NoOp@NoOp|NoOp@NoOp|NoOp@NoOp|Pull(E,E)@Pull(E,E)
16377563600:NoOp@NoOp|NoOp@NoOp|NoOp@NoOp|Pull(E,E)@Pull(E,E)
16377621900:NoOp@NoOp|NoOp@NoOp|NoOp@NoOp|Pull(E,E)@Pull(E,E)
16377680200:NoOp@NoOp|NoOp@NoOp|NoOp@NoOp|Pull(E,E)@Pull(E,E)
16377738700:NoOp@NoOp|NoOp@NoOp|NoOp@NoOp|Pull(E,E)@Pull(E,E)
16377797300:NoOp@NoOp|NoOp@NoOp|NoOp@NoOp|Pull(E,E)@Pull(E,E)
16377855800:NoOp@NoOp|NoOp@NoOp|NoOp@NoOp|Pull(N,E)@Pull(N,E)
16377914200:NoOp@NoOp|NoOp@NoOp|NoOp@NoOp|Pull(N,N)@Pull(N,N)
16377972900:NoOp@NoOp|NoOp@NoOp|NoOp@NoOp|Pull(N,N)@Pull(N,N)
16378031400:NoOp@NoOp|NoOp@NoOp|NoOp@NoOp|Pull(N,N)@Pull(N,N)
16378090000:NoOp@NoOp|NoOp@NoOp|NoOp@NoOp|Pull(N,N)@Pull(N,N)
16378148600:NoOp@NoOp|NoOp@NoOp|NoOp@NoOp|Pull(N,N)@Pull(N,N)
16378207900:NoOp@NoOp|NoOp@NoOp|NoOp@NoOp|Pull(N,N)@Pull(N,N)
16378267000:NoOp@NoOp|NoOp@NoOp|NoOp@NoOp|Pull(E,N)@Pull(E,N)
16378325800:NoOp@NoOp|NoOp@NoOp|NoOp@NoOp|Pull(E,E)@Pull(E,E)
16378384500:NoOp@NoOp|NoOp@NoOp|NoOp@NoOp|Push(W,N)@Push(W,N)
16378443300:NoOp@NoOp|NoOp@NoOp|NoOp@NoOp|Push(N,E)@Push(N,E)
16378501800:NoOp@NoOp|NoOp@NoOp|NoOp@NoOp|Push(E,E)@Push(E,E)
16378560100:NoOp@NoOp|NoOp@NoOp|NoOp@NoOp|Push(E,E)@Push(E,E)
16378618700:NoOp@NoOp|NoOp@NoOp|NoOp@NoOp|Push(E,E)@Push(E,E)
16378676800:NoOp@NoOp|NoOp@NoOp|NoOp@NoOp|Push(E,E)@Push(E,E)
16378735300:NoOp@NoOp|NoOp@NoOp|NoOp@NoOp|Push(E,E)@Push(E,E)
16378793800:NoOp@NoOp|NoOp@NoOp|NoOp@NoOp|Push(E,E)@Push(E,E)
16378851900:NoOp@NoOp|NoOp@NoOp|NoOp@NoOp|Push(E,E)@Push(E,E)
16378910500:NoOp@NoOp|NoOp@NoOp|NoOp@NoOp|Push(E,S)@Push(E,S)
16378969200:NoOp@NoOp|NoOp@NoOp|NoOp@NoOp|Push(S,E)@Push(S,E)
16379027500:NoOp@NoOp|NoOp@NoOp|NoOp@NoOp|Push(E,E)@Push(E,E)
16379086000:NoOp@NoOp|NoOp@NoOp|NoOp@NoOp|Push(E,E)@Push(E,E)
16379144200:NoOp@NoOp|NoOp@NoOp|NoOp@NoOp|Push(E,E)@Push(E,E)
16379202700:NoOp@NoOp|NoOp@NoOp|NoOp@NoOp|Push(E,E)@Push(E,E)
16379261000:NoOp@NoOp|NoOp@NoOp|NoOp@NoOp|Push(E,E)@Push(E,E)
16379322900:NoOp@NoOp|NoOp@NoOp|NoOp@NoOp|Push(E,E)@Push(E,E)
16379381600:NoOp@NoOp|NoOp@NoOp|NoOp@NoOp|Push(E,S)@Push(E,S)
16379440200:NoOp@NoOp|NoOp@NoOp|NoOp@NoOp|Push(S,S)@Push(S,S)
16379498800:NoOp@NoOp|NoOp@NoOp|NoOp@NoOp|Push(S,S)@Push(S,S)
16379557200:NoOp@NoOp|NoOp@NoOp|NoOp@NoOp|Push(S,S)@Push(S,S)
16379615700:NoOp@NoOp|NoOp@NoOp|NoOp@NoOp|Push(S,S)@Push(S,S)
16379674200:NoOp@NoOp|NoOp@NoOp|NoOp@NoOp|Push(S,S)@Push(S,S)
16379732600:NoOp@NoOp|NoOp@NoOp|NoOp@NoOp|Push(S,S)@Push(S,S)
16379791100:NoOp@NoOp|NoOp@NoOp|NoOp@NoOp|Push(S,E)@Push(S,E)
16379849600:NoOp@NoOp|NoOp@NoOp|NoOp@NoOp|Push(E,E)@Push(E,E)
16379895500:NoOp@NoOp|NoOp@NoOp|NoOp@NoOp|Push(E,E)@Push(E,E)
16379952200:NoOp@NoOp|NoOp@NoOp|NoOp@NoOp|Push(E,E)@Push(E,E)
16380010600:NoOp@NoOp|NoOp@NoOp|NoOp@NoOp|Push(E,E)@Push(E,E)
16380069000:NoOp@NoOp|NoOp@NoOp|NoOp@NoOp|Push(E,E)@Push(E,E)
16380127800:NoOp@NoOp|NoOp@NoOp|Move(N)@Move(N)|NoOp@NoOp
16380186400:NoOp@NoOp|NoOp@NoOp|Move(W)@Move(W)|NoOp@NoOp
16380244700:NoOp@NoOp|NoOp@NoOp|Move(N)@Move(N)|NoOp@NoOp
16380303000:NoOp@NoOp|NoOp@NoOp|Move(N)@Move(N)|NoOp@NoOp
16380361100:NoOp@NoOp|NoOp@NoOp|Move(E)@Move(E)|NoOp@NoOp
16380423100:NoOp@NoOp|NoOp@NoOp|Move(N)@Move(N)|NoOp@NoOp
16380481700:NoOp@NoOp|NoOp@NoOp|Move(N)@Move(N)|NoOp@NoOp
16380540000:NoOp@NoOp|NoOp@NoOp|Move(N)@Move(N)|NoOp@NoOp
16380598200:NoOp@NoOp|NoOp@NoOp|Move(N)@Move(N)|NoOp@NoOp
16380656400:NoOp@NoOp|NoOp@NoOp|Move(N)@Move(N)|NoOp@NoOp
16380714600:NoOp@NoOp|NoOp@NoOp|Move(E)@Move(E)|NoOp@NoOp
16380772600:NoOp@NoOp|NoOp@NoOp|Move(E)@Move(E)|NoOp@NoOp
16380830800:NoOp@NoOp|NoOp@NoOp|Move(E)@Move(E)|NoOp@NoOp
16380889000:NoOp@NoOp|NoOp@NoOp|Move(E)@Move(E)|NoOp@NoOp
16380946900:NoOp@NoOp|NoOp@NoOp|Move(E)@Move(E)|NoOp@NoOp
16381005100:NoOp@NoOp|NoOp@NoOp|Move(E)@Move(E)|NoOp@NoOp
16381063200:NoOp@NoOp|NoOp@NoOp|Move(E)@Move(E)|NoOp@NoOp
16381121400:NoOp@NoOp|NoOp@NoOp|Move(E)@Move(E)|NoOp@NoOp
16381179400:NoOp@NoOp|NoOp@NoOp|Move(N)@Move(N)|NoOp@NoOp
16381237400:NoOp@NoOp|NoOp@NoOp|Move(E)@Move(E)|NoOp@NoOp
16381295400:NoOp@NoOp|NoOp@NoOp|Move(E)@Move(E)|NoOp@NoOp
16381353700:NoOp@NoOp|NoOp@NoOp|Move(E)@Move(E)|NoOp@NoOp
16381412000:NoOp@NoOp|NoOp@NoOp|Move(E)@Move(E)|NoOp@NoOp
16381470200:NoOp@NoOp|NoOp@NoOp|Move(E)@Move(E)|NoOp@NoOp
16381528300:NoOp@NoOp|NoOp@NoOp|Move(E)@Move(E)|NoOp@NoOp
16381586600:NoOp@NoOp|NoOp@NoOp|Move(E)@Move(E)|NoOp@NoOp
16381644600:NoOp@NoOp|NoOp@NoOp|Move(N)@Move(N)|NoOp@NoOp
16381703000:NoOp@NoOp|NoOp@NoOp|Move(N)@Move(N)|NoOp@NoOp
16381761200:NoOp@NoOp|NoOp@NoOp|Move(N)@Move(N)|NoOp@NoOp
16381819600:NoOp@NoOp|NoOp@NoOp|Push(W,S)@Push(W,S)|NoOp@NoOp
16381878200:NoOp@NoOp|NoOp@NoOp|Push(S,E)@Push(S,E)|NoOp@NoOp
16381936800:NoOp@NoOp|NoOp@NoOp|Push(E,S)@Push(E,S)|NoOp@NoOp
16381995300:NoOp@NoOp|NoOp@NoOp|Push(S,S)@Push(S,S)|NoOp@NoOp
16382069300:NoOp@NoOp|NoOp@NoOp|Push(S,W)@Push(S,W)|NoOp@NoOp
16382138200:NoOp@NoOp|NoOp@NoOp|Push(W,S)@Push(W,S)|NoOp@NoOp
16382196700:NoOp@NoOp|NoOp@NoOp|Push(S,S)@Push(S,S)|NoOp@NoOp
16382255700:NoOp@NoOp|NoOp@NoOp|Push(S,S)@Push(S,S)|NoOp@NoOp
16382314400:NoOp@NoOp|NoOp@NoOp|Push(S,S)@Push(S,S)|NoOp@NoOp
16382373000:NoOp@NoOp|NoOp@NoOp|Push(S,S)@Push(S,S)|NoOp@NoOp
16382433500:NoOp@NoOp|NoOp@NoOp|Push(S,W)@Push(S,W)|NoOp@NoOp
16382491900:NoOp@NoOp|NoOp@NoOp|Push(W,W)@Push(W,W)|NoOp@NoOp
16382550400:NoOp@NoOp|NoOp@NoOp|Push(W,W)@Push(W,W)|NoOp@NoOp
16382608900:NoOp@NoOp|NoOp@NoOp|Push(W,W)@Push(W,W)|NoOp@NoOp
16382667300:NoOp@NoOp|NoOp@NoOp|Push(W,W)@Push(W,W)|NoOp@NoOp
16382725600:NoOp@NoOp|NoOp@NoOp|Push(W,W)@Push(W,W)|NoOp@NoOp
16382784000:NoOp@NoOp|NoOp@NoOp|Push(W,W)@Push(W,W)|NoOp@NoOp
16382842300:NoOp@NoOp|NoOp@NoOp|Push(W,W)@Push(W,W)|NoOp@NoOp
16382904400:NoOp@NoOp|NoOp@NoOp|Push(W,S)@Push(W,S)|NoOp@NoOp
16382962700:NoOp@NoOp|NoOp@NoOp|Push(S,W)@Push(S,W)|NoOp@NoOp
16383021200:NoOp@NoOp|NoOp@NoOp|Push(W,W)@Push(W,W)|NoOp@NoOp
16383079400:NoOp@NoOp|NoOp@NoOp|Push(W,W)@Push(W,W)|NoOp@NoOp
16383137400:NoOp@NoOp|NoOp@NoOp|Push(W,W)@Push(W,W)|NoOp@NoOp
16383195500:NoOp@NoOp|NoOp@NoOp|Push(W,W)@Push(W,W)|NoOp@NoOp
16383253700:NoOp@NoOp|NoOp@NoOp|Push(W,W)@Push(W,W)|NoOp@NoOp
16383312100:NoOp@NoOp|NoOp@NoOp|Push(W,W)@Push(W,W)|NoOp@NoOp
16383370200:NoOp@NoOp|NoOp@NoOp|Push(W,S)@Push(W,S)|NoOp@NoOp
16383428500:NoOp@NoOp|NoOp@NoOp|Push(S,S)@Push(S,S)|NoOp@NoOp
16383486700:NoOp@NoOp|NoOp@NoOp|Push(S,S)@Push(S,S)|NoOp@NoOp
16383545200:NoOp@NoOp|NoOp@NoOp|Push(S,S)@Push(S,S)|NoOp@NoOp
16383603600:NoOp@NoOp|NoOp@NoOp|Push(S,S)@Push(S,S)|NoOp@NoOp
16383662500:NoOp@NoOp|NoOp@NoOp|Push(S,S)@Push(S,S)|NoOp@NoOp
16383720800:NoOp@NoOp|NoOp@NoOp|Push(S,S)@Push(S,S)|NoOp@NoOp
16383779300:NoOp@NoOp|NoOp@NoOp|Push(S,W)@Push(S,W)|NoOp@NoOp
16383837400:NoOp@NoOp|NoOp@NoOp|Push(W,W)@Push(W,W)|NoOp@NoOp
16383896000:NoOp@NoOp|NoOp@NoOp|Push(W,W)@Push(W,W)|NoOp@NoOp
16383954200:NoOp@NoOp|NoOp@NoOp|Push(W,W)@Push(W,W)|NoOp@NoOp
16384012600:NoOp@NoOp|NoOp@NoOp|Push(W,W)@Push(W,W)|NoOp@NoOp
16384070800:NoOp@NoOp|NoOp@NoOp|Push(W,W)@Push(W,W)|NoOp@NoOp
16384129100:NoOp@NoOp|NoOp@NoOp|Push(W,W)@Push(W,W)|NoOp@NoOp
16384186900:NoOp@NoOp|NoOp@NoOp|Push(W,W)@Push(W,W)|NoOp@NoOp
16384245200:NoOp@NoOp|NoOp@NoOp|Push(W,W)@Push(W,W)|NoOp@NoOp
16384303600:NoOp@NoOp|NoOp@NoOp|Push(W,W)@Push(W,W)|NoOp@NoOp
16384361900:NoOp@NoOp|NoOp@NoOp|Push(W,W)@Push(W,W)|NoOp@NoOp
16384419900:NoOp@NoOp|NoOp@NoOp|Move(E)@Move(E)|NoOp@NoOp
16384478200:NoOp@NoOp|NoOp@NoOp|Move(E)@Move(E)|NoOp@NoOp
16384536300:NoOp@NoOp|NoOp@NoOp|Move(E)@Move(E)|NoOp@NoOp
16384594300:NoOp@NoOp|NoOp@NoOp|Move(E)@Move(E)|NoOp@NoOp
16384652300:NoOp@NoOp|NoOp@NoOp|Move(E)@Move(E)|NoOp@NoOp
16384710300:NoOp@NoOp|NoOp@NoOp|Move(E)@Move(E)|NoOp@NoOp
16384768400:NoOp@NoOp|NoOp@NoOp|Move(E)@Move(E)|NoOp@NoOp
16384826800:NoOp@NoOp|NoOp@NoOp|Move(E)@Move(E)|NoOp@NoOp
16384885000:NoOp@NoOp|NoOp@NoOp|Move(E)@Move(E)|NoOp@NoOp
16384942900:NoOp@NoOp|NoOp@NoOp|Move(E)@Move(E)|NoOp@NoOp
16385001100:NoOp@NoOp|NoOp@NoOp|Move(N)@Move(N)|NoOp@NoOp
16385059000:NoOp@NoOp|NoOp@NoOp|Move(N)@Move(N)|NoOp@NoOp
16385117000:NoOp@NoOp|NoOp@NoOp|Move(N)@Move(N)|NoOp@NoOp
16385175200:NoOp@NoOp|NoOp@NoOp|Move(N)@Move(N)|NoOp@NoOp
16385233800:NoOp@NoOp|NoOp@NoOp|Move(N)@Move(N)|NoOp@NoOp
16385292100:NoOp@NoOp|NoOp@NoOp|Move(N)@Move(N)|NoOp@NoOp
16385350200:NoOp@NoOp|NoOp@NoOp|Move(N)@Move(N)|NoOp@NoOp
16385408600:NoOp@NoOp|NoOp@NoOp|Move(E)@Move(E)|NoOp@NoOp
16385472700:NoOp@NoOp|NoOp@NoOp|Move(N)@Move(N)|NoOp@NoOp
16385531000:NoOp@NoOp|NoOp@NoOp|Move(N)@Move(N)|NoOp@NoOp
16385589100:NoOp@NoOp|NoOp@NoOp|Move(N)@Move(N)|NoOp@NoOp
16385647000:NoOp@NoOp|NoOp@NoOp|Move(N)@Move(N)|NoOp@NoOp
16385705200:NoOp@NoOp|NoOp@NoOp|Move(N)@Move(N)|NoOp@NoOp
16385763600:NoOp@NoOp|NoOp@NoOp|Move(E)@Move(E)|NoOp@NoOp
16385821700:NoOp@NoOp|NoOp@NoOp|Move(E)@Move(E)|NoOp@NoOp
16385879600:NoOp@NoOp|NoOp@NoOp|Move(E)@Move(E)|NoOp@NoOp
16385937400:NoOp@NoOp|NoOp@NoOp|Move(E)@Move(E)|NoOp@NoOp
16385995200:NoOp@NoOp|NoOp@NoOp|Move(E)@Move(E)|NoOp@NoOp
16386053200:NoOp@NoOp|NoOp@NoOp|Move(E)@Move(E)|NoOp@NoOp
16386111600:NoOp@NoOp|NoOp@NoOp|Move(E)@Move(E)|NoOp@NoOp
16386169800:NoOp@NoOp|NoOp@NoOp|Move(E)@Move(E)|NoOp@NoOp
16386228000:NoOp@NoOp|NoOp@NoOp|Pull(W,W)@Pull(W,W)|NoOp@NoOp
16386286500:NoOp@NoOp|NoOp@NoOp|Pull(W,W)@Pull(W,W)|NoOp@NoOp
16386345000:NoOp@NoOp|NoOp@NoOp|Pull(W,W)@Pull(W,W)|NoOp@NoOp
16386403300:NoOp@NoOp|NoOp@NoOp|Push(E,S)@Push(E,S)|NoOp@NoOp
16386461500:NoOp@NoOp|NoOp@NoOp|Push(S,W)@Push(S,W)|NoOp@NoOp
16386519800:NoOp@NoOp|NoOp@NoOp|Push(W,W)@Push(W,W)|NoOp@NoOp
16386578000:NoOp@NoOp|NoOp@NoOp|Push(W,W)@Push(W,W)|NoOp@NoOp
16386636500:NoOp@NoOp|NoOp@NoOp|Push(W,S)@Push(W,S)|NoOp@NoOp
16386695100:NoOp@NoOp|NoOp@NoOp|Push(S,S)@Push(S,S)|NoOp@NoOp
16386753600:NoOp@NoOp|NoOp@NoOp|Push(S,S)@Push(S,S)|NoOp@NoOp
16386812100:NoOp@NoOp|NoOp@NoOp|Push(S,S)@Push(S,S)|NoOp@NoOp
16386870300:NoOp@NoOp|NoOp@NoOp|Push(S,W)@Push(S,W)|NoOp@NoOp
16386928700:NoOp@NoOp|NoOp@NoOp|Push(W,W)@Push(W,W)|NoOp@NoOp
16386987500:NoOp@NoOp|NoOp@NoOp|Push(W,W)@Push(W,W)|NoOp@NoOp
16387046800:NoOp@NoOp|NoOp@NoOp|Push(W,W)@Push(W,W)|NoOp@NoOp
16387105600:NoOp@NoOp|NoOp@NoOp|Push(W,S)@Push(W,S)|NoOp@NoOp
16387164000:NoOp@NoOp|NoOp@NoOp|Push(S,S)@Push(S,S)|NoOp@NoOp
16387222300:NoOp@NoOp|NoOp@NoOp|Push(S,S)@Push(S,S)|NoOp@NoOp
16387280600:NoOp@NoOp|NoOp@NoOp|Push(S,S)@Push(S,S)|NoOp@NoOp
16387339100:NoOp@NoOp|NoOp@NoOp|Push(S,S)@Push(S,S)|NoOp@NoOp
16387397500:NoOp@NoOp|NoOp@NoOp|Push(S,S)@Push(S,S)|NoOp@NoOp
16387455700:NoOp@NoOp|NoOp@NoOp|Push(S,S)@Push(S,S)|NoOp@NoOp
16387514200:NoOp@NoOp|NoOp@NoOp|Push(S,W)@Push(S,W)|NoOp@NoOp
16387572700:NoOp@NoOp|NoOp@NoOp|Push(W,W)@Push(W,W)|NoOp@NoOp
16387631000:NoOp@NoOp|NoOp@NoOp|Push(W,W)@Push(W,W)|NoOp@NoOp
16387689300:NoOp@NoOp|NoOp@NoOp|Push(W,W)@Push(W,W)|NoOp@NoOp
16387747500:NoOp@NoOp|NoOp@NoOp|Push(W,W)@Push(W,W)|NoOp@NoOp
16387805400:NoOp@NoOp|NoOp@NoOp|Push(W,W)@Push(W,W)|NoOp@NoOp
16387863500:NoOp@NoOp|NoOp@NoOp|Push(W,W)@Push(W,W)|NoOp@NoOp
16387921900:NoOp@NoOp|NoOp@NoOp|Push(W,W)@Push(W,W)|NoOp@NoOp
16387980200:NoOp@NoOp|NoOp@NoOp|Push(W,W)@Push(W,W)|NoOp@NoOp
16388038700:NoOp@NoOp|NoOp@NoOp|Push(W,W)@Push(W,W)|NoOp@NoOp
16388096800:NoOp@NoOp|NoOp@NoOp|Move(E)@Move(E)|NoOp@NoOp
16388155100:NoOp@NoOp|NoOp@NoOp|Move(E)@Move(E)|NoOp@NoOp
16388213100:NoOp@NoOp|NoOp@NoOp|Move(E)@Move(E)|NoOp@NoOp
16388271100:NoOp@NoOp|NoOp@NoOp|Move(E)@Move(E)|NoOp@NoOp
16388329000:NoOp@NoOp|NoOp@NoOp|Move(E)@Move(E)|NoOp@NoOp
16388387000:NoOp@NoOp|NoOp@NoOp|Move(E)@Move(E)|NoOp@NoOp
16389037300:NoOp@NoOp|NoOp@NoOp|Move(E)@Move(E)|NoOp@NoOp
16389101700:NoOp@NoOp|NoOp@NoOp|Move(E)@Move(E)|NoOp@NoOp
16389161400:NoOp@NoOp|NoOp@NoOp|Move(E)@Move(E)|NoOp@NoOp
16389220000:NoOp@NoOp|NoOp@NoOp|Move(N)@Move(N)|NoOp@NoOp
16389278300:NoOp@NoOp|NoOp@NoOp|Move(N)@Move(N)|NoOp@NoOp
16389336300:NoOp@NoOp|NoOp@NoOp|Move(N)@Move(N)|NoOp@NoOp
16389394900:NoOp@NoOp|NoOp@NoOp|Move(N)@Move(N)|NoOp@NoOp
16389453000:NoOp@NoOp|NoOp@NoOp|Move(N)@Move(N)|NoOp@NoOp
16389511400:NoOp@NoOp|NoOp@NoOp|Move(N)@Move(N)|NoOp@NoOp
16389569600:NoOp@NoOp|NoOp@NoOp|Move(N)@Move(N)|NoOp@NoOp
16389627700:NoOp@NoOp|NoOp@NoOp|Move(E)@Move(E)|NoOp@NoOp
16389686100:NoOp@NoOp|NoOp@NoOp|Move(N)@Move(N)|NoOp@NoOp
16389744200:NoOp@NoOp|NoOp@NoOp|Move(N)@Move(N)|NoOp@NoOp
16389807300:NoOp@NoOp|NoOp@NoOp|Move(N)@Move(N)|NoOp@NoOp
16389865600:NoOp@NoOp|NoOp@NoOp|Move(N)@Move(N)|NoOp@NoOp
16389923800:NoOp@NoOp|NoOp@NoOp|Move(N)@Move(N)|NoOp@NoOp
16389982100:NoOp@NoOp|NoOp@NoOp|Move(E)@Move(E)|NoOp@NoOp
16390040300:NoOp@NoOp|NoOp@NoOp|Move(E)@Move(E)|NoOp@NoOp
16390098400:NoOp@NoOp|NoOp@NoOp|Move(E)@Move(E)|NoOp@NoOp
16390156800:NoOp@NoOp|NoOp@NoOp|Move(E)@Move(E)|NoOp@NoOp
16390214700:NoOp@NoOp|NoOp@NoOp|Move(E)@Move(E)|NoOp@NoOp
16390272700:NoOp@NoOp|NoOp@NoOp|Move(E)@Move(E)|NoOp@NoOp
16390331000:NoOp@NoOp|NoOp@NoOp|Move(E)@Move(E)|NoOp@NoOp
16390389400:NoOp@NoOp|NoOp@NoOp|Move(E)@Move(E)|NoOp@NoOp
16390447500:NoOp@NoOp|NoOp@NoOp|Move(E)@Move(E)|NoOp@NoOp
16390506200:NoOp@NoOp|NoOp@NoOp|Pull(W,W)@Pull(W,W)|NoOp@NoOp
16390564600:NoOp@NoOp|NoOp@NoOp|Pull(W,W)@Pull(W,W)|NoOp@NoOp
16390623200:NoOp@NoOp|NoOp@NoOp|Pull(W,W)@Pull(W,W)|NoOp@NoOp
16390681500:NoOp@NoOp|NoOp@NoOp|Pull(W,W)@Pull(W,W)|NoOp@NoOp
16390739800:NoOp@NoOp|NoOp@NoOp|Push(E,S)@Push(E,S)|NoOp@NoOp
16390798600:NoOp@NoOp|NoOp@NoOp|Push(S,W)@Push(S,W)|NoOp@NoOp
16390857000:NoOp@NoOp|NoOp@NoOp|Push(W,W)@Push(W,W)|NoOp@NoOp
16390915500:NoOp@NoOp|NoOp@NoOp|Push(W,W)@Push(W,W)|NoOp@NoOp
16390973800:NoOp@NoOp|NoOp@NoOp|Push(W,S)@Push(W,S)|NoOp@NoOp
16391035300:NoOp@NoOp|NoOp@NoOp|Push(S,S)@Push(S,S)|NoOp@NoOp
16391094000:NoOp@NoOp|NoOp@NoOp|Push(S,S)@Push(S,S)|NoOp@NoOp
16391152300:NoOp@NoOp|NoOp@NoOp|Push(S,S)@Push(S,S)|NoOp@NoOp
16391210700:NoOp@NoOp|NoOp@NoOp|Push(S,W)@Push(S,W)|NoOp@NoOp
16391269500:NoOp@NoOp|NoOp@NoOp|Push(W,W)@Push(W,W)|NoOp@NoOp
16391328100:NoOp@NoOp|NoOp@NoOp|Push(W,W)@Push(W,W)|NoOp@NoOp
16391387000:NoOp@NoOp|NoOp@NoOp|Push(W,W)@Push(W,W)|NoOp@NoOp
16391445400:NoOp@NoOp|NoOp@NoOp|Push(W,S)@Push(W,S)|NoOp@NoOp
16391504000:NoOp@NoOp|NoOp@NoOp|Push(S,S)@Push(S,S)|NoOp@NoOp
16391562400:NoOp@NoOp|NoOp@NoOp|Push(S,S)@Push(S,S)|NoOp@NoOp
16391620900:NoOp@NoOp|NoOp@NoOp|Push(S,S)@Push(S,S)|NoOp@NoOp
16391679500:NoOp@NoOp|NoOp@NoOp|Push(S,S)@Push(S,S)|NoOp@NoOp
16391738500:NoOp@NoOp|NoOp@NoOp|Push(S,S)@Push(S,S)|NoOp@NoOp
16391796900:NoOp@NoOp|NoOp@NoOp|Push(S,S)@Push(S,S)|NoOp@NoOp
16391855400:NoOp@NoOp|NoOp@NoOp|Push(S,W)@Push(S,W)|NoOp@NoOp
16391913700:NoOp@NoOp|NoOp@NoOp|Push(W,W)@Push(W,W)|NoOp@NoOp
16391972200:NoOp@NoOp|NoOp@NoOp|Push(W,W)@Push(W,W)|NoOp@NoOp
16392030600:NoOp@NoOp|NoOp@NoOp|Push(W,W)@Push(W,W)|NoOp@NoOp
16392088900:NoOp@NoOp|NoOp@NoOp|Push(W,W)@Push(W,W)|NoOp@NoOp
16392150500:NoOp@NoOp|NoOp@NoOp|Push(W,W)@Push(W,W)|NoOp@NoOp
16392208900:NoOp@NoOp|NoOp@NoOp|Push(W,W)@Push(W,W)|NoOp@NoOp
16392270400:NoOp@NoOp|NoOp@NoOp|Push(W,W)@Push(W,W)|NoOp@NoOp
16392328700:NoOp@NoOp|NoOp@NoOp|Push(W,W)@Push(W,W)|NoOp@NoOp
16392394800:NoOp@NoOp|NoOp@NoOp|Move(E)@Move(E)|NoOp@NoOp
16392465700:NoOp@NoOp|NoOp@NoOp|Move(E)@Move(E)|NoOp@NoOp
16392526600:NoOp@NoOp|NoOp@NoOp|Move(E)@Move(E)|NoOp@NoOp
16392585000:NoOp@NoOp|NoOp@NoOp|Move(E)@Move(E)|NoOp@NoOp
16392643600:NoOp@NoOp|NoOp@NoOp|Move(E)@Move(E)|NoOp@NoOp
16392701600:NoOp@NoOp|NoOp@NoOp|Move(E)@Move(E)|NoOp@NoOp
16392759500:NoOp@NoOp|NoOp@NoOp|Move(E)@Move(E)|NoOp@NoOp
16392817300:NoOp@NoOp|NoOp@NoOp|Move(E)@Move(E)|NoOp@NoOp
16392875600:NoOp@NoOp|NoOp@NoOp|Move(N)@Move(N)|NoOp@NoOp
16392933700:NoOp@NoOp|NoOp@NoOp|Move(N)@Move(N)|NoOp@NoOp
16392992000:NoOp@NoOp|NoOp@NoOp|Move(N)@Move(N)|NoOp@NoOp
16393050300:NoOp@NoOp|NoOp@NoOp|Pull(N,E)@Pull(N,E)|NoOp@NoOp
16393108900:NoOp@NoOp|NoOp@NoOp|Push(S,S)@Push(S,S)|NoOp@NoOp
16393167300:NoOp@NoOp|NoOp@NoOp|Push(S,S)@Push(S,S)|NoOp@NoOp
16393225800:NoOp@NoOp|NoOp@NoOp|Push(S,S)@Push(S,S)|NoOp@NoOp
16393284200:NoOp@NoOp|NoOp@NoOp|Push(S,W)@Push(S,W)|NoOp@NoOp
16393342600:NoOp@NoOp|NoOp@NoOp|Push(W,W)@Push(W,W)|NoOp@NoOp
16393400800:NoOp@NoOp|NoOp@NoOp|Push(W,W)@Push(W,W)|NoOp@NoOp
16393459100:NoOp@NoOp|NoOp@NoOp|Push(W,W)@Push(W,W)|NoOp@NoOp
16393517600:NoOp@NoOp|NoOp@NoOp|Push(W,W)@Push(W,W)|NoOp@NoOp
16393576100:NoOp@NoOp|NoOp@NoOp|Push(W,W)@Push(W,W)|NoOp@NoOp
16393637200:NoOp@NoOp|Move(W)@Move(W)|NoOp@NoOp|NoOp@NoOp
16393695700:NoOp@NoOp|Move(W)@Move(W)|NoOp@NoOp|NoOp@NoOp
16393753900:NoOp@NoOp|Move(W)@Move(W)|NoOp@NoOp|NoOp@NoOp
16393812200:NoOp@NoOp|Move(W)@Move(W)|NoOp@NoOp|NoOp@NoOp
16393870400:NoOp@NoOp|Move(W)@Move(W)|NoOp@NoOp|NoOp@NoOp
16393928800:NoOp@NoOp|Move(W)@Move(W)|NoOp@NoOp|NoOp@NoOp
16393987200:NoOp@NoOp|Move(W)@Move(W)|NoOp@NoOp|NoOp@NoOp
16394045500:NoOp@NoOp|Move(W)@Move(W)|NoOp@NoOp|NoOp@NoOp
16394103400:NoOp@NoOp|Move(W)@Move(W)|NoOp@NoOp|NoOp@NoOp
16394161400:NoOp@NoOp|Move(W)@Move(W)|NoOp@NoOp|NoOp@NoOp
16394219500:NoOp@NoOp|Move(S)@Move(S)|NoOp@NoOp|NoOp@NoOp
16394277900:NoOp@NoOp|Move(S)@Move(S)|NoOp@NoOp|NoOp@NoOp
16394336400:NoOp@NoOp|Move(S)@Move(S)|NoOp@NoOp|NoOp@NoOp
16394395200:NoOp@NoOp|Pull(N,E)@Pull(N,E)|NoOp@NoOp|NoOp@NoOp
16394454100:NoOp@NoOp|Pull(N,N)@Pull(N,N)|NoOp@NoOp|NoOp@NoOp
16394512800:NoOp@NoOp|Pull(N,N)@Pull(N,N)|NoOp@NoOp|NoOp@NoOp
16394571800:NoOp@NoOp|Pull(E,N)@Pull(E,N)|NoOp@NoOp|NoOp@NoOp
16394630400:NoOp@NoOp|Pull(E,E)@Pull(E,E)|NoOp@NoOp|NoOp@NoOp
16394689200:NoOp@NoOp|Pull(E,E)@Pull(E,E)|NoOp@NoOp|NoOp@NoOp
16394748100:NoOp@NoOp|Pull(E,E)@Pull(E,E)|NoOp@NoOp|NoOp@NoOp
16394806600:NoOp@NoOp|Pull(E,E)@Pull(E,E)|NoOp@NoOp|NoOp@NoOp
16394865100:NoOp@NoOp|Pull(E,E)@Pull(E,E)|NoOp@NoOp|NoOp@NoOp
16394923700:NoOp@NoOp|Pull(E,E)@Pull(E,E)|NoOp@NoOp|NoOp@NoOp
16394981900:NoOp@NoOp|Pull(E,E)@Pull(E,E)|NoOp@NoOp|NoOp@NoOp
16395040400:NoOp@NoOp|Pull(E,E)@Pull(E,E)|NoOp@NoOp|NoOp@NoOp
16395102000:NoOp@NoOp|Push(W,W)@Push(W,W)|NoOp@NoOp|NoOp@NoOp
16395161100:NoOp@NoOp|Push(W,W)@Push(W,W)|NoOp@NoOp|NoOp@NoOp
16395219500:NoOp@NoOp|Pull(E,E)@Pull(E,E)|NoOp@NoOp|NoOp@NoOp
16395278300:NoOp@NoOp|Pull(E,E)@Pull(E,E)|NoOp@NoOp|NoOp@NoOp
16395336800:NoOp@NoOp|Pull(E,E)@Pull(E,E)|NoOp@NoOp|NoOp@NoOp
16395397500:NoOp@NoOp|Push(W,W)@Push(W,W)|NoOp@NoOp|NoOp@NoOp
16395457700:NoOp@NoOp|Push(W,W)@Push(W,W)|NoOp@NoOp|NoOp@NoOp
16395516200:NoOp@NoOp|Push(W,W)@Push(W,W)|NoOp@NoOp|NoOp@NoOp
16395574900:NoOp@NoOp|Push(W,W)@Push(W,W)|NoOp@NoOp|NoOp@NoOp
16395633300:NoOp@NoOp|Push(W,W)@Push(W,W)|NoOp@NoOp|NoOp@NoOp
16395691800:NoOp@NoOp|Push(W,W)@Push(W,W)|NoOp@NoOp|NoOp@NoOp
16395750100:NoOp@NoOp|Push(W,W)@Push(W,W)|NoOp@NoOp|NoOp@NoOp
16395808200:NoOp@NoOp|Push(W,W)@Push(W,W)|NoOp@NoOp|NoOp@NoOp
16395866900:NoOp@NoOp|Push(W,W)@Push(W,W)|NoOp@NoOp|NoOp@NoOp
16395925100:NoOp@NoOp|Push(W,S)@Push(W,S)|NoOp@NoOp|NoOp@NoOp
16395983800:NoOp@NoOp|Push(S,S)@Push(S,S)|NoOp@NoOp|NoOp@NoOp
16396042400:NoOp@NoOp|Push(S,S)@Push(S,S)|NoOp@NoOp|NoOp@NoOp
16396101200:NoOp@NoOp|Push(S,S)@Push(S,S)|NoOp@NoOp|NoOp@NoOp
16396163300:NoOp@NoOp|Pull(W,N)@Pull(W,N)|NoOp@NoOp|NoOp@NoOp
16396222200:NoOp@NoOp|Push(E,N)@Push(E,N)|NoOp@NoOp|NoOp@NoOp
16396281300:NoOp@NoOp|Push(N,N)@Push(N,N)|NoOp@NoOp|NoOp@NoOp
16396340100:NoOp@NoOp|Push(N,N)@Push(N,N)|NoOp@NoOp|NoOp@NoOp
16396398800:NoOp@NoOp|Push(N,E)@Push(N,E)|NoOp@NoOp|NoOp@NoOp
16396457500:NoOp@NoOp|Push(E,E)@Push(E,E)|NoOp@NoOp|NoOp@NoOp
16396516300:NoOp@NoOp|Push(E,E)@Push(E,E)|NoOp@NoOp|NoOp@NoOp
16396577600:NoOp@NoOp|Push(E,E)@Push(E,E)|NoOp@NoOp|NoOp@NoOp
16396636300:NoOp@NoOp|Push(E,E)@Push(E,E)|NoOp@NoOp|NoOp@NoOp
16396694700:NoOp@NoOp|Push(E,E)@Push(E,E)|NoOp@NoOp|NoOp@NoOp
16396753200:NoOp@NoOp|Push(E,E)@Push(E,E)|NoOp@NoOp|NoOp@NoOp
16396811400:NoOp@NoOp|Push(E,E)@Push(E,E)|NoOp@NoOp|NoOp@NoOp
16396869900:NoOp@NoOp|Push(E,E)@Push(E,E)|NoOp@NoOp|NoOp@NoOp
16396928200:NoOp@NoOp|Push(E,E)@Push(E,E)|NoOp@NoOp|NoOp@NoOp
16396986400:NoOp@NoOp|Move(W)@Move(W)|NoOp@NoOp|NoOp@NoOp
16397045000:NoOp@NoOp|Move(W)@Move(W)|NoOp@NoOp|NoOp@NoOp
16397103400:NoOp@NoOp|Move(W)@Move(W)|NoOp@NoOp|NoOp@NoOp
16397161700:NoOp@NoOp|Move(W)@Move(W)|NoOp@NoOp|NoOp@NoOp
16397219900:NoOp@NoOp|Move(W)@Move(W)|NoOp@NoOp|NoOp@NoOp
16397278000:NoOp@NoOp|Move(W)@Move(W)|NoOp@NoOp|NoOp@NoOp
16397336100:NoOp@NoOp|Move(W)@Move(W)|NoOp@NoOp|NoOp@NoOp
16397394000:NoOp@NoOp|Move(W)@Move(W)|NoOp@NoOp|NoOp@NoOp
16397452300:NoOp@NoOp|Move(W)@Move(W)|NoOp@NoOp|NoOp@NoOp
16397510500:NoOp@NoOp|Move(S)@Move(S)|NoOp@NoOp|NoOp@NoOp
16397568800:NoOp@NoOp|Move(S)@Move(S)|NoOp@NoOp|NoOp@NoOp
16397627000:NoOp@NoOp|Move(S)@Move(S)|NoOp@NoOp|NoOp@NoOp
16397685600:NoOp@NoOp|Move(W)@Move(W)|NoOp@NoOp|NoOp@NoOp
16397744100:NoOp@NoOp|Pull(E,E)@Pull(E,E)|NoOp@NoOp|NoOp@NoOp
16397802900:NoOp@NoOp|Pull(S,E)@Pull(S,E)|NoOp@NoOp|NoOp@NoOp
16397861700:NoOp@NoOp|Push(N,N)@Push(N,N)|NoOp@NoOp|NoOp@NoOp
16397920400:NoOp@NoOp|Push(N,N)@Push(N,N)|NoOp@NoOp|NoOp@NoOp
16397978600:NoOp@NoOp|Push(N,N)@Push(N,N)|NoOp@NoOp|NoOp@NoOp
16398036900:NoOp@NoOp|Push(N,E)@Push(N,E)|NoOp@NoOp|NoOp@NoOp
16398095000:NoOp@NoOp|Push(E,E)@Push(E,E)|NoOp@NoOp|NoOp@NoOp
16398153500:NoOp@NoOp|Push(E,E)@Push(E,E)|NoOp@NoOp|NoOp@NoOp
16398212100:NoOp@NoOp|Push(E,E)@Push(E,E)|NoOp@NoOp|NoOp@NoOp
16398270600:NoOp@NoOp|Push(E,E)@Push(E,E)|NoOp@NoOp|NoOp@NoOp
16398328900:NoOp@NoOp|Push(E,E)@Push(E,E)|NoOp@NoOp|NoOp@NoOp
16398387100:NoOp@NoOp|Push(E,E)@Push(E,E)|NoOp@NoOp|NoOp@NoOp
16398445200:NoOp@NoOp|Push(E,E)@Push(E,E)|NoOp@NoOp|NoOp@NoOp
16398503600:NoOp@NoOp|Push(E,E)@Push(E,E)|NoOp@NoOp|NoOp@NoOp
16398562000:NoOp@NoOp|Move(W)@Move(W)|NoOp@NoOp|NoOp@NoOp
16398620200:NoOp@NoOp|Move(W)@Move(W)|NoOp@NoOp|NoOp@NoOp
16398678400:NoOp@NoOp|Move(W)@Move(W)|NoOp@NoOp|NoOp@NoOp
16398736600:NoOp@NoOp|Move(W)@Move(W)|NoOp@NoOp|NoOp@NoOp
16398794600:NoOp@NoOp|Move(W)@Move(W)|NoOp@NoOp|NoOp@NoOp
16398852600:NoOp@NoOp|Move(W)@Move(W)|NoOp@NoOp|NoOp@NoOp
16398910700:NoOp@NoOp|Move(W)@Move(W)|NoOp@NoOp|NoOp@NoOp
16398969000:NoOp@NoOp|Move(W)@Move(W)|NoOp@NoOp|NoOp@NoOp
16399027400:NoOp@NoOp|Move(S)@Move(S)|NoOp@NoOp|NoOp@NoOp
16399085800:NoOp@NoOp|Move(S)@Move(S)|NoOp@NoOp|NoOp@NoOp
16399144300:NoOp@NoOp|Move(S)@Move(S)|NoOp@NoOp|NoOp@NoOp
16399202600:NoOp@NoOp|Push(E,S)@Push(E,S)|NoOp@NoOp|NoOp@NoOp
16399260900:NoOp@NoOp|Move(W)@Move(W)|NoOp@NoOp|NoOp@NoOp
16399319200:NoOp@NoOp|Move(N)@Move(N)|NoOp@NoOp|NoOp@NoOp
16399377400:NoOp@NoOp|Move(N)@Move(N)|NoOp@NoOp|NoOp@NoOp
16399435700:NoOp@NoOp|Move(N)@Move(N)|NoOp@NoOp|NoOp@NoOp
16399494200:NoOp@NoOp|Move(E)@Move(E)|NoOp@NoOp|NoOp@NoOp
16399555100:NoOp@NoOp|Move(E)@Move(E)|NoOp@NoOp|NoOp@NoOp
16399613600:NoOp@NoOp|Move(E)@Move(E)|NoOp@NoOp|NoOp@NoOp
16399672000:NoOp@NoOp|Move(E)@Move(E)|NoOp@NoOp|NoOp@NoOp
16399730200:NoOp@NoOp|Move(E)@Move(E)|NoOp@NoOp|NoOp@NoOp
16399788300:NoOp@NoOp|Move(E)@Move(E)|NoOp@NoOp|NoOp@NoOp
16399846500:NoOp@NoOp|Move(E)@Move(E)|NoOp@NoOp|NoOp@NoOp
16399904800:NoOp@NoOp|Move(E)@Move(E)|NoOp@NoOp|NoOp@NoOp
16399963000:NoOp@NoOp|Pull(W,W)@Pull(W,W)|NoOp@NoOp|NoOp@NoOp
16400021600:NoOp@NoOp|Pull(W,W)@Pull(W,W)|NoOp@NoOp|NoOp@NoOp
16400080000:NoOp@NoOp|Pull(W,W)@Pull(W,W)|NoOp@NoOp|NoOp@NoOp
16400138600:NoOp@NoOp|Pull(W,W)@Pull(W,W)|NoOp@NoOp|NoOp@NoOp
16400197000:NoOp@NoOp|Pull(W,W)@Pull(W,W)|NoOp@NoOp|NoOp@NoOp
16400255300:NoOp@NoOp|Pull(W,W)@Pull(W,W)|NoOp@NoOp|NoOp@NoOp
16400313500:NoOp@NoOp|Pull(W,W)@Pull(W,W)|NoOp@NoOp|NoOp@NoOp
16400372000:NoOp@NoOp|Pull(W,W)@Pull(W,W)|NoOp@NoOp|NoOp@NoOp
16400440100:NoOp@NoOp|Pull(S,W)@Pull(S,W)|NoOp@NoOp|NoOp@NoOp
16400496600:NoOp@NoOp|Pull(S,S)@Pull(S,S)|NoOp@NoOp|NoOp@NoOp
16400555100:NoOp@NoOp|Pull(S,S)@Pull(S,S)|NoOp@NoOp|NoOp@NoOp
16400613900:NoOp@NoOp|Pull(S,S)@Pull(S,S)|NoOp@NoOp|NoOp@NoOp
16400672900:NoOp@NoOp|Push(N,W)@Push(N,W)|NoOp@NoOp|NoOp@NoOp
16400731300:NoOp@NoOp|Move(N)@Move(N)|NoOp@NoOp|NoOp@NoOp
16400789400:NoOp@NoOp|Move(N)@Move(N)|NoOp@NoOp|NoOp@NoOp
16400847500:NoOp@NoOp|Move(N)@Move(N)|NoOp@NoOp|NoOp@NoOp
16400906800:NoOp@NoOp|Move(E)@Move(E)|NoOp@NoOp|NoOp@NoOp
16400965800:NoOp@NoOp|Move(E)@Move(E)|NoOp@NoOp|NoOp@NoOp
16401024000:NoOp@NoOp|Move(E)@Move(E)|NoOp@NoOp|NoOp@NoOp
16401087100:NoOp@NoOp|Move(E)@Move(E)|NoOp@NoOp|NoOp@NoOp
16401148400:NoOp@NoOp|Move(E)@Move(E)|NoOp@NoOp|NoOp@NoOp
16401206500:NoOp@NoOp|Move(E)@Move(E)|NoOp@NoOp|NoOp@NoOp
16401264900:NoOp@NoOp|Move(E)@Move(E)|NoOp@NoOp|NoOp@NoOp
16401323600:NoOp@NoOp|Move(E)@Move(E)|NoOp@NoOp|NoOp@NoOp
16401381500:NoOp@NoOp|Move(E)@Move(E)|NoOp@NoOp|NoOp@NoOp
16401439700:NoOp@NoOp|Pull(W,W)@Pull(W,W)|NoOp@NoOp|NoOp@NoOp
16401498300:NoOp@NoOp|Pull(W,W)@Pull(W,W)|NoOp@NoOp|NoOp@NoOp
16401556800:NoOp@NoOp|Pull(W,W)@Pull(W,W)|NoOp@NoOp|NoOp@NoOp
16401615200:NoOp@NoOp|Pull(W,W)@Pull(W,W)|NoOp@NoOp|NoOp@NoOp
16401673300:NoOp@NoOp|Pull(W,W)@Pull(W,W)|NoOp@NoOp|NoOp@NoOp
16401731400:NoOp@NoOp|Pull(W,W)@Pull(W,W)|NoOp@NoOp|NoOp@NoOp
16401789500:NoOp@NoOp|Pull(W,W)@Pull(W,W)|NoOp@NoOp|NoOp@NoOp
16401847900:NoOp@NoOp|Pull(W,W)@Pull(W,W)|NoOp@NoOp|NoOp@NoOp
16401906100:NoOp@NoOp|Pull(W,W)@Pull(W,W)|NoOp@NoOp|NoOp@NoOp
16401964400:NoOp@NoOp|Pull(S,W)@Pull(S,W)|NoOp@NoOp|NoOp@NoOp
16402022800:NoOp@NoOp|Pull(S,S)@Pull(S,S)|NoOp@NoOp|NoOp@NoOp
16402081100:NoOp@NoOp|Pull(S,S)@Pull(S,S)|NoOp@NoOp|NoOp@NoOp
16402139700:NoOp@NoOp|Pull(S,S)@Pull(S,S)|NoOp@NoOp|NoOp@NoOp
16402198200:NoOp@NoOp|Pull(S,S)@Pull(S,S)|NoOp@NoOp|NoOp@NoOp
16402256700:NoOp@NoOp|Move(E)@Move(E)|NoOp@NoOp|NoOp@NoOp
16402315000:NoOp@NoOp|Move(E)@Move(E)|NoOp@NoOp|NoOp@NoOp
16402373200:NoOp@NoOp|Move(N)@Move(N)|NoOp@NoOp|NoOp@NoOp
16402431300:NoOp@NoOp|Push(N,W)@Push(N,W)|NoOp@NoOp|NoOp@NoOp
16402489500:NoOp@NoOp|Push(W,W)@Push(W,W)|NoOp@NoOp|NoOp@NoOp
16402548000:NoOp@NoOp|Push(W,N)@Push(W,N)|NoOp@NoOp|NoOp@NoOp
16402606300:NoOp@NoOp|Push(N,N)@Push(N,N)|NoOp@NoOp|NoOp@NoOp
16402664800:NoOp@NoOp|Push(N,N)@Push(N,N)|NoOp@NoOp|NoOp@NoOp
16402723300:NoOp@NoOp|Push(N,E)@Push(N,E)|NoOp@NoOp|NoOp@NoOp
16402781500:NoOp@NoOp|Push(E,E)@Push(E,E)|NoOp@NoOp|NoOp@NoOp
16402839900:NoOp@NoOp|Push(E,E)@Push(E,E)|NoOp@NoOp|NoOp@NoOp
16402898300:NoOp@NoOp|Push(E,E)@Push(E,E)|NoOp@NoOp|NoOp@NoOp
16402956600:NoOp@NoOp|Push(E,E)@Push(E,E)|NoOp@NoOp|NoOp@NoOp
16403014900:NoOp@NoOp|Push(E,E)@Push(E,E)|NoOp@NoOp|NoOp@NoOp
16403073200:NoOp@NoOp|Push(E,E)@Push(E,E)|NoOp@NoOp|NoOp@NoOp
16403131300:NoOp@NoOp|Push(E,E)@Push(E,E)|NoOp@NoOp|NoOp@NoOp
16403189700:NoOp@NoOp|Push(E,E)@Push(E,E)|NoOp@NoOp|NoOp@NoOp
16403247900:NoOp@NoOp|Push(E,E)@Push(E,E)|NoOp@NoOp|NoOp@NoOp
16403306000:NoOp@NoOp|Move(W)@Move(W)|NoOp@NoOp|NoOp@NoOp
16403364300:NoOp@NoOp|Move(W)@Move(W)|NoOp@NoOp|NoOp@NoOp
16403422500:NoOp@NoOp|Move(W)@Move(W)|NoOp@NoOp|NoOp@NoOp
16403480800:NoOp@NoOp|Move(W)@Move(W)|NoOp@NoOp|NoOp@NoOp
16403538800:NoOp@NoOp|Move(W)@Move(W)|NoOp@NoOp|NoOp@NoOp
16403597100:NoOp@NoOp|Move(W)@Move(W)|NoOp@NoOp|NoOp@NoOp
16403655300:NoOp@NoOp|Move(W)@Move(W)|NoOp@NoOp|NoOp@NoOp
16403713500:NoOp@NoOp|Move(W)@Move(W)|NoOp@NoOp|NoOp@NoOp
16403771700:NoOp@NoOp|Move(W)@Move(W)|NoOp@NoOp|NoOp@NoOp
16403830100:NoOp@NoOp|Move(S)@Move(S)|NoOp@NoOp|NoOp@NoOp
16403888200:NoOp@NoOp|Move(S)@Move(S)|NoOp@NoOp|NoOp@NoOp
16403946500:NoOp@NoOp|Move(S)@Move(S)|NoOp@NoOp|NoOp@NoOp
16404007600:NoOp@NoOp|Move(E)@Move(E)|NoOp@NoOp|NoOp@NoOp
16404065900:NoOp@NoOp|Move(E)@Move(E)|NoOp@NoOp|NoOp@NoOp
16404124300:NoOp@NoOp|Move(S)@Move(S)|NoOp@NoOp|NoOp@NoOp
16404182300:NoOp@NoOp|Move(S)@Move(S)|NoOp@NoOp|NoOp@NoOp
16404240600:NoOp@NoOp|Move(W)@Move(W)|NoOp@NoOp|NoOp@NoOp
16404298700:NoOp@NoOp|Move(W)@Move(W)|NoOp@NoOp|NoOp@NoOp
16404356800:NoOp@NoOp|Move(S)@Move(S)|NoOp@NoOp|NoOp@NoOp
16404415100:NoOp@NoOp|Move(S)@Move(S)|NoOp@NoOp|NoOp@NoOp
16404473500:NoOp@NoOp|Move(W)@Move(W)|NoOp@NoOp|NoOp@NoOp
16404531800:NoOp@NoOp|Move(S)@Move(S)|NoOp@NoOp|NoOp@NoOp
16404589800:NoOp@NoOp|Move(W)@Move(W)|NoOp@NoOp|NoOp@NoOp
16404648000:NoOp@NoOp|Move(W)@Move(W)|NoOp@NoOp|NoOp@NoOp
16404705800:NoOp@NoOp|Move(W)@Move(W)|NoOp@NoOp|NoOp@NoOp
16404763400:NoOp@NoOp|Move(W)@Move(W)|NoOp@NoOp|NoOp@NoOp
16404821600:NoOp@NoOp|Move(W)@Move(W)|NoOp@NoOp|NoOp@NoOp
16404879500:NoOp@NoOp|Move(W)@Move(W)|NoOp@NoOp|NoOp@NoOp
16404937400:NoOp@NoOp|Move(W)@Move(W)|NoOp@NoOp|NoOp@NoOp
16404995200:NoOp@NoOp|Move(W)@Move(W)|NoOp@NoOp|NoOp@NoOp
16405053100:NoOp@NoOp|Move(S)@Move(S)|NoOp@NoOp|NoOp@NoOp
16405132900:NoOp@NoOp|Move(W)@Move(W)|NoOp@NoOp|NoOp@NoOp
16405191100:NoOp@NoOp|Move(W)@Move(W)|NoOp@NoOp|NoOp@NoOp
16405249100:NoOp@NoOp|Move(W)@Move(W)|NoOp@NoOp|NoOp@NoOp
16405307100:NoOp@NoOp|Move(S)@Move(S)|NoOp@NoOp|NoOp@NoOp
16405364900:NoOp@NoOp|Move(S)@Move(S)|NoOp@NoOp|NoOp@NoOp
16405423100:NoOp@NoOp|Move(W)@Move(W)|NoOp@NoOp|NoOp@NoOp
16405481300:NoOp@NoOp|Pull(E,E)@Pull(E,E)|NoOp@NoOp|NoOp@NoOp
16405541800:NoOp@NoOp|Pull(E,E)@Pull(E,E)|NoOp@NoOp|NoOp@NoOp
16405600200:NoOp@NoOp|Push(W,N)@Push(W,N)|NoOp@NoOp|NoOp@NoOp
16405658400:NoOp@NoOp|Push(N,N)@Push(N,N)|NoOp@NoOp|NoOp@NoOp
16405717000:NoOp@NoOp|Push(N,N)@Push(N,N)|NoOp@NoOp|NoOp@NoOp
16405775400:NoOp@NoOp|Push(N,E)@Push(N,E)|NoOp@NoOp|NoOp@NoOp
16405833800:NoOp@NoOp|Push(E,E)@Push(E,E)|NoOp@NoOp|NoOp@NoOp
16405892100:NoOp@NoOp|Push(E,E)@Push(E,E)|NoOp@NoOp|NoOp@NoOp
16405950200:NoOp@NoOp|Push(E,E)@Push(E,E)|NoOp@NoOp|NoOp@NoOp
16406008400:NoOp@NoOp|Push(E,E)@Push(E,E)|NoOp@NoOp|NoOp@NoOp
16406066700:NoOp@NoOp|Push(E,N)@Push(E,N)|NoOp@NoOp|NoOp@NoOp
16406125000:NoOp@NoOp|Push(N,E)@Push(N,E)|NoOp@NoOp|NoOp@NoOp
16406186300:NoOp@NoOp|Push(E,E)@Push(E,E)|NoOp@NoOp|NoOp@NoOp
16406244400:NoOp@NoOp|Push(E,E)@Push(E,E)|NoOp@NoOp|NoOp@NoOp
16406302700:NoOp@NoOp|Push(E,E)@Push(E,E)|NoOp@NoOp|NoOp@NoOp
16406360700:NoOp@NoOp|Push(E,E)@Push(E,E)|NoOp@NoOp|NoOp@NoOp
16406418800:NoOp@NoOp|Push(E,E)@Push(E,E)|NoOp@NoOp|NoOp@NoOp
16406477200:NoOp@NoOp|Push(E,E)@Push(E,E)|NoOp@NoOp|NoOp@NoOp
16406535500:NoOp@NoOp|Push(E,N)@Push(E,N)|NoOp@NoOp|NoOp@NoOp
16406593900:NoOp@NoOp|Push(N,N)@Push(N,N)|NoOp@NoOp|NoOp@NoOp
16406652100:NoOp@NoOp|Push(N,E)@Push(N,E)|NoOp@NoOp|NoOp@NoOp
16406710300:NoOp@NoOp|Push(E,E)@Push(E,E)|NoOp@NoOp|NoOp@NoOp
16406768200:NoOp@NoOp|Push(E,N)@Push(E,N)|NoOp@NoOp|NoOp@NoOp
16406826500:NoOp@NoOp|Push(N,N)@Push(N,N)|NoOp@NoOp|NoOp@NoOp
16406884900:NoOp@NoOp|Push(N,W)@Push(N,W)|NoOp@NoOp|NoOp@NoOp
16406943300:NoOp@NoOp|Push(W,W)@Push(W,W)|NoOp@NoOp|NoOp@NoOp
16407001600:NoOp@NoOp|Push(W,N)@Push(W,N)|NoOp@NoOp|NoOp@NoOp
16407060100:NoOp@NoOp|Push(N,N)@Push(N,N)|NoOp@NoOp|NoOp@NoOp
16407118600:NoOp@NoOp|Push(N,N)@Push(N,N)|NoOp@NoOp|NoOp@NoOp
16407177000:NoOp@NoOp|Push(N,E)@Push(N,E)|NoOp@NoOp|NoOp@NoOp
16407235500:NoOp@NoOp|Push(E,E)@Push(E,E)|NoOp@NoOp|NoOp@NoOp
16407293800:NoOp@NoOp|Push(E,E)@Push(E,E)|NoOp@NoOp|NoOp@NoOp
16407352100:NoOp@NoOp|Push(E,E)@Push(E,E)|NoOp@NoOp|NoOp@NoOp
16407410500:NoOp@NoOp|Push(E,E)@Push(E,E)|NoOp@NoOp|NoOp@NoOp
16407469000:NoOp@NoOp|Push(E,E)@Push(E,E)|NoOp@NoOp|NoOp@NoOp
16407527400:NoOp@NoOp|Push(E,E)@Push(E,E)|NoOp@NoOp|NoOp@NoOp
16407585700:NoOp@NoOp|Pull(W,W)@Pull(W,W)|NoOp@NoOp|NoOp@NoOp
16407644300:NoOp@NoOp|Pull(W,W)@Pull(W,W)|NoOp@NoOp|NoOp@NoOp
16407702800:NoOp@NoOp|Pull(W,W)@Pull(W,W)|NoOp@NoOp|NoOp@NoOp
16407761400:NoOp@NoOp|Pull(W,W)@Pull(W,W)|NoOp@NoOp|NoOp@NoOp
16407819700:NoOp@NoOp|Pull(W,W)@Pull(W,W)|NoOp@NoOp|NoOp@NoOp
16407878400:NoOp@NoOp|Pull(W,W)@Pull(W,W)|NoOp@NoOp|NoOp@NoOp
16407936600:NoOp@NoOp|Pull(S,W)@Pull(S,W)|NoOp@NoOp|NoOp@NoOp
16407994900:NoOp@NoOp|Pull(S,S)@Pull(S,S)|NoOp@NoOp|NoOp@NoOp
16408053000:NoOp@NoOp|Pull(S,S)@Pull(S,S)|NoOp@NoOp|NoOp@NoOp
16408111600:NoOp@NoOp|Pull(E,S)@Pull(E,S)|NoOp@NoOp|NoOp@NoOp
16408170300:NoOp@NoOp|Pull(E,E)@Pull(E,E)|NoOp@NoOp|NoOp@NoOp
16408228800:NoOp@NoOp|Move(S)@Move(S)|NoOp@NoOp|NoOp@NoOp
16408286500:NoOp@NoOp|Move(S)@Move(S)|NoOp@NoOp|NoOp@NoOp
16408345000:NoOp@NoOp|Move(W)@Move(W)|NoOp@NoOp|NoOp@NoOp
16408413100:NoOp@NoOp|Move(W)@Move(W)|NoOp@NoOp|NoOp@NoOp
16408493400:NoOp@NoOp|Move(W)@Move(W)|NoOp@NoOp|NoOp@NoOp
16408561000:NoOp@NoOp|Move(N)@Move(N)|NoOp@NoOp|NoOp@NoOp
16408621400:NoOp@NoOp|Push(N,E)@Push(N,E)|NoOp@NoOp|NoOp@NoOp
16408680700:NoOp@NoOp|Push(E,N)@Push(E,N)|NoOp@NoOp|NoOp@NoOp
16408742100:NoOp@NoOp|Push(N,N)@Push(N,N)|NoOp@NoOp|NoOp@NoOp
16408801000:NoOp@NoOp|Push(N,N)@Push(N,N)|NoOp@NoOp|NoOp@NoOp
16408859600:NoOp@NoOp|Push(N,E)@Push(N,E)|NoOp@NoOp|NoOp@NoOp
16408918000:NoOp@NoOp|Push(E,E)@Push(E,E)|NoOp@NoOp|NoOp@NoOp
16408976200:NoOp@NoOp|Push(E,E)@Push(E,E)|NoOp@NoOp|NoOp@NoOp
16409034100:NoOp@NoOp|Push(E,E)@Push(E,E)|NoOp@NoOp|NoOp@NoOp
16409092100:NoOp@NoOp|Push(E,E)@Push(E,E)|NoOp@NoOp|NoOp@NoOp
16409150400:NoOp@NoOp|Push(E,E)@Push(E,E)|NoOp@NoOp|NoOp@NoOp
16409208600:NoOp@NoOp|Push(E,E)@Push(E,E)|NoOp@NoOp|NoOp@NoOp
16409266900:NoOp@NoOp|Push(E,E)@Push(E,E)|NoOp@NoOp|NoOp@NoOp
16409325300:NoOp@NoOp|Push(E,E)@Push(E,E)|NoOp@NoOp|NoOp@NoOp
16409383700:NoOp@NoOp|NoOp@NoOp|Pull(E,E)@Pull(E,E)|NoOp@NoOp
16409442300:NoOp@NoOp|NoOp@NoOp|Pull(E,E)@Pull(E,E)|NoOp@NoOp
16409500700:NoOp@NoOp|NoOp@NoOp|Pull(E,E)@Pull(E,E)|NoOp@NoOp
16409559700:NoOp@NoOp|NoOp@NoOp|Pull(E,E)@Pull(E,E)|NoOp@NoOp
16409618300:NoOp@NoOp|NoOp@NoOp|Pull(E,E)@Pull(E,E)|NoOp@NoOp
16409683800:NoOp@NoOp|NoOp@NoOp|Pull(N,E)@Pull(N,E)|NoOp@NoOp
16409742400:NoOp@NoOp|NoOp@NoOp|Pull(N,N)@Pull(N,N)|NoOp@NoOp
16409814300:NoOp@NoOp|NoOp@NoOp|Pull(N,N)@Pull(N,N)|NoOp@NoOp
16409872800:NoOp@NoOp|NoOp@NoOp|Pull(N,N)@Pull(N,N)|NoOp@NoOp
16409931500:NoOp@NoOp|NoOp@NoOp|Pull(N,N)@Pull(N,N)|NoOp@NoOp
16409992600:NoOp@NoOp|NoOp@NoOp|Move(W)@Move(W)|NoOp@NoOp
16410050700:NoOp@NoOp|NoOp@NoOp|Push(S,S)@Push(S,S)|NoOp@NoOp
16410109100:NoOp@NoOp|NoOp@NoOp|Push(S,E)@Push(S,E)|NoOp@NoOp
16410170400:NoOp@NoOp|NoOp@NoOp|Push(E,S)@Push(E,S)|NoOp@NoOp
16410229200:NoOp@NoOp|NoOp@NoOp|Push(S,S)@Push(S,S)|NoOp@NoOp
16410287700:NoOp@NoOp|NoOp@NoOp|Push(S,S)@Push(S,S)|NoOp@NoOp
16410346500:NoOp@NoOp|NoOp@NoOp|Push(S,W)@Push(S,W)|NoOp@NoOp
16410411200:NoOp@NoOp|NoOp@NoOp|Push(W,W)@Push(W,W)|NoOp@NoOp
16410469900:NoOp@NoOp|NoOp@NoOp|Push(W,W)@Push(W,W)|NoOp@NoOp
16410528500:NoOp@NoOp|NoOp@NoOp|Push(W,W)@Push(W,W)|NoOp@NoOp
16410587200:NoOp@NoOp|NoOp@NoOp|Push(W,W)@Push(W,W)|NoOp@NoOp
16410646000:NoOp@NoOp|NoOp@NoOp|Push(W,W)@Push(W,W)|NoOp@NoOp
16410704600:NoOp@NoOp|NoOp@NoOp|Push(W,W)@Push(W,W)|NoOp@NoOp
16410762900:NoOp@NoOp|NoOp@NoOp|Push(W,W)@Push(W,W)|NoOp@NoOp
16410821300:NoOp@NoOp|NoOp@NoOp|NoOp@NoOp|Pull(W,W)@Pull(W,W)
16410880000:NoOp@NoOp|NoOp@NoOp|NoOp@NoOp|Pull(W,W)@Pull(W,W)
16410938600:NoOp@NoOp|NoOp@NoOp|NoOp@NoOp|Pull(W,W)@Pull(W,W)
16410997100:NoOp@NoOp|NoOp@NoOp|NoOp@NoOp|Pull(W,W)@Pull(W,W)
16411055700:NoOp@NoOp|NoOp@NoOp|NoOp@NoOp|Pull(W,W)@Pull(W,W)
16411114200:NoOp@NoOp|NoOp@NoOp|NoOp@NoOp|Pull(N,W)@Pull(N,W)
16411172900:NoOp@NoOp|NoOp@NoOp|NoOp@NoOp|Pull(N,N)@Pull(N,N)
16411231600:NoOp@NoOp|NoOp@NoOp|NoOp@NoOp|Pull(N,N)@Pull(N,N)
16411289900:NoOp@NoOp|NoOp@NoOp|NoOp@NoOp|Pull(N,N)@Pull(N,N)
16411348400:NoOp@NoOp|NoOp@NoOp|NoOp@NoOp|Pull(N,N)@Pull(N,N)
16411407100:NoOp@NoOp|NoOp@NoOp|NoOp@NoOp|Move(E)@Move(E)
16411467500:NoOp@NoOp|NoOp@NoOp|NoOp@NoOp|Move(S)@Move(S)
16411528900:NoOp@NoOp|NoOp@NoOp|NoOp@NoOp|Push(S,W)@Push(S,W)
16411587900:NoOp@NoOp|NoOp@NoOp|NoOp@NoOp|Push(W,S)@Push(W,S)
16411646500:NoOp@NoOp|NoOp@NoOp|NoOp@NoOp|Push(S,S)@Push(S,S)
16411705100:NoOp@NoOp|NoOp@NoOp|NoOp@NoOp|Push(S,S)@Push(S,S)
16411763800:NoOp@NoOp|NoOp@NoOp|NoOp@NoOp|Push(S,E)@Push(S,E)
16411822100:NoOp@NoOp|NoOp@NoOp|NoOp@NoOp|Push(E,E)@Push(E,E)
16411880500:NoOp@NoOp|NoOp@NoOp|NoOp@NoOp|Push(E,E)@Push(E,E)
16411939200:NoOp@NoOp|NoOp@NoOp|NoOp@NoOp|Push(E,E)@Push(E,E)
16411997800:NoOp@NoOp|NoOp@NoOp|NoOp@NoOp|Push(E,E)@Push(E,E)
16412056200:NoOp@NoOp|NoOp@NoOp|NoOp@NoOp|Push(E,E)@Push(E,E)
16412114200:NoOp@NoOp|NoOp@NoOp|NoOp@NoOp|Push(E,E)@Push(E,E)
16412172400:NoOp@NoOp|NoOp@NoOp|NoOp@NoOp|Push(E,E)@Push(E,E)
16412230500:NoOp@NoOp|Move(W)@Move(W)|NoOp@NoOp|NoOp@NoOp
16412289000:NoOp@NoOp|Move(W)@Move(W)|NoOp@NoOp|NoOp@NoOp
16412347400:NoOp@NoOp|Move(W)@Move(W)|NoOp@NoOp|NoOp@NoOp
16412405700:NoOp@NoOp|Move(W)@Move(W)|NoOp@NoOp|NoOp@NoOp
16412463800:NoOp@NoOp|Move(W)@Move(W)|NoOp@NoOp|NoOp@NoOp
16412522300:NoOp@NoOp|Move(W)@Move(W)|NoOp@NoOp|NoOp@NoOp
16412580500:NoOp@NoOp|Move(W)@Move(W)|NoOp@NoOp|NoOp@NoOp
16412639000:NoOp@NoOp|Move(W)@Move(W)|NoOp@NoOp|NoOp@NoOp
16412697500:NoOp@NoOp|Move(S)@Move(S)|NoOp@NoOp|NoOp@NoOp
16412755800:NoOp@NoOp|Move(S)@Move(S)|NoOp@NoOp|NoOp@NoOp
16412813900:NoOp@NoOp|Move(S)@Move(S)|NoOp@NoOp|NoOp@NoOp
16412872400:NoOp@NoOp|Move(W)@Move(W)|NoOp@NoOp|NoOp@NoOp
16412930500:NoOp@NoOp|Move(S)@Move(S)|NoOp@NoOp|NoOp@NoOp
16412991000:NoOp@NoOp|Move(S)@Move(S)|NoOp@NoOp|NoOp@NoOp
16413049500:NoOp@NoOp|Move(E)@Move(E)|NoOp@NoOp|NoOp@NoOp
16413107800:NoOp@NoOp|Move(E)@Move(E)|NoOp@NoOp|NoOp@NoOp
16413166200:NoOp@NoOp|Pull(E,S)@Pull(E,S)|NoOp@NoOp|NoOp@NoOp
16413224700:NoOp@NoOp|Push(W,W)@Push(W,W)|NoOp@NoOp|NoOp@NoOp
16413283400:NoOp@NoOp|Push(W,W)@Push(W,W)|NoOp@NoOp|NoOp@NoOp
16413341600:NoOp@NoOp|Push(W,N)@Push(W,N)|NoOp@NoOp|NoOp@NoOp
16413399900:NoOp@NoOp|Push(N,N)@Push(N,N)|NoOp@NoOp|NoOp@NoOp
16413458500:NoOp@NoOp|Push(N,E)@Push(N,E)|NoOp@NoOp|NoOp@NoOp
16413517100:NoOp@NoOp|Push(E,N)@Push(E,N)|NoOp@NoOp|NoOp@NoOp
16413575700:NoOp@NoOp|Push(N,N)@Push(N,N)|NoOp@NoOp|NoOp@NoOp
16413634300:NoOp@NoOp|Push(N,N)@Push(N,N)|NoOp@NoOp|NoOp@NoOp
16413692900:NoOp@NoOp|Push(N,E)@Push(N,E)|NoOp@NoOp|NoOp@NoOp
16413751300:NoOp@NoOp|Push(E,E)@Push(E,E)|NoOp@NoOp|NoOp@NoOp
16413809500:NoOp@NoOp|Push(E,E)@Push(E,E)|NoOp@NoOp|NoOp@NoOp
16413867800:NoOp@NoOp|Push(E,E)@Push(E,E)|NoOp@NoOp|NoOp@NoOp
16413926200:NoOp@NoOp|Push(E,E)@Push(E,E)|NoOp@NoOp|NoOp@NoOp
16413984400:NoOp@NoOp|Push(E,E)@Push(E,E)|NoOp@NoOp|NoOp@NoOp
16414042600:NoOp@NoOp|Push(E,E)@Push(E,E)|NoOp@NoOp|NoOp@NoOp
16414101000:NoOp@NoOp|Push(E,E)@Push(E,E)|NoOp@NoOp|NoOp@NoOp
16414159300:NoOp@NoOp|NoOp@NoOp|Move(E)@Move(E)|NoOp@NoOp
16414217700:NoOp@NoOp|NoOp@NoOp|Move(E)@Move(E)|NoOp@NoOp
16414275800:NoOp@NoOp|NoOp@NoOp|Move(E)@Move(E)|NoOp@NoOp
16414333800:NoOp@NoOp|NoOp@NoOp|Move(E)@Move(E)|NoOp@NoOp
16414392100:NoOp@NoOp|NoOp@NoOp|Move(E)@Move(E)|NoOp@NoOp
16414452900:NoOp@NoOp|NoOp@NoOp|Move(E)@Move(E)|NoOp@NoOp
16414511100:NoOp@NoOp|NoOp@NoOp|Move(E)@Move(E)|NoOp@NoOp
16414569200:NoOp@NoOp|NoOp@NoOp|Move(N)@Move(N)|NoOp@NoOp
16414627800:NoOp@NoOp|NoOp@NoOp|Move(N)@Move(N)|NoOp@NoOp
16414685800:NoOp@NoOp|NoOp@NoOp|Move(N)@Move(N)|NoOp@NoOp
16414744100:NoOp@NoOp|NoOp@NoOp|Pull(W,W)@Pull(W,W)|NoOp@NoOp
16414802700:NoOp@NoOp|NoOp@NoOp|Push(E,S)@Push(E,S)|NoOp@NoOp
16414861300:NoOp@NoOp|NoOp@NoOp|Push(S,S)@Push(S,S)|NoOp@NoOp
16414919800:NoOp@NoOp|NoOp@NoOp|Push(S,S)@Push(S,S)|NoOp@NoOp
16414978600:NoOp@NoOp|NoOp@NoOp|Push(S,W)@Push(S,W)|NoOp@NoOp
16415037000:NoOp@NoOp|NoOp@NoOp|Push(W,W)@Push(W,W)|NoOp@NoOp
16415095300:NoOp@NoOp|NoOp@NoOp|Push(W,W)@Push(W,W)|NoOp@NoOp
16415154000:NoOp@NoOp|NoOp@NoOp|Push(W,W)@Push(W,W)|NoOp@NoOp
16415212200:NoOp@NoOp|NoOp@NoOp|Push(W,W)@Push(W,W)|NoOp@NoOp
16415270700:NoOp@NoOp|NoOp@NoOp|Push(W,W)@Push(W,W)|NoOp@NoOp
16415329100:NoOp@NoOp|NoOp@NoOp|Push(W,W)@Push(W,W)|NoOp@NoOp
16415387400:NoOp@NoOp|NoOp@NoOp|NoOp@NoOp|Move(W)@Move(W)
16415445600:NoOp@NoOp|NoOp@NoOp|NoOp@NoOp|Move(W)@Move(W)
16415504100:NoOp@NoOp|NoOp@NoOp|NoOp@NoOp|Move(W)@Move(W)
16415562200:NoOp@NoOp|NoOp@NoOp|NoOp@NoOp|Move(W)@Move(W)
16415620400:NoOp@NoOp|NoOp@NoOp|NoOp@NoOp|Move(W)@Move(W)
16415678100:NoOp@NoOp|NoOp@NoOp|NoOp@NoOp|Move(W)@Move(W)
16415736200:NoOp@NoOp|NoOp@NoOp|NoOp@NoOp|Move(W)@Move(W)
16415794400:NoOp@NoOp|NoOp@NoOp|NoOp@NoOp|Move(N)@Move(N)
16415852800:NoOp@NoOp|NoOp@NoOp|NoOp@NoOp|Move(N)@Move(N)
16415914200:NoOp@NoOp|NoOp@NoOp|NoOp@NoOp|Move(N)@Move(N)
16415972800:NoOp@NoOp|NoOp@NoOp|NoOp@NoOp|Pull(E,E)@Pull(E,E)
16416031300:NoOp@NoOp|NoOp@NoOp|NoOp@NoOp|Push(W,S)@Push(W,S)
16416089600:NoOp@NoOp|NoOp@NoOp|NoOp@NoOp|Push(S,S)@Push(S,S)
16416148000:NoOp@NoOp|NoOp@NoOp|NoOp@NoOp|Push(S,S)@Push(S,S)
16416206500:NoOp@NoOp|NoOp@NoOp|NoOp@NoOp|Push(S,E)@Push(S,E)
16416264800:NoOp@NoOp|NoOp@NoOp|NoOp@NoOp|Push(E,E)@Push(E,E)
16416323300:NoOp@NoOp|NoOp@NoOp|NoOp@NoOp|Push(E,E)@Push(E,E)
16416381800:NoOp@NoOp|NoOp@NoOp|NoOp@NoOp|Push(E,E)@Push(E,E)
16416440000:NoOp@NoOp|NoOp@NoOp|NoOp@NoOp|Push(E,E)@Push(E,E)
16416498300:NoOp@NoOp|NoOp@NoOp|NoOp@NoOp|Push(E,E)@Push(E,E)
16416559500:NoOp@NoOp|NoOp@NoOp|NoOp@NoOp|Push(E,E)@Push(E,E)
16416617800:NoOp@NoOp|Move(W)@Move(W)|NoOp@NoOp|NoOp@NoOp
16416676100:NoOp@NoOp|Move(W)@Move(W)|NoOp@NoOp|NoOp@NoOp
16416734400:NoOp@NoOp|Move(W)@Move(W)|NoOp@NoOp|NoOp@NoOp
16416792300:NoOp@NoOp|Move(W)@Move(W)|NoOp@NoOp|NoOp@NoOp
16416850000:NoOp@NoOp|Move(W)@Move(W)|NoOp@NoOp|NoOp@NoOp
16416908100:NoOp@NoOp|Move(W)@Move(W)|NoOp@NoOp|NoOp@NoOp
16416966500:NoOp@NoOp|Move(W)@Move(W)|NoOp@NoOp|NoOp@NoOp
16417024300:NoOp@NoOp|Move(S)@Move(S)|NoOp@NoOp|NoOp@NoOp
16417082300:NoOp@NoOp|Move(S)@Move(S)|NoOp@NoOp|NoOp@NoOp
16417140400:NoOp@NoOp|Move(S)@Move(S)|NoOp@NoOp|NoOp@NoOp
16417198500:NoOp@NoOp|Pull(N,N)@Pull(N,N)|NoOp@NoOp|NoOp@NoOp
16417256900:NoOp@NoOp|Pull(N,N)@Pull(N,N)|NoOp@NoOp|NoOp@NoOp
16417315100:NoOp@NoOp|Pull(N,N)@Pull(N,N)|NoOp@NoOp|NoOp@NoOp
16417373600:NoOp@NoOp|Pull(E,N)@Pull(E,N)|NoOp@NoOp|NoOp@NoOp
16417435300:NoOp@NoOp|Pull(E,E)@Pull(E,E)|NoOp@NoOp|NoOp@NoOp
16417493900:NoOp@NoOp|Pull(E,E)@Pull(E,E)|NoOp@NoOp|NoOp@NoOp
16417552300:NoOp@NoOp|Pull(E,E)@Pull(E,E)|NoOp@NoOp|NoOp@NoOp
16417610500:NoOp@NoOp|Pull(E,E)@Pull(E,E)|NoOp@NoOp|NoOp@NoOp
16417669000:NoOp@NoOp|Pull(E,E)@Pull(E,E)|NoOp@NoOp|NoOp@NoOp
16417727500:NoOp@NoOp|Pull(E,E)@Pull(E,E)|NoOp@NoOp|NoOp@NoOp
16417785800:NoOp@NoOp|Push(W,W)@Push(W,W)|NoOp@NoOp|NoOp@NoOp
16417844300:NoOp@NoOp|Push(W,W)@Push(W,W)|NoOp@NoOp|NoOp@NoOp
16417902500:NoOp@NoOp|Push(W,W)@Push(W,W)|NoOp@NoOp|NoOp@NoOp
16417960700:NoOp@NoOp|Push(W,W)@Push(W,W)|NoOp@NoOp|NoOp@NoOp
16418018800:NoOp@NoOp|Push(W,W)@Push(W,W)|NoOp@NoOp|NoOp@NoOp
16418076900:NoOp@NoOp|Push(W,W)@Push(W,W)|NoOp@NoOp|NoOp@NoOp
16418135200:NoOp@NoOp|Push(W,S)@Push(W,S)|NoOp@NoOp|NoOp@NoOp
16418193500:NoOp@NoOp|Push(S,S)@Push(S,S)|NoOp@NoOp|NoOp@NoOp
16418252000:NoOp@NoOp|Push(S,S)@Push(S,S)|NoOp@NoOp|NoOp@NoOp
16418310600:NoOp@NoOp|Push(S,W)@Push(S,W)|NoOp@NoOp|NoOp@NoOp
16418368800:NoOp@NoOp|NoOp@NoOp|Move(E)@Move(E)|NoOp@NoOp
16418427400:NoOp@NoOp|NoOp@NoOp|Move(E)@Move(E)|NoOp@NoOp
16418485600:NoOp@NoOp|NoOp@NoOp|Move(E)@Move(E)|NoOp@NoOp
16418543700:NoOp@NoOp|NoOp@NoOp|Move(E)@Move(E)|NoOp@NoOp
16418601600:NoOp@NoOp|NoOp@NoOp|Move(E)@Move(E)|NoOp@NoOp
16418659500:NoOp@NoOp|NoOp@NoOp|Move(E)@Move(E)|NoOp@NoOp
16418717700:NoOp@NoOp|NoOp@NoOp|Move(N)@Move(N)|NoOp@NoOp
16418776000:NoOp@NoOp|NoOp@NoOp|Move(N)@Move(N)|NoOp@NoOp
16418833900:NoOp@NoOp|NoOp@NoOp|Move(N)@Move(N)|NoOp@NoOp
16418896400:NoOp@NoOp|NoOp@NoOp|Pull(E,S)@Pull(E,S)|NoOp@NoOp
16418955200:NoOp@NoOp|NoOp@NoOp|Push(W,S)@Push(W,S)|NoOp@NoOp
16419014500:NoOp@NoOp|NoOp@NoOp|Push(S,S)@Push(S,S)|NoOp@NoOp
16419073100:NoOp@NoOp|NoOp@NoOp|Push(S,S)@Push(S,S)|NoOp@NoOp
16419131700:NoOp@NoOp|NoOp@NoOp|Push(S,W)@Push(S,W)|NoOp@NoOp
16419190200:NoOp@NoOp|NoOp@NoOp|Push(W,W)@Push(W,W)|NoOp@NoOp
16419248400:NoOp@NoOp|NoOp@NoOp|Push(W,W)@Push(W,W)|NoOp@NoOp
16419306900:NoOp@NoOp|NoOp@NoOp|Push(W,W)@Push(W,W)|NoOp@NoOp
16419365100:NoOp@NoOp|NoOp@NoOp|Push(W,W)@Push(W,W)|NoOp@NoOp
16419439700:NoOp@NoOp|NoOp@NoOp|Push(W,W)@Push(W,W)|NoOp@NoOp
16419496700:NoOp@NoOp|NoOp@NoOp|NoOp@NoOp|Move(W)@Move(W)
16419553300:NoOp@NoOp|NoOp@NoOp|NoOp@NoOp|Move(W)@Move(W)
16419610000:NoOp@NoOp|NoOp@NoOp|NoOp@NoOp|Move(W)@Move(W)
16419666400:NoOp@NoOp|NoOp@NoOp|NoOp@NoOp|Move(W)@Move(W)
16419722900:NoOp@NoOp|NoOp@NoOp|NoOp@NoOp|Move(W)@Move(W)
16419779400:NoOp@NoOp|NoOp@NoOp|NoOp@NoOp|Move(W)@Move(W)
16419836100:NoOp@NoOp|NoOp@NoOp|NoOp@NoOp|Move(N)@Move(N)
16419893000:NoOp@NoOp|NoOp@NoOp|NoOp@NoOp|Move(N)@Move(N)
16419950000:NoOp@NoOp|NoOp@NoOp|NoOp@NoOp|Move(N)@Move(N)
16420006700:NoOp@NoOp|NoOp@NoOp|NoOp@NoOp|Pull(E,S)@Pull(E,S)
16420063700:NoOp@NoOp|NoOp@NoOp|NoOp@NoOp|Push(W,S)@Push(W,S)
16420120700:NoOp@NoOp|NoOp@NoOp|NoOp@NoOp|Push(S,S)@Push(S,S)
16420177600:NoOp@NoOp|NoOp@NoOp|NoOp@NoOp|Push(S,S)@Push(S,S)
16420234500:NoOp@NoOp|NoOp@NoOp|NoOp@NoOp|Push(S,E)@Push(S,E)
16420291700:NoOp@NoOp|NoOp@NoOp|NoOp@NoOp|Push(E,E)@Push(E,E)
16420351200:NoOp@NoOp|NoOp@NoOp|NoOp@NoOp|Push(E,E)@Push(E,E)
16420442300:NoOp@NoOp|NoOp@NoOp|NoOp@NoOp|Push(E,E)@Push(E,E)
16420499000:NoOp@NoOp|NoOp@NoOp|NoOp@NoOp|Push(E,E)@Push(E,E)
16420555700:NoOp@NoOp|NoOp@NoOp|NoOp@NoOp|Push(E,E)@Push(E,E)
16420612300:NoOp@NoOp|Pull(S,W)@Pull(S,W)|NoOp@NoOp|NoOp@NoOp
16420669100:NoOp@NoOp|Push(N,N)@Push(N,N)|NoOp@NoOp|NoOp@NoOp
16420725700:NoOp@NoOp|Push(N,N)@Push(N,N)|NoOp@NoOp|NoOp@NoOp
16420782700:NoOp@NoOp|Push(N,N)@Push(N,N)|NoOp@NoOp|NoOp@NoOp
16420839700:NoOp@NoOp|Push(N,E)@Push(N,E)|NoOp@NoOp|NoOp@NoOp
16420896500:NoOp@NoOp|Push(E,E)@Push(E,E)|NoOp@NoOp|NoOp@NoOp
16420953300:NoOp@NoOp|Push(E,E)@Push(E,E)|NoOp@NoOp|NoOp@NoOp
16421010000:NoOp@NoOp|Push(E,E)@Push(E,E)|NoOp@NoOp|NoOp@NoOp
16421067100:NoOp@NoOp|Push(E,E)@Push(E,E)|NoOp@NoOp|NoOp@NoOp
16421124200:NoOp@NoOp|Push(E,E)@Push(E,E)|NoOp@NoOp|NoOp@NoOp
16421180800:NoOp@NoOp|Push(E,E)@Push(E,E)|NoOp@NoOp|NoOp@NoOp
16421237600:NoOp@NoOp|Move(W)@Move(W)|NoOp@NoOp|NoOp@NoOp
16421294100:NoOp@NoOp|Move(W)@Move(W)|NoOp@NoOp|NoOp@NoOp
16421350500:NoOp@NoOp|Move(W)@Move(W)|NoOp@NoOp|NoOp@NoOp
16421440500:NoOp@NoOp|Move(W)@Move(W)|NoOp@NoOp|NoOp@NoOp
16421497100:NoOp@NoOp|Move(W)@Move(W)|NoOp@NoOp|NoOp@NoOp
16421556400:NoOp@NoOp|Move(W)@Move(W)|NoOp@NoOp|NoOp@NoOp
16421613000:NoOp@NoOp|Move(S)@Move(S)|NoOp@NoOp|NoOp@NoOp
16421669700:NoOp@NoOp|Move(S)@Move(S)|NoOp@NoOp|NoOp@NoOp
16421747500:NoOp@NoOp|Move(S)@Move(S)|NoOp@NoOp|NoOp@NoOp
16421805800:NoOp@NoOp|Pull(E,E)@Pull(E,E)|NoOp@NoOp|NoOp@NoOp
16421879500:NoOp@NoOp|Push(W,N)@Push(W,N)|NoOp@NoOp|NoOp@NoOp
16421938200:NoOp@NoOp|Push(N,N)@Push(N,N)|NoOp@NoOp|NoOp@NoOp
16421994900:NoOp@NoOp|Push(N,N)@Push(N,N)|NoOp@NoOp|NoOp@NoOp
16422051800:NoOp@NoOp|Push(N,E)@Push(N,E)|NoOp@NoOp|NoOp@NoOp
16422108700:NoOp@NoOp|Push(E,E)@Push(E,E)|NoOp@NoOp|NoOp@NoOp
16422165800:NoOp@NoOp|Push(E,E)@Push(E,E)|NoOp@NoOp|NoOp@NoOp
16422222600:NoOp@NoOp|Push(E,E)@Push(E,E)|NoOp@NoOp|NoOp@NoOp
16422279500:NoOp@NoOp|Push(E,E)@Push(E,E)|NoOp@NoOp|NoOp@NoOp
16422336300:NoOp@NoOp|Push(E,E)@Push(E,E)|NoOp@NoOp|NoOp@NoOp
#end
#solved
true
#numactions
3028
#time
16422336300
#end
