#domain
hospital
#levelname
Tittling
#colors
blue: 0, A, K, U
red: 1, B, L, V
cyan: 2, C, M, W
purple: 3, D, N, X
green: 4, E, O, Y
orange: 5, F, P, Z
pink: 6, G, Q
grey: 7, H, R
lightblue: 8, I, S
brown: 9, J, T
#initial
++++++++++++++++++++++++++++++++++++++++++++++++++
+                          +                     +
+ 0                       1+                     +
+  ++++++++++++++++++++ +  +   ++++++++++++++++  +
+  + A                B    +   +K            L+  +
+  +   +++++++++++++++         + +   M    +   +  +
+  +  + C              D+      + ++++++++++   +  +
+  +  +    +++++++   +  +  +   + +        +   +  +
+  +  +   + E      F +  + 8+   + + N    O +   +  +
+  +  +   +      +   +  +  +                     +
+  +  +   +++++ ++   +  +  +   +P+        +  Q+  +
+  +  + G            + H+  +   + +   R    +   +  +
+  +  +++++++++++++ ++  +  +   + ++++++++++   +  +
+I                   J+     +          +    +    +
++ ++++++++++++++++++++     + S            T+    +
+                      +++   ++++++++++++++++++  +
+ 2                    +        +               3+
+ +++++++++++++++++++++          +++++++++++++++++
+ 4                    +  U V   +               5+
+   +    +     +     + +++   ++++   +     +    + +
+  +++++++++ ++++++ ++++++     +++++++++++++++++ +
+                          +    +   +     +    + +
+   +  W +     +     + X + +                     +
+  +++++++++ ++++++ ++++++ +    +   +     +    + +
+   +    +     +     +   + +   +++++++++++++++++ +
+ Y                       Z+    +   +     +    + +
+  +++++++++ ++++++ ++++++ +                     +
+   +    +     +     +   + +    +   +     +    + +
+   +    +     +     +   + +   +++++++++++++++++ +
+  +++++++++ ++++++ ++++++      +   +     +    + +
+                          9                     +
+   +    +     +     +   + +    +   +     +    + +
+  +++++++++ ++++++ ++++++ +   +++++++++++++++++ +
+ 6                        +                    7+
++++++++++++++++++++++++++++++++++++++++++++++++++
#goal
++++++++++++++++++++++++++++++++++++++++++++++++++
+                          +                     +
+ 7                        +                    6+
+  ++++++++++++++++++++ +  +   ++++++++++++++++  +
+  + A                S    +   +J            I+  +
+  +   +++++++++++++++         + +        +   +  +
+  +  + R              Q+      + ++++++++++   +  +
+  +  +    +++++++   +  +  +   + +        +   +  +
+  +  +   + P      F +  + 9+   + + G      +   +  +
+  +  +   +      +   +  +  +                     +
+  +  +   +++++ ++   +  +  +   +E+        +  D+  +
+  +  + N            + H+  +   + +   C    +   +  +
+  +  +++++++++++++ ++  +  +   + ++++++++++   +  +
+L                   K+     +          +    +    +
++ ++++++++++++++++++++     + B             +    +
+                      +++   ++++++++++++++++++  +
+ 5                    +        +               4+
+ +++++++++++++++++++++          +++++++++++++++++
+ 3                    + Y   Z  +               2+
+   +    +     +     + +++   ++++   +     +    + +
+  +++++++++ ++++++ ++++++     +++++++++++++++++ +
+                          +    +   +     +    + +
+   +  X +     +     + W + +                     +
+  +++++++++ ++++++ ++++++ +    +   +     +    + +
+   +    +     +     +   + +   +++++++++++++++++ +
+ V                       U+    +   +     +    + +
+  +++++++++ ++++++ ++++++ +                     +
+   +    +     +     +   + +    +   +     +    + +
+   +    +     +     +   + +   +++++++++++++++++ +
+  +++++++++ ++++++ ++++++      +   +     +    + +
+                          8                     +
+   +    +     +     +   + +    +   +     +    + +
+  +++++++++ ++++++ ++++++ +   +++++++++++++++++ +
+ 1                        +                    0+
++++++++++++++++++++++++++++++++++++++++++++++++++
#end
#clientname
SearchClient
#actions
1004281708:NoOp@NoOp|Move(S)@Move(S)|NoOp@NoOp|NoOp@NoOp|NoOp@NoOp|NoOp@NoOp|NoOp@NoOp|NoOp@NoOp|NoOp@NoOp|NoOp@NoOp
1004330958:NoOp@NoOp|Move(S)@Move(S)|NoOp@NoOp|NoOp@NoOp|NoOp@NoOp|NoOp@NoOp|NoOp@NoOp|NoOp@NoOp|NoOp@NoOp|NoOp@NoOp
1004360333:NoOp@NoOp|Move(W)@Move(W)|NoOp@NoOp|NoOp@NoOp|NoOp@NoOp|NoOp@NoOp|NoOp@NoOp|NoOp@NoOp|NoOp@NoOp|NoOp@NoOp
1004382250:NoOp@NoOp|Move(W)@Move(W)|NoOp@NoOp|NoOp@NoOp|NoOp@NoOp|NoOp@NoOp|NoOp@NoOp|NoOp@NoOp|NoOp@NoOp|NoOp@NoOp
1004395750:NoOp@NoOp|Move(W)@Move(W)|NoOp@NoOp|NoOp@NoOp|NoOp@NoOp|NoOp@NoOp|NoOp@NoOp|NoOp@NoOp|NoOp@NoOp|NoOp@NoOp
1004406875:NoOp@NoOp|Push(W,W)@Push(W,W)|NoOp@NoOp|NoOp@NoOp|NoOp@NoOp|NoOp@NoOp|NoOp@NoOp|NoOp@NoOp|NoOp@NoOp|NoOp@NoOp
1004435042:NoOp@NoOp|Move(S)@Move(S)|NoOp@NoOp|NoOp@NoOp|NoOp@NoOp|NoOp@NoOp|NoOp@NoOp|NoOp@NoOp|NoOp@NoOp|NoOp@NoOp
1004452750:NoOp@NoOp|Move(S)@Move(S)|NoOp@NoOp|NoOp@NoOp|NoOp@NoOp|NoOp@NoOp|NoOp@NoOp|NoOp@NoOp|NoOp@NoOp|NoOp@NoOp
1004476833:NoOp@NoOp|NoOp@NoOp|NoOp@NoOp|NoOp@NoOp|NoOp@NoOp|NoOp@NoOp|NoOp@NoOp|NoOp@NoOp|Move(N)@Move(N)|NoOp@NoOp
1004493417:NoOp@NoOp|NoOp@NoOp|NoOp@NoOp|NoOp@NoOp|NoOp@NoOp|NoOp@NoOp|NoOp@NoOp|NoOp@NoOp|Move(N)@Move(N)|NoOp@NoOp
1004505417:NoOp@NoOp|NoOp@NoOp|NoOp@NoOp|NoOp@NoOp|NoOp@NoOp|NoOp@NoOp|NoOp@NoOp|NoOp@NoOp|Move(E)@Move(E)|NoOp@NoOp
1004525625:NoOp@NoOp|NoOp@NoOp|NoOp@NoOp|NoOp@NoOp|NoOp@NoOp|NoOp@NoOp|NoOp@NoOp|NoOp@NoOp|Move(E)@Move(E)|NoOp@NoOp
1004545542:NoOp@NoOp|NoOp@NoOp|NoOp@NoOp|NoOp@NoOp|NoOp@NoOp|NoOp@NoOp|NoOp@NoOp|NoOp@NoOp|Move(S)@Move(S)|NoOp@NoOp
1004561542:NoOp@NoOp|NoOp@NoOp|NoOp@NoOp|NoOp@NoOp|NoOp@NoOp|NoOp@NoOp|NoOp@NoOp|NoOp@NoOp|Move(S)@Move(S)|NoOp@NoOp
1004573417:NoOp@NoOp|NoOp@NoOp|NoOp@NoOp|NoOp@NoOp|NoOp@NoOp|NoOp@NoOp|NoOp@NoOp|NoOp@NoOp|Move(S)@Move(S)|NoOp@NoOp
1004584917:NoOp@NoOp|NoOp@NoOp|NoOp@NoOp|NoOp@NoOp|NoOp@NoOp|NoOp@NoOp|NoOp@NoOp|NoOp@NoOp|Move(S)@Move(S)|NoOp@NoOp
1004602667:NoOp@NoOp|NoOp@NoOp|NoOp@NoOp|NoOp@NoOp|NoOp@NoOp|NoOp@NoOp|NoOp@NoOp|NoOp@NoOp|Move(S)@Move(S)|NoOp@NoOp
1004615833:NoOp@NoOp|NoOp@NoOp|NoOp@NoOp|NoOp@NoOp|NoOp@NoOp|NoOp@NoOp|NoOp@NoOp|NoOp@NoOp|Move(S)@Move(S)|NoOp@NoOp
1004632375:NoOp@NoOp|NoOp@NoOp|NoOp@NoOp|NoOp@NoOp|NoOp@NoOp|NoOp@NoOp|NoOp@NoOp|NoOp@NoOp|Move(E)@Move(E)|NoOp@NoOp
1004651083:NoOp@NoOp|NoOp@NoOp|NoOp@NoOp|NoOp@NoOp|NoOp@NoOp|NoOp@NoOp|NoOp@NoOp|NoOp@NoOp|Move(S)@Move(S)|NoOp@NoOp
1004668875:NoOp@NoOp|NoOp@NoOp|NoOp@NoOp|NoOp@NoOp|NoOp@NoOp|NoOp@NoOp|NoOp@NoOp|NoOp@NoOp|Move(S)@Move(S)|NoOp@NoOp
1004683292:NoOp@NoOp|NoOp@NoOp|NoOp@NoOp|NoOp@NoOp|NoOp@NoOp|NoOp@NoOp|NoOp@NoOp|NoOp@NoOp|Push(E,N)@Push(E,N)|NoOp@NoOp
1004699250:NoOp@NoOp|NoOp@NoOp|NoOp@NoOp|NoOp@NoOp|NoOp@NoOp|NoOp@NoOp|NoOp@NoOp|NoOp@NoOp|Push(N,N)@Push(N,N)|NoOp@NoOp
1004716667:NoOp@NoOp|NoOp@NoOp|NoOp@NoOp|NoOp@NoOp|NoOp@NoOp|NoOp@NoOp|NoOp@NoOp|NoOp@NoOp|Push(N,N)@Push(N,N)|NoOp@NoOp
1004733208:NoOp@NoOp|NoOp@NoOp|NoOp@NoOp|NoOp@NoOp|NoOp@NoOp|NoOp@NoOp|NoOp@NoOp|NoOp@NoOp|Push(N,N)@Push(N,N)|NoOp@NoOp
1004748625:NoOp@NoOp|NoOp@NoOp|NoOp@NoOp|NoOp@NoOp|NoOp@NoOp|NoOp@NoOp|NoOp@NoOp|NoOp@NoOp|Push(N,N)@Push(N,N)|NoOp@NoOp
1004760542:NoOp@NoOp|NoOp@NoOp|NoOp@NoOp|NoOp@NoOp|NoOp@NoOp|NoOp@NoOp|NoOp@NoOp|NoOp@NoOp|Push(N,N)@Push(N,N)|NoOp@NoOp
1004771917:NoOp@NoOp|NoOp@NoOp|NoOp@NoOp|NoOp@NoOp|NoOp@NoOp|NoOp@NoOp|NoOp@NoOp|NoOp@NoOp|Push(N,N)@Push(N,N)|NoOp@NoOp
1004782167:NoOp@NoOp|NoOp@NoOp|NoOp@NoOp|NoOp@NoOp|NoOp@NoOp|NoOp@NoOp|NoOp@NoOp|NoOp@NoOp|Push(N,N)@Push(N,N)|NoOp@NoOp
1004794500:NoOp@NoOp|NoOp@NoOp|NoOp@NoOp|NoOp@NoOp|NoOp@NoOp|NoOp@NoOp|NoOp@NoOp|NoOp@NoOp|Push(N,N)@Push(N,N)|NoOp@NoOp
1004805667:NoOp@NoOp|NoOp@NoOp|NoOp@NoOp|NoOp@NoOp|NoOp@NoOp|NoOp@NoOp|NoOp@NoOp|NoOp@NoOp|Push(N,W)@Push(N,W)|NoOp@NoOp
1004815917:NoOp@NoOp|NoOp@NoOp|NoOp@NoOp|NoOp@NoOp|NoOp@NoOp|NoOp@NoOp|NoOp@NoOp|NoOp@NoOp|Push(W,W)@Push(W,W)|NoOp@NoOp
1004829833:NoOp@NoOp|NoOp@NoOp|NoOp@NoOp|NoOp@NoOp|NoOp@NoOp|NoOp@NoOp|NoOp@NoOp|NoOp@NoOp|Push(W,W)@Push(W,W)|NoOp@NoOp
1004839667:NoOp@NoOp|NoOp@NoOp|NoOp@NoOp|NoOp@NoOp|NoOp@NoOp|NoOp@NoOp|NoOp@NoOp|NoOp@NoOp|Push(W,W)@Push(W,W)|NoOp@NoOp
1004849708:NoOp@NoOp|NoOp@NoOp|NoOp@NoOp|NoOp@NoOp|NoOp@NoOp|NoOp@NoOp|NoOp@NoOp|NoOp@NoOp|Push(W,N)@Push(W,N)|NoOp@NoOp
1004860167:NoOp@NoOp|NoOp@NoOp|NoOp@NoOp|NoOp@NoOp|NoOp@NoOp|NoOp@NoOp|NoOp@NoOp|NoOp@NoOp|Push(N,W)@Push(N,W)|NoOp@NoOp
1004870333:NoOp@NoOp|NoOp@NoOp|NoOp@NoOp|NoOp@NoOp|NoOp@NoOp|NoOp@NoOp|NoOp@NoOp|NoOp@NoOp|Push(W,W)@Push(W,W)|NoOp@NoOp
1004880083:NoOp@NoOp|NoOp@NoOp|NoOp@NoOp|NoOp@NoOp|NoOp@NoOp|NoOp@NoOp|NoOp@NoOp|NoOp@NoOp|Push(W,W)@Push(W,W)|NoOp@NoOp
1004890000:NoOp@NoOp|NoOp@NoOp|NoOp@NoOp|NoOp@NoOp|NoOp@NoOp|NoOp@NoOp|NoOp@NoOp|NoOp@NoOp|Push(W,W)@Push(W,W)|NoOp@NoOp
1004900000:NoOp@NoOp|Move(S)@Move(S)|NoOp@NoOp|NoOp@NoOp|NoOp@NoOp|NoOp@NoOp|NoOp@NoOp|NoOp@NoOp|NoOp@NoOp|NoOp@NoOp
1004909750:NoOp@NoOp|NoOp@NoOp|NoOp@NoOp|NoOp@NoOp|NoOp@NoOp|Move(S)@Move(S)|NoOp@NoOp|NoOp@NoOp|NoOp@NoOp|NoOp@NoOp
1004921917:NoOp@NoOp|NoOp@NoOp|NoOp@NoOp|NoOp@NoOp|NoOp@NoOp|Move(S)@Move(S)|NoOp@NoOp|NoOp@NoOp|NoOp@NoOp|NoOp@NoOp
1004932792:NoOp@NoOp|NoOp@NoOp|NoOp@NoOp|NoOp@NoOp|NoOp@NoOp|Move(S)@Move(S)|NoOp@NoOp|NoOp@NoOp|NoOp@NoOp|NoOp@NoOp
1004943000:NoOp@NoOp|NoOp@NoOp|NoOp@NoOp|NoOp@NoOp|NoOp@NoOp|Move(S)@Move(S)|NoOp@NoOp|NoOp@NoOp|NoOp@NoOp|NoOp@NoOp
1004958375:NoOp@NoOp|NoOp@NoOp|NoOp@NoOp|NoOp@NoOp|NoOp@NoOp|Move(W)@Move(W)|NoOp@NoOp|NoOp@NoOp|NoOp@NoOp|NoOp@NoOp
1004970500:NoOp@NoOp|NoOp@NoOp|NoOp@NoOp|NoOp@NoOp|NoOp@NoOp|Move(W)@Move(W)|NoOp@NoOp|NoOp@NoOp|NoOp@NoOp|NoOp@NoOp
1004981833:NoOp@NoOp|NoOp@NoOp|NoOp@NoOp|NoOp@NoOp|NoOp@NoOp|Move(W)@Move(W)|NoOp@NoOp|NoOp@NoOp|NoOp@NoOp|NoOp@NoOp
1004991583:NoOp@NoOp|NoOp@NoOp|NoOp@NoOp|NoOp@NoOp|NoOp@NoOp|Move(W)@Move(W)|NoOp@NoOp|NoOp@NoOp|NoOp@NoOp|NoOp@NoOp
1005001417:NoOp@NoOp|NoOp@NoOp|NoOp@NoOp|NoOp@NoOp|NoOp@NoOp|Move(W)@Move(W)|NoOp@NoOp|NoOp@NoOp|NoOp@NoOp|NoOp@NoOp
1005011208:NoOp@NoOp|NoOp@NoOp|NoOp@NoOp|NoOp@NoOp|NoOp@NoOp|Move(W)@Move(W)|NoOp@NoOp|NoOp@NoOp|NoOp@NoOp|NoOp@NoOp
1005021000:NoOp@NoOp|NoOp@NoOp|NoOp@NoOp|NoOp@NoOp|NoOp@NoOp|Move(W)@Move(W)|NoOp@NoOp|NoOp@NoOp|NoOp@NoOp|NoOp@NoOp
1005030750:NoOp@NoOp|NoOp@NoOp|NoOp@NoOp|NoOp@NoOp|NoOp@NoOp|Move(W)@Move(W)|NoOp@NoOp|NoOp@NoOp|NoOp@NoOp|NoOp@NoOp
1005040542:NoOp@NoOp|NoOp@NoOp|NoOp@NoOp|NoOp@NoOp|NoOp@NoOp|Move(W)@Move(W)|NoOp@NoOp|NoOp@NoOp|NoOp@NoOp|NoOp@NoOp
1005050375:NoOp@NoOp|NoOp@NoOp|NoOp@NoOp|NoOp@NoOp|NoOp@NoOp|Move(W)@Move(W)|NoOp@NoOp|NoOp@NoOp|NoOp@NoOp|NoOp@NoOp
1005060083:NoOp@NoOp|NoOp@NoOp|NoOp@NoOp|NoOp@NoOp|NoOp@NoOp|Move(W)@Move(W)|NoOp@NoOp|NoOp@NoOp|NoOp@NoOp|NoOp@NoOp
1005069833:NoOp@NoOp|NoOp@NoOp|NoOp@NoOp|NoOp@NoOp|NoOp@NoOp|Move(W)@Move(W)|NoOp@NoOp|NoOp@NoOp|NoOp@NoOp|NoOp@NoOp
1005079333:NoOp@NoOp|NoOp@NoOp|NoOp@NoOp|NoOp@NoOp|NoOp@NoOp|Move(W)@Move(W)|NoOp@NoOp|NoOp@NoOp|NoOp@NoOp|NoOp@NoOp
1005088792:NoOp@NoOp|NoOp@NoOp|NoOp@NoOp|NoOp@NoOp|NoOp@NoOp|Move(W)@Move(W)|NoOp@NoOp|NoOp@NoOp|NoOp@NoOp|NoOp@NoOp
1005098250:NoOp@NoOp|NoOp@NoOp|NoOp@NoOp|NoOp@NoOp|NoOp@NoOp|Move(W)@Move(W)|NoOp@NoOp|NoOp@NoOp|NoOp@NoOp|NoOp@NoOp
1005107625:NoOp@NoOp|NoOp@NoOp|NoOp@NoOp|NoOp@NoOp|NoOp@NoOp|Move(W)@Move(W)|NoOp@NoOp|NoOp@NoOp|NoOp@NoOp|NoOp@NoOp
1005119250:NoOp@NoOp|NoOp@NoOp|NoOp@NoOp|NoOp@NoOp|NoOp@NoOp|Move(W)@Move(W)|NoOp@NoOp|NoOp@NoOp|NoOp@NoOp|NoOp@NoOp
1005129958:NoOp@NoOp|NoOp@NoOp|NoOp@NoOp|NoOp@NoOp|NoOp@NoOp|Move(N)@Move(N)|NoOp@NoOp|NoOp@NoOp|NoOp@NoOp|NoOp@NoOp
1005139917:NoOp@NoOp|NoOp@NoOp|NoOp@NoOp|NoOp@NoOp|NoOp@NoOp|Move(W)@Move(W)|NoOp@NoOp|NoOp@NoOp|NoOp@NoOp|NoOp@NoOp
1005150708:NoOp@NoOp|NoOp@NoOp|NoOp@NoOp|NoOp@NoOp|NoOp@NoOp|Move(N)@Move(N)|NoOp@NoOp|NoOp@NoOp|NoOp@NoOp|NoOp@NoOp
1005161125:NoOp@NoOp|NoOp@NoOp|NoOp@NoOp|NoOp@NoOp|NoOp@NoOp|Move(W)@Move(W)|NoOp@NoOp|NoOp@NoOp|NoOp@NoOp|NoOp@NoOp
1005171000:NoOp@NoOp|NoOp@NoOp|NoOp@NoOp|NoOp@NoOp|NoOp@NoOp|Move(W)@Move(W)|NoOp@NoOp|NoOp@NoOp|NoOp@NoOp|NoOp@NoOp
1005180458:NoOp@NoOp|NoOp@NoOp|NoOp@NoOp|NoOp@NoOp|NoOp@NoOp|Move(N)@Move(N)|NoOp@NoOp|NoOp@NoOp|NoOp@NoOp|NoOp@NoOp
1005190375:NoOp@NoOp|NoOp@NoOp|NoOp@NoOp|NoOp@NoOp|NoOp@NoOp|Move(W)@Move(W)|NoOp@NoOp|NoOp@NoOp|NoOp@NoOp|NoOp@NoOp
1005200042:NoOp@NoOp|NoOp@NoOp|NoOp@NoOp|NoOp@NoOp|NoOp@NoOp|Move(N)@Move(N)|NoOp@NoOp|NoOp@NoOp|NoOp@NoOp|NoOp@NoOp
1005210042:NoOp@NoOp|NoOp@NoOp|NoOp@NoOp|NoOp@NoOp|NoOp@NoOp|Move(N)@Move(N)|NoOp@NoOp|NoOp@NoOp|NoOp@NoOp|NoOp@NoOp
1005221667:NoOp@NoOp|NoOp@NoOp|NoOp@NoOp|NoOp@NoOp|NoOp@NoOp|Move(N)@Move(N)|NoOp@NoOp|NoOp@NoOp|NoOp@NoOp|NoOp@NoOp
1005233958:NoOp@NoOp|NoOp@NoOp|NoOp@NoOp|NoOp@NoOp|NoOp@NoOp|Move(N)@Move(N)|NoOp@NoOp|NoOp@NoOp|NoOp@NoOp|NoOp@NoOp
1005243917:NoOp@NoOp|NoOp@NoOp|NoOp@NoOp|NoOp@NoOp|NoOp@NoOp|Move(N)@Move(N)|NoOp@NoOp|NoOp@NoOp|NoOp@NoOp|NoOp@NoOp
1005254792:NoOp@NoOp|NoOp@NoOp|NoOp@NoOp|NoOp@NoOp|NoOp@NoOp|Move(N)@Move(N)|NoOp@NoOp|NoOp@NoOp|NoOp@NoOp|NoOp@NoOp
1005265708:NoOp@NoOp|NoOp@NoOp|NoOp@NoOp|NoOp@NoOp|NoOp@NoOp|Move(W)@Move(W)|NoOp@NoOp|NoOp@NoOp|NoOp@NoOp|NoOp@NoOp
1005274958:NoOp@NoOp|NoOp@NoOp|NoOp@NoOp|NoOp@NoOp|NoOp@NoOp|Move(N)@Move(N)|NoOp@NoOp|NoOp@NoOp|NoOp@NoOp|NoOp@NoOp
1005286417:NoOp@NoOp|NoOp@NoOp|NoOp@NoOp|NoOp@NoOp|NoOp@NoOp|Move(N)@Move(N)|NoOp@NoOp|NoOp@NoOp|NoOp@NoOp|NoOp@NoOp
1005300542:NoOp@NoOp|NoOp@NoOp|NoOp@NoOp|NoOp@NoOp|NoOp@NoOp|Move(N)@Move(N)|NoOp@NoOp|NoOp@NoOp|NoOp@NoOp|NoOp@NoOp
1005309958:NoOp@NoOp|NoOp@NoOp|NoOp@NoOp|NoOp@NoOp|NoOp@NoOp|Move(N)@Move(N)|NoOp@NoOp|NoOp@NoOp|NoOp@NoOp|NoOp@NoOp
1005319917:NoOp@NoOp|NoOp@NoOp|NoOp@NoOp|NoOp@NoOp|NoOp@NoOp|Move(N)@Move(N)|NoOp@NoOp|NoOp@NoOp|NoOp@NoOp|NoOp@NoOp
1005330000:NoOp@NoOp|NoOp@NoOp|NoOp@NoOp|NoOp@NoOp|NoOp@NoOp|Move(N)@Move(N)|NoOp@NoOp|NoOp@NoOp|NoOp@NoOp|NoOp@NoOp
1005340417:NoOp@NoOp|NoOp@NoOp|NoOp@NoOp|NoOp@NoOp|NoOp@NoOp|Move(N)@Move(N)|NoOp@NoOp|NoOp@NoOp|NoOp@NoOp|NoOp@NoOp
1005353083:NoOp@NoOp|NoOp@NoOp|NoOp@NoOp|NoOp@NoOp|NoOp@NoOp|Move(N)@Move(N)|NoOp@NoOp|NoOp@NoOp|NoOp@NoOp|NoOp@NoOp
1005363292:NoOp@NoOp|NoOp@NoOp|NoOp@NoOp|NoOp@NoOp|NoOp@NoOp|Move(W)@Move(W)|NoOp@NoOp|NoOp@NoOp|NoOp@NoOp|NoOp@NoOp
1005372958:NoOp@NoOp|NoOp@NoOp|NoOp@NoOp|NoOp@NoOp|NoOp@NoOp|Move(W)@Move(W)|NoOp@NoOp|NoOp@NoOp|NoOp@NoOp|NoOp@NoOp
1005383333:NoOp@NoOp|NoOp@NoOp|NoOp@NoOp|NoOp@NoOp|NoOp@NoOp|Move(W)@Move(W)|NoOp@NoOp|NoOp@NoOp|NoOp@NoOp|NoOp@NoOp
1005396625:NoOp@NoOp|NoOp@NoOp|NoOp@NoOp|NoOp@NoOp|NoOp@NoOp|Move(W)@Move(W)|NoOp@NoOp|NoOp@NoOp|NoOp@NoOp|NoOp@NoOp
1005407500:NoOp@NoOp|NoOp@NoOp|NoOp@NoOp|NoOp@NoOp|NoOp@NoOp|Move(S)@Move(S)|NoOp@NoOp|NoOp@NoOp|NoOp@NoOp|NoOp@NoOp
1005417083:NoOp@NoOp|NoOp@NoOp|NoOp@NoOp|NoOp@NoOp|NoOp@NoOp|Move(W)@Move(W)|NoOp@NoOp|NoOp@NoOp|NoOp@NoOp|NoOp@NoOp
1005428417:NoOp@NoOp|NoOp@NoOp|NoOp@NoOp|NoOp@NoOp|NoOp@NoOp|Move(W)@Move(W)|NoOp@NoOp|NoOp@NoOp|NoOp@NoOp|NoOp@NoOp
1005439542:NoOp@NoOp|NoOp@NoOp|NoOp@NoOp|NoOp@NoOp|NoOp@NoOp|Move(S)@Move(S)|NoOp@NoOp|NoOp@NoOp|NoOp@NoOp|NoOp@NoOp
1005449333:NoOp@NoOp|NoOp@NoOp|NoOp@NoOp|NoOp@NoOp|NoOp@NoOp|Move(S)@Move(S)|NoOp@NoOp|NoOp@NoOp|NoOp@NoOp|NoOp@NoOp
1005459083:NoOp@NoOp|NoOp@NoOp|NoOp@NoOp|NoOp@NoOp|NoOp@NoOp|Push(W,N)@Push(W,N)|NoOp@NoOp|NoOp@NoOp|NoOp@NoOp|NoOp@NoOp
1005469167:NoOp@NoOp|NoOp@NoOp|NoOp@NoOp|NoOp@NoOp|NoOp@NoOp|Push(N,W)@Push(N,W)|NoOp@NoOp|NoOp@NoOp|NoOp@NoOp|NoOp@NoOp
1005480417:NoOp@NoOp|NoOp@NoOp|NoOp@NoOp|NoOp@NoOp|NoOp@NoOp|Move(E)@Move(E)|NoOp@NoOp|NoOp@NoOp|NoOp@NoOp|NoOp@NoOp
1005490208:Move(E)@Move(E)|NoOp@NoOp|NoOp@NoOp|NoOp@NoOp|NoOp@NoOp|NoOp@NoOp|NoOp@NoOp|NoOp@NoOp|NoOp@NoOp|NoOp@NoOp
1005500167:Move(E)@Move(E)|NoOp@NoOp|NoOp@NoOp|NoOp@NoOp|NoOp@NoOp|NoOp@NoOp|NoOp@NoOp|NoOp@NoOp|NoOp@NoOp|NoOp@NoOp
1005509917:Move(E)@Move(E)|NoOp@NoOp|NoOp@NoOp|NoOp@NoOp|NoOp@NoOp|NoOp@NoOp|NoOp@NoOp|NoOp@NoOp|NoOp@NoOp|NoOp@NoOp
1005521542:Move(E)@Move(E)|NoOp@NoOp|NoOp@NoOp|NoOp@NoOp|NoOp@NoOp|NoOp@NoOp|NoOp@NoOp|NoOp@NoOp|NoOp@NoOp|NoOp@NoOp
1005532208:Move(E)@Move(E)|NoOp@NoOp|NoOp@NoOp|NoOp@NoOp|NoOp@NoOp|NoOp@NoOp|NoOp@NoOp|NoOp@NoOp|NoOp@NoOp|NoOp@NoOp
1005542250:Move(E)@Move(E)|NoOp@NoOp|NoOp@NoOp|NoOp@NoOp|NoOp@NoOp|NoOp@NoOp|NoOp@NoOp|NoOp@NoOp|NoOp@NoOp|NoOp@NoOp
1005551958:Move(E)@Move(E)|NoOp@NoOp|NoOp@NoOp|NoOp@NoOp|NoOp@NoOp|NoOp@NoOp|NoOp@NoOp|NoOp@NoOp|NoOp@NoOp|NoOp@NoOp
1005562583:Move(E)@Move(E)|NoOp@NoOp|NoOp@NoOp|NoOp@NoOp|NoOp@NoOp|NoOp@NoOp|NoOp@NoOp|NoOp@NoOp|NoOp@NoOp|NoOp@NoOp
1005573583:Move(E)@Move(E)|NoOp@NoOp|NoOp@NoOp|NoOp@NoOp|NoOp@NoOp|NoOp@NoOp|NoOp@NoOp|NoOp@NoOp|NoOp@NoOp|NoOp@NoOp
1005583208:Move(E)@Move(E)|NoOp@NoOp|NoOp@NoOp|NoOp@NoOp|NoOp@NoOp|NoOp@NoOp|NoOp@NoOp|NoOp@NoOp|NoOp@NoOp|NoOp@NoOp
1005592792:Move(E)@Move(E)|NoOp@NoOp|NoOp@NoOp|NoOp@NoOp|NoOp@NoOp|NoOp@NoOp|NoOp@NoOp|NoOp@NoOp|NoOp@NoOp|NoOp@NoOp
1005604542:Move(E)@Move(E)|NoOp@NoOp|NoOp@NoOp|NoOp@NoOp|NoOp@NoOp|NoOp@NoOp|NoOp@NoOp|NoOp@NoOp|NoOp@NoOp|NoOp@NoOp
1005615542:Move(E)@Move(E)|NoOp@NoOp|NoOp@NoOp|NoOp@NoOp|NoOp@NoOp|NoOp@NoOp|NoOp@NoOp|NoOp@NoOp|NoOp@NoOp|NoOp@NoOp
1005625875:Move(E)@Move(E)|NoOp@NoOp|NoOp@NoOp|NoOp@NoOp|NoOp@NoOp|NoOp@NoOp|NoOp@NoOp|NoOp@NoOp|NoOp@NoOp|NoOp@NoOp
1005635292:Move(E)@Move(E)|NoOp@NoOp|NoOp@NoOp|NoOp@NoOp|NoOp@NoOp|NoOp@NoOp|NoOp@NoOp|NoOp@NoOp|NoOp@NoOp|NoOp@NoOp
1005647167:Move(E)@Move(E)|NoOp@NoOp|NoOp@NoOp|NoOp@NoOp|NoOp@NoOp|NoOp@NoOp|NoOp@NoOp|NoOp@NoOp|NoOp@NoOp|NoOp@NoOp
1005656708:Move(E)@Move(E)|NoOp@NoOp|NoOp@NoOp|NoOp@NoOp|NoOp@NoOp|NoOp@NoOp|NoOp@NoOp|NoOp@NoOp|NoOp@NoOp|NoOp@NoOp
1005668292:Move(E)@Move(E)|NoOp@NoOp|NoOp@NoOp|NoOp@NoOp|NoOp@NoOp|NoOp@NoOp|NoOp@NoOp|NoOp@NoOp|NoOp@NoOp|NoOp@NoOp
1005679125:Move(E)@Move(E)|NoOp@NoOp|NoOp@NoOp|NoOp@NoOp|NoOp@NoOp|NoOp@NoOp|NoOp@NoOp|NoOp@NoOp|NoOp@NoOp|NoOp@NoOp
1005688708:Move(E)@Move(E)|NoOp@NoOp|NoOp@NoOp|NoOp@NoOp|NoOp@NoOp|NoOp@NoOp|NoOp@NoOp|NoOp@NoOp|NoOp@NoOp|NoOp@NoOp
1005698000:Move(E)@Move(E)|NoOp@NoOp|NoOp@NoOp|NoOp@NoOp|NoOp@NoOp|NoOp@NoOp|NoOp@NoOp|NoOp@NoOp|NoOp@NoOp|NoOp@NoOp
1005710042:Move(E)@Move(E)|NoOp@NoOp|NoOp@NoOp|NoOp@NoOp|NoOp@NoOp|NoOp@NoOp|NoOp@NoOp|NoOp@NoOp|NoOp@NoOp|NoOp@NoOp
1005721208:Move(E)@Move(E)|NoOp@NoOp|NoOp@NoOp|NoOp@NoOp|NoOp@NoOp|NoOp@NoOp|NoOp@NoOp|NoOp@NoOp|NoOp@NoOp|NoOp@NoOp
1005734417:Move(S)@Move(S)|NoOp@NoOp|NoOp@NoOp|NoOp@NoOp|NoOp@NoOp|NoOp@NoOp|NoOp@NoOp|NoOp@NoOp|NoOp@NoOp|NoOp@NoOp
1005745667:Move(S)@Move(S)|NoOp@NoOp|NoOp@NoOp|NoOp@NoOp|NoOp@NoOp|NoOp@NoOp|NoOp@NoOp|NoOp@NoOp|NoOp@NoOp|NoOp@NoOp
1005755208:Move(S)@Move(S)|NoOp@NoOp|NoOp@NoOp|NoOp@NoOp|NoOp@NoOp|NoOp@NoOp|NoOp@NoOp|NoOp@NoOp|NoOp@NoOp|NoOp@NoOp
1005766625:Move(S)@Move(S)|NoOp@NoOp|NoOp@NoOp|NoOp@NoOp|NoOp@NoOp|NoOp@NoOp|NoOp@NoOp|NoOp@NoOp|NoOp@NoOp|NoOp@NoOp
1005778417:Move(E)@Move(E)|NoOp@NoOp|NoOp@NoOp|NoOp@NoOp|NoOp@NoOp|NoOp@NoOp|NoOp@NoOp|NoOp@NoOp|NoOp@NoOp|NoOp@NoOp
1005788250:Move(E)@Move(E)|NoOp@NoOp|NoOp@NoOp|NoOp@NoOp|NoOp@NoOp|NoOp@NoOp|NoOp@NoOp|NoOp@NoOp|NoOp@NoOp|NoOp@NoOp
1005798625:Move(E)@Move(E)|NoOp@NoOp|NoOp@NoOp|NoOp@NoOp|NoOp@NoOp|NoOp@NoOp|NoOp@NoOp|NoOp@NoOp|NoOp@NoOp|NoOp@NoOp
1005809625:Move(S)@Move(S)|NoOp@NoOp|NoOp@NoOp|NoOp@NoOp|NoOp@NoOp|NoOp@NoOp|NoOp@NoOp|NoOp@NoOp|NoOp@NoOp|NoOp@NoOp
1005818792:Move(S)@Move(S)|NoOp@NoOp|NoOp@NoOp|NoOp@NoOp|NoOp@NoOp|NoOp@NoOp|NoOp@NoOp|NoOp@NoOp|NoOp@NoOp|NoOp@NoOp
1005828083:Move(S)@Move(S)|NoOp@NoOp|NoOp@NoOp|NoOp@NoOp|NoOp@NoOp|NoOp@NoOp|NoOp@NoOp|NoOp@NoOp|NoOp@NoOp|NoOp@NoOp
1005840375:Move(E)@Move(E)|NoOp@NoOp|NoOp@NoOp|NoOp@NoOp|NoOp@NoOp|NoOp@NoOp|NoOp@NoOp|NoOp@NoOp|NoOp@NoOp|NoOp@NoOp
1005849917:Move(E)@Move(E)|NoOp@NoOp|NoOp@NoOp|NoOp@NoOp|NoOp@NoOp|NoOp@NoOp|NoOp@NoOp|NoOp@NoOp|NoOp@NoOp|NoOp@NoOp
1005862167:Move(E)@Move(E)|NoOp@NoOp|NoOp@NoOp|NoOp@NoOp|NoOp@NoOp|NoOp@NoOp|NoOp@NoOp|NoOp@NoOp|NoOp@NoOp|NoOp@NoOp
1005873083:Move(E)@Move(E)|NoOp@NoOp|NoOp@NoOp|NoOp@NoOp|NoOp@NoOp|NoOp@NoOp|NoOp@NoOp|NoOp@NoOp|NoOp@NoOp|NoOp@NoOp
1005882542:Move(N)@Move(N)|NoOp@NoOp|NoOp@NoOp|NoOp@NoOp|NoOp@NoOp|NoOp@NoOp|NoOp@NoOp|NoOp@NoOp|NoOp@NoOp|NoOp@NoOp
1005893917:Move(N)@Move(N)|NoOp@NoOp|NoOp@NoOp|NoOp@NoOp|NoOp@NoOp|NoOp@NoOp|NoOp@NoOp|NoOp@NoOp|NoOp@NoOp|NoOp@NoOp
1005904250:Move(N)@Move(N)|NoOp@NoOp|NoOp@NoOp|NoOp@NoOp|NoOp@NoOp|NoOp@NoOp|NoOp@NoOp|NoOp@NoOp|NoOp@NoOp|NoOp@NoOp
1005925292:Move(N)@Move(N)|NoOp@NoOp|NoOp@NoOp|NoOp@NoOp|NoOp@NoOp|NoOp@NoOp|NoOp@NoOp|NoOp@NoOp|NoOp@NoOp|NoOp@NoOp
1005938708:Push(N,E)@Push(N,E)|NoOp@NoOp|NoOp@NoOp|NoOp@NoOp|NoOp@NoOp|NoOp@NoOp|NoOp@NoOp|NoOp@NoOp|NoOp@NoOp|NoOp@NoOp
1005954250:Move(S)@Move(S)|NoOp@NoOp|NoOp@NoOp|NoOp@NoOp|NoOp@NoOp|NoOp@NoOp|NoOp@NoOp|NoOp@NoOp|NoOp@NoOp|NoOp@NoOp
1005971833:Move(S)@Move(S)|NoOp@NoOp|NoOp@NoOp|NoOp@NoOp|NoOp@NoOp|NoOp@NoOp|NoOp@NoOp|NoOp@NoOp|NoOp@NoOp|NoOp@NoOp
1005988250:Move(S)@Move(S)|NoOp@NoOp|NoOp@NoOp|NoOp@NoOp|NoOp@NoOp|NoOp@NoOp|NoOp@NoOp|NoOp@NoOp|NoOp@NoOp|NoOp@NoOp
1005999833:Move(S)@Move(S)|NoOp@NoOp|NoOp@NoOp|NoOp@NoOp|NoOp@NoOp|NoOp@NoOp|NoOp@NoOp|NoOp@NoOp|NoOp@NoOp|NoOp@NoOp
1006011458:Move(S)@Move(S)|NoOp@NoOp|NoOp@NoOp|NoOp@NoOp|NoOp@NoOp|NoOp@NoOp|NoOp@NoOp|NoOp@NoOp|NoOp@NoOp|NoOp@NoOp
1006021583:Move(E)@Move(E)|NoOp@NoOp|NoOp@NoOp|NoOp@NoOp|NoOp@NoOp|NoOp@NoOp|NoOp@NoOp|NoOp@NoOp|NoOp@NoOp|NoOp@NoOp
1006035250:NoOp@NoOp|NoOp@NoOp|NoOp@NoOp|NoOp@NoOp|NoOp@NoOp|NoOp@NoOp|NoOp@NoOp|NoOp@NoOp|NoOp@NoOp|Move(N)@Move(N)
1006050375:NoOp@NoOp|NoOp@NoOp|NoOp@NoOp|NoOp@NoOp|NoOp@NoOp|NoOp@NoOp|NoOp@NoOp|NoOp@NoOp|NoOp@NoOp|Move(E)@Move(E)
1006068625:NoOp@NoOp|NoOp@NoOp|NoOp@NoOp|NoOp@NoOp|NoOp@NoOp|NoOp@NoOp|NoOp@NoOp|NoOp@NoOp|NoOp@NoOp|Move(N)@Move(N)
1006101917:NoOp@NoOp|NoOp@NoOp|NoOp@NoOp|NoOp@NoOp|NoOp@NoOp|NoOp@NoOp|NoOp@NoOp|NoOp@NoOp|NoOp@NoOp|Move(N)@Move(N)
1006119333:NoOp@NoOp|NoOp@NoOp|NoOp@NoOp|NoOp@NoOp|NoOp@NoOp|NoOp@NoOp|NoOp@NoOp|NoOp@NoOp|NoOp@NoOp|Move(N)@Move(N)
1006136000:NoOp@NoOp|NoOp@NoOp|NoOp@NoOp|NoOp@NoOp|NoOp@NoOp|NoOp@NoOp|NoOp@NoOp|NoOp@NoOp|NoOp@NoOp|Move(N)@Move(N)
1006150458:NoOp@NoOp|NoOp@NoOp|NoOp@NoOp|NoOp@NoOp|NoOp@NoOp|NoOp@NoOp|NoOp@NoOp|NoOp@NoOp|NoOp@NoOp|Move(N)@Move(N)
1006162750:NoOp@NoOp|NoOp@NoOp|NoOp@NoOp|NoOp@NoOp|NoOp@NoOp|NoOp@NoOp|NoOp@NoOp|NoOp@NoOp|NoOp@NoOp|Move(N)@Move(N)
1006173167:NoOp@NoOp|NoOp@NoOp|NoOp@NoOp|NoOp@NoOp|NoOp@NoOp|NoOp@NoOp|NoOp@NoOp|NoOp@NoOp|NoOp@NoOp|Move(N)@Move(N)
1006186708:NoOp@NoOp|NoOp@NoOp|NoOp@NoOp|NoOp@NoOp|NoOp@NoOp|NoOp@NoOp|NoOp@NoOp|NoOp@NoOp|NoOp@NoOp|Move(N)@Move(N)
1006198125:NoOp@NoOp|NoOp@NoOp|NoOp@NoOp|NoOp@NoOp|NoOp@NoOp|NoOp@NoOp|NoOp@NoOp|NoOp@NoOp|NoOp@NoOp|Move(N)@Move(N)
1006234917:NoOp@NoOp|NoOp@NoOp|NoOp@NoOp|NoOp@NoOp|NoOp@NoOp|NoOp@NoOp|NoOp@NoOp|NoOp@NoOp|NoOp@NoOp|Move(N)@Move(N)
1006267333:NoOp@NoOp|NoOp@NoOp|NoOp@NoOp|NoOp@NoOp|NoOp@NoOp|NoOp@NoOp|NoOp@NoOp|NoOp@NoOp|NoOp@NoOp|Move(W)@Move(W)
1006277000:NoOp@NoOp|NoOp@NoOp|NoOp@NoOp|NoOp@NoOp|NoOp@NoOp|NoOp@NoOp|NoOp@NoOp|NoOp@NoOp|NoOp@NoOp|Move(N)@Move(N)
1006284958:NoOp@NoOp|NoOp@NoOp|NoOp@NoOp|NoOp@NoOp|NoOp@NoOp|NoOp@NoOp|NoOp@NoOp|NoOp@NoOp|NoOp@NoOp|Move(N)@Move(N)
1006297500:NoOp@NoOp|NoOp@NoOp|NoOp@NoOp|NoOp@NoOp|NoOp@NoOp|NoOp@NoOp|NoOp@NoOp|NoOp@NoOp|NoOp@NoOp|Move(N)@Move(N)
1006312375:NoOp@NoOp|NoOp@NoOp|NoOp@NoOp|NoOp@NoOp|NoOp@NoOp|NoOp@NoOp|NoOp@NoOp|NoOp@NoOp|NoOp@NoOp|Move(N)@Move(N)
1006322708:NoOp@NoOp|NoOp@NoOp|NoOp@NoOp|NoOp@NoOp|NoOp@NoOp|NoOp@NoOp|NoOp@NoOp|NoOp@NoOp|NoOp@NoOp|Move(N)@Move(N)
1006334250:NoOp@NoOp|NoOp@NoOp|NoOp@NoOp|NoOp@NoOp|NoOp@NoOp|NoOp@NoOp|NoOp@NoOp|NoOp@NoOp|NoOp@NoOp|Move(N)@Move(N)
1006347167:NoOp@NoOp|NoOp@NoOp|NoOp@NoOp|NoOp@NoOp|NoOp@NoOp|NoOp@NoOp|NoOp@NoOp|NoOp@NoOp|NoOp@NoOp|Move(W)@Move(W)
1006355875:NoOp@NoOp|NoOp@NoOp|NoOp@NoOp|NoOp@NoOp|NoOp@NoOp|NoOp@NoOp|NoOp@NoOp|NoOp@NoOp|NoOp@NoOp|Move(N)@Move(N)
1006367917:NoOp@NoOp|NoOp@NoOp|NoOp@NoOp|NoOp@NoOp|NoOp@NoOp|NoOp@NoOp|NoOp@NoOp|NoOp@NoOp|NoOp@NoOp|Move(N)@Move(N)
1006380667:NoOp@NoOp|NoOp@NoOp|NoOp@NoOp|NoOp@NoOp|NoOp@NoOp|NoOp@NoOp|NoOp@NoOp|NoOp@NoOp|NoOp@NoOp|Move(N)@Move(N)
1006406083:NoOp@NoOp|NoOp@NoOp|NoOp@NoOp|NoOp@NoOp|NoOp@NoOp|NoOp@NoOp|NoOp@NoOp|NoOp@NoOp|NoOp@NoOp|Move(N)@Move(N)
1006433667:NoOp@NoOp|NoOp@NoOp|NoOp@NoOp|NoOp@NoOp|NoOp@NoOp|NoOp@NoOp|NoOp@NoOp|NoOp@NoOp|NoOp@NoOp|Move(N)@Move(N)
1006445542:NoOp@NoOp|NoOp@NoOp|NoOp@NoOp|NoOp@NoOp|NoOp@NoOp|NoOp@NoOp|NoOp@NoOp|NoOp@NoOp|NoOp@NoOp|Move(N)@Move(N)
1006472375:NoOp@NoOp|NoOp@NoOp|NoOp@NoOp|NoOp@NoOp|NoOp@NoOp|NoOp@NoOp|NoOp@NoOp|NoOp@NoOp|NoOp@NoOp|Move(N)@Move(N)
1006561292:NoOp@NoOp|NoOp@NoOp|NoOp@NoOp|NoOp@NoOp|NoOp@NoOp|NoOp@NoOp|NoOp@NoOp|NoOp@NoOp|NoOp@NoOp|Move(N)@Move(N)
1006591292:NoOp@NoOp|NoOp@NoOp|NoOp@NoOp|NoOp@NoOp|NoOp@NoOp|NoOp@NoOp|NoOp@NoOp|NoOp@NoOp|NoOp@NoOp|Move(W)@Move(W)
1006616583:NoOp@NoOp|NoOp@NoOp|NoOp@NoOp|NoOp@NoOp|NoOp@NoOp|NoOp@NoOp|NoOp@NoOp|NoOp@NoOp|NoOp@NoOp|Move(W)@Move(W)
1006655917:NoOp@NoOp|NoOp@NoOp|NoOp@NoOp|NoOp@NoOp|NoOp@NoOp|NoOp@NoOp|NoOp@NoOp|NoOp@NoOp|NoOp@NoOp|Move(W)@Move(W)
1006667667:NoOp@NoOp|NoOp@NoOp|NoOp@NoOp|NoOp@NoOp|NoOp@NoOp|NoOp@NoOp|NoOp@NoOp|NoOp@NoOp|NoOp@NoOp|Move(W)@Move(W)
1006698792:NoOp@NoOp|NoOp@NoOp|NoOp@NoOp|NoOp@NoOp|NoOp@NoOp|NoOp@NoOp|NoOp@NoOp|NoOp@NoOp|NoOp@NoOp|Move(S)@Move(S)
1006707792:NoOp@NoOp|NoOp@NoOp|NoOp@NoOp|NoOp@NoOp|NoOp@NoOp|NoOp@NoOp|NoOp@NoOp|NoOp@NoOp|NoOp@NoOp|Move(W)@Move(W)
1006720125:NoOp@NoOp|NoOp@NoOp|NoOp@NoOp|NoOp@NoOp|NoOp@NoOp|NoOp@NoOp|NoOp@NoOp|NoOp@NoOp|NoOp@NoOp|Move(W)@Move(W)
1006731208:NoOp@NoOp|NoOp@NoOp|NoOp@NoOp|NoOp@NoOp|NoOp@NoOp|NoOp@NoOp|NoOp@NoOp|NoOp@NoOp|NoOp@NoOp|Move(W)@Move(W)
1006741583:NoOp@NoOp|NoOp@NoOp|NoOp@NoOp|NoOp@NoOp|NoOp@NoOp|NoOp@NoOp|NoOp@NoOp|NoOp@NoOp|NoOp@NoOp|Move(S)@Move(S)
1006750333:NoOp@NoOp|NoOp@NoOp|NoOp@NoOp|NoOp@NoOp|NoOp@NoOp|NoOp@NoOp|NoOp@NoOp|NoOp@NoOp|NoOp@NoOp|Move(S)@Move(S)
1006762708:NoOp@NoOp|NoOp@NoOp|NoOp@NoOp|NoOp@NoOp|NoOp@NoOp|NoOp@NoOp|NoOp@NoOp|NoOp@NoOp|NoOp@NoOp|Move(S)@Move(S)
1006773167:NoOp@NoOp|NoOp@NoOp|NoOp@NoOp|NoOp@NoOp|NoOp@NoOp|NoOp@NoOp|NoOp@NoOp|NoOp@NoOp|NoOp@NoOp|Move(S)@Move(S)
1006784625:NoOp@NoOp|NoOp@NoOp|NoOp@NoOp|NoOp@NoOp|NoOp@NoOp|NoOp@NoOp|NoOp@NoOp|NoOp@NoOp|NoOp@NoOp|Move(S)@Move(S)
1006796833:NoOp@NoOp|NoOp@NoOp|NoOp@NoOp|NoOp@NoOp|NoOp@NoOp|NoOp@NoOp|NoOp@NoOp|NoOp@NoOp|NoOp@NoOp|Move(S)@Move(S)
1006805458:NoOp@NoOp|NoOp@NoOp|NoOp@NoOp|NoOp@NoOp|NoOp@NoOp|NoOp@NoOp|NoOp@NoOp|NoOp@NoOp|NoOp@NoOp|Move(S)@Move(S)
1006817125:NoOp@NoOp|NoOp@NoOp|NoOp@NoOp|NoOp@NoOp|NoOp@NoOp|NoOp@NoOp|NoOp@NoOp|NoOp@NoOp|NoOp@NoOp|Move(E)@Move(E)
1006828167:NoOp@NoOp|NoOp@NoOp|NoOp@NoOp|NoOp@NoOp|NoOp@NoOp|NoOp@NoOp|NoOp@NoOp|NoOp@NoOp|NoOp@NoOp|Pull(W,W)@Pull(W,W)
1006838458:NoOp@NoOp|NoOp@NoOp|NoOp@NoOp|NoOp@NoOp|NoOp@NoOp|NoOp@NoOp|NoOp@NoOp|NoOp@NoOp|NoOp@NoOp|Pull(W,W)@Pull(W,W)
1006850000:NoOp@NoOp|NoOp@NoOp|NoOp@NoOp|NoOp@NoOp|NoOp@NoOp|NoOp@NoOp|NoOp@NoOp|NoOp@NoOp|NoOp@NoOp|Push(E,N)@Push(E,N)
1006862750:NoOp@NoOp|NoOp@NoOp|NoOp@NoOp|NoOp@NoOp|NoOp@NoOp|NoOp@NoOp|NoOp@NoOp|NoOp@NoOp|NoOp@NoOp|Push(N,N)@Push(N,N)
1006873125:NoOp@NoOp|NoOp@NoOp|NoOp@NoOp|NoOp@NoOp|NoOp@NoOp|NoOp@NoOp|NoOp@NoOp|NoOp@NoOp|NoOp@NoOp|Push(N,N)@Push(N,N)
1006881958:NoOp@NoOp|NoOp@NoOp|NoOp@NoOp|NoOp@NoOp|NoOp@NoOp|NoOp@NoOp|NoOp@NoOp|NoOp@NoOp|NoOp@NoOp|Push(N,N)@Push(N,N)
1006894458:NoOp@NoOp|NoOp@NoOp|NoOp@NoOp|NoOp@NoOp|NoOp@NoOp|NoOp@NoOp|NoOp@NoOp|NoOp@NoOp|NoOp@NoOp|Push(N,N)@Push(N,N)
1006906625:NoOp@NoOp|NoOp@NoOp|NoOp@NoOp|NoOp@NoOp|NoOp@NoOp|NoOp@NoOp|NoOp@NoOp|NoOp@NoOp|NoOp@NoOp|Push(N,N)@Push(N,N)
1006918208:NoOp@NoOp|NoOp@NoOp|NoOp@NoOp|NoOp@NoOp|NoOp@NoOp|NoOp@NoOp|NoOp@NoOp|NoOp@NoOp|NoOp@NoOp|Push(N,N)@Push(N,N)
1006930042:NoOp@NoOp|NoOp@NoOp|NoOp@NoOp|NoOp@NoOp|NoOp@NoOp|NoOp@NoOp|NoOp@NoOp|NoOp@NoOp|NoOp@NoOp|Push(N,E)@Push(N,E)
1006939375:NoOp@NoOp|NoOp@NoOp|NoOp@NoOp|NoOp@NoOp|NoOp@NoOp|NoOp@NoOp|NoOp@NoOp|NoOp@NoOp|NoOp@NoOp|Push(E,E)@Push(E,E)
1006951833:NoOp@NoOp|NoOp@NoOp|NoOp@NoOp|NoOp@NoOp|NoOp@NoOp|NoOp@NoOp|NoOp@NoOp|NoOp@NoOp|NoOp@NoOp|Push(E,E)@Push(E,E)
1006979250:NoOp@NoOp|NoOp@NoOp|NoOp@NoOp|NoOp@NoOp|NoOp@NoOp|NoOp@NoOp|NoOp@NoOp|NoOp@NoOp|NoOp@NoOp|Push(E,N)@Push(E,N)
1006995042:NoOp@NoOp|NoOp@NoOp|NoOp@NoOp|NoOp@NoOp|NoOp@NoOp|NoOp@NoOp|NoOp@NoOp|NoOp@NoOp|NoOp@NoOp|Push(N,E)@Push(N,E)
1007007292:NoOp@NoOp|NoOp@NoOp|NoOp@NoOp|NoOp@NoOp|NoOp@NoOp|NoOp@NoOp|NoOp@NoOp|NoOp@NoOp|NoOp@NoOp|Push(E,E)@Push(E,E)
1007018750:NoOp@NoOp|NoOp@NoOp|NoOp@NoOp|NoOp@NoOp|NoOp@NoOp|NoOp@NoOp|NoOp@NoOp|NoOp@NoOp|NoOp@NoOp|Push(E,E)@Push(E,E)
1007035167:NoOp@NoOp|NoOp@NoOp|NoOp@NoOp|NoOp@NoOp|NoOp@NoOp|NoOp@NoOp|NoOp@NoOp|NoOp@NoOp|NoOp@NoOp|Push(E,S)@Push(E,S)
1007093625:NoOp@NoOp|NoOp@NoOp|NoOp@NoOp|NoOp@NoOp|NoOp@NoOp|NoOp@NoOp|NoOp@NoOp|NoOp@NoOp|NoOp@NoOp|Push(S,E)@Push(S,E)
1007105042:NoOp@NoOp|NoOp@NoOp|NoOp@NoOp|NoOp@NoOp|NoOp@NoOp|NoOp@NoOp|NoOp@NoOp|NoOp@NoOp|NoOp@NoOp|Push(E,E)@Push(E,E)
1007117250:NoOp@NoOp|NoOp@NoOp|NoOp@NoOp|NoOp@NoOp|NoOp@NoOp|NoOp@NoOp|NoOp@NoOp|NoOp@NoOp|NoOp@NoOp|Push(E,E)@Push(E,E)
1007146625:NoOp@NoOp|NoOp@NoOp|NoOp@NoOp|NoOp@NoOp|NoOp@NoOp|NoOp@NoOp|NoOp@NoOp|NoOp@NoOp|NoOp@NoOp|Push(E,S)@Push(E,S)
1007156333:NoOp@NoOp|NoOp@NoOp|NoOp@NoOp|NoOp@NoOp|NoOp@NoOp|NoOp@NoOp|NoOp@NoOp|NoOp@NoOp|NoOp@NoOp|Push(S,S)@Push(S,S)
1007167833:NoOp@NoOp|NoOp@NoOp|NoOp@NoOp|NoOp@NoOp|NoOp@NoOp|NoOp@NoOp|NoOp@NoOp|NoOp@NoOp|NoOp@NoOp|Push(S,S)@Push(S,S)
1007179792:NoOp@NoOp|NoOp@NoOp|NoOp@NoOp|NoOp@NoOp|NoOp@NoOp|NoOp@NoOp|NoOp@NoOp|NoOp@NoOp|NoOp@NoOp|Push(S,E)@Push(S,E)
1007188542:NoOp@NoOp|NoOp@NoOp|NoOp@NoOp|NoOp@NoOp|NoOp@NoOp|NoOp@NoOp|NoOp@NoOp|NoOp@NoOp|NoOp@NoOp|Push(E,E)@Push(E,E)
1007200458:NoOp@NoOp|NoOp@NoOp|NoOp@NoOp|NoOp@NoOp|NoOp@NoOp|NoOp@NoOp|NoOp@NoOp|NoOp@NoOp|NoOp@NoOp|Push(E,E)@Push(E,E)
1007210792:NoOp@NoOp|NoOp@NoOp|NoOp@NoOp|NoOp@NoOp|NoOp@NoOp|NoOp@NoOp|NoOp@NoOp|NoOp@NoOp|NoOp@NoOp|Push(E,E)@Push(E,E)
1007223083:NoOp@NoOp|NoOp@NoOp|NoOp@NoOp|NoOp@NoOp|NoOp@NoOp|NoOp@NoOp|NoOp@NoOp|NoOp@NoOp|NoOp@NoOp|Push(E,N)@Push(E,N)
1007240042:NoOp@NoOp|NoOp@NoOp|NoOp@NoOp|NoOp@NoOp|NoOp@NoOp|NoOp@NoOp|NoOp@NoOp|NoOp@NoOp|NoOp@NoOp|Push(N,N)@Push(N,N)
1007268792:NoOp@NoOp|NoOp@NoOp|NoOp@NoOp|NoOp@NoOp|NoOp@NoOp|NoOp@NoOp|NoOp@NoOp|NoOp@NoOp|NoOp@NoOp|Push(N,N)@Push(N,N)
1007279958:NoOp@NoOp|NoOp@NoOp|NoOp@NoOp|NoOp@NoOp|NoOp@NoOp|NoOp@NoOp|NoOp@NoOp|NoOp@NoOp|NoOp@NoOp|Push(N,N)@Push(N,N)
1007293292:NoOp@NoOp|NoOp@NoOp|NoOp@NoOp|NoOp@NoOp|NoOp@NoOp|NoOp@NoOp|NoOp@NoOp|NoOp@NoOp|NoOp@NoOp|Push(N,N)@Push(N,N)
1007304875:NoOp@NoOp|NoOp@NoOp|NoOp@NoOp|NoOp@NoOp|NoOp@NoOp|NoOp@NoOp|NoOp@NoOp|NoOp@NoOp|NoOp@NoOp|Move(S)@Move(S)
1007315000:NoOp@NoOp|NoOp@NoOp|NoOp@NoOp|NoOp@NoOp|NoOp@NoOp|NoOp@NoOp|NoOp@NoOp|NoOp@NoOp|NoOp@NoOp|Move(S)@Move(S)
1007326875:NoOp@NoOp|NoOp@NoOp|NoOp@NoOp|NoOp@NoOp|NoOp@NoOp|NoOp@NoOp|NoOp@NoOp|NoOp@NoOp|NoOp@NoOp|Move(S)@Move(S)
1007338750:NoOp@NoOp|NoOp@NoOp|NoOp@NoOp|NoOp@NoOp|NoOp@NoOp|NoOp@NoOp|NoOp@NoOp|NoOp@NoOp|NoOp@NoOp|Move(S)@Move(S)
1007350417:NoOp@NoOp|NoOp@NoOp|NoOp@NoOp|NoOp@NoOp|NoOp@NoOp|NoOp@NoOp|NoOp@NoOp|NoOp@NoOp|NoOp@NoOp|Move(W)@Move(W)
1007362375:NoOp@NoOp|NoOp@NoOp|NoOp@NoOp|NoOp@NoOp|NoOp@NoOp|NoOp@NoOp|NoOp@NoOp|NoOp@NoOp|NoOp@NoOp|Move(W)@Move(W)
1007379292:NoOp@NoOp|NoOp@NoOp|NoOp@NoOp|NoOp@NoOp|NoOp@NoOp|NoOp@NoOp|NoOp@NoOp|NoOp@NoOp|NoOp@NoOp|Move(N)@Move(N)
1007398958:NoOp@NoOp|NoOp@NoOp|NoOp@NoOp|NoOp@NoOp|NoOp@NoOp|NoOp@NoOp|NoOp@NoOp|NoOp@NoOp|NoOp@NoOp|Move(S)@Move(S)
1007408417:NoOp@NoOp|NoOp@NoOp|NoOp@NoOp|NoOp@NoOp|NoOp@NoOp|NoOp@NoOp|NoOp@NoOp|NoOp@NoOp|NoOp@NoOp|Move(E)@Move(E)
1007420000:NoOp@NoOp|NoOp@NoOp|NoOp@NoOp|NoOp@NoOp|NoOp@NoOp|NoOp@NoOp|NoOp@NoOp|NoOp@NoOp|NoOp@NoOp|Move(E)@Move(E)
1007429708:NoOp@NoOp|NoOp@NoOp|NoOp@NoOp|NoOp@NoOp|NoOp@NoOp|NoOp@NoOp|NoOp@NoOp|NoOp@NoOp|NoOp@NoOp|Move(N)@Move(N)
1007438500:NoOp@NoOp|NoOp@NoOp|NoOp@NoOp|NoOp@NoOp|NoOp@NoOp|NoOp@NoOp|NoOp@NoOp|NoOp@NoOp|NoOp@NoOp|Move(N)@Move(N)
1007450167:NoOp@NoOp|NoOp@NoOp|NoOp@NoOp|NoOp@NoOp|NoOp@NoOp|NoOp@NoOp|NoOp@NoOp|NoOp@NoOp|NoOp@NoOp|Move(N)@Move(N)
1007460708:NoOp@NoOp|NoOp@NoOp|NoOp@NoOp|NoOp@NoOp|NoOp@NoOp|NoOp@NoOp|NoOp@NoOp|NoOp@NoOp|NoOp@NoOp|Move(N)@Move(N)
1007469708:NoOp@NoOp|NoOp@NoOp|NoOp@NoOp|NoOp@NoOp|NoOp@NoOp|NoOp@NoOp|NoOp@NoOp|NoOp@NoOp|NoOp@NoOp|Pull(S,S)@Pull(S,S)
1007481167:NoOp@NoOp|NoOp@NoOp|NoOp@NoOp|NoOp@NoOp|NoOp@NoOp|NoOp@NoOp|NoOp@NoOp|NoOp@NoOp|NoOp@NoOp|Pull(S,S)@Pull(S,S)
1007492958:NoOp@NoOp|NoOp@NoOp|NoOp@NoOp|NoOp@NoOp|NoOp@NoOp|NoOp@NoOp|NoOp@NoOp|NoOp@NoOp|NoOp@NoOp|Pull(S,S)@Pull(S,S)
1007501083:NoOp@NoOp|NoOp@NoOp|NoOp@NoOp|NoOp@NoOp|NoOp@NoOp|NoOp@NoOp|NoOp@NoOp|NoOp@NoOp|NoOp@NoOp|Pull(S,S)@Pull(S,S)
1007517292:NoOp@NoOp|NoOp@NoOp|NoOp@NoOp|NoOp@NoOp|NoOp@NoOp|NoOp@NoOp|NoOp@NoOp|NoOp@NoOp|NoOp@NoOp|Pull(W,S)@Pull(W,S)
1007528917:NoOp@NoOp|NoOp@NoOp|NoOp@NoOp|NoOp@NoOp|NoOp@NoOp|NoOp@NoOp|NoOp@NoOp|NoOp@NoOp|NoOp@NoOp|Pull(W,W)@Pull(W,W)
1007539875:NoOp@NoOp|NoOp@NoOp|NoOp@NoOp|NoOp@NoOp|NoOp@NoOp|NoOp@NoOp|NoOp@NoOp|NoOp@NoOp|NoOp@NoOp|Pull(W,W)@Pull(W,W)
1007551833:NoOp@NoOp|NoOp@NoOp|NoOp@NoOp|NoOp@NoOp|NoOp@NoOp|NoOp@NoOp|NoOp@NoOp|NoOp@NoOp|NoOp@NoOp|Push(E,S)@Push(E,S)
1007561458:NoOp@NoOp|NoOp@NoOp|NoOp@NoOp|NoOp@NoOp|NoOp@NoOp|NoOp@NoOp|NoOp@NoOp|NoOp@NoOp|NoOp@NoOp|Push(S,S)@Push(S,S)
1007572375:NoOp@NoOp|NoOp@NoOp|NoOp@NoOp|NoOp@NoOp|NoOp@NoOp|NoOp@NoOp|NoOp@NoOp|NoOp@NoOp|NoOp@NoOp|Push(S,S)@Push(S,S)
1007583958:NoOp@NoOp|NoOp@NoOp|NoOp@NoOp|NoOp@NoOp|NoOp@NoOp|NoOp@NoOp|NoOp@NoOp|NoOp@NoOp|NoOp@NoOp|Push(S,S)@Push(S,S)
1007592833:NoOp@NoOp|NoOp@NoOp|NoOp@NoOp|NoOp@NoOp|NoOp@NoOp|NoOp@NoOp|NoOp@NoOp|NoOp@NoOp|NoOp@NoOp|Push(S,S)@Push(S,S)
1007610292:NoOp@NoOp|NoOp@NoOp|NoOp@NoOp|NoOp@NoOp|NoOp@NoOp|NoOp@NoOp|NoOp@NoOp|NoOp@NoOp|NoOp@NoOp|Push(S,E)@Push(S,E)
1007626750:NoOp@NoOp|NoOp@NoOp|NoOp@NoOp|NoOp@NoOp|NoOp@NoOp|NoOp@NoOp|NoOp@NoOp|NoOp@NoOp|NoOp@NoOp|Push(E,E)@Push(E,E)
1007641458:NoOp@NoOp|NoOp@NoOp|NoOp@NoOp|NoOp@NoOp|NoOp@NoOp|NoOp@NoOp|NoOp@NoOp|NoOp@NoOp|NoOp@NoOp|Push(E,E)@Push(E,E)
1007658125:NoOp@NoOp|NoOp@NoOp|NoOp@NoOp|NoOp@NoOp|NoOp@NoOp|NoOp@NoOp|NoOp@NoOp|NoOp@NoOp|NoOp@NoOp|Push(E,E)@Push(E,E)
1007716875:NoOp@NoOp|NoOp@NoOp|NoOp@NoOp|NoOp@NoOp|NoOp@NoOp|NoOp@NoOp|NoOp@NoOp|NoOp@NoOp|NoOp@NoOp|Push(E,E)@Push(E,E)
1007752792:NoOp@NoOp|NoOp@NoOp|NoOp@NoOp|NoOp@NoOp|NoOp@NoOp|NoOp@NoOp|NoOp@NoOp|NoOp@NoOp|NoOp@NoOp|Push(E,E)@Push(E,E)
1007766792:NoOp@NoOp|NoOp@NoOp|NoOp@NoOp|NoOp@NoOp|NoOp@NoOp|NoOp@NoOp|NoOp@NoOp|NoOp@NoOp|NoOp@NoOp|Push(E,E)@Push(E,E)
1007781833:NoOp@NoOp|NoOp@NoOp|NoOp@NoOp|NoOp@NoOp|NoOp@NoOp|NoOp@NoOp|NoOp@NoOp|NoOp@NoOp|NoOp@NoOp|Push(E,E)@Push(E,E)
1007794833:NoOp@NoOp|NoOp@NoOp|NoOp@NoOp|NoOp@NoOp|NoOp@NoOp|NoOp@NoOp|NoOp@NoOp|NoOp@NoOp|NoOp@NoOp|Push(E,E)@Push(E,E)
1007804125:NoOp@NoOp|NoOp@NoOp|NoOp@NoOp|NoOp@NoOp|NoOp@NoOp|NoOp@NoOp|NoOp@NoOp|NoOp@NoOp|NoOp@NoOp|Push(E,E)@Push(E,E)
1007812125:NoOp@NoOp|NoOp@NoOp|NoOp@NoOp|NoOp@NoOp|NoOp@NoOp|NoOp@NoOp|NoOp@NoOp|NoOp@NoOp|NoOp@NoOp|Push(E,N)@Push(E,N)
1007820250:NoOp@NoOp|NoOp@NoOp|NoOp@NoOp|NoOp@NoOp|NoOp@NoOp|NoOp@NoOp|NoOp@NoOp|NoOp@NoOp|NoOp@NoOp|Push(N,E)@Push(N,E)
1007828917:NoOp@NoOp|NoOp@NoOp|NoOp@NoOp|NoOp@NoOp|NoOp@NoOp|NoOp@NoOp|NoOp@NoOp|NoOp@NoOp|NoOp@NoOp|Push(E,E)@Push(E,E)
1007837417:NoOp@NoOp|NoOp@NoOp|NoOp@NoOp|NoOp@NoOp|NoOp@NoOp|NoOp@NoOp|NoOp@NoOp|NoOp@NoOp|NoOp@NoOp|Push(E,E)@Push(E,E)
1007845625:NoOp@NoOp|NoOp@NoOp|NoOp@NoOp|NoOp@NoOp|NoOp@NoOp|NoOp@NoOp|NoOp@NoOp|NoOp@NoOp|NoOp@NoOp|Push(E,N)@Push(E,N)
1007853917:NoOp@NoOp|NoOp@NoOp|NoOp@NoOp|NoOp@NoOp|NoOp@NoOp|NoOp@NoOp|NoOp@NoOp|NoOp@NoOp|NoOp@NoOp|Push(N,N)@Push(N,N)
1007861958:NoOp@NoOp|NoOp@NoOp|NoOp@NoOp|NoOp@NoOp|NoOp@NoOp|NoOp@NoOp|NoOp@NoOp|NoOp@NoOp|NoOp@NoOp|Push(N,N)@Push(N,N)
1007870250:NoOp@NoOp|NoOp@NoOp|NoOp@NoOp|NoOp@NoOp|NoOp@NoOp|NoOp@NoOp|NoOp@NoOp|NoOp@NoOp|NoOp@NoOp|Push(N,N)@Push(N,N)
1007878625:NoOp@NoOp|NoOp@NoOp|NoOp@NoOp|NoOp@NoOp|NoOp@NoOp|NoOp@NoOp|NoOp@NoOp|NoOp@NoOp|NoOp@NoOp|Push(N,N)@Push(N,N)
1007887125:NoOp@NoOp|NoOp@NoOp|NoOp@NoOp|NoOp@NoOp|NoOp@NoOp|NoOp@NoOp|NoOp@NoOp|NoOp@NoOp|NoOp@NoOp|Push(N,N)@Push(N,N)
1007895292:NoOp@NoOp|NoOp@NoOp|NoOp@NoOp|NoOp@NoOp|NoOp@NoOp|NoOp@NoOp|NoOp@NoOp|NoOp@NoOp|NoOp@NoOp|Push(N,N)@Push(N,N)
1007904000:NoOp@NoOp|NoOp@NoOp|NoOp@NoOp|NoOp@NoOp|NoOp@NoOp|NoOp@NoOp|NoOp@NoOp|NoOp@NoOp|NoOp@NoOp|Push(N,N)@Push(N,N)
1007914208:NoOp@NoOp|NoOp@NoOp|NoOp@NoOp|NoOp@NoOp|NoOp@NoOp|NoOp@NoOp|NoOp@NoOp|NoOp@NoOp|NoOp@NoOp|Push(N,N)@Push(N,N)
1007925500:NoOp@NoOp|NoOp@NoOp|NoOp@NoOp|NoOp@NoOp|NoOp@NoOp|NoOp@NoOp|NoOp@NoOp|NoOp@NoOp|NoOp@NoOp|Push(N,W)@Push(N,W)
1007934458:NoOp@NoOp|NoOp@NoOp|NoOp@NoOp|NoOp@NoOp|NoOp@NoOp|NoOp@NoOp|NoOp@NoOp|NoOp@NoOp|NoOp@NoOp|Push(W,W)@Push(W,W)
1007943458:NoOp@NoOp|NoOp@NoOp|NoOp@NoOp|NoOp@NoOp|NoOp@NoOp|NoOp@NoOp|NoOp@NoOp|NoOp@NoOp|NoOp@NoOp|Push(W,W)@Push(W,W)
1007951458:NoOp@NoOp|NoOp@NoOp|NoOp@NoOp|NoOp@NoOp|NoOp@NoOp|NoOp@NoOp|NoOp@NoOp|NoOp@NoOp|NoOp@NoOp|Push(W,W)@Push(W,W)
1007962042:NoOp@NoOp|NoOp@NoOp|NoOp@NoOp|NoOp@NoOp|NoOp@NoOp|NoOp@NoOp|NoOp@NoOp|NoOp@NoOp|NoOp@NoOp|Push(W,W)@Push(W,W)
1007972625:NoOp@NoOp|NoOp@NoOp|NoOp@NoOp|NoOp@NoOp|NoOp@NoOp|NoOp@NoOp|NoOp@NoOp|NoOp@NoOp|NoOp@NoOp|Push(W,W)@Push(W,W)
1007981750:NoOp@NoOp|NoOp@NoOp|NoOp@NoOp|NoOp@NoOp|NoOp@NoOp|NoOp@NoOp|NoOp@NoOp|NoOp@NoOp|NoOp@NoOp|Push(W,W)@Push(W,W)
1007989917:NoOp@NoOp|NoOp@NoOp|NoOp@NoOp|NoOp@NoOp|NoOp@NoOp|NoOp@NoOp|NoOp@NoOp|NoOp@NoOp|NoOp@NoOp|Push(W,S)@Push(W,S)
1007996542:NoOp@NoOp|NoOp@NoOp|NoOp@NoOp|NoOp@NoOp|NoOp@NoOp|NoOp@NoOp|NoOp@NoOp|NoOp@NoOp|NoOp@NoOp|Push(S,W)@Push(S,W)
1008004667:NoOp@NoOp|NoOp@NoOp|NoOp@NoOp|NoOp@NoOp|NoOp@NoOp|NoOp@NoOp|NoOp@NoOp|NoOp@NoOp|NoOp@NoOp|Push(W,W)@Push(W,W)
1008012833:NoOp@NoOp|NoOp@NoOp|NoOp@NoOp|NoOp@NoOp|NoOp@NoOp|Move(W)@Move(W)|NoOp@NoOp|NoOp@NoOp|NoOp@NoOp|NoOp@NoOp
1008022542:Move(W)@Move(W)|NoOp@NoOp|NoOp@NoOp|NoOp@NoOp|NoOp@NoOp|NoOp@NoOp|NoOp@NoOp|NoOp@NoOp|NoOp@NoOp|NoOp@NoOp
1008034792:Move(N)@Move(N)|NoOp@NoOp|NoOp@NoOp|NoOp@NoOp|NoOp@NoOp|NoOp@NoOp|NoOp@NoOp|NoOp@NoOp|NoOp@NoOp|NoOp@NoOp
1008043458:Move(N)@Move(N)|NoOp@NoOp|NoOp@NoOp|NoOp@NoOp|NoOp@NoOp|NoOp@NoOp|NoOp@NoOp|NoOp@NoOp|NoOp@NoOp|NoOp@NoOp
1008051250:Move(N)@Move(N)|NoOp@NoOp|NoOp@NoOp|NoOp@NoOp|NoOp@NoOp|NoOp@NoOp|NoOp@NoOp|NoOp@NoOp|NoOp@NoOp|NoOp@NoOp
1008058750:Move(N)@Move(N)|NoOp@NoOp|NoOp@NoOp|NoOp@NoOp|NoOp@NoOp|NoOp@NoOp|NoOp@NoOp|NoOp@NoOp|NoOp@NoOp|NoOp@NoOp
1008066792:Move(N)@Move(N)|NoOp@NoOp|NoOp@NoOp|NoOp@NoOp|NoOp@NoOp|NoOp@NoOp|NoOp@NoOp|NoOp@NoOp|NoOp@NoOp|NoOp@NoOp
1008075042:Pull(S,W)@Pull(S,W)|NoOp@NoOp|NoOp@NoOp|NoOp@NoOp|NoOp@NoOp|NoOp@NoOp|NoOp@NoOp|NoOp@NoOp|NoOp@NoOp|NoOp@NoOp
1008083375:Pull(S,S)@Pull(S,S)|NoOp@NoOp|NoOp@NoOp|NoOp@NoOp|NoOp@NoOp|NoOp@NoOp|NoOp@NoOp|NoOp@NoOp|NoOp@NoOp|NoOp@NoOp
1008091542:Pull(S,S)@Pull(S,S)|NoOp@NoOp|NoOp@NoOp|NoOp@NoOp|NoOp@NoOp|NoOp@NoOp|NoOp@NoOp|NoOp@NoOp|NoOp@NoOp|NoOp@NoOp
1008100875:Pull(S,S)@Pull(S,S)|NoOp@NoOp|NoOp@NoOp|NoOp@NoOp|NoOp@NoOp|NoOp@NoOp|NoOp@NoOp|NoOp@NoOp|NoOp@NoOp|NoOp@NoOp
1008110208:Pull(S,S)@Pull(S,S)|NoOp@NoOp|NoOp@NoOp|NoOp@NoOp|NoOp@NoOp|NoOp@NoOp|NoOp@NoOp|NoOp@NoOp|NoOp@NoOp|NoOp@NoOp
1008118917:Pull(E,S)@Pull(E,S)|NoOp@NoOp|NoOp@NoOp|NoOp@NoOp|NoOp@NoOp|NoOp@NoOp|NoOp@NoOp|NoOp@NoOp|NoOp@NoOp|NoOp@NoOp
1008127375:Push(W,W)@Push(W,W)|NoOp@NoOp|NoOp@NoOp|NoOp@NoOp|NoOp@NoOp|NoOp@NoOp|NoOp@NoOp|NoOp@NoOp|NoOp@NoOp|NoOp@NoOp
1008135583:Push(W,W)@Push(W,W)|NoOp@NoOp|NoOp@NoOp|NoOp@NoOp|NoOp@NoOp|NoOp@NoOp|NoOp@NoOp|NoOp@NoOp|NoOp@NoOp|NoOp@NoOp
1008143625:Push(W,N)@Push(W,N)|NoOp@NoOp|NoOp@NoOp|NoOp@NoOp|NoOp@NoOp|NoOp@NoOp|NoOp@NoOp|NoOp@NoOp|NoOp@NoOp|NoOp@NoOp
1008151500:Push(N,N)@Push(N,N)|NoOp@NoOp|NoOp@NoOp|NoOp@NoOp|NoOp@NoOp|NoOp@NoOp|NoOp@NoOp|NoOp@NoOp|NoOp@NoOp|NoOp@NoOp
1008159667:Push(N,N)@Push(N,N)|NoOp@NoOp|NoOp@NoOp|NoOp@NoOp|NoOp@NoOp|NoOp@NoOp|NoOp@NoOp|NoOp@NoOp|NoOp@NoOp|NoOp@NoOp
1008167917:Push(N,N)@Push(N,N)|NoOp@NoOp|NoOp@NoOp|NoOp@NoOp|NoOp@NoOp|NoOp@NoOp|NoOp@NoOp|NoOp@NoOp|NoOp@NoOp|NoOp@NoOp
1008176292:Push(N,W)@Push(N,W)|NoOp@NoOp|NoOp@NoOp|NoOp@NoOp|NoOp@NoOp|NoOp@NoOp|NoOp@NoOp|NoOp@NoOp|NoOp@NoOp|NoOp@NoOp
1008184458:Push(W,W)@Push(W,W)|NoOp@NoOp|NoOp@NoOp|NoOp@NoOp|NoOp@NoOp|NoOp@NoOp|NoOp@NoOp|NoOp@NoOp|NoOp@NoOp|NoOp@NoOp
1008195250:Push(W,W)@Push(W,W)|NoOp@NoOp|NoOp@NoOp|NoOp@NoOp|NoOp@NoOp|NoOp@NoOp|NoOp@NoOp|NoOp@NoOp|NoOp@NoOp|NoOp@NoOp
1008203333:Push(W,W)@Push(W,W)|NoOp@NoOp|NoOp@NoOp|NoOp@NoOp|NoOp@NoOp|NoOp@NoOp|NoOp@NoOp|NoOp@NoOp|NoOp@NoOp|NoOp@NoOp
1008211083:Push(W,W)@Push(W,W)|NoOp@NoOp|NoOp@NoOp|NoOp@NoOp|NoOp@NoOp|NoOp@NoOp|NoOp@NoOp|NoOp@NoOp|NoOp@NoOp|NoOp@NoOp
1008218292:Push(W,W)@Push(W,W)|NoOp@NoOp|NoOp@NoOp|NoOp@NoOp|NoOp@NoOp|NoOp@NoOp|NoOp@NoOp|NoOp@NoOp|NoOp@NoOp|NoOp@NoOp
1008226333:Push(W,W)@Push(W,W)|NoOp@NoOp|NoOp@NoOp|NoOp@NoOp|NoOp@NoOp|NoOp@NoOp|NoOp@NoOp|NoOp@NoOp|NoOp@NoOp|NoOp@NoOp
1008234500:Push(W,W)@Push(W,W)|NoOp@NoOp|NoOp@NoOp|NoOp@NoOp|NoOp@NoOp|NoOp@NoOp|NoOp@NoOp|NoOp@NoOp|NoOp@NoOp|NoOp@NoOp
1008242542:Push(W,S)@Push(W,S)|NoOp@NoOp|NoOp@NoOp|NoOp@NoOp|NoOp@NoOp|NoOp@NoOp|NoOp@NoOp|NoOp@NoOp|NoOp@NoOp|NoOp@NoOp
1008250792:Push(S,W)@Push(S,W)|NoOp@NoOp|NoOp@NoOp|NoOp@NoOp|NoOp@NoOp|NoOp@NoOp|NoOp@NoOp|NoOp@NoOp|NoOp@NoOp|NoOp@NoOp
1008259125:Push(W,W)@Push(W,W)|NoOp@NoOp|NoOp@NoOp|NoOp@NoOp|NoOp@NoOp|NoOp@NoOp|NoOp@NoOp|NoOp@NoOp|NoOp@NoOp|NoOp@NoOp
1008266625:Push(W,S)@Push(W,S)|NoOp@NoOp|NoOp@NoOp|NoOp@NoOp|NoOp@NoOp|NoOp@NoOp|NoOp@NoOp|NoOp@NoOp|NoOp@NoOp|NoOp@NoOp
1008277958:Push(S,S)@Push(S,S)|NoOp@NoOp|NoOp@NoOp|NoOp@NoOp|NoOp@NoOp|NoOp@NoOp|NoOp@NoOp|NoOp@NoOp|NoOp@NoOp|NoOp@NoOp
1008286208:Push(S,S)@Push(S,S)|NoOp@NoOp|NoOp@NoOp|NoOp@NoOp|NoOp@NoOp|NoOp@NoOp|NoOp@NoOp|NoOp@NoOp|NoOp@NoOp|NoOp@NoOp
1008295250:Push(S,S)@Push(S,S)|NoOp@NoOp|NoOp@NoOp|NoOp@NoOp|NoOp@NoOp|NoOp@NoOp|NoOp@NoOp|NoOp@NoOp|NoOp@NoOp|NoOp@NoOp
1008303458:Push(S,S)@Push(S,S)|NoOp@NoOp|NoOp@NoOp|NoOp@NoOp|NoOp@NoOp|NoOp@NoOp|NoOp@NoOp|NoOp@NoOp|NoOp@NoOp|NoOp@NoOp
1008311583:Push(S,W)@Push(S,W)|NoOp@NoOp|NoOp@NoOp|NoOp@NoOp|NoOp@NoOp|NoOp@NoOp|NoOp@NoOp|NoOp@NoOp|NoOp@NoOp|NoOp@NoOp
1008319667:Push(W,S)@Push(W,S)|NoOp@NoOp|NoOp@NoOp|NoOp@NoOp|NoOp@NoOp|NoOp@NoOp|NoOp@NoOp|NoOp@NoOp|NoOp@NoOp|NoOp@NoOp
1008327708:Push(S,S)@Push(S,S)|NoOp@NoOp|NoOp@NoOp|NoOp@NoOp|NoOp@NoOp|NoOp@NoOp|NoOp@NoOp|NoOp@NoOp|NoOp@NoOp|NoOp@NoOp
1008335833:Push(S,E)@Push(S,E)|NoOp@NoOp|NoOp@NoOp|NoOp@NoOp|NoOp@NoOp|NoOp@NoOp|NoOp@NoOp|NoOp@NoOp|NoOp@NoOp|NoOp@NoOp
1008343958:Push(E,E)@Push(E,E)|NoOp@NoOp|NoOp@NoOp|NoOp@NoOp|NoOp@NoOp|NoOp@NoOp|NoOp@NoOp|NoOp@NoOp|NoOp@NoOp|NoOp@NoOp
1008352250:NoOp@NoOp|NoOp@NoOp|NoOp@NoOp|NoOp@NoOp|NoOp@NoOp|Move(E)@Move(E)|NoOp@NoOp|NoOp@NoOp|NoOp@NoOp|NoOp@NoOp
1008360458:NoOp@NoOp|Move(N)@Move(N)|NoOp@NoOp|NoOp@NoOp|NoOp@NoOp|NoOp@NoOp|NoOp@NoOp|NoOp@NoOp|NoOp@NoOp|NoOp@NoOp
1008368625:NoOp@NoOp|Move(N)@Move(N)|NoOp@NoOp|NoOp@NoOp|NoOp@NoOp|NoOp@NoOp|NoOp@NoOp|NoOp@NoOp|NoOp@NoOp|NoOp@NoOp
1008376583:NoOp@NoOp|Move(E)@Move(E)|NoOp@NoOp|NoOp@NoOp|NoOp@NoOp|NoOp@NoOp|NoOp@NoOp|NoOp@NoOp|NoOp@NoOp|NoOp@NoOp
1008384542:NoOp@NoOp|Move(E)@Move(E)|NoOp@NoOp|NoOp@NoOp|NoOp@NoOp|NoOp@NoOp|NoOp@NoOp|NoOp@NoOp|NoOp@NoOp|NoOp@NoOp
1008392125:NoOp@NoOp|Move(E)@Move(E)|NoOp@NoOp|NoOp@NoOp|NoOp@NoOp|NoOp@NoOp|NoOp@NoOp|NoOp@NoOp|NoOp@NoOp|NoOp@NoOp
1008400083:NoOp@NoOp|Move(S)@Move(S)|NoOp@NoOp|NoOp@NoOp|NoOp@NoOp|NoOp@NoOp|NoOp@NoOp|NoOp@NoOp|NoOp@NoOp|NoOp@NoOp
1008408125:NoOp@NoOp|Move(E)@Move(E)|NoOp@NoOp|NoOp@NoOp|NoOp@NoOp|NoOp@NoOp|NoOp@NoOp|NoOp@NoOp|NoOp@NoOp|NoOp@NoOp
1008417417:NoOp@NoOp|Move(E)@Move(E)|NoOp@NoOp|NoOp@NoOp|NoOp@NoOp|NoOp@NoOp|NoOp@NoOp|NoOp@NoOp|NoOp@NoOp|NoOp@NoOp
1008427042:NoOp@NoOp|Move(E)@Move(E)|NoOp@NoOp|NoOp@NoOp|NoOp@NoOp|NoOp@NoOp|NoOp@NoOp|NoOp@NoOp|NoOp@NoOp|NoOp@NoOp
1008436667:NoOp@NoOp|Move(S)@Move(S)|NoOp@NoOp|NoOp@NoOp|NoOp@NoOp|NoOp@NoOp|NoOp@NoOp|NoOp@NoOp|NoOp@NoOp|NoOp@NoOp
1008445625:NoOp@NoOp|Move(S)@Move(S)|NoOp@NoOp|NoOp@NoOp|NoOp@NoOp|NoOp@NoOp|NoOp@NoOp|NoOp@NoOp|NoOp@NoOp|NoOp@NoOp
1008453875:NoOp@NoOp|Move(S)@Move(S)|NoOp@NoOp|NoOp@NoOp|NoOp@NoOp|NoOp@NoOp|NoOp@NoOp|NoOp@NoOp|NoOp@NoOp|NoOp@NoOp
1008462208:NoOp@NoOp|Move(E)@Move(E)|NoOp@NoOp|NoOp@NoOp|NoOp@NoOp|NoOp@NoOp|NoOp@NoOp|NoOp@NoOp|NoOp@NoOp|NoOp@NoOp
1008470500:NoOp@NoOp|Move(E)@Move(E)|NoOp@NoOp|NoOp@NoOp|NoOp@NoOp|NoOp@NoOp|NoOp@NoOp|NoOp@NoOp|NoOp@NoOp|NoOp@NoOp
1008478458:NoOp@NoOp|Move(E)@Move(E)|NoOp@NoOp|NoOp@NoOp|NoOp@NoOp|NoOp@NoOp|NoOp@NoOp|NoOp@NoOp|NoOp@NoOp|NoOp@NoOp
1008486750:NoOp@NoOp|Move(E)@Move(E)|NoOp@NoOp|NoOp@NoOp|NoOp@NoOp|NoOp@NoOp|NoOp@NoOp|NoOp@NoOp|NoOp@NoOp|NoOp@NoOp
1008494500:NoOp@NoOp|Move(N)@Move(N)|NoOp@NoOp|NoOp@NoOp|NoOp@NoOp|NoOp@NoOp|NoOp@NoOp|NoOp@NoOp|NoOp@NoOp|NoOp@NoOp
1008503000:NoOp@NoOp|Move(N)@Move(N)|NoOp@NoOp|NoOp@NoOp|NoOp@NoOp|NoOp@NoOp|NoOp@NoOp|NoOp@NoOp|NoOp@NoOp|NoOp@NoOp
1008510958:NoOp@NoOp|Move(N)@Move(N)|NoOp@NoOp|NoOp@NoOp|NoOp@NoOp|NoOp@NoOp|NoOp@NoOp|NoOp@NoOp|NoOp@NoOp|NoOp@NoOp
1008519042:NoOp@NoOp|Move(N)@Move(N)|NoOp@NoOp|NoOp@NoOp|NoOp@NoOp|NoOp@NoOp|NoOp@NoOp|NoOp@NoOp|NoOp@NoOp|NoOp@NoOp
1008527208:NoOp@NoOp|Move(N)@Move(N)|NoOp@NoOp|NoOp@NoOp|NoOp@NoOp|NoOp@NoOp|NoOp@NoOp|NoOp@NoOp|NoOp@NoOp|NoOp@NoOp
1008535250:NoOp@NoOp|Move(E)@Move(E)|NoOp@NoOp|NoOp@NoOp|NoOp@NoOp|NoOp@NoOp|NoOp@NoOp|NoOp@NoOp|NoOp@NoOp|NoOp@NoOp
1008543292:NoOp@NoOp|Move(E)@Move(E)|NoOp@NoOp|NoOp@NoOp|NoOp@NoOp|NoOp@NoOp|NoOp@NoOp|NoOp@NoOp|NoOp@NoOp|NoOp@NoOp
1008551292:NoOp@NoOp|Move(E)@Move(E)|NoOp@NoOp|NoOp@NoOp|NoOp@NoOp|NoOp@NoOp|NoOp@NoOp|NoOp@NoOp|NoOp@NoOp|NoOp@NoOp
1008562417:NoOp@NoOp|Move(E)@Move(E)|NoOp@NoOp|NoOp@NoOp|NoOp@NoOp|NoOp@NoOp|NoOp@NoOp|NoOp@NoOp|NoOp@NoOp|NoOp@NoOp
1008570292:NoOp@NoOp|Move(E)@Move(E)|NoOp@NoOp|NoOp@NoOp|NoOp@NoOp|NoOp@NoOp|NoOp@NoOp|NoOp@NoOp|NoOp@NoOp|NoOp@NoOp
1008578000:NoOp@NoOp|Move(E)@Move(E)|NoOp@NoOp|NoOp@NoOp|NoOp@NoOp|NoOp@NoOp|NoOp@NoOp|NoOp@NoOp|NoOp@NoOp|NoOp@NoOp
1008585875:NoOp@NoOp|Move(E)@Move(E)|NoOp@NoOp|NoOp@NoOp|NoOp@NoOp|NoOp@NoOp|NoOp@NoOp|NoOp@NoOp|NoOp@NoOp|NoOp@NoOp
1008593875:NoOp@NoOp|Move(E)@Move(E)|NoOp@NoOp|NoOp@NoOp|NoOp@NoOp|NoOp@NoOp|NoOp@NoOp|NoOp@NoOp|NoOp@NoOp|NoOp@NoOp
1008602042:NoOp@NoOp|Move(E)@Move(E)|NoOp@NoOp|NoOp@NoOp|NoOp@NoOp|NoOp@NoOp|NoOp@NoOp|NoOp@NoOp|NoOp@NoOp|NoOp@NoOp
1008610667:NoOp@NoOp|Move(E)@Move(E)|NoOp@NoOp|NoOp@NoOp|NoOp@NoOp|NoOp@NoOp|NoOp@NoOp|NoOp@NoOp|NoOp@NoOp|NoOp@NoOp
1008618792:NoOp@NoOp|Move(E)@Move(E)|NoOp@NoOp|NoOp@NoOp|NoOp@NoOp|NoOp@NoOp|NoOp@NoOp|NoOp@NoOp|NoOp@NoOp|NoOp@NoOp
1008626750:NoOp@NoOp|Move(E)@Move(E)|NoOp@NoOp|NoOp@NoOp|NoOp@NoOp|NoOp@NoOp|NoOp@NoOp|NoOp@NoOp|NoOp@NoOp|NoOp@NoOp
1008635208:NoOp@NoOp|Push(E,S)@Push(E,S)|NoOp@NoOp|NoOp@NoOp|NoOp@NoOp|NoOp@NoOp|NoOp@NoOp|NoOp@NoOp|NoOp@NoOp|NoOp@NoOp
1008643208:NoOp@NoOp|Move(W)@Move(W)|NoOp@NoOp|NoOp@NoOp|NoOp@NoOp|NoOp@NoOp|NoOp@NoOp|NoOp@NoOp|NoOp@NoOp|NoOp@NoOp
1008652708:NoOp@NoOp|Move(S)@Move(S)|NoOp@NoOp|NoOp@NoOp|NoOp@NoOp|NoOp@NoOp|NoOp@NoOp|NoOp@NoOp|NoOp@NoOp|NoOp@NoOp
1008662500:NoOp@NoOp|NoOp@NoOp|NoOp@NoOp|NoOp@NoOp|NoOp@NoOp|NoOp@NoOp|NoOp@NoOp|NoOp@NoOp|Move(S)@Move(S)|NoOp@NoOp
1008670500:NoOp@NoOp|NoOp@NoOp|NoOp@NoOp|NoOp@NoOp|NoOp@NoOp|NoOp@NoOp|NoOp@NoOp|NoOp@NoOp|Move(W)@Move(W)|NoOp@NoOp
1008678083:NoOp@NoOp|NoOp@NoOp|NoOp@NoOp|NoOp@NoOp|NoOp@NoOp|NoOp@NoOp|NoOp@NoOp|NoOp@NoOp|Move(S)@Move(S)|NoOp@NoOp
1008685125:NoOp@NoOp|NoOp@NoOp|NoOp@NoOp|NoOp@NoOp|NoOp@NoOp|NoOp@NoOp|NoOp@NoOp|NoOp@NoOp|Move(W)@Move(W)|NoOp@NoOp
1008697667:NoOp@NoOp|NoOp@NoOp|NoOp@NoOp|NoOp@NoOp|NoOp@NoOp|NoOp@NoOp|NoOp@NoOp|NoOp@NoOp|Move(W)@Move(W)|NoOp@NoOp
1008705958:NoOp@NoOp|NoOp@NoOp|NoOp@NoOp|NoOp@NoOp|NoOp@NoOp|NoOp@NoOp|NoOp@NoOp|NoOp@NoOp|Move(W)@Move(W)|NoOp@NoOp
1008714292:NoOp@NoOp|NoOp@NoOp|NoOp@NoOp|NoOp@NoOp|NoOp@NoOp|NoOp@NoOp|NoOp@NoOp|NoOp@NoOp|Move(S)@Move(S)|NoOp@NoOp
1008722208:NoOp@NoOp|NoOp@NoOp|NoOp@NoOp|NoOp@NoOp|NoOp@NoOp|NoOp@NoOp|NoOp@NoOp|NoOp@NoOp|Move(S)@Move(S)|NoOp@NoOp
1008730292:NoOp@NoOp|NoOp@NoOp|NoOp@NoOp|NoOp@NoOp|NoOp@NoOp|NoOp@NoOp|NoOp@NoOp|NoOp@NoOp|Move(S)@Move(S)|NoOp@NoOp
1008738208:NoOp@NoOp|NoOp@NoOp|NoOp@NoOp|NoOp@NoOp|NoOp@NoOp|NoOp@NoOp|NoOp@NoOp|NoOp@NoOp|Move(S)@Move(S)|NoOp@NoOp
1008746833:NoOp@NoOp|NoOp@NoOp|NoOp@NoOp|NoOp@NoOp|NoOp@NoOp|NoOp@NoOp|NoOp@NoOp|NoOp@NoOp|Move(S)@Move(S)|NoOp@NoOp
1008754625:NoOp@NoOp|NoOp@NoOp|NoOp@NoOp|NoOp@NoOp|NoOp@NoOp|NoOp@NoOp|NoOp@NoOp|NoOp@NoOp|Move(S)@Move(S)|NoOp@NoOp
1008761958:NoOp@NoOp|NoOp@NoOp|NoOp@NoOp|NoOp@NoOp|NoOp@NoOp|NoOp@NoOp|NoOp@NoOp|NoOp@NoOp|Move(S)@Move(S)|NoOp@NoOp
1008769792:NoOp@NoOp|NoOp@NoOp|NoOp@NoOp|NoOp@NoOp|NoOp@NoOp|NoOp@NoOp|NoOp@NoOp|NoOp@NoOp|Move(W)@Move(W)|NoOp@NoOp
1008778750:NoOp@NoOp|NoOp@NoOp|NoOp@NoOp|NoOp@NoOp|NoOp@NoOp|NoOp@NoOp|NoOp@NoOp|NoOp@NoOp|Move(W)@Move(W)|NoOp@NoOp
1008786958:NoOp@NoOp|NoOp@NoOp|NoOp@NoOp|NoOp@NoOp|NoOp@NoOp|NoOp@NoOp|NoOp@NoOp|NoOp@NoOp|Move(W)@Move(W)|NoOp@NoOp
1008795458:NoOp@NoOp|NoOp@NoOp|NoOp@NoOp|NoOp@NoOp|NoOp@NoOp|NoOp@NoOp|NoOp@NoOp|NoOp@NoOp|Move(W)@Move(W)|NoOp@NoOp
1008803125:NoOp@NoOp|NoOp@NoOp|NoOp@NoOp|NoOp@NoOp|NoOp@NoOp|NoOp@NoOp|NoOp@NoOp|NoOp@NoOp|Move(W)@Move(W)|NoOp@NoOp
1008810875:NoOp@NoOp|NoOp@NoOp|NoOp@NoOp|NoOp@NoOp|NoOp@NoOp|NoOp@NoOp|NoOp@NoOp|NoOp@NoOp|Move(W)@Move(W)|NoOp@NoOp
1008818708:NoOp@NoOp|NoOp@NoOp|NoOp@NoOp|NoOp@NoOp|NoOp@NoOp|NoOp@NoOp|NoOp@NoOp|NoOp@NoOp|Move(W)@Move(W)|NoOp@NoOp
1008827708:NoOp@NoOp|NoOp@NoOp|NoOp@NoOp|NoOp@NoOp|NoOp@NoOp|NoOp@NoOp|NoOp@NoOp|NoOp@NoOp|Move(W)@Move(W)|NoOp@NoOp
1008835458:NoOp@NoOp|NoOp@NoOp|NoOp@NoOp|NoOp@NoOp|NoOp@NoOp|NoOp@NoOp|NoOp@NoOp|NoOp@NoOp|Move(W)@Move(W)|NoOp@NoOp
1008843292:NoOp@NoOp|NoOp@NoOp|NoOp@NoOp|NoOp@NoOp|NoOp@NoOp|NoOp@NoOp|NoOp@NoOp|NoOp@NoOp|Move(W)@Move(W)|NoOp@NoOp
1008851083:NoOp@NoOp|NoOp@NoOp|NoOp@NoOp|NoOp@NoOp|NoOp@NoOp|NoOp@NoOp|NoOp@NoOp|NoOp@NoOp|Move(W)@Move(W)|NoOp@NoOp
1008858417:NoOp@NoOp|NoOp@NoOp|NoOp@NoOp|NoOp@NoOp|NoOp@NoOp|NoOp@NoOp|NoOp@NoOp|NoOp@NoOp|Move(W)@Move(W)|NoOp@NoOp
1008866042:NoOp@NoOp|NoOp@NoOp|NoOp@NoOp|NoOp@NoOp|NoOp@NoOp|NoOp@NoOp|NoOp@NoOp|NoOp@NoOp|Move(W)@Move(W)|NoOp@NoOp
1008873667:NoOp@NoOp|NoOp@NoOp|NoOp@NoOp|NoOp@NoOp|NoOp@NoOp|NoOp@NoOp|NoOp@NoOp|NoOp@NoOp|Move(W)@Move(W)|NoOp@NoOp
1008881625:NoOp@NoOp|NoOp@NoOp|NoOp@NoOp|NoOp@NoOp|NoOp@NoOp|NoOp@NoOp|NoOp@NoOp|NoOp@NoOp|Move(W)@Move(W)|NoOp@NoOp
1008888792:NoOp@NoOp|NoOp@NoOp|NoOp@NoOp|NoOp@NoOp|NoOp@NoOp|NoOp@NoOp|NoOp@NoOp|NoOp@NoOp|Move(W)@Move(W)|NoOp@NoOp
1008896542:NoOp@NoOp|NoOp@NoOp|NoOp@NoOp|NoOp@NoOp|NoOp@NoOp|NoOp@NoOp|NoOp@NoOp|NoOp@NoOp|Move(W)@Move(W)|NoOp@NoOp
1008905042:NoOp@NoOp|NoOp@NoOp|NoOp@NoOp|NoOp@NoOp|NoOp@NoOp|NoOp@NoOp|NoOp@NoOp|NoOp@NoOp|Pull(E,E)@Pull(E,E)|NoOp@NoOp
1008912750:NoOp@NoOp|NoOp@NoOp|NoOp@NoOp|NoOp@NoOp|NoOp@NoOp|NoOp@NoOp|NoOp@NoOp|NoOp@NoOp|Pull(E,E)@Pull(E,E)|NoOp@NoOp
1008920500:NoOp@NoOp|NoOp@NoOp|NoOp@NoOp|NoOp@NoOp|NoOp@NoOp|NoOp@NoOp|NoOp@NoOp|NoOp@NoOp|Pull(E,E)@Pull(E,E)|NoOp@NoOp
1008932708:NoOp@NoOp|NoOp@NoOp|NoOp@NoOp|NoOp@NoOp|NoOp@NoOp|NoOp@NoOp|NoOp@NoOp|NoOp@NoOp|Pull(E,E)@Pull(E,E)|NoOp@NoOp
1008943792:NoOp@NoOp|NoOp@NoOp|NoOp@NoOp|NoOp@NoOp|NoOp@NoOp|NoOp@NoOp|NoOp@NoOp|NoOp@NoOp|Pull(E,E)@Pull(E,E)|NoOp@NoOp
1008956583:NoOp@NoOp|NoOp@NoOp|NoOp@NoOp|NoOp@NoOp|NoOp@NoOp|NoOp@NoOp|NoOp@NoOp|NoOp@NoOp|Pull(E,E)@Pull(E,E)|NoOp@NoOp
1008968917:NoOp@NoOp|NoOp@NoOp|NoOp@NoOp|NoOp@NoOp|NoOp@NoOp|NoOp@NoOp|NoOp@NoOp|NoOp@NoOp|Pull(E,E)@Pull(E,E)|NoOp@NoOp
1008977708:NoOp@NoOp|NoOp@NoOp|NoOp@NoOp|NoOp@NoOp|NoOp@NoOp|NoOp@NoOp|NoOp@NoOp|NoOp@NoOp|Pull(E,E)@Pull(E,E)|NoOp@NoOp
1008992167:NoOp@NoOp|NoOp@NoOp|NoOp@NoOp|NoOp@NoOp|NoOp@NoOp|NoOp@NoOp|NoOp@NoOp|NoOp@NoOp|Pull(E,E)@Pull(E,E)|NoOp@NoOp
1009003125:NoOp@NoOp|NoOp@NoOp|NoOp@NoOp|NoOp@NoOp|NoOp@NoOp|NoOp@NoOp|NoOp@NoOp|NoOp@NoOp|Pull(E,E)@Pull(E,E)|NoOp@NoOp
1009011500:NoOp@NoOp|NoOp@NoOp|NoOp@NoOp|NoOp@NoOp|NoOp@NoOp|NoOp@NoOp|NoOp@NoOp|NoOp@NoOp|Pull(E,E)@Pull(E,E)|NoOp@NoOp
1009019500:NoOp@NoOp|NoOp@NoOp|NoOp@NoOp|NoOp@NoOp|NoOp@NoOp|NoOp@NoOp|NoOp@NoOp|NoOp@NoOp|Pull(E,E)@Pull(E,E)|NoOp@NoOp
1009027958:NoOp@NoOp|NoOp@NoOp|NoOp@NoOp|NoOp@NoOp|NoOp@NoOp|NoOp@NoOp|NoOp@NoOp|NoOp@NoOp|Pull(E,E)@Pull(E,E)|NoOp@NoOp
1009038042:NoOp@NoOp|NoOp@NoOp|NoOp@NoOp|NoOp@NoOp|NoOp@NoOp|NoOp@NoOp|NoOp@NoOp|NoOp@NoOp|Pull(E,E)@Pull(E,E)|NoOp@NoOp
1009046083:NoOp@NoOp|NoOp@NoOp|NoOp@NoOp|NoOp@NoOp|NoOp@NoOp|NoOp@NoOp|NoOp@NoOp|NoOp@NoOp|Pull(E,E)@Pull(E,E)|NoOp@NoOp
1009055125:NoOp@NoOp|NoOp@NoOp|NoOp@NoOp|NoOp@NoOp|NoOp@NoOp|NoOp@NoOp|NoOp@NoOp|NoOp@NoOp|Pull(E,E)@Pull(E,E)|NoOp@NoOp
1009063333:NoOp@NoOp|NoOp@NoOp|NoOp@NoOp|NoOp@NoOp|NoOp@NoOp|NoOp@NoOp|NoOp@NoOp|NoOp@NoOp|Pull(E,E)@Pull(E,E)|NoOp@NoOp
1009072708:NoOp@NoOp|NoOp@NoOp|NoOp@NoOp|NoOp@NoOp|NoOp@NoOp|NoOp@NoOp|NoOp@NoOp|NoOp@NoOp|Pull(N,E)@Pull(N,E)|NoOp@NoOp
1009081083:NoOp@NoOp|NoOp@NoOp|NoOp@NoOp|NoOp@NoOp|NoOp@NoOp|NoOp@NoOp|NoOp@NoOp|NoOp@NoOp|Pull(N,N)@Pull(N,N)|NoOp@NoOp
1009088458:NoOp@NoOp|NoOp@NoOp|NoOp@NoOp|NoOp@NoOp|NoOp@NoOp|NoOp@NoOp|NoOp@NoOp|NoOp@NoOp|Pull(N,N)@Pull(N,N)|NoOp@NoOp
1009097417:NoOp@NoOp|NoOp@NoOp|NoOp@NoOp|NoOp@NoOp|NoOp@NoOp|NoOp@NoOp|NoOp@NoOp|NoOp@NoOp|Pull(N,N)@Pull(N,N)|NoOp@NoOp
1009105250:NoOp@NoOp|NoOp@NoOp|NoOp@NoOp|NoOp@NoOp|NoOp@NoOp|NoOp@NoOp|NoOp@NoOp|NoOp@NoOp|Pull(N,N)@Pull(N,N)|NoOp@NoOp
1009113500:NoOp@NoOp|NoOp@NoOp|NoOp@NoOp|NoOp@NoOp|NoOp@NoOp|NoOp@NoOp|NoOp@NoOp|NoOp@NoOp|Pull(N,N)@Pull(N,N)|NoOp@NoOp
1009121417:NoOp@NoOp|NoOp@NoOp|NoOp@NoOp|NoOp@NoOp|NoOp@NoOp|NoOp@NoOp|NoOp@NoOp|NoOp@NoOp|Pull(N,N)@Pull(N,N)|NoOp@NoOp
1009129708:NoOp@NoOp|NoOp@NoOp|NoOp@NoOp|NoOp@NoOp|NoOp@NoOp|NoOp@NoOp|NoOp@NoOp|NoOp@NoOp|Pull(E,N)@Pull(E,N)|NoOp@NoOp
1009139500:NoOp@NoOp|NoOp@NoOp|NoOp@NoOp|NoOp@NoOp|NoOp@NoOp|NoOp@NoOp|NoOp@NoOp|NoOp@NoOp|Pull(E,E)@Pull(E,E)|NoOp@NoOp
1009150417:NoOp@NoOp|NoOp@NoOp|NoOp@NoOp|NoOp@NoOp|NoOp@NoOp|NoOp@NoOp|NoOp@NoOp|NoOp@NoOp|Pull(E,E)@Pull(E,E)|NoOp@NoOp
1009157000:NoOp@NoOp|NoOp@NoOp|NoOp@NoOp|NoOp@NoOp|NoOp@NoOp|NoOp@NoOp|NoOp@NoOp|NoOp@NoOp|Pull(N,E)@Pull(N,E)|NoOp@NoOp
1009164958:NoOp@NoOp|NoOp@NoOp|NoOp@NoOp|NoOp@NoOp|NoOp@NoOp|NoOp@NoOp|NoOp@NoOp|NoOp@NoOp|Pull(E,N)@Pull(E,N)|NoOp@NoOp
1009173375:NoOp@NoOp|NoOp@NoOp|NoOp@NoOp|NoOp@NoOp|NoOp@NoOp|NoOp@NoOp|NoOp@NoOp|NoOp@NoOp|Pull(E,E)@Pull(E,E)|NoOp@NoOp
1009246875:NoOp@NoOp|NoOp@NoOp|NoOp@NoOp|NoOp@NoOp|NoOp@NoOp|NoOp@NoOp|NoOp@NoOp|NoOp@NoOp|Pull(E,E)@Pull(E,E)|NoOp@NoOp
1009258417:NoOp@NoOp|NoOp@NoOp|NoOp@NoOp|NoOp@NoOp|NoOp@NoOp|NoOp@NoOp|NoOp@NoOp|NoOp@NoOp|Pull(E,E)@Pull(E,E)|NoOp@NoOp
1009267333:NoOp@NoOp|NoOp@NoOp|NoOp@NoOp|NoOp@NoOp|NoOp@NoOp|NoOp@NoOp|NoOp@NoOp|NoOp@NoOp|Push(W,S)@Push(W,S)|NoOp@NoOp
1009276208:NoOp@NoOp|NoOp@NoOp|NoOp@NoOp|NoOp@NoOp|NoOp@NoOp|NoOp@NoOp|NoOp@NoOp|NoOp@NoOp|Push(S,E)@Push(S,E)|NoOp@NoOp
1009284250:NoOp@NoOp|NoOp@NoOp|NoOp@NoOp|NoOp@NoOp|NoOp@NoOp|NoOp@NoOp|NoOp@NoOp|NoOp@NoOp|Push(E,E)@Push(E,E)|NoOp@NoOp
1009293292:NoOp@NoOp|NoOp@NoOp|NoOp@NoOp|NoOp@NoOp|NoOp@NoOp|NoOp@NoOp|NoOp@NoOp|NoOp@NoOp|Push(E,E)@Push(E,E)|NoOp@NoOp
1009306833:NoOp@NoOp|NoOp@NoOp|NoOp@NoOp|NoOp@NoOp|NoOp@NoOp|NoOp@NoOp|NoOp@NoOp|NoOp@NoOp|Push(E,S)@Push(E,S)|NoOp@NoOp
1009315125:NoOp@NoOp|NoOp@NoOp|NoOp@NoOp|NoOp@NoOp|NoOp@NoOp|NoOp@NoOp|NoOp@NoOp|NoOp@NoOp|Push(S,S)@Push(S,S)|NoOp@NoOp
1009325292:NoOp@NoOp|NoOp@NoOp|NoOp@NoOp|NoOp@NoOp|NoOp@NoOp|NoOp@NoOp|NoOp@NoOp|NoOp@NoOp|Push(S,S)@Push(S,S)|NoOp@NoOp
1009336042:NoOp@NoOp|NoOp@NoOp|NoOp@NoOp|NoOp@NoOp|NoOp@NoOp|NoOp@NoOp|NoOp@NoOp|NoOp@NoOp|Push(S,E)@Push(S,E)|NoOp@NoOp
1009344083:NoOp@NoOp|NoOp@NoOp|NoOp@NoOp|NoOp@NoOp|NoOp@NoOp|NoOp@NoOp|NoOp@NoOp|NoOp@NoOp|Push(E,E)@Push(E,E)|NoOp@NoOp
1009352208:NoOp@NoOp|NoOp@NoOp|NoOp@NoOp|NoOp@NoOp|NoOp@NoOp|NoOp@NoOp|NoOp@NoOp|NoOp@NoOp|Push(E,E)@Push(E,E)|NoOp@NoOp
1009360500:NoOp@NoOp|NoOp@NoOp|NoOp@NoOp|NoOp@NoOp|NoOp@NoOp|NoOp@NoOp|NoOp@NoOp|NoOp@NoOp|Push(E,E)@Push(E,E)|NoOp@NoOp
1009369208:NoOp@NoOp|NoOp@NoOp|NoOp@NoOp|NoOp@NoOp|NoOp@NoOp|NoOp@NoOp|NoOp@NoOp|NoOp@NoOp|Push(E,N)@Push(E,N)|NoOp@NoOp
1009379667:NoOp@NoOp|NoOp@NoOp|NoOp@NoOp|NoOp@NoOp|NoOp@NoOp|NoOp@NoOp|NoOp@NoOp|NoOp@NoOp|Push(N,N)@Push(N,N)|NoOp@NoOp
1009391292:NoOp@NoOp|NoOp@NoOp|NoOp@NoOp|NoOp@NoOp|NoOp@NoOp|NoOp@NoOp|NoOp@NoOp|NoOp@NoOp|Push(N,N)@Push(N,N)|NoOp@NoOp
1009400292:NoOp@NoOp|NoOp@NoOp|NoOp@NoOp|NoOp@NoOp|NoOp@NoOp|NoOp@NoOp|NoOp@NoOp|NoOp@NoOp|Push(N,N)@Push(N,N)|NoOp@NoOp
1009409542:NoOp@NoOp|NoOp@NoOp|NoOp@NoOp|NoOp@NoOp|NoOp@NoOp|NoOp@NoOp|NoOp@NoOp|NoOp@NoOp|Push(N,N)@Push(N,N)|NoOp@NoOp
1009417042:NoOp@NoOp|NoOp@NoOp|NoOp@NoOp|NoOp@NoOp|NoOp@NoOp|NoOp@NoOp|NoOp@NoOp|NoOp@NoOp|Push(N,E)@Push(N,E)|NoOp@NoOp
1009425667:NoOp@NoOp|NoOp@NoOp|NoOp@NoOp|NoOp@NoOp|NoOp@NoOp|NoOp@NoOp|NoOp@NoOp|NoOp@NoOp|Push(E,E)@Push(E,E)|NoOp@NoOp
1009433958:NoOp@NoOp|NoOp@NoOp|NoOp@NoOp|NoOp@NoOp|NoOp@NoOp|NoOp@NoOp|NoOp@NoOp|NoOp@NoOp|Push(E,E)@Push(E,E)|NoOp@NoOp
1009442792:NoOp@NoOp|NoOp@NoOp|NoOp@NoOp|NoOp@NoOp|NoOp@NoOp|NoOp@NoOp|NoOp@NoOp|NoOp@NoOp|Push(E,E)@Push(E,E)|NoOp@NoOp
1009450333:NoOp@NoOp|NoOp@NoOp|NoOp@NoOp|NoOp@NoOp|NoOp@NoOp|NoOp@NoOp|NoOp@NoOp|NoOp@NoOp|Push(E,E)@Push(E,E)|NoOp@NoOp
1009458667:NoOp@NoOp|NoOp@NoOp|NoOp@NoOp|NoOp@NoOp|NoOp@NoOp|NoOp@NoOp|NoOp@NoOp|NoOp@NoOp|Push(E,E)@Push(E,E)|NoOp@NoOp
1009466833:NoOp@NoOp|NoOp@NoOp|NoOp@NoOp|NoOp@NoOp|NoOp@NoOp|NoOp@NoOp|NoOp@NoOp|NoOp@NoOp|Push(E,E)@Push(E,E)|NoOp@NoOp
1009474917:NoOp@NoOp|NoOp@NoOp|NoOp@NoOp|NoOp@NoOp|NoOp@NoOp|NoOp@NoOp|NoOp@NoOp|NoOp@NoOp|Push(E,E)@Push(E,E)|NoOp@NoOp
1009483042:NoOp@NoOp|NoOp@NoOp|NoOp@NoOp|NoOp@NoOp|NoOp@NoOp|NoOp@NoOp|NoOp@NoOp|NoOp@NoOp|Push(E,E)@Push(E,E)|NoOp@NoOp
1009491083:NoOp@NoOp|NoOp@NoOp|NoOp@NoOp|NoOp@NoOp|NoOp@NoOp|NoOp@NoOp|NoOp@NoOp|NoOp@NoOp|Push(E,E)@Push(E,E)|NoOp@NoOp
1009499333:NoOp@NoOp|NoOp@NoOp|NoOp@NoOp|NoOp@NoOp|NoOp@NoOp|NoOp@NoOp|NoOp@NoOp|NoOp@NoOp|Push(E,E)@Push(E,E)|NoOp@NoOp
1009507542:NoOp@NoOp|NoOp@NoOp|NoOp@NoOp|NoOp@NoOp|NoOp@NoOp|NoOp@NoOp|NoOp@NoOp|NoOp@NoOp|Push(E,E)@Push(E,E)|NoOp@NoOp
1009515208:NoOp@NoOp|NoOp@NoOp|NoOp@NoOp|NoOp@NoOp|NoOp@NoOp|NoOp@NoOp|NoOp@NoOp|NoOp@NoOp|Push(E,E)@Push(E,E)|NoOp@NoOp
1009523167:NoOp@NoOp|NoOp@NoOp|NoOp@NoOp|NoOp@NoOp|NoOp@NoOp|NoOp@NoOp|Move(N)@Move(N)|NoOp@NoOp|NoOp@NoOp|NoOp@NoOp
1009531458:NoOp@NoOp|NoOp@NoOp|NoOp@NoOp|NoOp@NoOp|NoOp@NoOp|NoOp@NoOp|Move(N)@Move(N)|NoOp@NoOp|NoOp@NoOp|NoOp@NoOp
1009539750:NoOp@NoOp|NoOp@NoOp|NoOp@NoOp|NoOp@NoOp|NoOp@NoOp|NoOp@NoOp|Move(N)@Move(N)|NoOp@NoOp|NoOp@NoOp|NoOp@NoOp
1009547250:NoOp@NoOp|NoOp@NoOp|NoOp@NoOp|NoOp@NoOp|NoOp@NoOp|NoOp@NoOp|Move(E)@Move(E)|NoOp@NoOp|NoOp@NoOp|NoOp@NoOp
1009554875:NoOp@NoOp|NoOp@NoOp|NoOp@NoOp|NoOp@NoOp|NoOp@NoOp|NoOp@NoOp|Move(E)@Move(E)|NoOp@NoOp|NoOp@NoOp|NoOp@NoOp
1009563750:NoOp@NoOp|NoOp@NoOp|NoOp@NoOp|NoOp@NoOp|NoOp@NoOp|NoOp@NoOp|Move(E)@Move(E)|NoOp@NoOp|NoOp@NoOp|NoOp@NoOp
1009574583:NoOp@NoOp|NoOp@NoOp|NoOp@NoOp|NoOp@NoOp|NoOp@NoOp|NoOp@NoOp|Move(E)@Move(E)|NoOp@NoOp|NoOp@NoOp|NoOp@NoOp
1009587708:NoOp@NoOp|NoOp@NoOp|NoOp@NoOp|NoOp@NoOp|NoOp@NoOp|NoOp@NoOp|Move(E)@Move(E)|NoOp@NoOp|NoOp@NoOp|NoOp@NoOp
1009598292:NoOp@NoOp|NoOp@NoOp|NoOp@NoOp|NoOp@NoOp|NoOp@NoOp|NoOp@NoOp|Move(E)@Move(E)|NoOp@NoOp|NoOp@NoOp|NoOp@NoOp
1009611292:NoOp@NoOp|NoOp@NoOp|NoOp@NoOp|NoOp@NoOp|NoOp@NoOp|NoOp@NoOp|Move(E)@Move(E)|NoOp@NoOp|NoOp@NoOp|NoOp@NoOp
1009621500:NoOp@NoOp|NoOp@NoOp|NoOp@NoOp|NoOp@NoOp|NoOp@NoOp|NoOp@NoOp|Move(E)@Move(E)|NoOp@NoOp|NoOp@NoOp|NoOp@NoOp
1009629333:NoOp@NoOp|NoOp@NoOp|NoOp@NoOp|NoOp@NoOp|NoOp@NoOp|NoOp@NoOp|Move(E)@Move(E)|NoOp@NoOp|NoOp@NoOp|NoOp@NoOp
1009640750:NoOp@NoOp|NoOp@NoOp|NoOp@NoOp|NoOp@NoOp|NoOp@NoOp|NoOp@NoOp|Move(E)@Move(E)|NoOp@NoOp|NoOp@NoOp|NoOp@NoOp
1009654458:NoOp@NoOp|NoOp@NoOp|NoOp@NoOp|NoOp@NoOp|NoOp@NoOp|NoOp@NoOp|Move(N)@Move(N)|NoOp@NoOp|NoOp@NoOp|NoOp@NoOp
1009663708:NoOp@NoOp|NoOp@NoOp|NoOp@NoOp|NoOp@NoOp|NoOp@NoOp|NoOp@NoOp|Move(N)@Move(N)|NoOp@NoOp|NoOp@NoOp|NoOp@NoOp
1009673042:NoOp@NoOp|NoOp@NoOp|NoOp@NoOp|NoOp@NoOp|NoOp@NoOp|NoOp@NoOp|Move(N)@Move(N)|NoOp@NoOp|NoOp@NoOp|NoOp@NoOp
1009682167:NoOp@NoOp|NoOp@NoOp|NoOp@NoOp|NoOp@NoOp|NoOp@NoOp|NoOp@NoOp|Move(N)@Move(N)|NoOp@NoOp|NoOp@NoOp|NoOp@NoOp
1009692583:NoOp@NoOp|NoOp@NoOp|NoOp@NoOp|NoOp@NoOp|NoOp@NoOp|NoOp@NoOp|Move(N)@Move(N)|NoOp@NoOp|NoOp@NoOp|NoOp@NoOp
1009714333:NoOp@NoOp|NoOp@NoOp|NoOp@NoOp|NoOp@NoOp|NoOp@NoOp|NoOp@NoOp|Move(N)@Move(N)|NoOp@NoOp|NoOp@NoOp|NoOp@NoOp
1009725083:NoOp@NoOp|NoOp@NoOp|NoOp@NoOp|NoOp@NoOp|NoOp@NoOp|NoOp@NoOp|Move(N)@Move(N)|NoOp@NoOp|NoOp@NoOp|NoOp@NoOp
1009734708:NoOp@NoOp|NoOp@NoOp|NoOp@NoOp|NoOp@NoOp|NoOp@NoOp|NoOp@NoOp|Move(N)@Move(N)|NoOp@NoOp|NoOp@NoOp|NoOp@NoOp
1009745667:NoOp@NoOp|NoOp@NoOp|NoOp@NoOp|NoOp@NoOp|NoOp@NoOp|NoOp@NoOp|Move(N)@Move(N)|NoOp@NoOp|NoOp@NoOp|NoOp@NoOp
1009754667:NoOp@NoOp|NoOp@NoOp|NoOp@NoOp|NoOp@NoOp|NoOp@NoOp|NoOp@NoOp|Move(E)@Move(E)|NoOp@NoOp|NoOp@NoOp|NoOp@NoOp
1009763000:NoOp@NoOp|NoOp@NoOp|NoOp@NoOp|NoOp@NoOp|NoOp@NoOp|NoOp@NoOp|Move(E)@Move(E)|NoOp@NoOp|NoOp@NoOp|NoOp@NoOp
1009771708:NoOp@NoOp|NoOp@NoOp|NoOp@NoOp|NoOp@NoOp|NoOp@NoOp|NoOp@NoOp|Move(E)@Move(E)|NoOp@NoOp|NoOp@NoOp|NoOp@NoOp
1009781542:NoOp@NoOp|NoOp@NoOp|NoOp@NoOp|NoOp@NoOp|NoOp@NoOp|NoOp@NoOp|Move(E)@Move(E)|NoOp@NoOp|NoOp@NoOp|NoOp@NoOp
1009792917:NoOp@NoOp|NoOp@NoOp|NoOp@NoOp|NoOp@NoOp|NoOp@NoOp|NoOp@NoOp|Move(E)@Move(E)|NoOp@NoOp|NoOp@NoOp|NoOp@NoOp
1009801583:NoOp@NoOp|NoOp@NoOp|NoOp@NoOp|NoOp@NoOp|NoOp@NoOp|NoOp@NoOp|Move(E)@Move(E)|NoOp@NoOp|NoOp@NoOp|NoOp@NoOp
1009809542:NoOp@NoOp|NoOp@NoOp|NoOp@NoOp|NoOp@NoOp|NoOp@NoOp|NoOp@NoOp|Move(E)@Move(E)|NoOp@NoOp|NoOp@NoOp|NoOp@NoOp
1009817500:NoOp@NoOp|NoOp@NoOp|NoOp@NoOp|NoOp@NoOp|NoOp@NoOp|NoOp@NoOp|Move(E)@Move(E)|NoOp@NoOp|NoOp@NoOp|NoOp@NoOp
1009825208:NoOp@NoOp|NoOp@NoOp|NoOp@NoOp|NoOp@NoOp|NoOp@NoOp|NoOp@NoOp|Move(E)@Move(E)|NoOp@NoOp|NoOp@NoOp|NoOp@NoOp
1009833792:NoOp@NoOp|NoOp@NoOp|NoOp@NoOp|NoOp@NoOp|NoOp@NoOp|NoOp@NoOp|Move(E)@Move(E)|NoOp@NoOp|NoOp@NoOp|NoOp@NoOp
1009842208:NoOp@NoOp|NoOp@NoOp|NoOp@NoOp|NoOp@NoOp|NoOp@NoOp|NoOp@NoOp|Move(E)@Move(E)|NoOp@NoOp|NoOp@NoOp|NoOp@NoOp
1009851667:NoOp@NoOp|NoOp@NoOp|NoOp@NoOp|NoOp@NoOp|NoOp@NoOp|NoOp@NoOp|Move(E)@Move(E)|NoOp@NoOp|NoOp@NoOp|NoOp@NoOp
1009861667:NoOp@NoOp|NoOp@NoOp|NoOp@NoOp|NoOp@NoOp|NoOp@NoOp|NoOp@NoOp|Move(E)@Move(E)|NoOp@NoOp|NoOp@NoOp|NoOp@NoOp
1009869833:NoOp@NoOp|NoOp@NoOp|NoOp@NoOp|NoOp@NoOp|NoOp@NoOp|NoOp@NoOp|Move(E)@Move(E)|NoOp@NoOp|NoOp@NoOp|NoOp@NoOp
1009878083:NoOp@NoOp|NoOp@NoOp|NoOp@NoOp|NoOp@NoOp|NoOp@NoOp|NoOp@NoOp|Move(N)@Move(N)|NoOp@NoOp|NoOp@NoOp|NoOp@NoOp
1009886708:NoOp@NoOp|NoOp@NoOp|NoOp@NoOp|NoOp@NoOp|NoOp@NoOp|NoOp@NoOp|Move(N)@Move(N)|NoOp@NoOp|NoOp@NoOp|NoOp@NoOp
1009897292:NoOp@NoOp|NoOp@NoOp|NoOp@NoOp|NoOp@NoOp|NoOp@NoOp|NoOp@NoOp|Move(E)@Move(E)|NoOp@NoOp|NoOp@NoOp|NoOp@NoOp
1009907667:NoOp@NoOp|NoOp@NoOp|NoOp@NoOp|NoOp@NoOp|NoOp@NoOp|NoOp@NoOp|Move(N)@Move(N)|NoOp@NoOp|NoOp@NoOp|NoOp@NoOp
1009916333:NoOp@NoOp|NoOp@NoOp|NoOp@NoOp|NoOp@NoOp|NoOp@NoOp|NoOp@NoOp|Move(N)@Move(N)|NoOp@NoOp|NoOp@NoOp|NoOp@NoOp
1009924500:NoOp@NoOp|NoOp@NoOp|NoOp@NoOp|NoOp@NoOp|NoOp@NoOp|NoOp@NoOp|Move(N)@Move(N)|NoOp@NoOp|NoOp@NoOp|NoOp@NoOp
1009932875:NoOp@NoOp|NoOp@NoOp|NoOp@NoOp|NoOp@NoOp|NoOp@NoOp|NoOp@NoOp|Move(N)@Move(N)|NoOp@NoOp|NoOp@NoOp|NoOp@NoOp
1009940833:NoOp@NoOp|NoOp@NoOp|NoOp@NoOp|NoOp@NoOp|NoOp@NoOp|NoOp@NoOp|Move(N)@Move(N)|NoOp@NoOp|NoOp@NoOp|NoOp@NoOp
1009950125:NoOp@NoOp|NoOp@NoOp|NoOp@NoOp|NoOp@NoOp|NoOp@NoOp|NoOp@NoOp|Move(N)@Move(N)|NoOp@NoOp|NoOp@NoOp|NoOp@NoOp
1009958625:NoOp@NoOp|NoOp@NoOp|NoOp@NoOp|NoOp@NoOp|NoOp@NoOp|NoOp@NoOp|Move(W)@Move(W)|NoOp@NoOp|NoOp@NoOp|NoOp@NoOp
1009967083:NoOp@NoOp|NoOp@NoOp|NoOp@NoOp|NoOp@NoOp|NoOp@NoOp|NoOp@NoOp|Move(N)@Move(N)|NoOp@NoOp|NoOp@NoOp|NoOp@NoOp
1009977375:NoOp@NoOp|NoOp@NoOp|NoOp@NoOp|NoOp@NoOp|NoOp@NoOp|NoOp@NoOp|Move(N)@Move(N)|NoOp@NoOp|NoOp@NoOp|NoOp@NoOp
1009986750:NoOp@NoOp|NoOp@NoOp|NoOp@NoOp|NoOp@NoOp|NoOp@NoOp|NoOp@NoOp|Move(N)@Move(N)|NoOp@NoOp|NoOp@NoOp|NoOp@NoOp
1009995292:NoOp@NoOp|NoOp@NoOp|NoOp@NoOp|NoOp@NoOp|NoOp@NoOp|NoOp@NoOp|Move(N)@Move(N)|NoOp@NoOp|NoOp@NoOp|NoOp@NoOp
1010003292:NoOp@NoOp|NoOp@NoOp|NoOp@NoOp|NoOp@NoOp|NoOp@NoOp|NoOp@NoOp|Move(N)@Move(N)|NoOp@NoOp|NoOp@NoOp|NoOp@NoOp
1010013667:NoOp@NoOp|NoOp@NoOp|NoOp@NoOp|NoOp@NoOp|NoOp@NoOp|NoOp@NoOp|Move(N)@Move(N)|NoOp@NoOp|NoOp@NoOp|NoOp@NoOp
1010024417:NoOp@NoOp|NoOp@NoOp|NoOp@NoOp|NoOp@NoOp|NoOp@NoOp|NoOp@NoOp|Move(N)@Move(N)|NoOp@NoOp|NoOp@NoOp|NoOp@NoOp
1010032667:NoOp@NoOp|NoOp@NoOp|NoOp@NoOp|NoOp@NoOp|NoOp@NoOp|NoOp@NoOp|Move(E)@Move(E)|NoOp@NoOp|NoOp@NoOp|NoOp@NoOp
1010042333:NoOp@NoOp|NoOp@NoOp|NoOp@NoOp|NoOp@NoOp|NoOp@NoOp|NoOp@NoOp|Move(E)@Move(E)|NoOp@NoOp|NoOp@NoOp|NoOp@NoOp
1010050625:NoOp@NoOp|NoOp@NoOp|NoOp@NoOp|NoOp@NoOp|NoOp@NoOp|NoOp@NoOp|Move(S)@Move(S)|NoOp@NoOp|NoOp@NoOp|NoOp@NoOp
1010058500:NoOp@NoOp|NoOp@NoOp|NoOp@NoOp|NoOp@NoOp|NoOp@NoOp|NoOp@NoOp|Move(S)@Move(S)|NoOp@NoOp|NoOp@NoOp|NoOp@NoOp
1010093167:NoOp@NoOp|NoOp@NoOp|NoOp@NoOp|NoOp@NoOp|NoOp@NoOp|NoOp@NoOp|Move(S)@Move(S)|NoOp@NoOp|NoOp@NoOp|NoOp@NoOp
1010123833:NoOp@NoOp|NoOp@NoOp|NoOp@NoOp|NoOp@NoOp|NoOp@NoOp|NoOp@NoOp|Move(E)@Move(E)|NoOp@NoOp|NoOp@NoOp|NoOp@NoOp
1010140625:NoOp@NoOp|NoOp@NoOp|NoOp@NoOp|NoOp@NoOp|NoOp@NoOp|NoOp@NoOp|Move(E)@Move(E)|NoOp@NoOp|NoOp@NoOp|NoOp@NoOp
1010162083:NoOp@NoOp|NoOp@NoOp|NoOp@NoOp|NoOp@NoOp|NoOp@NoOp|NoOp@NoOp|Move(E)@Move(E)|NoOp@NoOp|NoOp@NoOp|NoOp@NoOp
1010172500:NoOp@NoOp|NoOp@NoOp|NoOp@NoOp|NoOp@NoOp|NoOp@NoOp|NoOp@NoOp|Move(E)@Move(E)|NoOp@NoOp|NoOp@NoOp|NoOp@NoOp
1010183708:NoOp@NoOp|NoOp@NoOp|NoOp@NoOp|NoOp@NoOp|NoOp@NoOp|NoOp@NoOp|Move(E)@Move(E)|NoOp@NoOp|NoOp@NoOp|NoOp@NoOp
1010192833:NoOp@NoOp|NoOp@NoOp|NoOp@NoOp|NoOp@NoOp|NoOp@NoOp|NoOp@NoOp|Move(E)@Move(E)|NoOp@NoOp|NoOp@NoOp|NoOp@NoOp
1010202125:NoOp@NoOp|NoOp@NoOp|NoOp@NoOp|NoOp@NoOp|NoOp@NoOp|NoOp@NoOp|Move(E)@Move(E)|NoOp@NoOp|NoOp@NoOp|NoOp@NoOp
1010212708:NoOp@NoOp|NoOp@NoOp|NoOp@NoOp|NoOp@NoOp|NoOp@NoOp|NoOp@NoOp|Move(E)@Move(E)|NoOp@NoOp|NoOp@NoOp|NoOp@NoOp
1010221667:NoOp@NoOp|NoOp@NoOp|NoOp@NoOp|NoOp@NoOp|NoOp@NoOp|NoOp@NoOp|Move(E)@Move(E)|NoOp@NoOp|NoOp@NoOp|NoOp@NoOp
1010229833:NoOp@NoOp|NoOp@NoOp|NoOp@NoOp|NoOp@NoOp|NoOp@NoOp|NoOp@NoOp|Move(E)@Move(E)|NoOp@NoOp|NoOp@NoOp|NoOp@NoOp
1010237917:NoOp@NoOp|NoOp@NoOp|NoOp@NoOp|NoOp@NoOp|NoOp@NoOp|NoOp@NoOp|Move(E)@Move(E)|NoOp@NoOp|NoOp@NoOp|NoOp@NoOp
1010244917:NoOp@NoOp|NoOp@NoOp|NoOp@NoOp|NoOp@NoOp|NoOp@NoOp|NoOp@NoOp|Move(E)@Move(E)|NoOp@NoOp|NoOp@NoOp|NoOp@NoOp
1010253417:NoOp@NoOp|NoOp@NoOp|NoOp@NoOp|NoOp@NoOp|NoOp@NoOp|NoOp@NoOp|Move(E)@Move(E)|NoOp@NoOp|NoOp@NoOp|NoOp@NoOp
1010266208:NoOp@NoOp|NoOp@NoOp|NoOp@NoOp|NoOp@NoOp|NoOp@NoOp|NoOp@NoOp|Move(E)@Move(E)|NoOp@NoOp|NoOp@NoOp|NoOp@NoOp
1010274125:NoOp@NoOp|NoOp@NoOp|NoOp@NoOp|NoOp@NoOp|NoOp@NoOp|NoOp@NoOp|Move(E)@Move(E)|NoOp@NoOp|NoOp@NoOp|NoOp@NoOp
1010283333:NoOp@NoOp|NoOp@NoOp|NoOp@NoOp|NoOp@NoOp|NoOp@NoOp|NoOp@NoOp|Move(S)@Move(S)|NoOp@NoOp|NoOp@NoOp|NoOp@NoOp
1010292833:NoOp@NoOp|NoOp@NoOp|NoOp@NoOp|NoOp@NoOp|NoOp@NoOp|NoOp@NoOp|Move(E)@Move(E)|NoOp@NoOp|NoOp@NoOp|NoOp@NoOp
1010301125:NoOp@NoOp|NoOp@NoOp|NoOp@NoOp|NoOp@NoOp|NoOp@NoOp|NoOp@NoOp|Push(E,N)@Push(E,N)|NoOp@NoOp|NoOp@NoOp|NoOp@NoOp
1010309042:NoOp@NoOp|NoOp@NoOp|NoOp@NoOp|NoOp@NoOp|NoOp@NoOp|NoOp@NoOp|Move(S)@Move(S)|NoOp@NoOp|NoOp@NoOp|NoOp@NoOp
1010319750:NoOp@NoOp|NoOp@NoOp|NoOp@NoOp|NoOp@NoOp|NoOp@NoOp|NoOp@NoOp|Move(S)@Move(S)|NoOp@NoOp|NoOp@NoOp|NoOp@NoOp
1010328625:NoOp@NoOp|NoOp@NoOp|NoOp@NoOp|Move(N)@Move(N)|NoOp@NoOp|NoOp@NoOp|NoOp@NoOp|NoOp@NoOp|NoOp@NoOp|NoOp@NoOp
1010336708:NoOp@NoOp|NoOp@NoOp|NoOp@NoOp|Move(N)@Move(N)|NoOp@NoOp|NoOp@NoOp|NoOp@NoOp|NoOp@NoOp|NoOp@NoOp|NoOp@NoOp
1010344875:NoOp@NoOp|NoOp@NoOp|NoOp@NoOp|Move(N)@Move(N)|NoOp@NoOp|NoOp@NoOp|NoOp@NoOp|NoOp@NoOp|NoOp@NoOp|NoOp@NoOp
1010355458:NoOp@NoOp|NoOp@NoOp|NoOp@NoOp|Move(N)@Move(N)|NoOp@NoOp|NoOp@NoOp|NoOp@NoOp|NoOp@NoOp|NoOp@NoOp|NoOp@NoOp
1010368125:NoOp@NoOp|NoOp@NoOp|NoOp@NoOp|Move(N)@Move(N)|NoOp@NoOp|NoOp@NoOp|NoOp@NoOp|NoOp@NoOp|NoOp@NoOp|NoOp@NoOp
1010377167:NoOp@NoOp|NoOp@NoOp|NoOp@NoOp|Move(N)@Move(N)|NoOp@NoOp|NoOp@NoOp|NoOp@NoOp|NoOp@NoOp|NoOp@NoOp|NoOp@NoOp
1010385083:NoOp@NoOp|NoOp@NoOp|NoOp@NoOp|Move(N)@Move(N)|NoOp@NoOp|NoOp@NoOp|NoOp@NoOp|NoOp@NoOp|NoOp@NoOp|NoOp@NoOp
1010392708:NoOp@NoOp|NoOp@NoOp|NoOp@NoOp|Move(N)@Move(N)|NoOp@NoOp|NoOp@NoOp|NoOp@NoOp|NoOp@NoOp|NoOp@NoOp|NoOp@NoOp
1010400250:NoOp@NoOp|NoOp@NoOp|NoOp@NoOp|Move(N)@Move(N)|NoOp@NoOp|NoOp@NoOp|NoOp@NoOp|NoOp@NoOp|NoOp@NoOp|NoOp@NoOp
1010407583:NoOp@NoOp|NoOp@NoOp|NoOp@NoOp|Move(N)@Move(N)|NoOp@NoOp|NoOp@NoOp|NoOp@NoOp|NoOp@NoOp|NoOp@NoOp|NoOp@NoOp
1010415792:NoOp@NoOp|NoOp@NoOp|NoOp@NoOp|Move(N)@Move(N)|NoOp@NoOp|NoOp@NoOp|NoOp@NoOp|NoOp@NoOp|NoOp@NoOp|NoOp@NoOp
1010423833:NoOp@NoOp|NoOp@NoOp|NoOp@NoOp|Move(N)@Move(N)|NoOp@NoOp|NoOp@NoOp|NoOp@NoOp|NoOp@NoOp|NoOp@NoOp|NoOp@NoOp
1010431875:NoOp@NoOp|NoOp@NoOp|NoOp@NoOp|Move(N)@Move(N)|NoOp@NoOp|NoOp@NoOp|NoOp@NoOp|NoOp@NoOp|NoOp@NoOp|NoOp@NoOp
1010439625:NoOp@NoOp|NoOp@NoOp|NoOp@NoOp|Move(N)@Move(N)|NoOp@NoOp|NoOp@NoOp|NoOp@NoOp|NoOp@NoOp|NoOp@NoOp|NoOp@NoOp
1010447833:NoOp@NoOp|NoOp@NoOp|NoOp@NoOp|Move(W)@Move(W)|NoOp@NoOp|NoOp@NoOp|NoOp@NoOp|NoOp@NoOp|NoOp@NoOp|NoOp@NoOp
1010456208:NoOp@NoOp|NoOp@NoOp|NoOp@NoOp|Move(W)@Move(W)|NoOp@NoOp|NoOp@NoOp|NoOp@NoOp|NoOp@NoOp|NoOp@NoOp|NoOp@NoOp
1010464375:NoOp@NoOp|NoOp@NoOp|NoOp@NoOp|Move(W)@Move(W)|NoOp@NoOp|NoOp@NoOp|NoOp@NoOp|NoOp@NoOp|NoOp@NoOp|NoOp@NoOp
1010473750:NoOp@NoOp|NoOp@NoOp|NoOp@NoOp|Move(W)@Move(W)|NoOp@NoOp|NoOp@NoOp|NoOp@NoOp|NoOp@NoOp|NoOp@NoOp|NoOp@NoOp
1010481625:NoOp@NoOp|NoOp@NoOp|NoOp@NoOp|Move(W)@Move(W)|NoOp@NoOp|NoOp@NoOp|NoOp@NoOp|NoOp@NoOp|NoOp@NoOp|NoOp@NoOp
1010489417:NoOp@NoOp|NoOp@NoOp|NoOp@NoOp|Move(W)@Move(W)|NoOp@NoOp|NoOp@NoOp|NoOp@NoOp|NoOp@NoOp|NoOp@NoOp|NoOp@NoOp
1010497417:NoOp@NoOp|NoOp@NoOp|NoOp@NoOp|Move(W)@Move(W)|NoOp@NoOp|NoOp@NoOp|NoOp@NoOp|NoOp@NoOp|NoOp@NoOp|NoOp@NoOp
1010505250:NoOp@NoOp|NoOp@NoOp|NoOp@NoOp|Move(W)@Move(W)|NoOp@NoOp|NoOp@NoOp|NoOp@NoOp|NoOp@NoOp|NoOp@NoOp|NoOp@NoOp
1010513333:NoOp@NoOp|NoOp@NoOp|NoOp@NoOp|Move(W)@Move(W)|NoOp@NoOp|NoOp@NoOp|NoOp@NoOp|NoOp@NoOp|NoOp@NoOp|NoOp@NoOp
1010520667:NoOp@NoOp|NoOp@NoOp|NoOp@NoOp|Move(W)@Move(W)|NoOp@NoOp|NoOp@NoOp|NoOp@NoOp|NoOp@NoOp|NoOp@NoOp|NoOp@NoOp
1010530792:NoOp@NoOp|NoOp@NoOp|NoOp@NoOp|Move(W)@Move(W)|NoOp@NoOp|NoOp@NoOp|NoOp@NoOp|NoOp@NoOp|NoOp@NoOp|NoOp@NoOp
1010542708:NoOp@NoOp|NoOp@NoOp|NoOp@NoOp|Move(W)@Move(W)|NoOp@NoOp|NoOp@NoOp|NoOp@NoOp|NoOp@NoOp|NoOp@NoOp|NoOp@NoOp
1010552458:NoOp@NoOp|NoOp@NoOp|NoOp@NoOp|Move(W)@Move(W)|NoOp@NoOp|NoOp@NoOp|NoOp@NoOp|NoOp@NoOp|NoOp@NoOp|NoOp@NoOp
1010560667:NoOp@NoOp|NoOp@NoOp|NoOp@NoOp|Move(W)@Move(W)|NoOp@NoOp|NoOp@NoOp|NoOp@NoOp|NoOp@NoOp|NoOp@NoOp|NoOp@NoOp
1010568292:NoOp@NoOp|NoOp@NoOp|NoOp@NoOp|Move(W)@Move(W)|NoOp@NoOp|NoOp@NoOp|NoOp@NoOp|NoOp@NoOp|NoOp@NoOp|NoOp@NoOp
1010581417:NoOp@NoOp|NoOp@NoOp|NoOp@NoOp|Move(W)@Move(W)|NoOp@NoOp|NoOp@NoOp|NoOp@NoOp|NoOp@NoOp|NoOp@NoOp|NoOp@NoOp
1010591958:NoOp@NoOp|NoOp@NoOp|NoOp@NoOp|Move(W)@Move(W)|NoOp@NoOp|NoOp@NoOp|NoOp@NoOp|NoOp@NoOp|NoOp@NoOp|NoOp@NoOp
1010599667:NoOp@NoOp|NoOp@NoOp|NoOp@NoOp|Move(W)@Move(W)|NoOp@NoOp|NoOp@NoOp|NoOp@NoOp|NoOp@NoOp|NoOp@NoOp|NoOp@NoOp
1010607500:NoOp@NoOp|NoOp@NoOp|NoOp@NoOp|Move(S)@Move(S)|NoOp@NoOp|NoOp@NoOp|NoOp@NoOp|NoOp@NoOp|NoOp@NoOp|NoOp@NoOp
1010615542:NoOp@NoOp|NoOp@NoOp|NoOp@NoOp|Move(S)@Move(S)|NoOp@NoOp|NoOp@NoOp|NoOp@NoOp|NoOp@NoOp|NoOp@NoOp|NoOp@NoOp
1010623542:NoOp@NoOp|NoOp@NoOp|NoOp@NoOp|Move(S)@Move(S)|NoOp@NoOp|NoOp@NoOp|NoOp@NoOp|NoOp@NoOp|NoOp@NoOp|NoOp@NoOp
1010631792:NoOp@NoOp|NoOp@NoOp|NoOp@NoOp|Move(W)@Move(W)|NoOp@NoOp|NoOp@NoOp|NoOp@NoOp|NoOp@NoOp|NoOp@NoOp|NoOp@NoOp
1010640792:NoOp@NoOp|NoOp@NoOp|NoOp@NoOp|Move(W)@Move(W)|NoOp@NoOp|NoOp@NoOp|NoOp@NoOp|NoOp@NoOp|NoOp@NoOp|NoOp@NoOp
1010648667:NoOp@NoOp|NoOp@NoOp|NoOp@NoOp|Move(W)@Move(W)|NoOp@NoOp|NoOp@NoOp|NoOp@NoOp|NoOp@NoOp|NoOp@NoOp|NoOp@NoOp
1010660375:NoOp@NoOp|NoOp@NoOp|NoOp@NoOp|Move(W)@Move(W)|NoOp@NoOp|NoOp@NoOp|NoOp@NoOp|NoOp@NoOp|NoOp@NoOp|NoOp@NoOp
1010669292:NoOp@NoOp|NoOp@NoOp|NoOp@NoOp|Move(W)@Move(W)|NoOp@NoOp|NoOp@NoOp|NoOp@NoOp|NoOp@NoOp|NoOp@NoOp|NoOp@NoOp
1010678875:NoOp@NoOp|NoOp@NoOp|NoOp@NoOp|Move(W)@Move(W)|NoOp@NoOp|NoOp@NoOp|NoOp@NoOp|NoOp@NoOp|NoOp@NoOp|NoOp@NoOp
1010690333:NoOp@NoOp|NoOp@NoOp|NoOp@NoOp|Move(W)@Move(W)|NoOp@NoOp|NoOp@NoOp|NoOp@NoOp|NoOp@NoOp|NoOp@NoOp|NoOp@NoOp
1010698833:NoOp@NoOp|NoOp@NoOp|NoOp@NoOp|Pull(N,N)@Pull(N,N)|NoOp@NoOp|NoOp@NoOp|NoOp@NoOp|NoOp@NoOp|NoOp@NoOp|NoOp@NoOp
1010710958:NoOp@NoOp|NoOp@NoOp|NoOp@NoOp|Push(S,E)@Push(S,E)|NoOp@NoOp|NoOp@NoOp|NoOp@NoOp|NoOp@NoOp|NoOp@NoOp|NoOp@NoOp
1010718792:NoOp@NoOp|NoOp@NoOp|NoOp@NoOp|Push(E,E)@Push(E,E)|NoOp@NoOp|NoOp@NoOp|NoOp@NoOp|NoOp@NoOp|NoOp@NoOp|NoOp@NoOp
1010728917:NoOp@NoOp|NoOp@NoOp|NoOp@NoOp|Push(E,S)@Push(E,S)|NoOp@NoOp|NoOp@NoOp|NoOp@NoOp|NoOp@NoOp|NoOp@NoOp|NoOp@NoOp
1010739125:NoOp@NoOp|NoOp@NoOp|NoOp@NoOp|Push(S,E)@Push(S,E)|NoOp@NoOp|NoOp@NoOp|NoOp@NoOp|NoOp@NoOp|NoOp@NoOp|NoOp@NoOp
1010747833:NoOp@NoOp|NoOp@NoOp|NoOp@NoOp|Push(E,E)@Push(E,E)|NoOp@NoOp|NoOp@NoOp|NoOp@NoOp|NoOp@NoOp|NoOp@NoOp|NoOp@NoOp
1010756375:NoOp@NoOp|NoOp@NoOp|NoOp@NoOp|Push(E,E)@Push(E,E)|NoOp@NoOp|NoOp@NoOp|NoOp@NoOp|NoOp@NoOp|NoOp@NoOp|NoOp@NoOp
1010764292:NoOp@NoOp|NoOp@NoOp|NoOp@NoOp|Push(E,S)@Push(E,S)|NoOp@NoOp|NoOp@NoOp|NoOp@NoOp|NoOp@NoOp|NoOp@NoOp|NoOp@NoOp
1010772083:NoOp@NoOp|NoOp@NoOp|NoOp@NoOp|Push(S,S)@Push(S,S)|NoOp@NoOp|NoOp@NoOp|NoOp@NoOp|NoOp@NoOp|NoOp@NoOp|NoOp@NoOp
1010780333:NoOp@NoOp|NoOp@NoOp|NoOp@NoOp|Push(S,S)@Push(S,S)|NoOp@NoOp|NoOp@NoOp|NoOp@NoOp|NoOp@NoOp|NoOp@NoOp|NoOp@NoOp
1010788500:NoOp@NoOp|NoOp@NoOp|NoOp@NoOp|Push(S,E)@Push(S,E)|NoOp@NoOp|NoOp@NoOp|NoOp@NoOp|NoOp@NoOp|NoOp@NoOp|NoOp@NoOp
1010796625:NoOp@NoOp|NoOp@NoOp|NoOp@NoOp|Push(E,E)@Push(E,E)|NoOp@NoOp|NoOp@NoOp|NoOp@NoOp|NoOp@NoOp|NoOp@NoOp|NoOp@NoOp
1010804208:NoOp@NoOp|NoOp@NoOp|NoOp@NoOp|Push(E,E)@Push(E,E)|NoOp@NoOp|NoOp@NoOp|NoOp@NoOp|NoOp@NoOp|NoOp@NoOp|NoOp@NoOp
1010812250:NoOp@NoOp|NoOp@NoOp|NoOp@NoOp|Push(E,E)@Push(E,E)|NoOp@NoOp|NoOp@NoOp|NoOp@NoOp|NoOp@NoOp|NoOp@NoOp|NoOp@NoOp
1010820292:NoOp@NoOp|NoOp@NoOp|NoOp@NoOp|Push(E,E)@Push(E,E)|NoOp@NoOp|NoOp@NoOp|NoOp@NoOp|NoOp@NoOp|NoOp@NoOp|NoOp@NoOp
1010828042:NoOp@NoOp|NoOp@NoOp|NoOp@NoOp|Push(E,E)@Push(E,E)|NoOp@NoOp|NoOp@NoOp|NoOp@NoOp|NoOp@NoOp|NoOp@NoOp|NoOp@NoOp
1010835917:NoOp@NoOp|NoOp@NoOp|NoOp@NoOp|Push(E,E)@Push(E,E)|NoOp@NoOp|NoOp@NoOp|NoOp@NoOp|NoOp@NoOp|NoOp@NoOp|NoOp@NoOp
1010843333:NoOp@NoOp|NoOp@NoOp|NoOp@NoOp|Push(E,E)@Push(E,E)|NoOp@NoOp|NoOp@NoOp|NoOp@NoOp|NoOp@NoOp|NoOp@NoOp|NoOp@NoOp
1010851458:NoOp@NoOp|NoOp@NoOp|NoOp@NoOp|Push(E,E)@Push(E,E)|NoOp@NoOp|NoOp@NoOp|NoOp@NoOp|NoOp@NoOp|NoOp@NoOp|NoOp@NoOp
1010859250:NoOp@NoOp|NoOp@NoOp|NoOp@NoOp|Push(E,E)@Push(E,E)|NoOp@NoOp|NoOp@NoOp|NoOp@NoOp|NoOp@NoOp|NoOp@NoOp|NoOp@NoOp
1010867375:NoOp@NoOp|NoOp@NoOp|NoOp@NoOp|Push(E,E)@Push(E,E)|NoOp@NoOp|NoOp@NoOp|NoOp@NoOp|NoOp@NoOp|NoOp@NoOp|NoOp@NoOp
1010875042:NoOp@NoOp|NoOp@NoOp|NoOp@NoOp|Push(E,E)@Push(E,E)|NoOp@NoOp|NoOp@NoOp|NoOp@NoOp|NoOp@NoOp|NoOp@NoOp|NoOp@NoOp
1010882750:NoOp@NoOp|NoOp@NoOp|NoOp@NoOp|Push(E,E)@Push(E,E)|NoOp@NoOp|NoOp@NoOp|NoOp@NoOp|NoOp@NoOp|NoOp@NoOp|NoOp@NoOp
1010890792:NoOp@NoOp|NoOp@NoOp|NoOp@NoOp|Push(E,E)@Push(E,E)|NoOp@NoOp|NoOp@NoOp|NoOp@NoOp|NoOp@NoOp|NoOp@NoOp|NoOp@NoOp
1010898708:NoOp@NoOp|NoOp@NoOp|NoOp@NoOp|Push(E,E)@Push(E,E)|NoOp@NoOp|NoOp@NoOp|NoOp@NoOp|NoOp@NoOp|NoOp@NoOp|NoOp@NoOp
1010908500:NoOp@NoOp|NoOp@NoOp|NoOp@NoOp|Push(E,S)@Push(E,S)|NoOp@NoOp|NoOp@NoOp|NoOp@NoOp|NoOp@NoOp|NoOp@NoOp|NoOp@NoOp
1010917417:NoOp@NoOp|NoOp@NoOp|NoOp@NoOp|Push(S,E)@Push(S,E)|NoOp@NoOp|NoOp@NoOp|NoOp@NoOp|NoOp@NoOp|NoOp@NoOp|NoOp@NoOp
1010925208:NoOp@NoOp|NoOp@NoOp|NoOp@NoOp|Push(E,E)@Push(E,E)|NoOp@NoOp|NoOp@NoOp|NoOp@NoOp|NoOp@NoOp|NoOp@NoOp|NoOp@NoOp
1010933083:NoOp@NoOp|NoOp@NoOp|Move(N)@Move(N)|NoOp@NoOp|NoOp@NoOp|NoOp@NoOp|NoOp@NoOp|NoOp@NoOp|NoOp@NoOp|NoOp@NoOp
1010940750:NoOp@NoOp|NoOp@NoOp|Move(N)@Move(N)|NoOp@NoOp|NoOp@NoOp|NoOp@NoOp|NoOp@NoOp|NoOp@NoOp|NoOp@NoOp|NoOp@NoOp
1010949375:NoOp@NoOp|NoOp@NoOp|Move(N)@Move(N)|NoOp@NoOp|NoOp@NoOp|NoOp@NoOp|NoOp@NoOp|NoOp@NoOp|NoOp@NoOp|NoOp@NoOp
1010959208:NoOp@NoOp|NoOp@NoOp|Move(E)@Move(E)|NoOp@NoOp|NoOp@NoOp|NoOp@NoOp|NoOp@NoOp|NoOp@NoOp|NoOp@NoOp|NoOp@NoOp
1010972333:NoOp@NoOp|NoOp@NoOp|Move(E)@Move(E)|NoOp@NoOp|NoOp@NoOp|NoOp@NoOp|NoOp@NoOp|NoOp@NoOp|NoOp@NoOp|NoOp@NoOp
1010981083:NoOp@NoOp|NoOp@NoOp|Move(E)@Move(E)|NoOp@NoOp|NoOp@NoOp|NoOp@NoOp|NoOp@NoOp|NoOp@NoOp|NoOp@NoOp|NoOp@NoOp
1010989458:NoOp@NoOp|NoOp@NoOp|Move(E)@Move(E)|NoOp@NoOp|NoOp@NoOp|NoOp@NoOp|NoOp@NoOp|NoOp@NoOp|NoOp@NoOp|NoOp@NoOp
1010997292:NoOp@NoOp|NoOp@NoOp|Move(E)@Move(E)|NoOp@NoOp|NoOp@NoOp|NoOp@NoOp|NoOp@NoOp|NoOp@NoOp|NoOp@NoOp|NoOp@NoOp
1011005875:NoOp@NoOp|NoOp@NoOp|Move(E)@Move(E)|NoOp@NoOp|NoOp@NoOp|NoOp@NoOp|NoOp@NoOp|NoOp@NoOp|NoOp@NoOp|NoOp@NoOp
1011017542:NoOp@NoOp|NoOp@NoOp|Move(E)@Move(E)|NoOp@NoOp|NoOp@NoOp|NoOp@NoOp|NoOp@NoOp|NoOp@NoOp|NoOp@NoOp|NoOp@NoOp
1011033000:NoOp@NoOp|NoOp@NoOp|Move(E)@Move(E)|NoOp@NoOp|NoOp@NoOp|NoOp@NoOp|NoOp@NoOp|NoOp@NoOp|NoOp@NoOp|NoOp@NoOp
1011047083:NoOp@NoOp|NoOp@NoOp|Move(E)@Move(E)|NoOp@NoOp|NoOp@NoOp|NoOp@NoOp|NoOp@NoOp|NoOp@NoOp|NoOp@NoOp|NoOp@NoOp
1011114667:NoOp@NoOp|NoOp@NoOp|Move(E)@Move(E)|NoOp@NoOp|NoOp@NoOp|NoOp@NoOp|NoOp@NoOp|NoOp@NoOp|NoOp@NoOp|NoOp@NoOp
1011135500:NoOp@NoOp|NoOp@NoOp|Move(E)@Move(E)|NoOp@NoOp|NoOp@NoOp|NoOp@NoOp|NoOp@NoOp|NoOp@NoOp|NoOp@NoOp|NoOp@NoOp
1011147000:NoOp@NoOp|NoOp@NoOp|Move(E)@Move(E)|NoOp@NoOp|NoOp@NoOp|NoOp@NoOp|NoOp@NoOp|NoOp@NoOp|NoOp@NoOp|NoOp@NoOp
1011155208:NoOp@NoOp|NoOp@NoOp|Move(E)@Move(E)|NoOp@NoOp|NoOp@NoOp|NoOp@NoOp|NoOp@NoOp|NoOp@NoOp|NoOp@NoOp|NoOp@NoOp
1011167792:NoOp@NoOp|NoOp@NoOp|Move(E)@Move(E)|NoOp@NoOp|NoOp@NoOp|NoOp@NoOp|NoOp@NoOp|NoOp@NoOp|NoOp@NoOp|NoOp@NoOp
1011181417:NoOp@NoOp|NoOp@NoOp|Move(E)@Move(E)|NoOp@NoOp|NoOp@NoOp|NoOp@NoOp|NoOp@NoOp|NoOp@NoOp|NoOp@NoOp|NoOp@NoOp
1011190583:NoOp@NoOp|NoOp@NoOp|Move(E)@Move(E)|NoOp@NoOp|NoOp@NoOp|NoOp@NoOp|NoOp@NoOp|NoOp@NoOp|NoOp@NoOp|NoOp@NoOp
1011198375:NoOp@NoOp|NoOp@NoOp|Move(E)@Move(E)|NoOp@NoOp|NoOp@NoOp|NoOp@NoOp|NoOp@NoOp|NoOp@NoOp|NoOp@NoOp|NoOp@NoOp
1011206125:NoOp@NoOp|NoOp@NoOp|Move(N)@Move(N)|NoOp@NoOp|NoOp@NoOp|NoOp@NoOp|NoOp@NoOp|NoOp@NoOp|NoOp@NoOp|NoOp@NoOp
1011214292:NoOp@NoOp|NoOp@NoOp|Move(N)@Move(N)|NoOp@NoOp|NoOp@NoOp|NoOp@NoOp|NoOp@NoOp|NoOp@NoOp|NoOp@NoOp|NoOp@NoOp
1011223208:NoOp@NoOp|NoOp@NoOp|Move(N)@Move(N)|NoOp@NoOp|NoOp@NoOp|NoOp@NoOp|NoOp@NoOp|NoOp@NoOp|NoOp@NoOp|NoOp@NoOp
1011237458:NoOp@NoOp|NoOp@NoOp|Move(N)@Move(N)|NoOp@NoOp|NoOp@NoOp|NoOp@NoOp|NoOp@NoOp|NoOp@NoOp|NoOp@NoOp|NoOp@NoOp
1011247000:NoOp@NoOp|NoOp@NoOp|Move(N)@Move(N)|NoOp@NoOp|NoOp@NoOp|NoOp@NoOp|NoOp@NoOp|NoOp@NoOp|NoOp@NoOp|NoOp@NoOp
1011256750:NoOp@NoOp|NoOp@NoOp|Move(N)@Move(N)|NoOp@NoOp|NoOp@NoOp|NoOp@NoOp|NoOp@NoOp|NoOp@NoOp|NoOp@NoOp|NoOp@NoOp
1011266208:NoOp@NoOp|NoOp@NoOp|Move(N)@Move(N)|NoOp@NoOp|NoOp@NoOp|NoOp@NoOp|NoOp@NoOp|NoOp@NoOp|NoOp@NoOp|NoOp@NoOp
1011274542:NoOp@NoOp|NoOp@NoOp|Move(W)@Move(W)|NoOp@NoOp|NoOp@NoOp|NoOp@NoOp|NoOp@NoOp|NoOp@NoOp|NoOp@NoOp|NoOp@NoOp
1011284375:NoOp@NoOp|NoOp@NoOp|Move(W)@Move(W)|NoOp@NoOp|NoOp@NoOp|NoOp@NoOp|NoOp@NoOp|NoOp@NoOp|NoOp@NoOp|NoOp@NoOp
1011296833:NoOp@NoOp|NoOp@NoOp|Move(W)@Move(W)|NoOp@NoOp|NoOp@NoOp|NoOp@NoOp|NoOp@NoOp|NoOp@NoOp|NoOp@NoOp|NoOp@NoOp
1011307958:NoOp@NoOp|NoOp@NoOp|Move(W)@Move(W)|NoOp@NoOp|NoOp@NoOp|NoOp@NoOp|NoOp@NoOp|NoOp@NoOp|NoOp@NoOp|NoOp@NoOp
1011316958:NoOp@NoOp|NoOp@NoOp|Move(W)@Move(W)|NoOp@NoOp|NoOp@NoOp|NoOp@NoOp|NoOp@NoOp|NoOp@NoOp|NoOp@NoOp|NoOp@NoOp
1011324917:NoOp@NoOp|NoOp@NoOp|Move(W)@Move(W)|NoOp@NoOp|NoOp@NoOp|NoOp@NoOp|NoOp@NoOp|NoOp@NoOp|NoOp@NoOp|NoOp@NoOp
1011333167:NoOp@NoOp|NoOp@NoOp|Move(W)@Move(W)|NoOp@NoOp|NoOp@NoOp|NoOp@NoOp|NoOp@NoOp|NoOp@NoOp|NoOp@NoOp|NoOp@NoOp
1011341458:NoOp@NoOp|NoOp@NoOp|Move(W)@Move(W)|NoOp@NoOp|NoOp@NoOp|NoOp@NoOp|NoOp@NoOp|NoOp@NoOp|NoOp@NoOp|NoOp@NoOp
1011349625:NoOp@NoOp|NoOp@NoOp|Move(W)@Move(W)|NoOp@NoOp|NoOp@NoOp|NoOp@NoOp|NoOp@NoOp|NoOp@NoOp|NoOp@NoOp|NoOp@NoOp
1011379083:NoOp@NoOp|NoOp@NoOp|Move(W)@Move(W)|NoOp@NoOp|NoOp@NoOp|NoOp@NoOp|NoOp@NoOp|NoOp@NoOp|NoOp@NoOp|NoOp@NoOp
1011392208:NoOp@NoOp|NoOp@NoOp|Push(W,W)@Push(W,W)|NoOp@NoOp|NoOp@NoOp|NoOp@NoOp|NoOp@NoOp|NoOp@NoOp|NoOp@NoOp|NoOp@NoOp
1011413250:NoOp@NoOp|NoOp@NoOp|Move(S)@Move(S)|NoOp@NoOp|NoOp@NoOp|NoOp@NoOp|NoOp@NoOp|NoOp@NoOp|NoOp@NoOp|NoOp@NoOp
1011427000:NoOp@NoOp|NoOp@NoOp|Move(S)@Move(S)|NoOp@NoOp|NoOp@NoOp|NoOp@NoOp|NoOp@NoOp|NoOp@NoOp|NoOp@NoOp|NoOp@NoOp
1011435417:NoOp@NoOp|NoOp@NoOp|NoOp@NoOp|NoOp@NoOp|NoOp@NoOp|NoOp@NoOp|NoOp@NoOp|Move(N)@Move(N)|NoOp@NoOp|NoOp@NoOp
1011443542:NoOp@NoOp|NoOp@NoOp|NoOp@NoOp|NoOp@NoOp|NoOp@NoOp|NoOp@NoOp|NoOp@NoOp|Move(N)@Move(N)|NoOp@NoOp|NoOp@NoOp
1011451333:NoOp@NoOp|NoOp@NoOp|NoOp@NoOp|NoOp@NoOp|NoOp@NoOp|NoOp@NoOp|NoOp@NoOp|Move(N)@Move(N)|NoOp@NoOp|NoOp@NoOp
1011459500:NoOp@NoOp|NoOp@NoOp|NoOp@NoOp|NoOp@NoOp|NoOp@NoOp|NoOp@NoOp|NoOp@NoOp|Move(N)@Move(N)|NoOp@NoOp|NoOp@NoOp
1011468625:NoOp@NoOp|NoOp@NoOp|NoOp@NoOp|NoOp@NoOp|NoOp@NoOp|NoOp@NoOp|NoOp@NoOp|Move(N)@Move(N)|NoOp@NoOp|NoOp@NoOp
1011477625:NoOp@NoOp|NoOp@NoOp|NoOp@NoOp|NoOp@NoOp|NoOp@NoOp|NoOp@NoOp|NoOp@NoOp|Move(N)@Move(N)|NoOp@NoOp|NoOp@NoOp
1011486250:NoOp@NoOp|NoOp@NoOp|NoOp@NoOp|NoOp@NoOp|NoOp@NoOp|NoOp@NoOp|NoOp@NoOp|Move(N)@Move(N)|NoOp@NoOp|NoOp@NoOp
1011494583:NoOp@NoOp|NoOp@NoOp|NoOp@NoOp|NoOp@NoOp|NoOp@NoOp|NoOp@NoOp|NoOp@NoOp|Move(N)@Move(N)|NoOp@NoOp|NoOp@NoOp
1011502708:NoOp@NoOp|NoOp@NoOp|NoOp@NoOp|NoOp@NoOp|NoOp@NoOp|NoOp@NoOp|NoOp@NoOp|Move(N)@Move(N)|NoOp@NoOp|NoOp@NoOp
1011512167:NoOp@NoOp|NoOp@NoOp|NoOp@NoOp|NoOp@NoOp|NoOp@NoOp|NoOp@NoOp|NoOp@NoOp|Move(N)@Move(N)|NoOp@NoOp|NoOp@NoOp
1011520333:NoOp@NoOp|NoOp@NoOp|NoOp@NoOp|NoOp@NoOp|NoOp@NoOp|NoOp@NoOp|NoOp@NoOp|Move(N)@Move(N)|NoOp@NoOp|NoOp@NoOp
1011529083:NoOp@NoOp|NoOp@NoOp|NoOp@NoOp|NoOp@NoOp|NoOp@NoOp|NoOp@NoOp|NoOp@NoOp|Move(W)@Move(W)|NoOp@NoOp|NoOp@NoOp
1011537958:NoOp@NoOp|NoOp@NoOp|NoOp@NoOp|NoOp@NoOp|NoOp@NoOp|NoOp@NoOp|NoOp@NoOp|Move(W)@Move(W)|NoOp@NoOp|NoOp@NoOp
1011545917:NoOp@NoOp|NoOp@NoOp|NoOp@NoOp|NoOp@NoOp|NoOp@NoOp|NoOp@NoOp|NoOp@NoOp|Move(W)@Move(W)|NoOp@NoOp|NoOp@NoOp
1011553833:NoOp@NoOp|NoOp@NoOp|NoOp@NoOp|NoOp@NoOp|NoOp@NoOp|NoOp@NoOp|NoOp@NoOp|Move(W)@Move(W)|NoOp@NoOp|NoOp@NoOp
1011562708:NoOp@NoOp|NoOp@NoOp|NoOp@NoOp|NoOp@NoOp|NoOp@NoOp|NoOp@NoOp|NoOp@NoOp|Move(W)@Move(W)|NoOp@NoOp|NoOp@NoOp
1011572042:NoOp@NoOp|NoOp@NoOp|NoOp@NoOp|NoOp@NoOp|NoOp@NoOp|NoOp@NoOp|NoOp@NoOp|Move(W)@Move(W)|NoOp@NoOp|NoOp@NoOp
1011579875:NoOp@NoOp|NoOp@NoOp|NoOp@NoOp|NoOp@NoOp|NoOp@NoOp|NoOp@NoOp|NoOp@NoOp|Move(W)@Move(W)|NoOp@NoOp|NoOp@NoOp
1011588125:NoOp@NoOp|NoOp@NoOp|NoOp@NoOp|NoOp@NoOp|NoOp@NoOp|NoOp@NoOp|NoOp@NoOp|Move(W)@Move(W)|NoOp@NoOp|NoOp@NoOp
1011595875:NoOp@NoOp|NoOp@NoOp|NoOp@NoOp|NoOp@NoOp|NoOp@NoOp|NoOp@NoOp|NoOp@NoOp|Move(W)@Move(W)|NoOp@NoOp|NoOp@NoOp
1011604292:NoOp@NoOp|NoOp@NoOp|NoOp@NoOp|NoOp@NoOp|NoOp@NoOp|NoOp@NoOp|NoOp@NoOp|Move(W)@Move(W)|NoOp@NoOp|NoOp@NoOp
1011612208:NoOp@NoOp|NoOp@NoOp|NoOp@NoOp|NoOp@NoOp|NoOp@NoOp|NoOp@NoOp|NoOp@NoOp|Move(W)@Move(W)|NoOp@NoOp|NoOp@NoOp
1011621208:NoOp@NoOp|NoOp@NoOp|NoOp@NoOp|NoOp@NoOp|NoOp@NoOp|NoOp@NoOp|NoOp@NoOp|Move(W)@Move(W)|NoOp@NoOp|NoOp@NoOp
1011633167:NoOp@NoOp|NoOp@NoOp|NoOp@NoOp|NoOp@NoOp|NoOp@NoOp|NoOp@NoOp|NoOp@NoOp|Move(W)@Move(W)|NoOp@NoOp|NoOp@NoOp
1011645708:NoOp@NoOp|NoOp@NoOp|NoOp@NoOp|NoOp@NoOp|NoOp@NoOp|NoOp@NoOp|NoOp@NoOp|Move(W)@Move(W)|NoOp@NoOp|NoOp@NoOp
1011654417:NoOp@NoOp|NoOp@NoOp|NoOp@NoOp|NoOp@NoOp|NoOp@NoOp|NoOp@NoOp|NoOp@NoOp|Move(W)@Move(W)|NoOp@NoOp|NoOp@NoOp
1011664583:NoOp@NoOp|NoOp@NoOp|NoOp@NoOp|NoOp@NoOp|NoOp@NoOp|NoOp@NoOp|NoOp@NoOp|Move(W)@Move(W)|NoOp@NoOp|NoOp@NoOp
1011673583:NoOp@NoOp|NoOp@NoOp|NoOp@NoOp|NoOp@NoOp|NoOp@NoOp|NoOp@NoOp|NoOp@NoOp|Move(W)@Move(W)|NoOp@NoOp|NoOp@NoOp
1011682958:NoOp@NoOp|NoOp@NoOp|NoOp@NoOp|NoOp@NoOp|NoOp@NoOp|NoOp@NoOp|NoOp@NoOp|Move(N)@Move(N)|NoOp@NoOp|NoOp@NoOp
1011693875:NoOp@NoOp|NoOp@NoOp|NoOp@NoOp|NoOp@NoOp|NoOp@NoOp|NoOp@NoOp|NoOp@NoOp|Move(W)@Move(W)|NoOp@NoOp|NoOp@NoOp
1011703542:NoOp@NoOp|NoOp@NoOp|NoOp@NoOp|NoOp@NoOp|NoOp@NoOp|NoOp@NoOp|NoOp@NoOp|Move(N)@Move(N)|NoOp@NoOp|NoOp@NoOp
1011713833:NoOp@NoOp|NoOp@NoOp|NoOp@NoOp|NoOp@NoOp|NoOp@NoOp|NoOp@NoOp|NoOp@NoOp|Move(W)@Move(W)|NoOp@NoOp|NoOp@NoOp
1011723625:NoOp@NoOp|NoOp@NoOp|NoOp@NoOp|NoOp@NoOp|NoOp@NoOp|NoOp@NoOp|NoOp@NoOp|Move(W)@Move(W)|NoOp@NoOp|NoOp@NoOp
1011733333:NoOp@NoOp|NoOp@NoOp|NoOp@NoOp|NoOp@NoOp|NoOp@NoOp|NoOp@NoOp|NoOp@NoOp|Move(N)@Move(N)|NoOp@NoOp|NoOp@NoOp
1011742125:NoOp@NoOp|NoOp@NoOp|NoOp@NoOp|NoOp@NoOp|NoOp@NoOp|NoOp@NoOp|NoOp@NoOp|Move(W)@Move(W)|NoOp@NoOp|NoOp@NoOp
1011750250:NoOp@NoOp|NoOp@NoOp|NoOp@NoOp|NoOp@NoOp|NoOp@NoOp|NoOp@NoOp|NoOp@NoOp|Move(N)@Move(N)|NoOp@NoOp|NoOp@NoOp
1011759417:NoOp@NoOp|NoOp@NoOp|NoOp@NoOp|NoOp@NoOp|NoOp@NoOp|NoOp@NoOp|NoOp@NoOp|Move(N)@Move(N)|NoOp@NoOp|NoOp@NoOp
1011767208:NoOp@NoOp|NoOp@NoOp|NoOp@NoOp|NoOp@NoOp|NoOp@NoOp|NoOp@NoOp|NoOp@NoOp|Move(N)@Move(N)|NoOp@NoOp|NoOp@NoOp
1011775458:NoOp@NoOp|NoOp@NoOp|NoOp@NoOp|NoOp@NoOp|NoOp@NoOp|NoOp@NoOp|NoOp@NoOp|Move(N)@Move(N)|NoOp@NoOp|NoOp@NoOp
1011787500:NoOp@NoOp|NoOp@NoOp|NoOp@NoOp|NoOp@NoOp|NoOp@NoOp|NoOp@NoOp|NoOp@NoOp|Move(N)@Move(N)|NoOp@NoOp|NoOp@NoOp
1011798583:NoOp@NoOp|NoOp@NoOp|NoOp@NoOp|NoOp@NoOp|NoOp@NoOp|NoOp@NoOp|NoOp@NoOp|Move(N)@Move(N)|NoOp@NoOp|NoOp@NoOp
1011810042:NoOp@NoOp|NoOp@NoOp|NoOp@NoOp|NoOp@NoOp|NoOp@NoOp|NoOp@NoOp|NoOp@NoOp|Move(W)@Move(W)|NoOp@NoOp|NoOp@NoOp
1011822042:NoOp@NoOp|NoOp@NoOp|NoOp@NoOp|NoOp@NoOp|NoOp@NoOp|NoOp@NoOp|NoOp@NoOp|Move(N)@Move(N)|NoOp@NoOp|NoOp@NoOp
1011831125:NoOp@NoOp|NoOp@NoOp|NoOp@NoOp|NoOp@NoOp|NoOp@NoOp|NoOp@NoOp|NoOp@NoOp|Move(N)@Move(N)|NoOp@NoOp|NoOp@NoOp
1011841042:NoOp@NoOp|NoOp@NoOp|NoOp@NoOp|NoOp@NoOp|NoOp@NoOp|NoOp@NoOp|NoOp@NoOp|Move(N)@Move(N)|NoOp@NoOp|NoOp@NoOp
1011851458:NoOp@NoOp|NoOp@NoOp|NoOp@NoOp|NoOp@NoOp|NoOp@NoOp|NoOp@NoOp|NoOp@NoOp|Move(N)@Move(N)|NoOp@NoOp|NoOp@NoOp
1011860417:NoOp@NoOp|NoOp@NoOp|NoOp@NoOp|NoOp@NoOp|NoOp@NoOp|NoOp@NoOp|NoOp@NoOp|Move(N)@Move(N)|NoOp@NoOp|NoOp@NoOp
1011868583:NoOp@NoOp|NoOp@NoOp|NoOp@NoOp|NoOp@NoOp|NoOp@NoOp|NoOp@NoOp|NoOp@NoOp|Move(N)@Move(N)|NoOp@NoOp|NoOp@NoOp
1011876208:NoOp@NoOp|NoOp@NoOp|NoOp@NoOp|NoOp@NoOp|NoOp@NoOp|NoOp@NoOp|NoOp@NoOp|Move(N)@Move(N)|NoOp@NoOp|NoOp@NoOp
1011883667:NoOp@NoOp|NoOp@NoOp|NoOp@NoOp|NoOp@NoOp|NoOp@NoOp|NoOp@NoOp|NoOp@NoOp|Move(E)@Move(E)|NoOp@NoOp|NoOp@NoOp
1011891125:NoOp@NoOp|NoOp@NoOp|NoOp@NoOp|NoOp@NoOp|NoOp@NoOp|NoOp@NoOp|NoOp@NoOp|Move(E)@Move(E)|NoOp@NoOp|NoOp@NoOp
1011899708:NoOp@NoOp|NoOp@NoOp|NoOp@NoOp|NoOp@NoOp|NoOp@NoOp|NoOp@NoOp|NoOp@NoOp|Move(S)@Move(S)|NoOp@NoOp|NoOp@NoOp
1011908833:NoOp@NoOp|NoOp@NoOp|NoOp@NoOp|NoOp@NoOp|NoOp@NoOp|NoOp@NoOp|NoOp@NoOp|Move(S)@Move(S)|NoOp@NoOp|NoOp@NoOp
1011919125:NoOp@NoOp|NoOp@NoOp|NoOp@NoOp|NoOp@NoOp|NoOp@NoOp|NoOp@NoOp|NoOp@NoOp|Move(S)@Move(S)|NoOp@NoOp|NoOp@NoOp
1011927083:NoOp@NoOp|NoOp@NoOp|NoOp@NoOp|NoOp@NoOp|NoOp@NoOp|NoOp@NoOp|NoOp@NoOp|Move(E)@Move(E)|NoOp@NoOp|NoOp@NoOp
1011934750:NoOp@NoOp|NoOp@NoOp|NoOp@NoOp|NoOp@NoOp|NoOp@NoOp|NoOp@NoOp|NoOp@NoOp|Move(E)@Move(E)|NoOp@NoOp|NoOp@NoOp
1011942125:NoOp@NoOp|NoOp@NoOp|NoOp@NoOp|NoOp@NoOp|NoOp@NoOp|NoOp@NoOp|NoOp@NoOp|Move(E)@Move(E)|NoOp@NoOp|NoOp@NoOp
1011949458:NoOp@NoOp|NoOp@NoOp|NoOp@NoOp|NoOp@NoOp|NoOp@NoOp|NoOp@NoOp|NoOp@NoOp|Move(E)@Move(E)|NoOp@NoOp|NoOp@NoOp
1011956958:NoOp@NoOp|NoOp@NoOp|NoOp@NoOp|NoOp@NoOp|NoOp@NoOp|NoOp@NoOp|NoOp@NoOp|Move(E)@Move(E)|NoOp@NoOp|NoOp@NoOp
1011964667:NoOp@NoOp|NoOp@NoOp|NoOp@NoOp|NoOp@NoOp|NoOp@NoOp|NoOp@NoOp|NoOp@NoOp|Move(E)@Move(E)|NoOp@NoOp|NoOp@NoOp
1011973333:NoOp@NoOp|NoOp@NoOp|NoOp@NoOp|NoOp@NoOp|NoOp@NoOp|NoOp@NoOp|NoOp@NoOp|Move(S)@Move(S)|NoOp@NoOp|NoOp@NoOp
1011980750:NoOp@NoOp|NoOp@NoOp|NoOp@NoOp|NoOp@NoOp|NoOp@NoOp|NoOp@NoOp|NoOp@NoOp|Move(S)@Move(S)|NoOp@NoOp|NoOp@NoOp
1011988000:NoOp@NoOp|NoOp@NoOp|NoOp@NoOp|NoOp@NoOp|NoOp@NoOp|NoOp@NoOp|NoOp@NoOp|Move(E)@Move(E)|NoOp@NoOp|NoOp@NoOp
1011995542:NoOp@NoOp|NoOp@NoOp|NoOp@NoOp|NoOp@NoOp|NoOp@NoOp|NoOp@NoOp|NoOp@NoOp|Move(E)@Move(E)|NoOp@NoOp|NoOp@NoOp
1012003000:NoOp@NoOp|NoOp@NoOp|NoOp@NoOp|NoOp@NoOp|NoOp@NoOp|NoOp@NoOp|NoOp@NoOp|Push(E,N)@Push(E,N)|NoOp@NoOp|NoOp@NoOp
1012011208:NoOp@NoOp|NoOp@NoOp|NoOp@NoOp|NoOp@NoOp|NoOp@NoOp|NoOp@NoOp|NoOp@NoOp|Push(N,N)@Push(N,N)|NoOp@NoOp|NoOp@NoOp
1012018917:NoOp@NoOp|NoOp@NoOp|NoOp@NoOp|NoOp@NoOp|NoOp@NoOp|NoOp@NoOp|NoOp@NoOp|Push(N,W)@Push(N,W)|NoOp@NoOp|NoOp@NoOp
1012026583:NoOp@NoOp|NoOp@NoOp|NoOp@NoOp|NoOp@NoOp|NoOp@NoOp|NoOp@NoOp|NoOp@NoOp|Push(W,W)@Push(W,W)|NoOp@NoOp|NoOp@NoOp
1012033208:NoOp@NoOp|NoOp@NoOp|NoOp@NoOp|NoOp@NoOp|NoOp@NoOp|NoOp@NoOp|NoOp@NoOp|Push(W,W)@Push(W,W)|NoOp@NoOp|NoOp@NoOp
1012039792:NoOp@NoOp|NoOp@NoOp|NoOp@NoOp|NoOp@NoOp|NoOp@NoOp|NoOp@NoOp|NoOp@NoOp|Push(W,W)@Push(W,W)|NoOp@NoOp|NoOp@NoOp
1012046458:NoOp@NoOp|NoOp@NoOp|NoOp@NoOp|NoOp@NoOp|NoOp@NoOp|NoOp@NoOp|NoOp@NoOp|Push(W,W)@Push(W,W)|NoOp@NoOp|NoOp@NoOp
1012052708:NoOp@NoOp|NoOp@NoOp|NoOp@NoOp|NoOp@NoOp|NoOp@NoOp|NoOp@NoOp|NoOp@NoOp|Push(W,W)@Push(W,W)|NoOp@NoOp|NoOp@NoOp
1012059500:NoOp@NoOp|NoOp@NoOp|NoOp@NoOp|NoOp@NoOp|NoOp@NoOp|NoOp@NoOp|NoOp@NoOp|Push(W,W)@Push(W,W)|NoOp@NoOp|NoOp@NoOp
1012066375:NoOp@NoOp|NoOp@NoOp|NoOp@NoOp|NoOp@NoOp|NoOp@NoOp|NoOp@NoOp|NoOp@NoOp|Push(W,N)@Push(W,N)|NoOp@NoOp|NoOp@NoOp
1012073208:NoOp@NoOp|NoOp@NoOp|NoOp@NoOp|NoOp@NoOp|NoOp@NoOp|NoOp@NoOp|NoOp@NoOp|Push(N,N)@Push(N,N)|NoOp@NoOp|NoOp@NoOp
1012080250:NoOp@NoOp|NoOp@NoOp|NoOp@NoOp|NoOp@NoOp|NoOp@NoOp|NoOp@NoOp|NoOp@NoOp|Push(N,N)@Push(N,N)|NoOp@NoOp|NoOp@NoOp
1012088167:NoOp@NoOp|NoOp@NoOp|NoOp@NoOp|NoOp@NoOp|NoOp@NoOp|NoOp@NoOp|NoOp@NoOp|Push(N,N)@Push(N,N)|NoOp@NoOp|NoOp@NoOp
1012096167:NoOp@NoOp|NoOp@NoOp|NoOp@NoOp|NoOp@NoOp|NoOp@NoOp|NoOp@NoOp|NoOp@NoOp|Push(N,W)@Push(N,W)|NoOp@NoOp|NoOp@NoOp
1012103375:NoOp@NoOp|NoOp@NoOp|NoOp@NoOp|NoOp@NoOp|NoOp@NoOp|NoOp@NoOp|NoOp@NoOp|Push(W,W)@Push(W,W)|NoOp@NoOp|NoOp@NoOp
1012110250:NoOp@NoOp|NoOp@NoOp|NoOp@NoOp|NoOp@NoOp|NoOp@NoOp|NoOp@NoOp|NoOp@NoOp|Push(W,W)@Push(W,W)|NoOp@NoOp|NoOp@NoOp
1012117125:NoOp@NoOp|NoOp@NoOp|NoOp@NoOp|NoOp@NoOp|NoOp@NoOp|NoOp@NoOp|NoOp@NoOp|Push(W,W)@Push(W,W)|NoOp@NoOp|NoOp@NoOp
1012123917:NoOp@NoOp|NoOp@NoOp|NoOp@NoOp|NoOp@NoOp|NoOp@NoOp|NoOp@NoOp|NoOp@NoOp|Push(W,W)@Push(W,W)|NoOp@NoOp|NoOp@NoOp
1012131708:NoOp@NoOp|NoOp@NoOp|NoOp@NoOp|NoOp@NoOp|NoOp@NoOp|NoOp@NoOp|NoOp@NoOp|Push(W,W)@Push(W,W)|NoOp@NoOp|NoOp@NoOp
1012138500:NoOp@NoOp|NoOp@NoOp|NoOp@NoOp|NoOp@NoOp|NoOp@NoOp|NoOp@NoOp|NoOp@NoOp|Push(W,W)@Push(W,W)|NoOp@NoOp|NoOp@NoOp
1012145292:NoOp@NoOp|NoOp@NoOp|NoOp@NoOp|NoOp@NoOp|NoOp@NoOp|NoOp@NoOp|NoOp@NoOp|Push(W,S)@Push(W,S)|NoOp@NoOp|NoOp@NoOp
1012152167:NoOp@NoOp|NoOp@NoOp|NoOp@NoOp|NoOp@NoOp|NoOp@NoOp|NoOp@NoOp|NoOp@NoOp|Push(S,W)@Push(S,W)|NoOp@NoOp|NoOp@NoOp
1012159750:NoOp@NoOp|NoOp@NoOp|NoOp@NoOp|NoOp@NoOp|NoOp@NoOp|NoOp@NoOp|NoOp@NoOp|Push(W,W)@Push(W,W)|NoOp@NoOp|NoOp@NoOp
1012167125:NoOp@NoOp|NoOp@NoOp|NoOp@NoOp|NoOp@NoOp|NoOp@NoOp|NoOp@NoOp|NoOp@NoOp|Push(W,W)@Push(W,W)|NoOp@NoOp|NoOp@NoOp
1012175833:NoOp@NoOp|NoOp@NoOp|NoOp@NoOp|NoOp@NoOp|NoOp@NoOp|NoOp@NoOp|NoOp@NoOp|Push(W,W)@Push(W,W)|NoOp@NoOp|NoOp@NoOp
1012183708:NoOp@NoOp|NoOp@NoOp|NoOp@NoOp|NoOp@NoOp|NoOp@NoOp|NoOp@NoOp|NoOp@NoOp|Push(W,W)@Push(W,W)|NoOp@NoOp|NoOp@NoOp
1012190625:NoOp@NoOp|NoOp@NoOp|NoOp@NoOp|NoOp@NoOp|NoOp@NoOp|NoOp@NoOp|NoOp@NoOp|Push(W,W)@Push(W,W)|NoOp@NoOp|NoOp@NoOp
1012197250:NoOp@NoOp|NoOp@NoOp|NoOp@NoOp|NoOp@NoOp|NoOp@NoOp|NoOp@NoOp|NoOp@NoOp|Push(W,W)@Push(W,W)|NoOp@NoOp|NoOp@NoOp
1012205625:NoOp@NoOp|NoOp@NoOp|NoOp@NoOp|NoOp@NoOp|NoOp@NoOp|NoOp@NoOp|NoOp@NoOp|Push(W,W)@Push(W,W)|NoOp@NoOp|NoOp@NoOp
1012212917:NoOp@NoOp|NoOp@NoOp|NoOp@NoOp|NoOp@NoOp|NoOp@NoOp|NoOp@NoOp|NoOp@NoOp|Push(W,W)@Push(W,W)|NoOp@NoOp|NoOp@NoOp
1012220375:NoOp@NoOp|NoOp@NoOp|NoOp@NoOp|NoOp@NoOp|NoOp@NoOp|NoOp@NoOp|NoOp@NoOp|Push(W,W)@Push(W,W)|NoOp@NoOp|NoOp@NoOp
1012227500:NoOp@NoOp|NoOp@NoOp|NoOp@NoOp|NoOp@NoOp|NoOp@NoOp|NoOp@NoOp|NoOp@NoOp|Push(W,W)@Push(W,W)|NoOp@NoOp|NoOp@NoOp
1012235167:NoOp@NoOp|NoOp@NoOp|NoOp@NoOp|NoOp@NoOp|NoOp@NoOp|NoOp@NoOp|NoOp@NoOp|Push(W,W)@Push(W,W)|NoOp@NoOp|NoOp@NoOp
1012242750:NoOp@NoOp|NoOp@NoOp|NoOp@NoOp|NoOp@NoOp|NoOp@NoOp|NoOp@NoOp|NoOp@NoOp|Push(W,W)@Push(W,W)|NoOp@NoOp|NoOp@NoOp
1012250250:NoOp@NoOp|NoOp@NoOp|NoOp@NoOp|NoOp@NoOp|NoOp@NoOp|NoOp@NoOp|NoOp@NoOp|Push(W,W)@Push(W,W)|NoOp@NoOp|NoOp@NoOp
1012257750:NoOp@NoOp|NoOp@NoOp|NoOp@NoOp|NoOp@NoOp|NoOp@NoOp|NoOp@NoOp|NoOp@NoOp|Push(W,W)@Push(W,W)|NoOp@NoOp|NoOp@NoOp
1012265083:NoOp@NoOp|NoOp@NoOp|NoOp@NoOp|NoOp@NoOp|Move(W)@Move(W)|NoOp@NoOp|NoOp@NoOp|NoOp@NoOp|NoOp@NoOp|NoOp@NoOp
1012272583:NoOp@NoOp|NoOp@NoOp|NoOp@NoOp|NoOp@NoOp|Move(N)@Move(N)|NoOp@NoOp|NoOp@NoOp|NoOp@NoOp|NoOp@NoOp|NoOp@NoOp
1012280042:NoOp@NoOp|NoOp@NoOp|NoOp@NoOp|NoOp@NoOp|Move(N)@Move(N)|NoOp@NoOp|NoOp@NoOp|NoOp@NoOp|NoOp@NoOp|NoOp@NoOp
1012287208:NoOp@NoOp|NoOp@NoOp|NoOp@NoOp|NoOp@NoOp|Move(N)@Move(N)|NoOp@NoOp|NoOp@NoOp|NoOp@NoOp|NoOp@NoOp|NoOp@NoOp
1012293958:NoOp@NoOp|NoOp@NoOp|NoOp@NoOp|NoOp@NoOp|Move(E)@Move(E)|NoOp@NoOp|NoOp@NoOp|NoOp@NoOp|NoOp@NoOp|NoOp@NoOp
1012301458:NoOp@NoOp|NoOp@NoOp|NoOp@NoOp|NoOp@NoOp|Move(N)@Move(N)|NoOp@NoOp|NoOp@NoOp|NoOp@NoOp|NoOp@NoOp|NoOp@NoOp
1012308917:NoOp@NoOp|NoOp@NoOp|NoOp@NoOp|NoOp@NoOp|Move(N)@Move(N)|NoOp@NoOp|NoOp@NoOp|NoOp@NoOp|NoOp@NoOp|NoOp@NoOp
1012316500:NoOp@NoOp|NoOp@NoOp|NoOp@NoOp|NoOp@NoOp|Move(E)@Move(E)|NoOp@NoOp|NoOp@NoOp|NoOp@NoOp|NoOp@NoOp|NoOp@NoOp
1012323875:NoOp@NoOp|NoOp@NoOp|NoOp@NoOp|NoOp@NoOp|Move(E)@Move(E)|NoOp@NoOp|NoOp@NoOp|NoOp@NoOp|NoOp@NoOp|NoOp@NoOp
1012331458:NoOp@NoOp|NoOp@NoOp|NoOp@NoOp|NoOp@NoOp|Move(E)@Move(E)|NoOp@NoOp|NoOp@NoOp|NoOp@NoOp|NoOp@NoOp|NoOp@NoOp
1012338792:NoOp@NoOp|NoOp@NoOp|NoOp@NoOp|NoOp@NoOp|Move(E)@Move(E)|NoOp@NoOp|NoOp@NoOp|NoOp@NoOp|NoOp@NoOp|NoOp@NoOp
1012346458:NoOp@NoOp|NoOp@NoOp|NoOp@NoOp|NoOp@NoOp|Move(E)@Move(E)|NoOp@NoOp|NoOp@NoOp|NoOp@NoOp|NoOp@NoOp|NoOp@NoOp
1012353833:NoOp@NoOp|NoOp@NoOp|NoOp@NoOp|NoOp@NoOp|Move(E)@Move(E)|NoOp@NoOp|NoOp@NoOp|NoOp@NoOp|NoOp@NoOp|NoOp@NoOp
1012361250:NoOp@NoOp|NoOp@NoOp|NoOp@NoOp|NoOp@NoOp|Move(E)@Move(E)|NoOp@NoOp|NoOp@NoOp|NoOp@NoOp|NoOp@NoOp|NoOp@NoOp
1012368208:NoOp@NoOp|NoOp@NoOp|NoOp@NoOp|NoOp@NoOp|Move(E)@Move(E)|NoOp@NoOp|NoOp@NoOp|NoOp@NoOp|NoOp@NoOp|NoOp@NoOp
1012375583:NoOp@NoOp|NoOp@NoOp|NoOp@NoOp|NoOp@NoOp|Move(E)@Move(E)|NoOp@NoOp|NoOp@NoOp|NoOp@NoOp|NoOp@NoOp|NoOp@NoOp
1012382875:NoOp@NoOp|NoOp@NoOp|NoOp@NoOp|NoOp@NoOp|Move(E)@Move(E)|NoOp@NoOp|NoOp@NoOp|NoOp@NoOp|NoOp@NoOp|NoOp@NoOp
1012390500:NoOp@NoOp|NoOp@NoOp|NoOp@NoOp|NoOp@NoOp|Move(E)@Move(E)|NoOp@NoOp|NoOp@NoOp|NoOp@NoOp|NoOp@NoOp|NoOp@NoOp
1012397958:NoOp@NoOp|NoOp@NoOp|NoOp@NoOp|NoOp@NoOp|Move(E)@Move(E)|NoOp@NoOp|NoOp@NoOp|NoOp@NoOp|NoOp@NoOp|NoOp@NoOp
1012405583:NoOp@NoOp|NoOp@NoOp|NoOp@NoOp|NoOp@NoOp|Move(E)@Move(E)|NoOp@NoOp|NoOp@NoOp|NoOp@NoOp|NoOp@NoOp|NoOp@NoOp
1012412417:NoOp@NoOp|NoOp@NoOp|NoOp@NoOp|NoOp@NoOp|Move(E)@Move(E)|NoOp@NoOp|NoOp@NoOp|NoOp@NoOp|NoOp@NoOp|NoOp@NoOp
1012421958:NoOp@NoOp|NoOp@NoOp|NoOp@NoOp|NoOp@NoOp|Move(E)@Move(E)|NoOp@NoOp|NoOp@NoOp|NoOp@NoOp|NoOp@NoOp|NoOp@NoOp
1012431542:NoOp@NoOp|NoOp@NoOp|NoOp@NoOp|NoOp@NoOp|Move(E)@Move(E)|NoOp@NoOp|NoOp@NoOp|NoOp@NoOp|NoOp@NoOp|NoOp@NoOp
1012439667:NoOp@NoOp|NoOp@NoOp|NoOp@NoOp|NoOp@NoOp|Move(E)@Move(E)|NoOp@NoOp|NoOp@NoOp|NoOp@NoOp|NoOp@NoOp|NoOp@NoOp
1012447417:NoOp@NoOp|NoOp@NoOp|NoOp@NoOp|NoOp@NoOp|Move(N)@Move(N)|NoOp@NoOp|NoOp@NoOp|NoOp@NoOp|NoOp@NoOp|NoOp@NoOp
1012455000:NoOp@NoOp|NoOp@NoOp|NoOp@NoOp|NoOp@NoOp|Move(N)@Move(N)|NoOp@NoOp|NoOp@NoOp|NoOp@NoOp|NoOp@NoOp|NoOp@NoOp
1012462417:NoOp@NoOp|NoOp@NoOp|NoOp@NoOp|NoOp@NoOp|Move(N)@Move(N)|NoOp@NoOp|NoOp@NoOp|NoOp@NoOp|NoOp@NoOp|NoOp@NoOp
1012469792:NoOp@NoOp|NoOp@NoOp|NoOp@NoOp|NoOp@NoOp|Move(N)@Move(N)|NoOp@NoOp|NoOp@NoOp|NoOp@NoOp|NoOp@NoOp|NoOp@NoOp
1012477250:NoOp@NoOp|NoOp@NoOp|NoOp@NoOp|NoOp@NoOp|Move(N)@Move(N)|NoOp@NoOp|NoOp@NoOp|NoOp@NoOp|NoOp@NoOp|NoOp@NoOp
1012484625:NoOp@NoOp|NoOp@NoOp|NoOp@NoOp|NoOp@NoOp|Move(W)@Move(W)|NoOp@NoOp|NoOp@NoOp|NoOp@NoOp|NoOp@NoOp|NoOp@NoOp
1012492292:NoOp@NoOp|NoOp@NoOp|NoOp@NoOp|NoOp@NoOp|Move(W)@Move(W)|NoOp@NoOp|NoOp@NoOp|NoOp@NoOp|NoOp@NoOp|NoOp@NoOp
1012499750:NoOp@NoOp|NoOp@NoOp|NoOp@NoOp|NoOp@NoOp|Move(W)@Move(W)|NoOp@NoOp|NoOp@NoOp|NoOp@NoOp|NoOp@NoOp|NoOp@NoOp
1012507250:NoOp@NoOp|NoOp@NoOp|NoOp@NoOp|NoOp@NoOp|Move(W)@Move(W)|NoOp@NoOp|NoOp@NoOp|NoOp@NoOp|NoOp@NoOp|NoOp@NoOp
1012516833:NoOp@NoOp|NoOp@NoOp|NoOp@NoOp|NoOp@NoOp|Move(W)@Move(W)|NoOp@NoOp|NoOp@NoOp|NoOp@NoOp|NoOp@NoOp|NoOp@NoOp
1012526625:NoOp@NoOp|NoOp@NoOp|NoOp@NoOp|NoOp@NoOp|Move(W)@Move(W)|NoOp@NoOp|NoOp@NoOp|NoOp@NoOp|NoOp@NoOp|NoOp@NoOp
1012536333:NoOp@NoOp|NoOp@NoOp|NoOp@NoOp|NoOp@NoOp|Push(W,W)@Push(W,W)|NoOp@NoOp|NoOp@NoOp|NoOp@NoOp|NoOp@NoOp|NoOp@NoOp
1012544667:NoOp@NoOp|NoOp@NoOp|NoOp@NoOp|NoOp@NoOp|Move(E)@Move(E)|NoOp@NoOp|NoOp@NoOp|NoOp@NoOp|NoOp@NoOp|NoOp@NoOp
1012552875:NoOp@NoOp|NoOp@NoOp|NoOp@NoOp|NoOp@NoOp|Move(E)@Move(E)|NoOp@NoOp|NoOp@NoOp|NoOp@NoOp|NoOp@NoOp|NoOp@NoOp
1012560917:NoOp@NoOp|NoOp@NoOp|NoOp@NoOp|NoOp@NoOp|Move(E)@Move(E)|NoOp@NoOp|NoOp@NoOp|NoOp@NoOp|NoOp@NoOp|NoOp@NoOp
1012569667:NoOp@NoOp|NoOp@NoOp|NoOp@NoOp|NoOp@NoOp|Move(E)@Move(E)|NoOp@NoOp|NoOp@NoOp|NoOp@NoOp|NoOp@NoOp|NoOp@NoOp
1012581750:NoOp@NoOp|NoOp@NoOp|NoOp@NoOp|NoOp@NoOp|Move(E)@Move(E)|NoOp@NoOp|NoOp@NoOp|NoOp@NoOp|NoOp@NoOp|NoOp@NoOp
1012590583:NoOp@NoOp|NoOp@NoOp|NoOp@NoOp|NoOp@NoOp|Move(E)@Move(E)|NoOp@NoOp|NoOp@NoOp|NoOp@NoOp|NoOp@NoOp|NoOp@NoOp
1012599083:NoOp@NoOp|NoOp@NoOp|NoOp@NoOp|NoOp@NoOp|Move(E)@Move(E)|NoOp@NoOp|NoOp@NoOp|NoOp@NoOp|NoOp@NoOp|NoOp@NoOp
1012607458:NoOp@NoOp|NoOp@NoOp|NoOp@NoOp|NoOp@NoOp|Move(N)@Move(N)|NoOp@NoOp|NoOp@NoOp|NoOp@NoOp|NoOp@NoOp|NoOp@NoOp
1012616792:NoOp@NoOp|NoOp@NoOp|NoOp@NoOp|NoOp@NoOp|Move(N)@Move(N)|NoOp@NoOp|NoOp@NoOp|NoOp@NoOp|NoOp@NoOp|NoOp@NoOp
1012624667:NoOp@NoOp|NoOp@NoOp|NoOp@NoOp|NoOp@NoOp|Move(E)@Move(E)|NoOp@NoOp|NoOp@NoOp|NoOp@NoOp|NoOp@NoOp|NoOp@NoOp
1012632958:NoOp@NoOp|NoOp@NoOp|NoOp@NoOp|NoOp@NoOp|Move(E)@Move(E)|NoOp@NoOp|NoOp@NoOp|NoOp@NoOp|NoOp@NoOp|NoOp@NoOp
1012641083:NoOp@NoOp|NoOp@NoOp|NoOp@NoOp|NoOp@NoOp|Move(E)@Move(E)|NoOp@NoOp|NoOp@NoOp|NoOp@NoOp|NoOp@NoOp|NoOp@NoOp
1012649417:NoOp@NoOp|NoOp@NoOp|NoOp@NoOp|NoOp@NoOp|Move(N)@Move(N)|NoOp@NoOp|NoOp@NoOp|NoOp@NoOp|NoOp@NoOp|NoOp@NoOp
1012657583:NoOp@NoOp|NoOp@NoOp|NoOp@NoOp|NoOp@NoOp|Move(E)@Move(E)|NoOp@NoOp|NoOp@NoOp|NoOp@NoOp|NoOp@NoOp|NoOp@NoOp
1012665958:NoOp@NoOp|NoOp@NoOp|NoOp@NoOp|NoOp@NoOp|Move(E)@Move(E)|NoOp@NoOp|NoOp@NoOp|NoOp@NoOp|NoOp@NoOp|NoOp@NoOp
1012674125:NoOp@NoOp|NoOp@NoOp|NoOp@NoOp|NoOp@NoOp|Move(E)@Move(E)|NoOp@NoOp|NoOp@NoOp|NoOp@NoOp|NoOp@NoOp|NoOp@NoOp
1012682250:NoOp@NoOp|NoOp@NoOp|NoOp@NoOp|NoOp@NoOp|Move(E)@Move(E)|NoOp@NoOp|NoOp@NoOp|NoOp@NoOp|NoOp@NoOp|NoOp@NoOp
1012690333:NoOp@NoOp|NoOp@NoOp|NoOp@NoOp|NoOp@NoOp|Move(E)@Move(E)|NoOp@NoOp|NoOp@NoOp|NoOp@NoOp|NoOp@NoOp|NoOp@NoOp
1012698333:NoOp@NoOp|NoOp@NoOp|NoOp@NoOp|NoOp@NoOp|Move(E)@Move(E)|NoOp@NoOp|NoOp@NoOp|NoOp@NoOp|NoOp@NoOp|NoOp@NoOp
1012706583:NoOp@NoOp|NoOp@NoOp|NoOp@NoOp|NoOp@NoOp|Move(N)@Move(N)|NoOp@NoOp|NoOp@NoOp|NoOp@NoOp|NoOp@NoOp|NoOp@NoOp
1012714792:NoOp@NoOp|NoOp@NoOp|NoOp@NoOp|NoOp@NoOp|Move(N)@Move(N)|NoOp@NoOp|NoOp@NoOp|NoOp@NoOp|NoOp@NoOp|NoOp@NoOp
1012722958:NoOp@NoOp|NoOp@NoOp|NoOp@NoOp|NoOp@NoOp|Move(N)@Move(N)|NoOp@NoOp|NoOp@NoOp|NoOp@NoOp|NoOp@NoOp|NoOp@NoOp
1012731042:NoOp@NoOp|NoOp@NoOp|NoOp@NoOp|NoOp@NoOp|Move(E)@Move(E)|NoOp@NoOp|NoOp@NoOp|NoOp@NoOp|NoOp@NoOp|NoOp@NoOp
1012739167:NoOp@NoOp|NoOp@NoOp|NoOp@NoOp|NoOp@NoOp|Move(E)@Move(E)|NoOp@NoOp|NoOp@NoOp|NoOp@NoOp|NoOp@NoOp|NoOp@NoOp
1012747417:NoOp@NoOp|NoOp@NoOp|NoOp@NoOp|NoOp@NoOp|Move(E)@Move(E)|NoOp@NoOp|NoOp@NoOp|NoOp@NoOp|NoOp@NoOp|NoOp@NoOp
1012755500:NoOp@NoOp|NoOp@NoOp|NoOp@NoOp|NoOp@NoOp|Move(E)@Move(E)|NoOp@NoOp|NoOp@NoOp|NoOp@NoOp|NoOp@NoOp|NoOp@NoOp
1012763667:NoOp@NoOp|NoOp@NoOp|NoOp@NoOp|NoOp@NoOp|Move(E)@Move(E)|NoOp@NoOp|NoOp@NoOp|NoOp@NoOp|NoOp@NoOp|NoOp@NoOp
1012771792:NoOp@NoOp|NoOp@NoOp|NoOp@NoOp|NoOp@NoOp|Move(E)@Move(E)|NoOp@NoOp|NoOp@NoOp|NoOp@NoOp|NoOp@NoOp|NoOp@NoOp
1012779125:NoOp@NoOp|NoOp@NoOp|NoOp@NoOp|NoOp@NoOp|Move(E)@Move(E)|NoOp@NoOp|NoOp@NoOp|NoOp@NoOp|NoOp@NoOp|NoOp@NoOp
1012787000:NoOp@NoOp|NoOp@NoOp|NoOp@NoOp|NoOp@NoOp|Move(E)@Move(E)|NoOp@NoOp|NoOp@NoOp|NoOp@NoOp|NoOp@NoOp|NoOp@NoOp
1012794750:NoOp@NoOp|NoOp@NoOp|NoOp@NoOp|NoOp@NoOp|Move(E)@Move(E)|NoOp@NoOp|NoOp@NoOp|NoOp@NoOp|NoOp@NoOp|NoOp@NoOp
1012802750:NoOp@NoOp|NoOp@NoOp|NoOp@NoOp|NoOp@NoOp|Move(E)@Move(E)|NoOp@NoOp|NoOp@NoOp|NoOp@NoOp|NoOp@NoOp|NoOp@NoOp
1012811000:NoOp@NoOp|NoOp@NoOp|NoOp@NoOp|NoOp@NoOp|Move(E)@Move(E)|NoOp@NoOp|NoOp@NoOp|NoOp@NoOp|NoOp@NoOp|NoOp@NoOp
1012819125:NoOp@NoOp|NoOp@NoOp|NoOp@NoOp|NoOp@NoOp|Move(E)@Move(E)|NoOp@NoOp|NoOp@NoOp|NoOp@NoOp|NoOp@NoOp|NoOp@NoOp
1012826542:NoOp@NoOp|NoOp@NoOp|NoOp@NoOp|NoOp@NoOp|Move(E)@Move(E)|NoOp@NoOp|NoOp@NoOp|NoOp@NoOp|NoOp@NoOp|NoOp@NoOp
1012833792:NoOp@NoOp|NoOp@NoOp|NoOp@NoOp|NoOp@NoOp|Move(E)@Move(E)|NoOp@NoOp|NoOp@NoOp|NoOp@NoOp|NoOp@NoOp|NoOp@NoOp
1012841250:NoOp@NoOp|NoOp@NoOp|NoOp@NoOp|NoOp@NoOp|Move(E)@Move(E)|NoOp@NoOp|NoOp@NoOp|NoOp@NoOp|NoOp@NoOp|NoOp@NoOp
1012848625:NoOp@NoOp|NoOp@NoOp|NoOp@NoOp|NoOp@NoOp|Move(E)@Move(E)|NoOp@NoOp|NoOp@NoOp|NoOp@NoOp|NoOp@NoOp|NoOp@NoOp
1012855958:NoOp@NoOp|NoOp@NoOp|NoOp@NoOp|NoOp@NoOp|Move(E)@Move(E)|NoOp@NoOp|NoOp@NoOp|NoOp@NoOp|NoOp@NoOp|NoOp@NoOp
1012863417:NoOp@NoOp|NoOp@NoOp|NoOp@NoOp|NoOp@NoOp|Move(E)@Move(E)|NoOp@NoOp|NoOp@NoOp|NoOp@NoOp|NoOp@NoOp|NoOp@NoOp
1012870458:NoOp@NoOp|NoOp@NoOp|NoOp@NoOp|NoOp@NoOp|Move(E)@Move(E)|NoOp@NoOp|NoOp@NoOp|NoOp@NoOp|NoOp@NoOp|NoOp@NoOp
1012877417:NoOp@NoOp|NoOp@NoOp|NoOp@NoOp|NoOp@NoOp|Move(S)@Move(S)|NoOp@NoOp|NoOp@NoOp|NoOp@NoOp|NoOp@NoOp|NoOp@NoOp
1012885083:NoOp@NoOp|NoOp@NoOp|NoOp@NoOp|NoOp@NoOp|Move(S)@Move(S)|NoOp@NoOp|NoOp@NoOp|NoOp@NoOp|NoOp@NoOp|NoOp@NoOp
1012892500:NoOp@NoOp|NoOp@NoOp|NoOp@NoOp|NoOp@NoOp|Move(S)@Move(S)|NoOp@NoOp|NoOp@NoOp|NoOp@NoOp|NoOp@NoOp|NoOp@NoOp
1012899958:NoOp@NoOp|NoOp@NoOp|NoOp@NoOp|NoOp@NoOp|Move(S)@Move(S)|NoOp@NoOp|NoOp@NoOp|NoOp@NoOp|NoOp@NoOp|NoOp@NoOp
1012907750:NoOp@NoOp|NoOp@NoOp|NoOp@NoOp|NoOp@NoOp|Move(S)@Move(S)|NoOp@NoOp|NoOp@NoOp|NoOp@NoOp|NoOp@NoOp|NoOp@NoOp
1012915417:NoOp@NoOp|NoOp@NoOp|NoOp@NoOp|NoOp@NoOp|Move(S)@Move(S)|NoOp@NoOp|NoOp@NoOp|NoOp@NoOp|NoOp@NoOp|NoOp@NoOp
1012922792:NoOp@NoOp|NoOp@NoOp|NoOp@NoOp|NoOp@NoOp|Move(S)@Move(S)|NoOp@NoOp|NoOp@NoOp|NoOp@NoOp|NoOp@NoOp|NoOp@NoOp
1012930208:NoOp@NoOp|NoOp@NoOp|NoOp@NoOp|NoOp@NoOp|Move(S)@Move(S)|NoOp@NoOp|NoOp@NoOp|NoOp@NoOp|NoOp@NoOp|NoOp@NoOp
1012937792:NoOp@NoOp|NoOp@NoOp|NoOp@NoOp|NoOp@NoOp|Move(S)@Move(S)|NoOp@NoOp|NoOp@NoOp|NoOp@NoOp|NoOp@NoOp|NoOp@NoOp
1012945208:NoOp@NoOp|NoOp@NoOp|NoOp@NoOp|NoOp@NoOp|Move(S)@Move(S)|NoOp@NoOp|NoOp@NoOp|NoOp@NoOp|NoOp@NoOp|NoOp@NoOp
1012952625:NoOp@NoOp|NoOp@NoOp|NoOp@NoOp|NoOp@NoOp|Move(S)@Move(S)|NoOp@NoOp|NoOp@NoOp|NoOp@NoOp|NoOp@NoOp|NoOp@NoOp
1012959958:NoOp@NoOp|NoOp@NoOp|NoOp@NoOp|NoOp@NoOp|Move(S)@Move(S)|NoOp@NoOp|NoOp@NoOp|NoOp@NoOp|NoOp@NoOp|NoOp@NoOp
1012967542:NoOp@NoOp|NoOp@NoOp|NoOp@NoOp|NoOp@NoOp|Move(S)@Move(S)|NoOp@NoOp|NoOp@NoOp|NoOp@NoOp|NoOp@NoOp|NoOp@NoOp
1012975208:NoOp@NoOp|NoOp@NoOp|NoOp@NoOp|NoOp@NoOp|Move(S)@Move(S)|NoOp@NoOp|NoOp@NoOp|NoOp@NoOp|NoOp@NoOp|NoOp@NoOp
1012982667:NoOp@NoOp|NoOp@NoOp|NoOp@NoOp|NoOp@NoOp|Move(E)@Move(E)|NoOp@NoOp|NoOp@NoOp|NoOp@NoOp|NoOp@NoOp|NoOp@NoOp
1012990333:NoOp@NoOp|NoOp@NoOp|NoOp@NoOp|NoOp@NoOp|NoOp@NoOp|Move(N)@Move(N)|NoOp@NoOp|NoOp@NoOp|NoOp@NoOp|NoOp@NoOp
1012997917:NoOp@NoOp|NoOp@NoOp|NoOp@NoOp|NoOp@NoOp|NoOp@NoOp|Move(E)@Move(E)|NoOp@NoOp|NoOp@NoOp|NoOp@NoOp|NoOp@NoOp
1013005542:NoOp@NoOp|NoOp@NoOp|NoOp@NoOp|NoOp@NoOp|NoOp@NoOp|Move(E)@Move(E)|NoOp@NoOp|NoOp@NoOp|NoOp@NoOp|NoOp@NoOp
1013012917:NoOp@NoOp|NoOp@NoOp|NoOp@NoOp|NoOp@NoOp|NoOp@NoOp|Move(N)@Move(N)|NoOp@NoOp|NoOp@NoOp|NoOp@NoOp|NoOp@NoOp
1013020250:NoOp@NoOp|NoOp@NoOp|NoOp@NoOp|NoOp@NoOp|NoOp@NoOp|Move(E)@Move(E)|NoOp@NoOp|NoOp@NoOp|NoOp@NoOp|NoOp@NoOp
1013027792:NoOp@NoOp|NoOp@NoOp|NoOp@NoOp|NoOp@NoOp|NoOp@NoOp|Move(E)@Move(E)|NoOp@NoOp|NoOp@NoOp|NoOp@NoOp|NoOp@NoOp
1013036958:NoOp@NoOp|NoOp@NoOp|NoOp@NoOp|NoOp@NoOp|NoOp@NoOp|Move(E)@Move(E)|NoOp@NoOp|NoOp@NoOp|NoOp@NoOp|NoOp@NoOp
1013046250:NoOp@NoOp|NoOp@NoOp|NoOp@NoOp|NoOp@NoOp|NoOp@NoOp|Move(S)@Move(S)|NoOp@NoOp|NoOp@NoOp|NoOp@NoOp|NoOp@NoOp
1013056167:NoOp@NoOp|NoOp@NoOp|NoOp@NoOp|NoOp@NoOp|NoOp@NoOp|Move(E)@Move(E)|NoOp@NoOp|NoOp@NoOp|NoOp@NoOp|NoOp@NoOp
1013064667:NoOp@NoOp|NoOp@NoOp|NoOp@NoOp|NoOp@NoOp|NoOp@NoOp|Move(E)@Move(E)|NoOp@NoOp|NoOp@NoOp|NoOp@NoOp|NoOp@NoOp
1013072917:NoOp@NoOp|NoOp@NoOp|NoOp@NoOp|NoOp@NoOp|NoOp@NoOp|Move(E)@Move(E)|NoOp@NoOp|NoOp@NoOp|NoOp@NoOp|NoOp@NoOp
1013081000:NoOp@NoOp|NoOp@NoOp|NoOp@NoOp|NoOp@NoOp|NoOp@NoOp|Move(S)@Move(S)|NoOp@NoOp|NoOp@NoOp|NoOp@NoOp|NoOp@NoOp
1013089000:NoOp@NoOp|NoOp@NoOp|NoOp@NoOp|NoOp@NoOp|NoOp@NoOp|Move(S)@Move(S)|NoOp@NoOp|NoOp@NoOp|NoOp@NoOp|NoOp@NoOp
1013098958:NoOp@NoOp|NoOp@NoOp|NoOp@NoOp|NoOp@NoOp|NoOp@NoOp|Move(S)@Move(S)|NoOp@NoOp|NoOp@NoOp|NoOp@NoOp|NoOp@NoOp
1013112000:NoOp@NoOp|NoOp@NoOp|NoOp@NoOp|NoOp@NoOp|NoOp@NoOp|Move(E)@Move(E)|NoOp@NoOp|NoOp@NoOp|NoOp@NoOp|NoOp@NoOp
1013123542:NoOp@NoOp|NoOp@NoOp|NoOp@NoOp|NoOp@NoOp|NoOp@NoOp|Move(E)@Move(E)|NoOp@NoOp|NoOp@NoOp|NoOp@NoOp|NoOp@NoOp
1013131958:NoOp@NoOp|NoOp@NoOp|NoOp@NoOp|NoOp@NoOp|NoOp@NoOp|Move(E)@Move(E)|NoOp@NoOp|NoOp@NoOp|NoOp@NoOp|NoOp@NoOp
1013140667:NoOp@NoOp|NoOp@NoOp|NoOp@NoOp|NoOp@NoOp|NoOp@NoOp|Move(E)@Move(E)|NoOp@NoOp|NoOp@NoOp|NoOp@NoOp|NoOp@NoOp
1013148792:NoOp@NoOp|NoOp@NoOp|NoOp@NoOp|NoOp@NoOp|NoOp@NoOp|Pull(N,N)@Pull(N,N)|NoOp@NoOp|NoOp@NoOp|NoOp@NoOp|NoOp@NoOp
1013157167:NoOp@NoOp|NoOp@NoOp|NoOp@NoOp|NoOp@NoOp|NoOp@NoOp|Push(S,W)@Push(S,W)|NoOp@NoOp|NoOp@NoOp|NoOp@NoOp|NoOp@NoOp
1013165542:NoOp@NoOp|NoOp@NoOp|NoOp@NoOp|NoOp@NoOp|NoOp@NoOp|Push(W,W)@Push(W,W)|NoOp@NoOp|NoOp@NoOp|NoOp@NoOp|NoOp@NoOp
1013175208:NoOp@NoOp|NoOp@NoOp|NoOp@NoOp|NoOp@NoOp|NoOp@NoOp|Push(W,N)@Push(W,N)|NoOp@NoOp|NoOp@NoOp|NoOp@NoOp|NoOp@NoOp
1013183167:NoOp@NoOp|NoOp@NoOp|NoOp@NoOp|NoOp@NoOp|NoOp@NoOp|Push(N,N)@Push(N,N)|NoOp@NoOp|NoOp@NoOp|NoOp@NoOp|NoOp@NoOp
1013191458:NoOp@NoOp|NoOp@NoOp|NoOp@NoOp|NoOp@NoOp|NoOp@NoOp|Push(N,N)@Push(N,N)|NoOp@NoOp|NoOp@NoOp|NoOp@NoOp|NoOp@NoOp
1013198208:NoOp@NoOp|NoOp@NoOp|NoOp@NoOp|NoOp@NoOp|NoOp@NoOp|Push(N,N)@Push(N,N)|NoOp@NoOp|NoOp@NoOp|NoOp@NoOp|NoOp@NoOp
1013206417:NoOp@NoOp|NoOp@NoOp|NoOp@NoOp|NoOp@NoOp|NoOp@NoOp|Push(N,W)@Push(N,W)|NoOp@NoOp|NoOp@NoOp|NoOp@NoOp|NoOp@NoOp
1013214583:NoOp@NoOp|NoOp@NoOp|NoOp@NoOp|NoOp@NoOp|NoOp@NoOp|Push(W,W)@Push(W,W)|NoOp@NoOp|NoOp@NoOp|NoOp@NoOp|NoOp@NoOp
1013222792:NoOp@NoOp|NoOp@NoOp|NoOp@NoOp|NoOp@NoOp|NoOp@NoOp|Push(W,W)@Push(W,W)|NoOp@NoOp|NoOp@NoOp|NoOp@NoOp|NoOp@NoOp
1013234625:NoOp@NoOp|NoOp@NoOp|NoOp@NoOp|NoOp@NoOp|NoOp@NoOp|Push(W,W)@Push(W,W)|NoOp@NoOp|NoOp@NoOp|NoOp@NoOp|NoOp@NoOp
1013243917:NoOp@NoOp|NoOp@NoOp|NoOp@NoOp|NoOp@NoOp|NoOp@NoOp|Push(W,W)@Push(W,W)|NoOp@NoOp|NoOp@NoOp|NoOp@NoOp|NoOp@NoOp
1013252292:NoOp@NoOp|NoOp@NoOp|NoOp@NoOp|NoOp@NoOp|NoOp@NoOp|Push(W,W)@Push(W,W)|NoOp@NoOp|NoOp@NoOp|NoOp@NoOp|NoOp@NoOp
1013260167:NoOp@NoOp|NoOp@NoOp|NoOp@NoOp|NoOp@NoOp|NoOp@NoOp|Push(W,W)@Push(W,W)|NoOp@NoOp|NoOp@NoOp|NoOp@NoOp|NoOp@NoOp
1013267750:NoOp@NoOp|NoOp@NoOp|NoOp@NoOp|NoOp@NoOp|NoOp@NoOp|Push(W,S)@Push(W,S)|NoOp@NoOp|NoOp@NoOp|NoOp@NoOp|NoOp@NoOp
1013276042:NoOp@NoOp|NoOp@NoOp|NoOp@NoOp|NoOp@NoOp|NoOp@NoOp|Push(S,W)@Push(S,W)|NoOp@NoOp|NoOp@NoOp|NoOp@NoOp|NoOp@NoOp
1013284333:NoOp@NoOp|NoOp@NoOp|NoOp@NoOp|NoOp@NoOp|NoOp@NoOp|Push(W,W)@Push(W,W)|NoOp@NoOp|NoOp@NoOp|NoOp@NoOp|NoOp@NoOp
1013292625:NoOp@NoOp|NoOp@NoOp|NoOp@NoOp|NoOp@NoOp|NoOp@NoOp|Push(W,W)@Push(W,W)|NoOp@NoOp|NoOp@NoOp|NoOp@NoOp|NoOp@NoOp
1013300750:NoOp@NoOp|NoOp@NoOp|NoOp@NoOp|NoOp@NoOp|NoOp@NoOp|Push(W,S)@Push(W,S)|NoOp@NoOp|NoOp@NoOp|NoOp@NoOp|NoOp@NoOp
1013309458:NoOp@NoOp|NoOp@NoOp|NoOp@NoOp|NoOp@NoOp|NoOp@NoOp|Push(S,S)@Push(S,S)|NoOp@NoOp|NoOp@NoOp|NoOp@NoOp|NoOp@NoOp
1013317667:NoOp@NoOp|NoOp@NoOp|NoOp@NoOp|NoOp@NoOp|NoOp@NoOp|Push(S,W)@Push(S,W)|NoOp@NoOp|NoOp@NoOp|NoOp@NoOp|NoOp@NoOp
1013325917:NoOp@NoOp|NoOp@NoOp|NoOp@NoOp|NoOp@NoOp|NoOp@NoOp|Push(W,W)@Push(W,W)|NoOp@NoOp|NoOp@NoOp|NoOp@NoOp|NoOp@NoOp
1013336167:NoOp@NoOp|NoOp@NoOp|NoOp@NoOp|NoOp@NoOp|NoOp@NoOp|Push(W,W)@Push(W,W)|NoOp@NoOp|NoOp@NoOp|NoOp@NoOp|NoOp@NoOp
1013345500:NoOp@NoOp|NoOp@NoOp|NoOp@NoOp|NoOp@NoOp|NoOp@NoOp|Push(W,W)@Push(W,W)|NoOp@NoOp|NoOp@NoOp|NoOp@NoOp|NoOp@NoOp
1013354125:NoOp@NoOp|NoOp@NoOp|NoOp@NoOp|NoOp@NoOp|NoOp@NoOp|Push(W,W)@Push(W,W)|NoOp@NoOp|NoOp@NoOp|NoOp@NoOp|NoOp@NoOp
1013362000:NoOp@NoOp|NoOp@NoOp|NoOp@NoOp|NoOp@NoOp|NoOp@NoOp|Push(W,W)@Push(W,W)|NoOp@NoOp|NoOp@NoOp|NoOp@NoOp|NoOp@NoOp
1013370125:NoOp@NoOp|NoOp@NoOp|NoOp@NoOp|NoOp@NoOp|NoOp@NoOp|Push(W,W)@Push(W,W)|NoOp@NoOp|NoOp@NoOp|NoOp@NoOp|NoOp@NoOp
1013378208:NoOp@NoOp|NoOp@NoOp|NoOp@NoOp|NoOp@NoOp|NoOp@NoOp|Push(W,W)@Push(W,W)|NoOp@NoOp|NoOp@NoOp|NoOp@NoOp|NoOp@NoOp
1013386875:NoOp@NoOp|NoOp@NoOp|Move(E)@Move(E)|NoOp@NoOp|NoOp@NoOp|NoOp@NoOp|NoOp@NoOp|NoOp@NoOp|NoOp@NoOp|NoOp@NoOp
1013395625:NoOp@NoOp|NoOp@NoOp|NoOp@NoOp|NoOp@NoOp|NoOp@NoOp|NoOp@NoOp|NoOp@NoOp|Move(S)@Move(S)|NoOp@NoOp|NoOp@NoOp
1013410125:NoOp@NoOp|NoOp@NoOp|NoOp@NoOp|NoOp@NoOp|NoOp@NoOp|NoOp@NoOp|NoOp@NoOp|Move(N)@Move(N)|NoOp@NoOp|NoOp@NoOp
1013446875:NoOp@NoOp|NoOp@NoOp|NoOp@NoOp|NoOp@NoOp|NoOp@NoOp|NoOp@NoOp|NoOp@NoOp|Push(W,S)@Push(W,S)|NoOp@NoOp|NoOp@NoOp
1013455375:NoOp@NoOp|NoOp@NoOp|NoOp@NoOp|NoOp@NoOp|NoOp@NoOp|NoOp@NoOp|NoOp@NoOp|Push(S,W)@Push(S,W)|NoOp@NoOp|NoOp@NoOp
1013462500:NoOp@NoOp|NoOp@NoOp|NoOp@NoOp|NoOp@NoOp|NoOp@NoOp|NoOp@NoOp|NoOp@NoOp|Move(E)@Move(E)|NoOp@NoOp|NoOp@NoOp
1013470833:NoOp@NoOp|NoOp@NoOp|NoOp@NoOp|Move(N)@Move(N)|NoOp@NoOp|NoOp@NoOp|NoOp@NoOp|NoOp@NoOp|NoOp@NoOp|NoOp@NoOp
1013479125:NoOp@NoOp|NoOp@NoOp|NoOp@NoOp|Move(W)@Move(W)|NoOp@NoOp|NoOp@NoOp|NoOp@NoOp|NoOp@NoOp|NoOp@NoOp|NoOp@NoOp
1013487625:NoOp@NoOp|NoOp@NoOp|NoOp@NoOp|Move(W)@Move(W)|NoOp@NoOp|NoOp@NoOp|NoOp@NoOp|NoOp@NoOp|NoOp@NoOp|NoOp@NoOp
1013495542:NoOp@NoOp|NoOp@NoOp|NoOp@NoOp|Move(W)@Move(W)|NoOp@NoOp|NoOp@NoOp|NoOp@NoOp|NoOp@NoOp|NoOp@NoOp|NoOp@NoOp
1013505333:NoOp@NoOp|NoOp@NoOp|NoOp@NoOp|Move(W)@Move(W)|NoOp@NoOp|NoOp@NoOp|NoOp@NoOp|NoOp@NoOp|NoOp@NoOp|NoOp@NoOp
1013516792:NoOp@NoOp|NoOp@NoOp|NoOp@NoOp|Move(W)@Move(W)|NoOp@NoOp|NoOp@NoOp|NoOp@NoOp|NoOp@NoOp|NoOp@NoOp|NoOp@NoOp
1013525125:NoOp@NoOp|NoOp@NoOp|NoOp@NoOp|Move(N)@Move(N)|NoOp@NoOp|NoOp@NoOp|NoOp@NoOp|NoOp@NoOp|NoOp@NoOp|NoOp@NoOp
1013532500:NoOp@NoOp|NoOp@NoOp|NoOp@NoOp|Move(W)@Move(W)|NoOp@NoOp|NoOp@NoOp|NoOp@NoOp|NoOp@NoOp|NoOp@NoOp|NoOp@NoOp
1013540208:NoOp@NoOp|NoOp@NoOp|NoOp@NoOp|Move(W)@Move(W)|NoOp@NoOp|NoOp@NoOp|NoOp@NoOp|NoOp@NoOp|NoOp@NoOp|NoOp@NoOp
1013548042:NoOp@NoOp|NoOp@NoOp|NoOp@NoOp|Move(W)@Move(W)|NoOp@NoOp|NoOp@NoOp|NoOp@NoOp|NoOp@NoOp|NoOp@NoOp|NoOp@NoOp
1013555542:NoOp@NoOp|NoOp@NoOp|NoOp@NoOp|Push(W,N)@Push(W,N)|NoOp@NoOp|NoOp@NoOp|NoOp@NoOp|NoOp@NoOp|NoOp@NoOp|NoOp@NoOp
1013563125:NoOp@NoOp|NoOp@NoOp|NoOp@NoOp|Move(S)@Move(S)|NoOp@NoOp|NoOp@NoOp|NoOp@NoOp|NoOp@NoOp|NoOp@NoOp|NoOp@NoOp
1013570667:NoOp@NoOp|NoOp@NoOp|NoOp@NoOp|Move(S)@Move(S)|NoOp@NoOp|NoOp@NoOp|NoOp@NoOp|NoOp@NoOp|NoOp@NoOp|NoOp@NoOp
1013578250:NoOp@NoOp|NoOp@NoOp|NoOp@NoOp|NoOp@NoOp|NoOp@NoOp|NoOp@NoOp|Move(N)@Move(N)|NoOp@NoOp|NoOp@NoOp|NoOp@NoOp
1013585833:NoOp@NoOp|NoOp@NoOp|NoOp@NoOp|NoOp@NoOp|NoOp@NoOp|NoOp@NoOp|Move(W)@Move(W)|NoOp@NoOp|NoOp@NoOp|NoOp@NoOp
1013593250:NoOp@NoOp|NoOp@NoOp|NoOp@NoOp|NoOp@NoOp|NoOp@NoOp|NoOp@NoOp|Move(N)@Move(N)|NoOp@NoOp|NoOp@NoOp|NoOp@NoOp
1013600917:NoOp@NoOp|NoOp@NoOp|NoOp@NoOp|NoOp@NoOp|NoOp@NoOp|NoOp@NoOp|Move(N)@Move(N)|NoOp@NoOp|NoOp@NoOp|NoOp@NoOp
1013608042:NoOp@NoOp|NoOp@NoOp|NoOp@NoOp|NoOp@NoOp|NoOp@NoOp|NoOp@NoOp|Move(W)@Move(W)|NoOp@NoOp|NoOp@NoOp|NoOp@NoOp
1013615667:NoOp@NoOp|NoOp@NoOp|NoOp@NoOp|NoOp@NoOp|NoOp@NoOp|NoOp@NoOp|Move(W)@Move(W)|NoOp@NoOp|NoOp@NoOp|NoOp@NoOp
1013623000:NoOp@NoOp|NoOp@NoOp|NoOp@NoOp|NoOp@NoOp|NoOp@NoOp|NoOp@NoOp|Move(W)@Move(W)|NoOp@NoOp|NoOp@NoOp|NoOp@NoOp
1013630500:NoOp@NoOp|NoOp@NoOp|NoOp@NoOp|NoOp@NoOp|NoOp@NoOp|NoOp@NoOp|Move(W)@Move(W)|NoOp@NoOp|NoOp@NoOp|NoOp@NoOp
1013638167:NoOp@NoOp|NoOp@NoOp|NoOp@NoOp|NoOp@NoOp|NoOp@NoOp|NoOp@NoOp|Move(W)@Move(W)|NoOp@NoOp|NoOp@NoOp|NoOp@NoOp
1013647458:NoOp@NoOp|NoOp@NoOp|NoOp@NoOp|NoOp@NoOp|NoOp@NoOp|NoOp@NoOp|Move(W)@Move(W)|NoOp@NoOp|NoOp@NoOp|NoOp@NoOp
1013661833:NoOp@NoOp|NoOp@NoOp|NoOp@NoOp|NoOp@NoOp|NoOp@NoOp|NoOp@NoOp|Move(W)@Move(W)|NoOp@NoOp|NoOp@NoOp|NoOp@NoOp
1013673542:NoOp@NoOp|NoOp@NoOp|NoOp@NoOp|NoOp@NoOp|NoOp@NoOp|NoOp@NoOp|Move(W)@Move(W)|NoOp@NoOp|NoOp@NoOp|NoOp@NoOp
1013685000:NoOp@NoOp|NoOp@NoOp|NoOp@NoOp|NoOp@NoOp|NoOp@NoOp|NoOp@NoOp|Move(W)@Move(W)|NoOp@NoOp|NoOp@NoOp|NoOp@NoOp
1013695167:NoOp@NoOp|NoOp@NoOp|NoOp@NoOp|NoOp@NoOp|NoOp@NoOp|NoOp@NoOp|Move(W)@Move(W)|NoOp@NoOp|NoOp@NoOp|NoOp@NoOp
1013703125:NoOp@NoOp|NoOp@NoOp|NoOp@NoOp|NoOp@NoOp|NoOp@NoOp|NoOp@NoOp|Move(W)@Move(W)|NoOp@NoOp|NoOp@NoOp|NoOp@NoOp
1013710667:NoOp@NoOp|NoOp@NoOp|NoOp@NoOp|NoOp@NoOp|NoOp@NoOp|NoOp@NoOp|Move(W)@Move(W)|NoOp@NoOp|NoOp@NoOp|NoOp@NoOp
1013717958:NoOp@NoOp|NoOp@NoOp|NoOp@NoOp|NoOp@NoOp|NoOp@NoOp|NoOp@NoOp|Move(W)@Move(W)|NoOp@NoOp|NoOp@NoOp|NoOp@NoOp
1013725458:NoOp@NoOp|NoOp@NoOp|NoOp@NoOp|NoOp@NoOp|NoOp@NoOp|NoOp@NoOp|Move(W)@Move(W)|NoOp@NoOp|NoOp@NoOp|NoOp@NoOp
1013733125:NoOp@NoOp|NoOp@NoOp|NoOp@NoOp|NoOp@NoOp|NoOp@NoOp|NoOp@NoOp|Move(N)@Move(N)|NoOp@NoOp|NoOp@NoOp|NoOp@NoOp
1013740833:NoOp@NoOp|NoOp@NoOp|NoOp@NoOp|NoOp@NoOp|NoOp@NoOp|NoOp@NoOp|Move(N)@Move(N)|NoOp@NoOp|NoOp@NoOp|NoOp@NoOp
1013748583:NoOp@NoOp|NoOp@NoOp|NoOp@NoOp|NoOp@NoOp|NoOp@NoOp|NoOp@NoOp|Move(N)@Move(N)|NoOp@NoOp|NoOp@NoOp|NoOp@NoOp
1013756417:NoOp@NoOp|NoOp@NoOp|NoOp@NoOp|NoOp@NoOp|NoOp@NoOp|NoOp@NoOp|Move(N)@Move(N)|NoOp@NoOp|NoOp@NoOp|NoOp@NoOp
1013764083:NoOp@NoOp|NoOp@NoOp|NoOp@NoOp|NoOp@NoOp|NoOp@NoOp|NoOp@NoOp|Move(W)@Move(W)|NoOp@NoOp|NoOp@NoOp|NoOp@NoOp
1013772833:NoOp@NoOp|NoOp@NoOp|NoOp@NoOp|NoOp@NoOp|NoOp@NoOp|NoOp@NoOp|Move(W)@Move(W)|NoOp@NoOp|NoOp@NoOp|NoOp@NoOp
1013783333:NoOp@NoOp|NoOp@NoOp|NoOp@NoOp|NoOp@NoOp|NoOp@NoOp|NoOp@NoOp|Move(W)@Move(W)|NoOp@NoOp|NoOp@NoOp|NoOp@NoOp
1013798000:NoOp@NoOp|NoOp@NoOp|NoOp@NoOp|NoOp@NoOp|NoOp@NoOp|NoOp@NoOp|Move(W)@Move(W)|NoOp@NoOp|NoOp@NoOp|NoOp@NoOp
1013806958:NoOp@NoOp|NoOp@NoOp|NoOp@NoOp|NoOp@NoOp|NoOp@NoOp|NoOp@NoOp|Move(W)@Move(W)|NoOp@NoOp|NoOp@NoOp|NoOp@NoOp
1013814333:NoOp@NoOp|NoOp@NoOp|NoOp@NoOp|NoOp@NoOp|NoOp@NoOp|NoOp@NoOp|Move(W)@Move(W)|NoOp@NoOp|NoOp@NoOp|NoOp@NoOp
1013822625:NoOp@NoOp|NoOp@NoOp|NoOp@NoOp|NoOp@NoOp|NoOp@NoOp|NoOp@NoOp|Move(W)@Move(W)|NoOp@NoOp|NoOp@NoOp|NoOp@NoOp
1013829833:NoOp@NoOp|NoOp@NoOp|NoOp@NoOp|NoOp@NoOp|NoOp@NoOp|NoOp@NoOp|Move(S)@Move(S)|NoOp@NoOp|NoOp@NoOp|NoOp@NoOp
1013837375:NoOp@NoOp|NoOp@NoOp|NoOp@NoOp|NoOp@NoOp|NoOp@NoOp|NoOp@NoOp|Move(W)@Move(W)|NoOp@NoOp|NoOp@NoOp|NoOp@NoOp
1013844750:NoOp@NoOp|NoOp@NoOp|NoOp@NoOp|NoOp@NoOp|NoOp@NoOp|NoOp@NoOp|Move(W)@Move(W)|NoOp@NoOp|NoOp@NoOp|NoOp@NoOp
1013851875:NoOp@NoOp|NoOp@NoOp|NoOp@NoOp|NoOp@NoOp|NoOp@NoOp|NoOp@NoOp|Move(W)@Move(W)|NoOp@NoOp|NoOp@NoOp|NoOp@NoOp
1013860875:NoOp@NoOp|NoOp@NoOp|NoOp@NoOp|NoOp@NoOp|NoOp@NoOp|NoOp@NoOp|Move(S)@Move(S)|NoOp@NoOp|NoOp@NoOp|NoOp@NoOp
1013870583:NoOp@NoOp|NoOp@NoOp|NoOp@NoOp|NoOp@NoOp|NoOp@NoOp|NoOp@NoOp|Move(S)@Move(S)|NoOp@NoOp|NoOp@NoOp|NoOp@NoOp
1013878208:NoOp@NoOp|NoOp@NoOp|NoOp@NoOp|NoOp@NoOp|NoOp@NoOp|NoOp@NoOp|Move(S)@Move(S)|NoOp@NoOp|NoOp@NoOp|NoOp@NoOp
1013885792:NoOp@NoOp|NoOp@NoOp|NoOp@NoOp|NoOp@NoOp|NoOp@NoOp|NoOp@NoOp|Move(S)@Move(S)|NoOp@NoOp|NoOp@NoOp|NoOp@NoOp
1013893458:NoOp@NoOp|NoOp@NoOp|NoOp@NoOp|NoOp@NoOp|NoOp@NoOp|NoOp@NoOp|Move(S)@Move(S)|NoOp@NoOp|NoOp@NoOp|NoOp@NoOp
1013901083:NoOp@NoOp|NoOp@NoOp|NoOp@NoOp|NoOp@NoOp|NoOp@NoOp|NoOp@NoOp|Move(W)@Move(W)|NoOp@NoOp|NoOp@NoOp|NoOp@NoOp
1013908667:NoOp@NoOp|NoOp@NoOp|NoOp@NoOp|NoOp@NoOp|NoOp@NoOp|NoOp@NoOp|Move(W)@Move(W)|NoOp@NoOp|NoOp@NoOp|NoOp@NoOp
1013916167:NoOp@NoOp|NoOp@NoOp|NoOp@NoOp|NoOp@NoOp|NoOp@NoOp|NoOp@NoOp|Move(W)@Move(W)|NoOp@NoOp|NoOp@NoOp|NoOp@NoOp
1013923833:NoOp@NoOp|NoOp@NoOp|NoOp@NoOp|NoOp@NoOp|NoOp@NoOp|NoOp@NoOp|Move(W)@Move(W)|NoOp@NoOp|NoOp@NoOp|NoOp@NoOp
1013931458:NoOp@NoOp|NoOp@NoOp|NoOp@NoOp|NoOp@NoOp|NoOp@NoOp|NoOp@NoOp|Move(W)@Move(W)|NoOp@NoOp|NoOp@NoOp|NoOp@NoOp
1013939292:NoOp@NoOp|NoOp@NoOp|NoOp@NoOp|NoOp@NoOp|NoOp@NoOp|NoOp@NoOp|Move(W)@Move(W)|NoOp@NoOp|NoOp@NoOp|NoOp@NoOp
1013946500:NoOp@NoOp|NoOp@NoOp|NoOp@NoOp|NoOp@NoOp|NoOp@NoOp|NoOp@NoOp|Move(W)@Move(W)|NoOp@NoOp|NoOp@NoOp|NoOp@NoOp
1013954125:NoOp@NoOp|NoOp@NoOp|NoOp@NoOp|NoOp@NoOp|NoOp@NoOp|NoOp@NoOp|Move(W)@Move(W)|NoOp@NoOp|NoOp@NoOp|NoOp@NoOp
1013961750:NoOp@NoOp|NoOp@NoOp|NoOp@NoOp|NoOp@NoOp|NoOp@NoOp|NoOp@NoOp|Move(W)@Move(W)|NoOp@NoOp|NoOp@NoOp|NoOp@NoOp
1013969167:NoOp@NoOp|NoOp@NoOp|NoOp@NoOp|NoOp@NoOp|NoOp@NoOp|NoOp@NoOp|Move(W)@Move(W)|NoOp@NoOp|NoOp@NoOp|NoOp@NoOp
1013976500:NoOp@NoOp|NoOp@NoOp|NoOp@NoOp|NoOp@NoOp|NoOp@NoOp|NoOp@NoOp|Move(W)@Move(W)|NoOp@NoOp|NoOp@NoOp|NoOp@NoOp
1013984042:NoOp@NoOp|NoOp@NoOp|NoOp@NoOp|NoOp@NoOp|NoOp@NoOp|NoOp@NoOp|Push(W,N)@Push(W,N)|NoOp@NoOp|NoOp@NoOp|NoOp@NoOp
1013991917:NoOp@NoOp|NoOp@NoOp|NoOp@NoOp|NoOp@NoOp|NoOp@NoOp|NoOp@NoOp|Push(N,N)@Push(N,N)|NoOp@NoOp|NoOp@NoOp|NoOp@NoOp
1013999667:NoOp@NoOp|NoOp@NoOp|NoOp@NoOp|NoOp@NoOp|NoOp@NoOp|NoOp@NoOp|Push(N,N)@Push(N,N)|NoOp@NoOp|NoOp@NoOp|NoOp@NoOp
1014006958:NoOp@NoOp|NoOp@NoOp|NoOp@NoOp|NoOp@NoOp|NoOp@NoOp|NoOp@NoOp|Push(N,N)@Push(N,N)|NoOp@NoOp|NoOp@NoOp|NoOp@NoOp
1014015875:NoOp@NoOp|NoOp@NoOp|NoOp@NoOp|NoOp@NoOp|NoOp@NoOp|NoOp@NoOp|Push(N,N)@Push(N,N)|NoOp@NoOp|NoOp@NoOp|NoOp@NoOp
1014023833:NoOp@NoOp|NoOp@NoOp|NoOp@NoOp|NoOp@NoOp|NoOp@NoOp|NoOp@NoOp|Push(N,E)@Push(N,E)|NoOp@NoOp|NoOp@NoOp|NoOp@NoOp
1014031000:NoOp@NoOp|NoOp@NoOp|NoOp@NoOp|NoOp@NoOp|NoOp@NoOp|NoOp@NoOp|Push(E,E)@Push(E,E)|NoOp@NoOp|NoOp@NoOp|NoOp@NoOp
1014037917:NoOp@NoOp|NoOp@NoOp|NoOp@NoOp|NoOp@NoOp|NoOp@NoOp|NoOp@NoOp|Push(E,E)@Push(E,E)|NoOp@NoOp|NoOp@NoOp|NoOp@NoOp
1014045917:NoOp@NoOp|NoOp@NoOp|NoOp@NoOp|NoOp@NoOp|NoOp@NoOp|NoOp@NoOp|Push(E,E)@Push(E,E)|NoOp@NoOp|NoOp@NoOp|NoOp@NoOp
1014060625:NoOp@NoOp|NoOp@NoOp|NoOp@NoOp|NoOp@NoOp|NoOp@NoOp|NoOp@NoOp|Push(E,E)@Push(E,E)|NoOp@NoOp|NoOp@NoOp|NoOp@NoOp
1014070083:NoOp@NoOp|NoOp@NoOp|NoOp@NoOp|NoOp@NoOp|NoOp@NoOp|NoOp@NoOp|Push(E,E)@Push(E,E)|NoOp@NoOp|NoOp@NoOp|NoOp@NoOp
1014078458:NoOp@NoOp|NoOp@NoOp|NoOp@NoOp|NoOp@NoOp|NoOp@NoOp|NoOp@NoOp|Push(E,E)@Push(E,E)|NoOp@NoOp|NoOp@NoOp|NoOp@NoOp
1014085958:NoOp@NoOp|NoOp@NoOp|NoOp@NoOp|NoOp@NoOp|NoOp@NoOp|NoOp@NoOp|Push(E,E)@Push(E,E)|NoOp@NoOp|NoOp@NoOp|NoOp@NoOp
1014093542:NoOp@NoOp|NoOp@NoOp|NoOp@NoOp|NoOp@NoOp|NoOp@NoOp|NoOp@NoOp|Push(E,E)@Push(E,E)|NoOp@NoOp|NoOp@NoOp|NoOp@NoOp
1014101125:NoOp@NoOp|NoOp@NoOp|NoOp@NoOp|NoOp@NoOp|NoOp@NoOp|NoOp@NoOp|Push(E,E)@Push(E,E)|NoOp@NoOp|NoOp@NoOp|NoOp@NoOp
1014108750:NoOp@NoOp|NoOp@NoOp|NoOp@NoOp|NoOp@NoOp|NoOp@NoOp|NoOp@NoOp|Push(E,E)@Push(E,E)|NoOp@NoOp|NoOp@NoOp|NoOp@NoOp
1014116292:NoOp@NoOp|NoOp@NoOp|NoOp@NoOp|NoOp@NoOp|NoOp@NoOp|NoOp@NoOp|Push(E,E)@Push(E,E)|NoOp@NoOp|NoOp@NoOp|NoOp@NoOp
1014123750:NoOp@NoOp|NoOp@NoOp|NoOp@NoOp|NoOp@NoOp|NoOp@NoOp|NoOp@NoOp|Push(E,E)@Push(E,E)|NoOp@NoOp|NoOp@NoOp|NoOp@NoOp
1014139500:NoOp@NoOp|NoOp@NoOp|NoOp@NoOp|NoOp@NoOp|NoOp@NoOp|NoOp@NoOp|Push(E,E)@Push(E,E)|NoOp@NoOp|NoOp@NoOp|NoOp@NoOp
1014149167:NoOp@NoOp|NoOp@NoOp|NoOp@NoOp|NoOp@NoOp|NoOp@NoOp|NoOp@NoOp|Push(E,N)@Push(E,N)|NoOp@NoOp|NoOp@NoOp|NoOp@NoOp
1014161958:NoOp@NoOp|NoOp@NoOp|NoOp@NoOp|NoOp@NoOp|NoOp@NoOp|NoOp@NoOp|Push(N,E)@Push(N,E)|NoOp@NoOp|NoOp@NoOp|NoOp@NoOp
1014171167:NoOp@NoOp|NoOp@NoOp|NoOp@NoOp|NoOp@NoOp|NoOp@NoOp|NoOp@NoOp|Push(E,E)@Push(E,E)|NoOp@NoOp|NoOp@NoOp|NoOp@NoOp
1014180708:NoOp@NoOp|NoOp@NoOp|NoOp@NoOp|NoOp@NoOp|NoOp@NoOp|NoOp@NoOp|Push(E,E)@Push(E,E)|NoOp@NoOp|NoOp@NoOp|NoOp@NoOp
1014191458:NoOp@NoOp|NoOp@NoOp|NoOp@NoOp|NoOp@NoOp|NoOp@NoOp|NoOp@NoOp|Push(E,S)@Push(E,S)|NoOp@NoOp|NoOp@NoOp|NoOp@NoOp
1014204625:NoOp@NoOp|NoOp@NoOp|NoOp@NoOp|NoOp@NoOp|NoOp@NoOp|NoOp@NoOp|Push(S,E)@Push(S,E)|NoOp@NoOp|NoOp@NoOp|NoOp@NoOp
1014214292:NoOp@NoOp|NoOp@NoOp|NoOp@NoOp|NoOp@NoOp|NoOp@NoOp|NoOp@NoOp|Push(E,E)@Push(E,E)|NoOp@NoOp|NoOp@NoOp|NoOp@NoOp
1014222375:NoOp@NoOp|NoOp@NoOp|NoOp@NoOp|NoOp@NoOp|NoOp@NoOp|NoOp@NoOp|Push(E,E)@Push(E,E)|NoOp@NoOp|NoOp@NoOp|NoOp@NoOp
1014229667:NoOp@NoOp|NoOp@NoOp|NoOp@NoOp|NoOp@NoOp|NoOp@NoOp|NoOp@NoOp|Push(E,S)@Push(E,S)|NoOp@NoOp|NoOp@NoOp|NoOp@NoOp
1014238458:NoOp@NoOp|NoOp@NoOp|NoOp@NoOp|NoOp@NoOp|NoOp@NoOp|NoOp@NoOp|Push(S,S)@Push(S,S)|NoOp@NoOp|NoOp@NoOp|NoOp@NoOp
1014250833:NoOp@NoOp|NoOp@NoOp|NoOp@NoOp|NoOp@NoOp|NoOp@NoOp|NoOp@NoOp|Push(S,S)@Push(S,S)|NoOp@NoOp|NoOp@NoOp|NoOp@NoOp
1014262958:NoOp@NoOp|NoOp@NoOp|NoOp@NoOp|NoOp@NoOp|NoOp@NoOp|NoOp@NoOp|Push(S,E)@Push(S,E)|NoOp@NoOp|NoOp@NoOp|NoOp@NoOp
1014270833:NoOp@NoOp|NoOp@NoOp|NoOp@NoOp|NoOp@NoOp|NoOp@NoOp|NoOp@NoOp|Push(E,E)@Push(E,E)|NoOp@NoOp|NoOp@NoOp|NoOp@NoOp
1014280750:NoOp@NoOp|NoOp@NoOp|NoOp@NoOp|NoOp@NoOp|NoOp@NoOp|NoOp@NoOp|Push(E,E)@Push(E,E)|NoOp@NoOp|NoOp@NoOp|NoOp@NoOp
1014289542:NoOp@NoOp|NoOp@NoOp|NoOp@NoOp|NoOp@NoOp|NoOp@NoOp|NoOp@NoOp|Push(E,E)@Push(E,E)|NoOp@NoOp|NoOp@NoOp|NoOp@NoOp
1014301750:NoOp@NoOp|NoOp@NoOp|NoOp@NoOp|NoOp@NoOp|NoOp@NoOp|NoOp@NoOp|Push(E,E)@Push(E,E)|NoOp@NoOp|NoOp@NoOp|NoOp@NoOp
1014309458:NoOp@NoOp|NoOp@NoOp|NoOp@NoOp|NoOp@NoOp|NoOp@NoOp|NoOp@NoOp|Push(E,E)@Push(E,E)|NoOp@NoOp|NoOp@NoOp|NoOp@NoOp
1014317125:NoOp@NoOp|NoOp@NoOp|NoOp@NoOp|NoOp@NoOp|NoOp@NoOp|NoOp@NoOp|Push(E,N)@Push(E,N)|NoOp@NoOp|NoOp@NoOp|NoOp@NoOp
1014324917:NoOp@NoOp|NoOp@NoOp|NoOp@NoOp|NoOp@NoOp|NoOp@NoOp|NoOp@NoOp|Push(N,E)@Push(N,E)|NoOp@NoOp|NoOp@NoOp|NoOp@NoOp
1014332625:NoOp@NoOp|NoOp@NoOp|NoOp@NoOp|NoOp@NoOp|Move(N)@Move(N)|NoOp@NoOp|NoOp@NoOp|NoOp@NoOp|NoOp@NoOp|NoOp@NoOp
1014340292:NoOp@NoOp|NoOp@NoOp|NoOp@NoOp|NoOp@NoOp|Move(N)@Move(N)|NoOp@NoOp|NoOp@NoOp|NoOp@NoOp|NoOp@NoOp|NoOp@NoOp
1014347917:NoOp@NoOp|NoOp@NoOp|NoOp@NoOp|NoOp@NoOp|Move(N)@Move(N)|NoOp@NoOp|NoOp@NoOp|NoOp@NoOp|NoOp@NoOp|NoOp@NoOp
1014355417:NoOp@NoOp|NoOp@NoOp|NoOp@NoOp|NoOp@NoOp|Move(W)@Move(W)|NoOp@NoOp|NoOp@NoOp|NoOp@NoOp|NoOp@NoOp|NoOp@NoOp
1014363708:NoOp@NoOp|NoOp@NoOp|NoOp@NoOp|NoOp@NoOp|Move(W)@Move(W)|NoOp@NoOp|NoOp@NoOp|NoOp@NoOp|NoOp@NoOp|NoOp@NoOp
1014372583:NoOp@NoOp|NoOp@NoOp|NoOp@NoOp|NoOp@NoOp|Move(W)@Move(W)|NoOp@NoOp|NoOp@NoOp|NoOp@NoOp|NoOp@NoOp|NoOp@NoOp
1014382917:NoOp@NoOp|NoOp@NoOp|NoOp@NoOp|NoOp@NoOp|Move(N)@Move(N)|NoOp@NoOp|NoOp@NoOp|NoOp@NoOp|NoOp@NoOp|NoOp@NoOp
1014393042:NoOp@NoOp|NoOp@NoOp|NoOp@NoOp|NoOp@NoOp|Move(N)@Move(N)|NoOp@NoOp|NoOp@NoOp|NoOp@NoOp|NoOp@NoOp|NoOp@NoOp
1014423958:NoOp@NoOp|NoOp@NoOp|NoOp@NoOp|NoOp@NoOp|Move(W)@Move(W)|NoOp@NoOp|NoOp@NoOp|NoOp@NoOp|NoOp@NoOp|NoOp@NoOp
1014432250:NoOp@NoOp|NoOp@NoOp|NoOp@NoOp|NoOp@NoOp|Move(N)@Move(N)|NoOp@NoOp|NoOp@NoOp|NoOp@NoOp|NoOp@NoOp|NoOp@NoOp
1014439417:NoOp@NoOp|NoOp@NoOp|NoOp@NoOp|NoOp@NoOp|Move(N)@Move(N)|NoOp@NoOp|NoOp@NoOp|NoOp@NoOp|NoOp@NoOp|NoOp@NoOp
1014446833:NoOp@NoOp|NoOp@NoOp|NoOp@NoOp|NoOp@NoOp|Move(W)@Move(W)|NoOp@NoOp|NoOp@NoOp|NoOp@NoOp|NoOp@NoOp|NoOp@NoOp
1014454208:NoOp@NoOp|NoOp@NoOp|NoOp@NoOp|NoOp@NoOp|Move(W)@Move(W)|NoOp@NoOp|NoOp@NoOp|NoOp@NoOp|NoOp@NoOp|NoOp@NoOp
1014461583:NoOp@NoOp|NoOp@NoOp|NoOp@NoOp|NoOp@NoOp|Move(W)@Move(W)|NoOp@NoOp|NoOp@NoOp|NoOp@NoOp|NoOp@NoOp|NoOp@NoOp
1014469708:NoOp@NoOp|NoOp@NoOp|NoOp@NoOp|NoOp@NoOp|Move(W)@Move(W)|NoOp@NoOp|NoOp@NoOp|NoOp@NoOp|NoOp@NoOp|NoOp@NoOp
1014476958:NoOp@NoOp|NoOp@NoOp|NoOp@NoOp|NoOp@NoOp|Move(W)@Move(W)|NoOp@NoOp|NoOp@NoOp|NoOp@NoOp|NoOp@NoOp|NoOp@NoOp
1014484208:NoOp@NoOp|NoOp@NoOp|NoOp@NoOp|NoOp@NoOp|Move(W)@Move(W)|NoOp@NoOp|NoOp@NoOp|NoOp@NoOp|NoOp@NoOp|NoOp@NoOp
1014491583:NoOp@NoOp|NoOp@NoOp|NoOp@NoOp|NoOp@NoOp|Move(W)@Move(W)|NoOp@NoOp|NoOp@NoOp|NoOp@NoOp|NoOp@NoOp|NoOp@NoOp
1014499333:NoOp@NoOp|NoOp@NoOp|NoOp@NoOp|NoOp@NoOp|Move(W)@Move(W)|NoOp@NoOp|NoOp@NoOp|NoOp@NoOp|NoOp@NoOp|NoOp@NoOp
1014506333:NoOp@NoOp|NoOp@NoOp|NoOp@NoOp|NoOp@NoOp|Move(W)@Move(W)|NoOp@NoOp|NoOp@NoOp|NoOp@NoOp|NoOp@NoOp|NoOp@NoOp
1014513500:NoOp@NoOp|NoOp@NoOp|NoOp@NoOp|NoOp@NoOp|Move(W)@Move(W)|NoOp@NoOp|NoOp@NoOp|NoOp@NoOp|NoOp@NoOp|NoOp@NoOp
1014520667:NoOp@NoOp|NoOp@NoOp|NoOp@NoOp|NoOp@NoOp|Move(W)@Move(W)|NoOp@NoOp|NoOp@NoOp|NoOp@NoOp|NoOp@NoOp|NoOp@NoOp
1014527917:NoOp@NoOp|NoOp@NoOp|NoOp@NoOp|NoOp@NoOp|Move(W)@Move(W)|NoOp@NoOp|NoOp@NoOp|NoOp@NoOp|NoOp@NoOp|NoOp@NoOp
1014535125:NoOp@NoOp|NoOp@NoOp|NoOp@NoOp|NoOp@NoOp|Move(W)@Move(W)|NoOp@NoOp|NoOp@NoOp|NoOp@NoOp|NoOp@NoOp|NoOp@NoOp
1014542250:NoOp@NoOp|NoOp@NoOp|NoOp@NoOp|NoOp@NoOp|Move(W)@Move(W)|NoOp@NoOp|NoOp@NoOp|NoOp@NoOp|NoOp@NoOp|NoOp@NoOp
1014549458:NoOp@NoOp|NoOp@NoOp|NoOp@NoOp|NoOp@NoOp|Move(N)@Move(N)|NoOp@NoOp|NoOp@NoOp|NoOp@NoOp|NoOp@NoOp|NoOp@NoOp
1014557000:NoOp@NoOp|NoOp@NoOp|NoOp@NoOp|NoOp@NoOp|Move(N)@Move(N)|NoOp@NoOp|NoOp@NoOp|NoOp@NoOp|NoOp@NoOp|NoOp@NoOp
1014564417:NoOp@NoOp|NoOp@NoOp|NoOp@NoOp|NoOp@NoOp|Move(N)@Move(N)|NoOp@NoOp|NoOp@NoOp|NoOp@NoOp|NoOp@NoOp|NoOp@NoOp
1014571792:NoOp@NoOp|NoOp@NoOp|NoOp@NoOp|NoOp@NoOp|Move(W)@Move(W)|NoOp@NoOp|NoOp@NoOp|NoOp@NoOp|NoOp@NoOp|NoOp@NoOp
1014579125:NoOp@NoOp|NoOp@NoOp|NoOp@NoOp|NoOp@NoOp|Move(W)@Move(W)|NoOp@NoOp|NoOp@NoOp|NoOp@NoOp|NoOp@NoOp|NoOp@NoOp
1014586292:NoOp@NoOp|NoOp@NoOp|NoOp@NoOp|NoOp@NoOp|Move(W)@Move(W)|NoOp@NoOp|NoOp@NoOp|NoOp@NoOp|NoOp@NoOp|NoOp@NoOp
1014593708:NoOp@NoOp|NoOp@NoOp|NoOp@NoOp|NoOp@NoOp|Move(W)@Move(W)|NoOp@NoOp|NoOp@NoOp|NoOp@NoOp|NoOp@NoOp|NoOp@NoOp
1014601042:NoOp@NoOp|NoOp@NoOp|NoOp@NoOp|NoOp@NoOp|Move(S)@Move(S)|NoOp@NoOp|NoOp@NoOp|NoOp@NoOp|NoOp@NoOp|NoOp@NoOp
1014608458:NoOp@NoOp|NoOp@NoOp|NoOp@NoOp|NoOp@NoOp|Move(S)@Move(S)|NoOp@NoOp|NoOp@NoOp|NoOp@NoOp|NoOp@NoOp|NoOp@NoOp
1014615958:NoOp@NoOp|NoOp@NoOp|NoOp@NoOp|NoOp@NoOp|Move(S)@Move(S)|NoOp@NoOp|NoOp@NoOp|NoOp@NoOp|NoOp@NoOp|NoOp@NoOp
1014623250:NoOp@NoOp|NoOp@NoOp|NoOp@NoOp|NoOp@NoOp|Move(S)@Move(S)|NoOp@NoOp|NoOp@NoOp|NoOp@NoOp|NoOp@NoOp|NoOp@NoOp
1014632542:NoOp@NoOp|NoOp@NoOp|NoOp@NoOp|NoOp@NoOp|Move(S)@Move(S)|NoOp@NoOp|NoOp@NoOp|NoOp@NoOp|NoOp@NoOp|NoOp@NoOp
1014641750:NoOp@NoOp|NoOp@NoOp|NoOp@NoOp|NoOp@NoOp|Move(S)@Move(S)|NoOp@NoOp|NoOp@NoOp|NoOp@NoOp|NoOp@NoOp|NoOp@NoOp
1014651083:NoOp@NoOp|NoOp@NoOp|NoOp@NoOp|NoOp@NoOp|Move(S)@Move(S)|NoOp@NoOp|NoOp@NoOp|NoOp@NoOp|NoOp@NoOp|NoOp@NoOp
1014661167:NoOp@NoOp|NoOp@NoOp|NoOp@NoOp|NoOp@NoOp|Move(S)@Move(S)|NoOp@NoOp|NoOp@NoOp|NoOp@NoOp|NoOp@NoOp|NoOp@NoOp
1014670833:NoOp@NoOp|NoOp@NoOp|NoOp@NoOp|NoOp@NoOp|Move(S)@Move(S)|NoOp@NoOp|NoOp@NoOp|NoOp@NoOp|NoOp@NoOp|NoOp@NoOp
1014680000:NoOp@NoOp|NoOp@NoOp|NoOp@NoOp|NoOp@NoOp|Move(S)@Move(S)|NoOp@NoOp|NoOp@NoOp|NoOp@NoOp|NoOp@NoOp|NoOp@NoOp
1014687542:NoOp@NoOp|NoOp@NoOp|NoOp@NoOp|NoOp@NoOp|Move(S)@Move(S)|NoOp@NoOp|NoOp@NoOp|NoOp@NoOp|NoOp@NoOp|NoOp@NoOp
1014695375:NoOp@NoOp|NoOp@NoOp|NoOp@NoOp|NoOp@NoOp|Move(E)@Move(E)|NoOp@NoOp|NoOp@NoOp|NoOp@NoOp|NoOp@NoOp|NoOp@NoOp
1014702875:NoOp@NoOp|NoOp@NoOp|NoOp@NoOp|NoOp@NoOp|Move(S)@Move(S)|NoOp@NoOp|NoOp@NoOp|NoOp@NoOp|NoOp@NoOp|NoOp@NoOp
1014710917:NoOp@NoOp|NoOp@NoOp|NoOp@NoOp|NoOp@NoOp|Move(S)@Move(S)|NoOp@NoOp|NoOp@NoOp|NoOp@NoOp|NoOp@NoOp|NoOp@NoOp
1014721583:NoOp@NoOp|NoOp@NoOp|NoOp@NoOp|NoOp@NoOp|Move(S)@Move(S)|NoOp@NoOp|NoOp@NoOp|NoOp@NoOp|NoOp@NoOp|NoOp@NoOp
1014731417:NoOp@NoOp|NoOp@NoOp|NoOp@NoOp|NoOp@NoOp|Move(W)@Move(W)|NoOp@NoOp|NoOp@NoOp|NoOp@NoOp|NoOp@NoOp|NoOp@NoOp
1014739167:NoOp@NoOp|NoOp@NoOp|NoOp@NoOp|NoOp@NoOp|Move(S)@Move(S)|NoOp@NoOp|NoOp@NoOp|NoOp@NoOp|NoOp@NoOp|NoOp@NoOp
1014747500:NoOp@NoOp|NoOp@NoOp|NoOp@NoOp|NoOp@NoOp|Move(W)@Move(W)|NoOp@NoOp|NoOp@NoOp|NoOp@NoOp|NoOp@NoOp|NoOp@NoOp
1014759000:NoOp@NoOp|NoOp@NoOp|NoOp@NoOp|NoOp@NoOp|Move(W)@Move(W)|NoOp@NoOp|NoOp@NoOp|NoOp@NoOp|NoOp@NoOp|NoOp@NoOp
1014768583:NoOp@NoOp|NoOp@NoOp|NoOp@NoOp|NoOp@NoOp|Move(W)@Move(W)|NoOp@NoOp|NoOp@NoOp|NoOp@NoOp|NoOp@NoOp|NoOp@NoOp
1014776167:NoOp@NoOp|NoOp@NoOp|NoOp@NoOp|NoOp@NoOp|Move(W)@Move(W)|NoOp@NoOp|NoOp@NoOp|NoOp@NoOp|NoOp@NoOp|NoOp@NoOp
1014784083:NoOp@NoOp|NoOp@NoOp|NoOp@NoOp|NoOp@NoOp|Move(W)@Move(W)|NoOp@NoOp|NoOp@NoOp|NoOp@NoOp|NoOp@NoOp|NoOp@NoOp
1014797458:NoOp@NoOp|NoOp@NoOp|NoOp@NoOp|NoOp@NoOp|Move(W)@Move(W)|NoOp@NoOp|NoOp@NoOp|NoOp@NoOp|NoOp@NoOp|NoOp@NoOp
1014808000:NoOp@NoOp|NoOp@NoOp|NoOp@NoOp|NoOp@NoOp|Move(S)@Move(S)|NoOp@NoOp|NoOp@NoOp|NoOp@NoOp|NoOp@NoOp|NoOp@NoOp
1014822500:NoOp@NoOp|NoOp@NoOp|NoOp@NoOp|NoOp@NoOp|Move(W)@Move(W)|NoOp@NoOp|NoOp@NoOp|NoOp@NoOp|NoOp@NoOp|NoOp@NoOp
1014833708:NoOp@NoOp|NoOp@NoOp|NoOp@NoOp|NoOp@NoOp|Move(S)@Move(S)|NoOp@NoOp|NoOp@NoOp|NoOp@NoOp|NoOp@NoOp|NoOp@NoOp
1014850375:NoOp@NoOp|NoOp@NoOp|NoOp@NoOp|NoOp@NoOp|Move(S)@Move(S)|NoOp@NoOp|NoOp@NoOp|NoOp@NoOp|NoOp@NoOp|NoOp@NoOp
1014858792:NoOp@NoOp|NoOp@NoOp|NoOp@NoOp|NoOp@NoOp|Move(S)@Move(S)|NoOp@NoOp|NoOp@NoOp|NoOp@NoOp|NoOp@NoOp|NoOp@NoOp
1014866625:NoOp@NoOp|NoOp@NoOp|NoOp@NoOp|NoOp@NoOp|Move(W)@Move(W)|NoOp@NoOp|NoOp@NoOp|NoOp@NoOp|NoOp@NoOp|NoOp@NoOp
1014874333:NoOp@NoOp|NoOp@NoOp|NoOp@NoOp|NoOp@NoOp|Move(W)@Move(W)|NoOp@NoOp|NoOp@NoOp|NoOp@NoOp|NoOp@NoOp|NoOp@NoOp
1014882042:NoOp@NoOp|NoOp@NoOp|NoOp@NoOp|NoOp@NoOp|Move(W)@Move(W)|NoOp@NoOp|NoOp@NoOp|NoOp@NoOp|NoOp@NoOp|NoOp@NoOp
1014889958:NoOp@NoOp|NoOp@NoOp|NoOp@NoOp|NoOp@NoOp|Move(W)@Move(W)|NoOp@NoOp|NoOp@NoOp|NoOp@NoOp|NoOp@NoOp|NoOp@NoOp
1014900208:NoOp@NoOp|NoOp@NoOp|NoOp@NoOp|NoOp@NoOp|Move(W)@Move(W)|NoOp@NoOp|NoOp@NoOp|NoOp@NoOp|NoOp@NoOp|NoOp@NoOp
1014911542:NoOp@NoOp|NoOp@NoOp|NoOp@NoOp|NoOp@NoOp|Move(W)@Move(W)|NoOp@NoOp|NoOp@NoOp|NoOp@NoOp|NoOp@NoOp|NoOp@NoOp
1014922625:NoOp@NoOp|NoOp@NoOp|NoOp@NoOp|NoOp@NoOp|Move(W)@Move(W)|NoOp@NoOp|NoOp@NoOp|NoOp@NoOp|NoOp@NoOp|NoOp@NoOp
1014932083:NoOp@NoOp|NoOp@NoOp|NoOp@NoOp|NoOp@NoOp|Move(W)@Move(W)|NoOp@NoOp|NoOp@NoOp|NoOp@NoOp|NoOp@NoOp|NoOp@NoOp
1014940000:NoOp@NoOp|NoOp@NoOp|NoOp@NoOp|NoOp@NoOp|Move(W)@Move(W)|NoOp@NoOp|NoOp@NoOp|NoOp@NoOp|NoOp@NoOp|NoOp@NoOp
1014948000:NoOp@NoOp|NoOp@NoOp|NoOp@NoOp|NoOp@NoOp|Move(W)@Move(W)|NoOp@NoOp|NoOp@NoOp|NoOp@NoOp|NoOp@NoOp|NoOp@NoOp
1014955917:NoOp@NoOp|NoOp@NoOp|NoOp@NoOp|NoOp@NoOp|Move(W)@Move(W)|NoOp@NoOp|NoOp@NoOp|NoOp@NoOp|NoOp@NoOp|NoOp@NoOp
1014963958:NoOp@NoOp|NoOp@NoOp|NoOp@NoOp|NoOp@NoOp|Move(W)@Move(W)|NoOp@NoOp|NoOp@NoOp|NoOp@NoOp|NoOp@NoOp|NoOp@NoOp
1014971917:NoOp@NoOp|NoOp@NoOp|NoOp@NoOp|NoOp@NoOp|Move(W)@Move(W)|NoOp@NoOp|NoOp@NoOp|NoOp@NoOp|NoOp@NoOp|NoOp@NoOp
1014980083:NoOp@NoOp|NoOp@NoOp|NoOp@NoOp|NoOp@NoOp|Move(W)@Move(W)|NoOp@NoOp|NoOp@NoOp|NoOp@NoOp|NoOp@NoOp|NoOp@NoOp
1014989958:NoOp@NoOp|NoOp@NoOp|NoOp@NoOp|NoOp@NoOp|Move(W)@Move(W)|NoOp@NoOp|NoOp@NoOp|NoOp@NoOp|NoOp@NoOp|NoOp@NoOp
1015001083:NoOp@NoOp|NoOp@NoOp|NoOp@NoOp|NoOp@NoOp|Move(W)@Move(W)|NoOp@NoOp|NoOp@NoOp|NoOp@NoOp|NoOp@NoOp|NoOp@NoOp
1015009542:NoOp@NoOp|NoOp@NoOp|NoOp@NoOp|NoOp@NoOp|Push(W,N)@Push(W,N)|NoOp@NoOp|NoOp@NoOp|NoOp@NoOp|NoOp@NoOp|NoOp@NoOp
1015017833:NoOp@NoOp|NoOp@NoOp|NoOp@NoOp|NoOp@NoOp|Push(N,N)@Push(N,N)|NoOp@NoOp|NoOp@NoOp|NoOp@NoOp|NoOp@NoOp|NoOp@NoOp
1015025583:NoOp@NoOp|NoOp@NoOp|NoOp@NoOp|NoOp@NoOp|Push(N,N)@Push(N,N)|NoOp@NoOp|NoOp@NoOp|NoOp@NoOp|NoOp@NoOp|NoOp@NoOp
1015033583:NoOp@NoOp|NoOp@NoOp|NoOp@NoOp|NoOp@NoOp|Push(N,N)@Push(N,N)|NoOp@NoOp|NoOp@NoOp|NoOp@NoOp|NoOp@NoOp|NoOp@NoOp
1015042292:NoOp@NoOp|NoOp@NoOp|NoOp@NoOp|NoOp@NoOp|Push(N,E)@Push(N,E)|NoOp@NoOp|NoOp@NoOp|NoOp@NoOp|NoOp@NoOp|NoOp@NoOp
1015050417:NoOp@NoOp|NoOp@NoOp|NoOp@NoOp|NoOp@NoOp|Push(E,E)@Push(E,E)|NoOp@NoOp|NoOp@NoOp|NoOp@NoOp|NoOp@NoOp|NoOp@NoOp
1015058542:NoOp@NoOp|NoOp@NoOp|NoOp@NoOp|NoOp@NoOp|Push(E,E)@Push(E,E)|NoOp@NoOp|NoOp@NoOp|NoOp@NoOp|NoOp@NoOp|NoOp@NoOp
1015066375:NoOp@NoOp|NoOp@NoOp|NoOp@NoOp|NoOp@NoOp|Push(E,E)@Push(E,E)|NoOp@NoOp|NoOp@NoOp|NoOp@NoOp|NoOp@NoOp|NoOp@NoOp
1015074292:NoOp@NoOp|NoOp@NoOp|NoOp@NoOp|NoOp@NoOp|Push(E,E)@Push(E,E)|NoOp@NoOp|NoOp@NoOp|NoOp@NoOp|NoOp@NoOp|NoOp@NoOp
1015082125:NoOp@NoOp|NoOp@NoOp|NoOp@NoOp|NoOp@NoOp|Push(E,E)@Push(E,E)|NoOp@NoOp|NoOp@NoOp|NoOp@NoOp|NoOp@NoOp|NoOp@NoOp
1015089792:NoOp@NoOp|NoOp@NoOp|NoOp@NoOp|NoOp@NoOp|Push(E,E)@Push(E,E)|NoOp@NoOp|NoOp@NoOp|NoOp@NoOp|NoOp@NoOp|NoOp@NoOp
1015097708:NoOp@NoOp|NoOp@NoOp|NoOp@NoOp|NoOp@NoOp|Push(E,E)@Push(E,E)|NoOp@NoOp|NoOp@NoOp|NoOp@NoOp|NoOp@NoOp|NoOp@NoOp
1015105333:NoOp@NoOp|NoOp@NoOp|NoOp@NoOp|NoOp@NoOp|Push(E,E)@Push(E,E)|NoOp@NoOp|NoOp@NoOp|NoOp@NoOp|NoOp@NoOp|NoOp@NoOp
1015113417:NoOp@NoOp|NoOp@NoOp|NoOp@NoOp|NoOp@NoOp|Push(E,E)@Push(E,E)|NoOp@NoOp|NoOp@NoOp|NoOp@NoOp|NoOp@NoOp|NoOp@NoOp
1015127917:NoOp@NoOp|NoOp@NoOp|NoOp@NoOp|NoOp@NoOp|Push(E,E)@Push(E,E)|NoOp@NoOp|NoOp@NoOp|NoOp@NoOp|NoOp@NoOp|NoOp@NoOp
1015136042:NoOp@NoOp|NoOp@NoOp|NoOp@NoOp|NoOp@NoOp|Push(E,E)@Push(E,E)|NoOp@NoOp|NoOp@NoOp|NoOp@NoOp|NoOp@NoOp|NoOp@NoOp
1015144917:NoOp@NoOp|NoOp@NoOp|NoOp@NoOp|NoOp@NoOp|Push(E,E)@Push(E,E)|NoOp@NoOp|NoOp@NoOp|NoOp@NoOp|NoOp@NoOp|NoOp@NoOp
1015152833:NoOp@NoOp|NoOp@NoOp|NoOp@NoOp|NoOp@NoOp|Push(E,E)@Push(E,E)|NoOp@NoOp|NoOp@NoOp|NoOp@NoOp|NoOp@NoOp|NoOp@NoOp
1015160750:NoOp@NoOp|NoOp@NoOp|NoOp@NoOp|NoOp@NoOp|Push(E,E)@Push(E,E)|NoOp@NoOp|NoOp@NoOp|NoOp@NoOp|NoOp@NoOp|NoOp@NoOp
1015168625:NoOp@NoOp|NoOp@NoOp|NoOp@NoOp|NoOp@NoOp|Push(E,E)@Push(E,E)|NoOp@NoOp|NoOp@NoOp|NoOp@NoOp|NoOp@NoOp|NoOp@NoOp
1015176542:NoOp@NoOp|NoOp@NoOp|NoOp@NoOp|NoOp@NoOp|Push(E,E)@Push(E,E)|NoOp@NoOp|NoOp@NoOp|NoOp@NoOp|NoOp@NoOp|NoOp@NoOp
1015183333:NoOp@NoOp|NoOp@NoOp|NoOp@NoOp|NoOp@NoOp|Push(E,E)@Push(E,E)|NoOp@NoOp|NoOp@NoOp|NoOp@NoOp|NoOp@NoOp|NoOp@NoOp
1015191542:NoOp@NoOp|NoOp@NoOp|NoOp@NoOp|NoOp@NoOp|Push(E,E)@Push(E,E)|NoOp@NoOp|NoOp@NoOp|NoOp@NoOp|NoOp@NoOp|NoOp@NoOp
1015199500:NoOp@NoOp|NoOp@NoOp|NoOp@NoOp|NoOp@NoOp|Push(E,E)@Push(E,E)|NoOp@NoOp|NoOp@NoOp|NoOp@NoOp|NoOp@NoOp|NoOp@NoOp
1015207417:NoOp@NoOp|NoOp@NoOp|NoOp@NoOp|NoOp@NoOp|Push(E,E)@Push(E,E)|NoOp@NoOp|NoOp@NoOp|NoOp@NoOp|NoOp@NoOp|NoOp@NoOp
1015215292:NoOp@NoOp|NoOp@NoOp|NoOp@NoOp|NoOp@NoOp|Push(E,E)@Push(E,E)|NoOp@NoOp|NoOp@NoOp|NoOp@NoOp|NoOp@NoOp|NoOp@NoOp
1015223292:NoOp@NoOp|NoOp@NoOp|NoOp@NoOp|NoOp@NoOp|Push(E,E)@Push(E,E)|NoOp@NoOp|NoOp@NoOp|NoOp@NoOp|NoOp@NoOp|NoOp@NoOp
1015231375:NoOp@NoOp|NoOp@NoOp|NoOp@NoOp|NoOp@NoOp|Push(E,E)@Push(E,E)|NoOp@NoOp|NoOp@NoOp|NoOp@NoOp|NoOp@NoOp|NoOp@NoOp
1015239417:NoOp@NoOp|NoOp@NoOp|NoOp@NoOp|NoOp@NoOp|Push(E,N)@Push(E,N)|NoOp@NoOp|NoOp@NoOp|NoOp@NoOp|NoOp@NoOp|NoOp@NoOp
1015247500:NoOp@NoOp|NoOp@NoOp|NoOp@NoOp|NoOp@NoOp|Push(N,N)@Push(N,N)|NoOp@NoOp|NoOp@NoOp|NoOp@NoOp|NoOp@NoOp|NoOp@NoOp
1015255542:NoOp@NoOp|NoOp@NoOp|NoOp@NoOp|NoOp@NoOp|Push(N,E)@Push(N,E)|NoOp@NoOp|NoOp@NoOp|NoOp@NoOp|NoOp@NoOp|NoOp@NoOp
1015263625:NoOp@NoOp|NoOp@NoOp|NoOp@NoOp|NoOp@NoOp|Push(E,N)@Push(E,N)|NoOp@NoOp|NoOp@NoOp|NoOp@NoOp|NoOp@NoOp|NoOp@NoOp
1015271792:NoOp@NoOp|NoOp@NoOp|NoOp@NoOp|NoOp@NoOp|Push(N,N)@Push(N,N)|NoOp@NoOp|NoOp@NoOp|NoOp@NoOp|NoOp@NoOp|NoOp@NoOp
1015279667:NoOp@NoOp|NoOp@NoOp|NoOp@NoOp|NoOp@NoOp|Push(N,W)@Push(N,W)|NoOp@NoOp|NoOp@NoOp|NoOp@NoOp|NoOp@NoOp|NoOp@NoOp
1015287708:NoOp@NoOp|NoOp@NoOp|NoOp@NoOp|NoOp@NoOp|Push(W,W)@Push(W,W)|NoOp@NoOp|NoOp@NoOp|NoOp@NoOp|NoOp@NoOp|NoOp@NoOp
1015296583:NoOp@NoOp|NoOp@NoOp|NoOp@NoOp|NoOp@NoOp|Push(W,S)@Push(W,S)|NoOp@NoOp|NoOp@NoOp|NoOp@NoOp|NoOp@NoOp|NoOp@NoOp
1015304167:NoOp@NoOp|NoOp@NoOp|NoOp@NoOp|NoOp@NoOp|NoOp@NoOp|Move(E)@Move(E)|NoOp@NoOp|NoOp@NoOp|NoOp@NoOp|NoOp@NoOp
1015312292:NoOp@NoOp|NoOp@NoOp|NoOp@NoOp|NoOp@NoOp|NoOp@NoOp|Move(E)@Move(E)|NoOp@NoOp|NoOp@NoOp|NoOp@NoOp|NoOp@NoOp
1015319958:NoOp@NoOp|NoOp@NoOp|NoOp@NoOp|NoOp@NoOp|NoOp@NoOp|Move(E)@Move(E)|NoOp@NoOp|NoOp@NoOp|NoOp@NoOp|NoOp@NoOp
1015328042:NoOp@NoOp|NoOp@NoOp|NoOp@NoOp|NoOp@NoOp|NoOp@NoOp|Move(E)@Move(E)|NoOp@NoOp|NoOp@NoOp|NoOp@NoOp|NoOp@NoOp
1015335917:NoOp@NoOp|NoOp@NoOp|NoOp@NoOp|NoOp@NoOp|NoOp@NoOp|Move(E)@Move(E)|NoOp@NoOp|NoOp@NoOp|NoOp@NoOp|NoOp@NoOp
1015343833:NoOp@NoOp|NoOp@NoOp|NoOp@NoOp|NoOp@NoOp|NoOp@NoOp|Move(E)@Move(E)|NoOp@NoOp|NoOp@NoOp|NoOp@NoOp|NoOp@NoOp
1015351875:NoOp@NoOp|NoOp@NoOp|NoOp@NoOp|NoOp@NoOp|NoOp@NoOp|Move(N)@Move(N)|NoOp@NoOp|NoOp@NoOp|NoOp@NoOp|NoOp@NoOp
1015359875:NoOp@NoOp|NoOp@NoOp|NoOp@NoOp|NoOp@NoOp|NoOp@NoOp|Move(N)@Move(N)|NoOp@NoOp|NoOp@NoOp|NoOp@NoOp|NoOp@NoOp
1015367917:NoOp@NoOp|NoOp@NoOp|NoOp@NoOp|NoOp@NoOp|NoOp@NoOp|Move(E)@Move(E)|NoOp@NoOp|NoOp@NoOp|NoOp@NoOp|NoOp@NoOp
1015375875:NoOp@NoOp|NoOp@NoOp|NoOp@NoOp|NoOp@NoOp|NoOp@NoOp|Move(E)@Move(E)|NoOp@NoOp|NoOp@NoOp|NoOp@NoOp|NoOp@NoOp
1015383458:NoOp@NoOp|NoOp@NoOp|NoOp@NoOp|NoOp@NoOp|NoOp@NoOp|Move(E)@Move(E)|NoOp@NoOp|NoOp@NoOp|NoOp@NoOp|NoOp@NoOp
1015391625:NoOp@NoOp|NoOp@NoOp|NoOp@NoOp|NoOp@NoOp|NoOp@NoOp|Move(S)@Move(S)|NoOp@NoOp|NoOp@NoOp|NoOp@NoOp|NoOp@NoOp
1015399583:NoOp@NoOp|NoOp@NoOp|NoOp@NoOp|NoOp@NoOp|NoOp@NoOp|Move(S)@Move(S)|NoOp@NoOp|NoOp@NoOp|NoOp@NoOp|NoOp@NoOp
1015415833:NoOp@NoOp|NoOp@NoOp|NoOp@NoOp|NoOp@NoOp|NoOp@NoOp|Move(S)@Move(S)|NoOp@NoOp|NoOp@NoOp|NoOp@NoOp|NoOp@NoOp
1015427792:NoOp@NoOp|NoOp@NoOp|NoOp@NoOp|NoOp@NoOp|NoOp@NoOp|Move(S)@Move(S)|NoOp@NoOp|NoOp@NoOp|NoOp@NoOp|NoOp@NoOp
1015436542:NoOp@NoOp|NoOp@NoOp|NoOp@NoOp|NoOp@NoOp|NoOp@NoOp|Move(S)@Move(S)|NoOp@NoOp|NoOp@NoOp|NoOp@NoOp|NoOp@NoOp
1015444875:NoOp@NoOp|NoOp@NoOp|NoOp@NoOp|NoOp@NoOp|NoOp@NoOp|Move(S)@Move(S)|NoOp@NoOp|NoOp@NoOp|NoOp@NoOp|NoOp@NoOp
1015453667:NoOp@NoOp|NoOp@NoOp|NoOp@NoOp|NoOp@NoOp|NoOp@NoOp|Move(E)@Move(E)|NoOp@NoOp|NoOp@NoOp|NoOp@NoOp|NoOp@NoOp
1015462292:NoOp@NoOp|NoOp@NoOp|NoOp@NoOp|NoOp@NoOp|NoOp@NoOp|Move(S)@Move(S)|NoOp@NoOp|NoOp@NoOp|NoOp@NoOp|NoOp@NoOp
1015470583:NoOp@NoOp|NoOp@NoOp|NoOp@NoOp|NoOp@NoOp|NoOp@NoOp|Move(S)@Move(S)|NoOp@NoOp|NoOp@NoOp|NoOp@NoOp|NoOp@NoOp
1015479333:NoOp@NoOp|NoOp@NoOp|NoOp@NoOp|NoOp@NoOp|NoOp@NoOp|Move(E)@Move(E)|NoOp@NoOp|NoOp@NoOp|NoOp@NoOp|NoOp@NoOp
1015487417:NoOp@NoOp|NoOp@NoOp|NoOp@NoOp|NoOp@NoOp|NoOp@NoOp|Move(E)@Move(E)|NoOp@NoOp|NoOp@NoOp|NoOp@NoOp|NoOp@NoOp
1015495583:NoOp@NoOp|NoOp@NoOp|NoOp@NoOp|NoOp@NoOp|NoOp@NoOp|Move(E)@Move(E)|NoOp@NoOp|NoOp@NoOp|NoOp@NoOp|NoOp@NoOp
1015503750:NoOp@NoOp|NoOp@NoOp|NoOp@NoOp|NoOp@NoOp|NoOp@NoOp|Move(S)@Move(S)|NoOp@NoOp|NoOp@NoOp|NoOp@NoOp|NoOp@NoOp
1015512667:NoOp@NoOp|NoOp@NoOp|NoOp@NoOp|NoOp@NoOp|NoOp@NoOp|Move(S)@Move(S)|NoOp@NoOp|NoOp@NoOp|NoOp@NoOp|NoOp@NoOp
1015521458:NoOp@NoOp|NoOp@NoOp|NoOp@NoOp|NoOp@NoOp|NoOp@NoOp|Move(S)@Move(S)|NoOp@NoOp|NoOp@NoOp|NoOp@NoOp|NoOp@NoOp
1015530583:NoOp@NoOp|NoOp@NoOp|NoOp@NoOp|NoOp@NoOp|NoOp@NoOp|Move(E)@Move(E)|NoOp@NoOp|NoOp@NoOp|NoOp@NoOp|NoOp@NoOp
1015539375:NoOp@NoOp|NoOp@NoOp|NoOp@NoOp|NoOp@NoOp|NoOp@NoOp|Move(S)@Move(S)|NoOp@NoOp|NoOp@NoOp|NoOp@NoOp|NoOp@NoOp
1015548583:NoOp@NoOp|NoOp@NoOp|NoOp@NoOp|NoOp@NoOp|NoOp@NoOp|Move(S)@Move(S)|NoOp@NoOp|NoOp@NoOp|NoOp@NoOp|NoOp@NoOp
1015558958:NoOp@NoOp|NoOp@NoOp|NoOp@NoOp|NoOp@NoOp|NoOp@NoOp|Move(S)@Move(S)|NoOp@NoOp|NoOp@NoOp|NoOp@NoOp|NoOp@NoOp
1015567375:NoOp@NoOp|NoOp@NoOp|NoOp@NoOp|NoOp@NoOp|NoOp@NoOp|Move(W)@Move(W)|NoOp@NoOp|NoOp@NoOp|NoOp@NoOp|NoOp@NoOp
1015577042:NoOp@NoOp|NoOp@NoOp|NoOp@NoOp|NoOp@NoOp|NoOp@NoOp|Move(S)@Move(S)|NoOp@NoOp|NoOp@NoOp|NoOp@NoOp|NoOp@NoOp
1015587625:NoOp@NoOp|NoOp@NoOp|NoOp@NoOp|NoOp@NoOp|NoOp@NoOp|Move(S)@Move(S)|NoOp@NoOp|NoOp@NoOp|NoOp@NoOp|NoOp@NoOp
1015597667:NoOp@NoOp|NoOp@NoOp|NoOp@NoOp|NoOp@NoOp|NoOp@NoOp|Move(S)@Move(S)|NoOp@NoOp|NoOp@NoOp|NoOp@NoOp|NoOp@NoOp
1015606667:NoOp@NoOp|NoOp@NoOp|NoOp@NoOp|NoOp@NoOp|NoOp@NoOp|Move(S)@Move(S)|NoOp@NoOp|NoOp@NoOp|NoOp@NoOp|NoOp@NoOp
1015615667:NoOp@NoOp|NoOp@NoOp|NoOp@NoOp|NoOp@NoOp|NoOp@NoOp|Pull(N,N)@Pull(N,N)|NoOp@NoOp|NoOp@NoOp|NoOp@NoOp|NoOp@NoOp
1015624167:NoOp@NoOp|NoOp@NoOp|NoOp@NoOp|NoOp@NoOp|NoOp@NoOp|Pull(N,N)@Pull(N,N)|NoOp@NoOp|NoOp@NoOp|NoOp@NoOp|NoOp@NoOp
1015632750:NoOp@NoOp|NoOp@NoOp|NoOp@NoOp|NoOp@NoOp|NoOp@NoOp|Pull(N,N)@Pull(N,N)|NoOp@NoOp|NoOp@NoOp|NoOp@NoOp|NoOp@NoOp
1015643250:NoOp@NoOp|NoOp@NoOp|NoOp@NoOp|NoOp@NoOp|NoOp@NoOp|Pull(N,N)@Pull(N,N)|NoOp@NoOp|NoOp@NoOp|NoOp@NoOp|NoOp@NoOp
1015655333:NoOp@NoOp|NoOp@NoOp|NoOp@NoOp|NoOp@NoOp|NoOp@NoOp|Pull(N,N)@Pull(N,N)|NoOp@NoOp|NoOp@NoOp|NoOp@NoOp|NoOp@NoOp
1015666792:NoOp@NoOp|NoOp@NoOp|NoOp@NoOp|NoOp@NoOp|NoOp@NoOp|Push(S,E)@Push(S,E)|NoOp@NoOp|NoOp@NoOp|NoOp@NoOp|NoOp@NoOp
1015677500:NoOp@NoOp|NoOp@NoOp|NoOp@NoOp|NoOp@NoOp|NoOp@NoOp|Push(E,N)@Push(E,N)|NoOp@NoOp|NoOp@NoOp|NoOp@NoOp|NoOp@NoOp
1015688208:NoOp@NoOp|NoOp@NoOp|NoOp@NoOp|NoOp@NoOp|NoOp@NoOp|Push(N,N)@Push(N,N)|NoOp@NoOp|NoOp@NoOp|NoOp@NoOp|NoOp@NoOp
1015699042:NoOp@NoOp|NoOp@NoOp|NoOp@NoOp|NoOp@NoOp|NoOp@NoOp|Push(N,N)@Push(N,N)|NoOp@NoOp|NoOp@NoOp|NoOp@NoOp|NoOp@NoOp
1015713417:NoOp@NoOp|NoOp@NoOp|NoOp@NoOp|NoOp@NoOp|NoOp@NoOp|Push(N,E)@Push(N,E)|NoOp@NoOp|NoOp@NoOp|NoOp@NoOp|NoOp@NoOp
1015729375:NoOp@NoOp|NoOp@NoOp|NoOp@NoOp|NoOp@NoOp|NoOp@NoOp|Push(E,E)@Push(E,E)|NoOp@NoOp|NoOp@NoOp|NoOp@NoOp|NoOp@NoOp
1015744667:NoOp@NoOp|NoOp@NoOp|NoOp@NoOp|NoOp@NoOp|NoOp@NoOp|Push(E,S)@Push(E,S)|NoOp@NoOp|NoOp@NoOp|NoOp@NoOp|NoOp@NoOp
1015758292:NoOp@NoOp|NoOp@NoOp|Move(S)@Move(S)|NoOp@NoOp|NoOp@NoOp|NoOp@NoOp|NoOp@NoOp|NoOp@NoOp|NoOp@NoOp|NoOp@NoOp
1015771875:NoOp@NoOp|NoOp@NoOp|Move(S)@Move(S)|NoOp@NoOp|NoOp@NoOp|NoOp@NoOp|NoOp@NoOp|NoOp@NoOp|NoOp@NoOp|NoOp@NoOp
1015783583:NoOp@NoOp|NoOp@NoOp|Move(S)@Move(S)|NoOp@NoOp|NoOp@NoOp|NoOp@NoOp|NoOp@NoOp|NoOp@NoOp|NoOp@NoOp|NoOp@NoOp
1015795292:NoOp@NoOp|NoOp@NoOp|Move(E)@Move(E)|NoOp@NoOp|NoOp@NoOp|NoOp@NoOp|NoOp@NoOp|NoOp@NoOp|NoOp@NoOp|NoOp@NoOp
1015806542:NoOp@NoOp|NoOp@NoOp|Move(E)@Move(E)|NoOp@NoOp|NoOp@NoOp|NoOp@NoOp|NoOp@NoOp|NoOp@NoOp|NoOp@NoOp|NoOp@NoOp
1015817542:NoOp@NoOp|NoOp@NoOp|Move(E)@Move(E)|NoOp@NoOp|NoOp@NoOp|NoOp@NoOp|NoOp@NoOp|NoOp@NoOp|NoOp@NoOp|NoOp@NoOp
1015828333:NoOp@NoOp|NoOp@NoOp|Move(E)@Move(E)|NoOp@NoOp|NoOp@NoOp|NoOp@NoOp|NoOp@NoOp|NoOp@NoOp|NoOp@NoOp|NoOp@NoOp
1015839042:NoOp@NoOp|NoOp@NoOp|Move(E)@Move(E)|NoOp@NoOp|NoOp@NoOp|NoOp@NoOp|NoOp@NoOp|NoOp@NoOp|NoOp@NoOp|NoOp@NoOp
1015849833:NoOp@NoOp|NoOp@NoOp|Move(E)@Move(E)|NoOp@NoOp|NoOp@NoOp|NoOp@NoOp|NoOp@NoOp|NoOp@NoOp|NoOp@NoOp|NoOp@NoOp
1015860333:NoOp@NoOp|NoOp@NoOp|Move(E)@Move(E)|NoOp@NoOp|NoOp@NoOp|NoOp@NoOp|NoOp@NoOp|NoOp@NoOp|NoOp@NoOp|NoOp@NoOp
1015871042:NoOp@NoOp|NoOp@NoOp|Move(E)@Move(E)|NoOp@NoOp|NoOp@NoOp|NoOp@NoOp|NoOp@NoOp|NoOp@NoOp|NoOp@NoOp|NoOp@NoOp
1015881542:NoOp@NoOp|NoOp@NoOp|Move(E)@Move(E)|NoOp@NoOp|NoOp@NoOp|NoOp@NoOp|NoOp@NoOp|NoOp@NoOp|NoOp@NoOp|NoOp@NoOp
1015891875:NoOp@NoOp|NoOp@NoOp|Move(E)@Move(E)|NoOp@NoOp|NoOp@NoOp|NoOp@NoOp|NoOp@NoOp|NoOp@NoOp|NoOp@NoOp|NoOp@NoOp
1015902417:NoOp@NoOp|NoOp@NoOp|Move(S)@Move(S)|NoOp@NoOp|NoOp@NoOp|NoOp@NoOp|NoOp@NoOp|NoOp@NoOp|NoOp@NoOp|NoOp@NoOp
1015912708:NoOp@NoOp|NoOp@NoOp|Move(S)@Move(S)|NoOp@NoOp|NoOp@NoOp|NoOp@NoOp|NoOp@NoOp|NoOp@NoOp|NoOp@NoOp|NoOp@NoOp
1015924375:NoOp@NoOp|NoOp@NoOp|Move(W)@Move(W)|NoOp@NoOp|NoOp@NoOp|NoOp@NoOp|NoOp@NoOp|NoOp@NoOp|NoOp@NoOp|NoOp@NoOp
1015934875:NoOp@NoOp|NoOp@NoOp|Move(W)@Move(W)|NoOp@NoOp|NoOp@NoOp|NoOp@NoOp|NoOp@NoOp|NoOp@NoOp|NoOp@NoOp|NoOp@NoOp
1015945583:NoOp@NoOp|NoOp@NoOp|Move(W)@Move(W)|NoOp@NoOp|NoOp@NoOp|NoOp@NoOp|NoOp@NoOp|NoOp@NoOp|NoOp@NoOp|NoOp@NoOp
1015956375:NoOp@NoOp|NoOp@NoOp|Move(W)@Move(W)|NoOp@NoOp|NoOp@NoOp|NoOp@NoOp|NoOp@NoOp|NoOp@NoOp|NoOp@NoOp|NoOp@NoOp
1015966583:NoOp@NoOp|NoOp@NoOp|Move(W)@Move(W)|NoOp@NoOp|NoOp@NoOp|NoOp@NoOp|NoOp@NoOp|NoOp@NoOp|NoOp@NoOp|NoOp@NoOp
1015976958:NoOp@NoOp|NoOp@NoOp|Move(W)@Move(W)|NoOp@NoOp|NoOp@NoOp|NoOp@NoOp|NoOp@NoOp|NoOp@NoOp|NoOp@NoOp|NoOp@NoOp
1015987542:NoOp@NoOp|NoOp@NoOp|Move(W)@Move(W)|NoOp@NoOp|NoOp@NoOp|NoOp@NoOp|NoOp@NoOp|NoOp@NoOp|NoOp@NoOp|NoOp@NoOp
1015997958:NoOp@NoOp|NoOp@NoOp|Move(W)@Move(W)|NoOp@NoOp|NoOp@NoOp|NoOp@NoOp|NoOp@NoOp|NoOp@NoOp|NoOp@NoOp|NoOp@NoOp
1016008625:NoOp@NoOp|NoOp@NoOp|Move(W)@Move(W)|NoOp@NoOp|NoOp@NoOp|NoOp@NoOp|NoOp@NoOp|NoOp@NoOp|NoOp@NoOp|NoOp@NoOp
1016018917:NoOp@NoOp|NoOp@NoOp|Move(W)@Move(W)|NoOp@NoOp|NoOp@NoOp|NoOp@NoOp|NoOp@NoOp|NoOp@NoOp|NoOp@NoOp|NoOp@NoOp
1016029458:NoOp@NoOp|NoOp@NoOp|Move(W)@Move(W)|NoOp@NoOp|NoOp@NoOp|NoOp@NoOp|NoOp@NoOp|NoOp@NoOp|NoOp@NoOp|NoOp@NoOp
1016040000:NoOp@NoOp|NoOp@NoOp|Move(W)@Move(W)|NoOp@NoOp|NoOp@NoOp|NoOp@NoOp|NoOp@NoOp|NoOp@NoOp|NoOp@NoOp|NoOp@NoOp
1016050792:NoOp@NoOp|NoOp@NoOp|Move(W)@Move(W)|NoOp@NoOp|NoOp@NoOp|NoOp@NoOp|NoOp@NoOp|NoOp@NoOp|NoOp@NoOp|NoOp@NoOp
1016061417:NoOp@NoOp|NoOp@NoOp|Move(W)@Move(W)|NoOp@NoOp|NoOp@NoOp|NoOp@NoOp|NoOp@NoOp|NoOp@NoOp|NoOp@NoOp|NoOp@NoOp
1016071333:NoOp@NoOp|NoOp@NoOp|Move(W)@Move(W)|NoOp@NoOp|NoOp@NoOp|NoOp@NoOp|NoOp@NoOp|NoOp@NoOp|NoOp@NoOp|NoOp@NoOp
1016082167:NoOp@NoOp|NoOp@NoOp|Move(W)@Move(W)|NoOp@NoOp|NoOp@NoOp|NoOp@NoOp|NoOp@NoOp|NoOp@NoOp|NoOp@NoOp|NoOp@NoOp
1016092792:NoOp@NoOp|NoOp@NoOp|Move(W)@Move(W)|NoOp@NoOp|NoOp@NoOp|NoOp@NoOp|NoOp@NoOp|NoOp@NoOp|NoOp@NoOp|NoOp@NoOp
1016103958:NoOp@NoOp|NoOp@NoOp|Move(S)@Move(S)|NoOp@NoOp|NoOp@NoOp|NoOp@NoOp|NoOp@NoOp|NoOp@NoOp|NoOp@NoOp|NoOp@NoOp
1016114625:NoOp@NoOp|NoOp@NoOp|Move(S)@Move(S)|NoOp@NoOp|NoOp@NoOp|NoOp@NoOp|NoOp@NoOp|NoOp@NoOp|NoOp@NoOp|NoOp@NoOp
1016124375:NoOp@NoOp|NoOp@NoOp|Move(S)@Move(S)|NoOp@NoOp|NoOp@NoOp|NoOp@NoOp|NoOp@NoOp|NoOp@NoOp|NoOp@NoOp|NoOp@NoOp
1016135250:NoOp@NoOp|NoOp@NoOp|Move(W)@Move(W)|NoOp@NoOp|NoOp@NoOp|NoOp@NoOp|NoOp@NoOp|NoOp@NoOp|NoOp@NoOp|NoOp@NoOp
1016146000:NoOp@NoOp|NoOp@NoOp|Move(S)@Move(S)|NoOp@NoOp|NoOp@NoOp|NoOp@NoOp|NoOp@NoOp|NoOp@NoOp|NoOp@NoOp|NoOp@NoOp
1016156625:NoOp@NoOp|NoOp@NoOp|Move(S)@Move(S)|NoOp@NoOp|NoOp@NoOp|NoOp@NoOp|NoOp@NoOp|NoOp@NoOp|NoOp@NoOp|NoOp@NoOp
1016167625:NoOp@NoOp|NoOp@NoOp|Move(S)@Move(S)|NoOp@NoOp|NoOp@NoOp|NoOp@NoOp|NoOp@NoOp|NoOp@NoOp|NoOp@NoOp|NoOp@NoOp
1016177750:NoOp@NoOp|NoOp@NoOp|Move(S)@Move(S)|NoOp@NoOp|NoOp@NoOp|NoOp@NoOp|NoOp@NoOp|NoOp@NoOp|NoOp@NoOp|NoOp@NoOp
1016188292:NoOp@NoOp|NoOp@NoOp|Move(S)@Move(S)|NoOp@NoOp|NoOp@NoOp|NoOp@NoOp|NoOp@NoOp|NoOp@NoOp|NoOp@NoOp|NoOp@NoOp
1016198708:NoOp@NoOp|NoOp@NoOp|Move(E)@Move(E)|NoOp@NoOp|NoOp@NoOp|NoOp@NoOp|NoOp@NoOp|NoOp@NoOp|NoOp@NoOp|NoOp@NoOp
1016212333:NoOp@NoOp|NoOp@NoOp|Move(E)@Move(E)|NoOp@NoOp|NoOp@NoOp|NoOp@NoOp|NoOp@NoOp|NoOp@NoOp|NoOp@NoOp|NoOp@NoOp
1016225958:NoOp@NoOp|NoOp@NoOp|Move(E)@Move(E)|NoOp@NoOp|NoOp@NoOp|NoOp@NoOp|NoOp@NoOp|NoOp@NoOp|NoOp@NoOp|NoOp@NoOp
1016238208:NoOp@NoOp|NoOp@NoOp|Move(E)@Move(E)|NoOp@NoOp|NoOp@NoOp|NoOp@NoOp|NoOp@NoOp|NoOp@NoOp|NoOp@NoOp|NoOp@NoOp
1016249250:NoOp@NoOp|NoOp@NoOp|Move(S)@Move(S)|NoOp@NoOp|NoOp@NoOp|NoOp@NoOp|NoOp@NoOp|NoOp@NoOp|NoOp@NoOp|NoOp@NoOp
1016260625:NoOp@NoOp|NoOp@NoOp|Move(E)@Move(E)|NoOp@NoOp|NoOp@NoOp|NoOp@NoOp|NoOp@NoOp|NoOp@NoOp|NoOp@NoOp|NoOp@NoOp
1016271833:NoOp@NoOp|NoOp@NoOp|Push(E,N)@Push(E,N)|NoOp@NoOp|NoOp@NoOp|NoOp@NoOp|NoOp@NoOp|NoOp@NoOp|NoOp@NoOp|NoOp@NoOp
1016283125:NoOp@NoOp|NoOp@NoOp|Move(E)@Move(E)|NoOp@NoOp|NoOp@NoOp|NoOp@NoOp|NoOp@NoOp|NoOp@NoOp|NoOp@NoOp|NoOp@NoOp
1016293833:NoOp@NoOp|NoOp@NoOp|Move(N)@Move(N)|NoOp@NoOp|NoOp@NoOp|NoOp@NoOp|NoOp@NoOp|NoOp@NoOp|NoOp@NoOp|NoOp@NoOp
1016305125:NoOp@NoOp|NoOp@NoOp|Move(E)@Move(E)|NoOp@NoOp|NoOp@NoOp|NoOp@NoOp|NoOp@NoOp|NoOp@NoOp|NoOp@NoOp|NoOp@NoOp
1016316000:NoOp@NoOp|NoOp@NoOp|Move(E)@Move(E)|NoOp@NoOp|NoOp@NoOp|NoOp@NoOp|NoOp@NoOp|NoOp@NoOp|NoOp@NoOp|NoOp@NoOp
1016327042:NoOp@NoOp|NoOp@NoOp|Move(E)@Move(E)|NoOp@NoOp|NoOp@NoOp|NoOp@NoOp|NoOp@NoOp|NoOp@NoOp|NoOp@NoOp|NoOp@NoOp
1016338208:NoOp@NoOp|NoOp@NoOp|Move(E)@Move(E)|NoOp@NoOp|NoOp@NoOp|NoOp@NoOp|NoOp@NoOp|NoOp@NoOp|NoOp@NoOp|NoOp@NoOp
1016349125:NoOp@NoOp|NoOp@NoOp|Move(E)@Move(E)|NoOp@NoOp|NoOp@NoOp|NoOp@NoOp|NoOp@NoOp|NoOp@NoOp|NoOp@NoOp|NoOp@NoOp
1016359833:NoOp@NoOp|NoOp@NoOp|Move(E)@Move(E)|NoOp@NoOp|NoOp@NoOp|NoOp@NoOp|NoOp@NoOp|NoOp@NoOp|NoOp@NoOp|NoOp@NoOp
1016370083:NoOp@NoOp|NoOp@NoOp|Move(E)@Move(E)|NoOp@NoOp|NoOp@NoOp|NoOp@NoOp|NoOp@NoOp|NoOp@NoOp|NoOp@NoOp|NoOp@NoOp
1016380708:NoOp@NoOp|NoOp@NoOp|Move(E)@Move(E)|NoOp@NoOp|NoOp@NoOp|NoOp@NoOp|NoOp@NoOp|NoOp@NoOp|NoOp@NoOp|NoOp@NoOp
1016390458:NoOp@NoOp|NoOp@NoOp|Move(E)@Move(E)|NoOp@NoOp|NoOp@NoOp|NoOp@NoOp|NoOp@NoOp|NoOp@NoOp|NoOp@NoOp|NoOp@NoOp
1016404083:NoOp@NoOp|NoOp@NoOp|Move(E)@Move(E)|NoOp@NoOp|NoOp@NoOp|NoOp@NoOp|NoOp@NoOp|NoOp@NoOp|NoOp@NoOp|NoOp@NoOp
1016416167:NoOp@NoOp|NoOp@NoOp|Move(E)@Move(E)|NoOp@NoOp|NoOp@NoOp|NoOp@NoOp|NoOp@NoOp|NoOp@NoOp|NoOp@NoOp|NoOp@NoOp
1016427792:NoOp@NoOp|NoOp@NoOp|Move(E)@Move(E)|NoOp@NoOp|NoOp@NoOp|NoOp@NoOp|NoOp@NoOp|NoOp@NoOp|NoOp@NoOp|NoOp@NoOp
1016441167:NoOp@NoOp|NoOp@NoOp|Move(E)@Move(E)|NoOp@NoOp|NoOp@NoOp|NoOp@NoOp|NoOp@NoOp|NoOp@NoOp|NoOp@NoOp|NoOp@NoOp
1016453375:NoOp@NoOp|NoOp@NoOp|Move(E)@Move(E)|NoOp@NoOp|NoOp@NoOp|NoOp@NoOp|NoOp@NoOp|NoOp@NoOp|NoOp@NoOp|NoOp@NoOp
1016463875:NoOp@NoOp|NoOp@NoOp|Move(E)@Move(E)|NoOp@NoOp|NoOp@NoOp|NoOp@NoOp|NoOp@NoOp|NoOp@NoOp|NoOp@NoOp|NoOp@NoOp
1016474667:NoOp@NoOp|NoOp@NoOp|Move(E)@Move(E)|NoOp@NoOp|NoOp@NoOp|NoOp@NoOp|NoOp@NoOp|NoOp@NoOp|NoOp@NoOp|NoOp@NoOp
1016490375:NoOp@NoOp|NoOp@NoOp|Move(E)@Move(E)|NoOp@NoOp|NoOp@NoOp|NoOp@NoOp|NoOp@NoOp|NoOp@NoOp|NoOp@NoOp|NoOp@NoOp
1016503167:NoOp@NoOp|NoOp@NoOp|Move(E)@Move(E)|NoOp@NoOp|NoOp@NoOp|NoOp@NoOp|NoOp@NoOp|NoOp@NoOp|NoOp@NoOp|NoOp@NoOp
1016514875:NoOp@NoOp|NoOp@NoOp|Move(N)@Move(N)|NoOp@NoOp|NoOp@NoOp|NoOp@NoOp|NoOp@NoOp|NoOp@NoOp|NoOp@NoOp|NoOp@NoOp
1016527708:NoOp@NoOp|NoOp@NoOp|Move(E)@Move(E)|NoOp@NoOp|NoOp@NoOp|NoOp@NoOp|NoOp@NoOp|NoOp@NoOp|NoOp@NoOp|NoOp@NoOp
1016540458:NoOp@NoOp|NoOp@NoOp|Move(E)@Move(E)|NoOp@NoOp|NoOp@NoOp|NoOp@NoOp|NoOp@NoOp|NoOp@NoOp|NoOp@NoOp|NoOp@NoOp
1016551042:NoOp@NoOp|NoOp@NoOp|Move(S)@Move(S)|NoOp@NoOp|NoOp@NoOp|NoOp@NoOp|NoOp@NoOp|NoOp@NoOp|NoOp@NoOp|NoOp@NoOp
1016562750:NoOp@NoOp|NoOp@NoOp|Move(S)@Move(S)|NoOp@NoOp|NoOp@NoOp|NoOp@NoOp|NoOp@NoOp|NoOp@NoOp|NoOp@NoOp|NoOp@NoOp
1016573042:NoOp@NoOp|NoOp@NoOp|Move(E)@Move(E)|NoOp@NoOp|NoOp@NoOp|NoOp@NoOp|NoOp@NoOp|NoOp@NoOp|NoOp@NoOp|NoOp@NoOp
1016583875:NoOp@NoOp|NoOp@NoOp|Move(E)@Move(E)|NoOp@NoOp|NoOp@NoOp|NoOp@NoOp|NoOp@NoOp|NoOp@NoOp|NoOp@NoOp|NoOp@NoOp
1016594667:NoOp@NoOp|NoOp@NoOp|Move(E)@Move(E)|NoOp@NoOp|NoOp@NoOp|NoOp@NoOp|NoOp@NoOp|NoOp@NoOp|NoOp@NoOp|NoOp@NoOp
1016605042:NoOp@NoOp|NoOp@NoOp|Move(E)@Move(E)|NoOp@NoOp|NoOp@NoOp|NoOp@NoOp|NoOp@NoOp|NoOp@NoOp|NoOp@NoOp|NoOp@NoOp
1016615958:NoOp@NoOp|NoOp@NoOp|Move(E)@Move(E)|NoOp@NoOp|NoOp@NoOp|NoOp@NoOp|NoOp@NoOp|NoOp@NoOp|NoOp@NoOp|NoOp@NoOp
1016626083:NoOp@NoOp|NoOp@NoOp|Move(E)@Move(E)|NoOp@NoOp|NoOp@NoOp|NoOp@NoOp|NoOp@NoOp|NoOp@NoOp|NoOp@NoOp|NoOp@NoOp
1016636458:NoOp@NoOp|NoOp@NoOp|Move(E)@Move(E)|NoOp@NoOp|NoOp@NoOp|NoOp@NoOp|NoOp@NoOp|NoOp@NoOp|NoOp@NoOp|NoOp@NoOp
1016646750:NoOp@NoOp|NoOp@NoOp|Move(E)@Move(E)|NoOp@NoOp|NoOp@NoOp|NoOp@NoOp|NoOp@NoOp|NoOp@NoOp|NoOp@NoOp|NoOp@NoOp
1016656417:NoOp@NoOp|NoOp@NoOp|Move(E)@Move(E)|NoOp@NoOp|NoOp@NoOp|NoOp@NoOp|NoOp@NoOp|NoOp@NoOp|NoOp@NoOp|NoOp@NoOp
1016666958:NoOp@NoOp|NoOp@NoOp|Move(E)@Move(E)|NoOp@NoOp|NoOp@NoOp|NoOp@NoOp|NoOp@NoOp|NoOp@NoOp|NoOp@NoOp|NoOp@NoOp
1016678250:NoOp@NoOp|NoOp@NoOp|Move(E)@Move(E)|NoOp@NoOp|NoOp@NoOp|NoOp@NoOp|NoOp@NoOp|NoOp@NoOp|NoOp@NoOp|NoOp@NoOp
1016690125:NoOp@NoOp|NoOp@NoOp|Move(E)@Move(E)|NoOp@NoOp|NoOp@NoOp|NoOp@NoOp|NoOp@NoOp|NoOp@NoOp|NoOp@NoOp|NoOp@NoOp
1016700958:NoOp@NoOp|NoOp@NoOp|Move(E)@Move(E)|NoOp@NoOp|NoOp@NoOp|NoOp@NoOp|NoOp@NoOp|NoOp@NoOp|NoOp@NoOp|NoOp@NoOp
1016711250:NoOp@NoOp|NoOp@NoOp|Move(E)@Move(E)|NoOp@NoOp|NoOp@NoOp|NoOp@NoOp|NoOp@NoOp|NoOp@NoOp|NoOp@NoOp|NoOp@NoOp
1016721583:NoOp@NoOp|NoOp@NoOp|Move(E)@Move(E)|NoOp@NoOp|NoOp@NoOp|NoOp@NoOp|NoOp@NoOp|NoOp@NoOp|NoOp@NoOp|NoOp@NoOp
1016731667:NoOp@NoOp|NoOp@NoOp|Move(E)@Move(E)|NoOp@NoOp|NoOp@NoOp|NoOp@NoOp|NoOp@NoOp|NoOp@NoOp|NoOp@NoOp|NoOp@NoOp
1016742208:NoOp@NoOp|NoOp@NoOp|Move(E)@Move(E)|NoOp@NoOp|NoOp@NoOp|NoOp@NoOp|NoOp@NoOp|NoOp@NoOp|NoOp@NoOp|NoOp@NoOp
1016760000:NoOp@NoOp|NoOp@NoOp|Move(E)@Move(E)|NoOp@NoOp|NoOp@NoOp|NoOp@NoOp|NoOp@NoOp|NoOp@NoOp|NoOp@NoOp|NoOp@NoOp
1016772417:NoOp@NoOp|NoOp@NoOp|Move(E)@Move(E)|NoOp@NoOp|NoOp@NoOp|NoOp@NoOp|NoOp@NoOp|NoOp@NoOp|NoOp@NoOp|NoOp@NoOp
1016782042:NoOp@NoOp|NoOp@NoOp|Move(E)@Move(E)|NoOp@NoOp|NoOp@NoOp|NoOp@NoOp|NoOp@NoOp|NoOp@NoOp|NoOp@NoOp|NoOp@NoOp
1016795208:NoOp@NoOp|NoOp@NoOp|Move(N)@Move(N)|NoOp@NoOp|NoOp@NoOp|NoOp@NoOp|NoOp@NoOp|NoOp@NoOp|NoOp@NoOp|NoOp@NoOp
1016807708:NoOp@NoOp|NoOp@NoOp|Move(N)@Move(N)|NoOp@NoOp|NoOp@NoOp|NoOp@NoOp|NoOp@NoOp|NoOp@NoOp|NoOp@NoOp|NoOp@NoOp
1016819333:NoOp@NoOp|NoOp@NoOp|Move(N)@Move(N)|NoOp@NoOp|NoOp@NoOp|NoOp@NoOp|NoOp@NoOp|NoOp@NoOp|NoOp@NoOp|NoOp@NoOp
1016830542:NoOp@NoOp|NoOp@NoOp|Move(N)@Move(N)|NoOp@NoOp|NoOp@NoOp|NoOp@NoOp|NoOp@NoOp|NoOp@NoOp|NoOp@NoOp|NoOp@NoOp
1016844000:NoOp@NoOp|NoOp@NoOp|NoOp@NoOp|Move(N)@Move(N)|NoOp@NoOp|NoOp@NoOp|NoOp@NoOp|NoOp@NoOp|NoOp@NoOp|NoOp@NoOp
1016858750:NoOp@NoOp|NoOp@NoOp|NoOp@NoOp|Move(W)@Move(W)|NoOp@NoOp|NoOp@NoOp|NoOp@NoOp|NoOp@NoOp|NoOp@NoOp|NoOp@NoOp
1016870167:NoOp@NoOp|NoOp@NoOp|NoOp@NoOp|Move(W)@Move(W)|NoOp@NoOp|NoOp@NoOp|NoOp@NoOp|NoOp@NoOp|NoOp@NoOp|NoOp@NoOp
1016881542:NoOp@NoOp|NoOp@NoOp|NoOp@NoOp|Move(W)@Move(W)|NoOp@NoOp|NoOp@NoOp|NoOp@NoOp|NoOp@NoOp|NoOp@NoOp|NoOp@NoOp
1016895083:NoOp@NoOp|NoOp@NoOp|NoOp@NoOp|Move(W)@Move(W)|NoOp@NoOp|NoOp@NoOp|NoOp@NoOp|NoOp@NoOp|NoOp@NoOp|NoOp@NoOp
1016914625:NoOp@NoOp|NoOp@NoOp|NoOp@NoOp|Move(W)@Move(W)|NoOp@NoOp|NoOp@NoOp|NoOp@NoOp|NoOp@NoOp|NoOp@NoOp|NoOp@NoOp
1016927625:NoOp@NoOp|NoOp@NoOp|NoOp@NoOp|Move(N)@Move(N)|NoOp@NoOp|NoOp@NoOp|NoOp@NoOp|NoOp@NoOp|NoOp@NoOp|NoOp@NoOp
1016939500:NoOp@NoOp|NoOp@NoOp|NoOp@NoOp|Move(N)@Move(N)|NoOp@NoOp|NoOp@NoOp|NoOp@NoOp|NoOp@NoOp|NoOp@NoOp|NoOp@NoOp
1016950000:NoOp@NoOp|NoOp@NoOp|NoOp@NoOp|Move(N)@Move(N)|NoOp@NoOp|NoOp@NoOp|NoOp@NoOp|NoOp@NoOp|NoOp@NoOp|NoOp@NoOp
1016961083:NoOp@NoOp|NoOp@NoOp|NoOp@NoOp|Move(W)@Move(W)|NoOp@NoOp|NoOp@NoOp|NoOp@NoOp|NoOp@NoOp|NoOp@NoOp|NoOp@NoOp
1016971750:NoOp@NoOp|NoOp@NoOp|NoOp@NoOp|Move(W)@Move(W)|NoOp@NoOp|NoOp@NoOp|NoOp@NoOp|NoOp@NoOp|NoOp@NoOp|NoOp@NoOp
1016983958:NoOp@NoOp|NoOp@NoOp|NoOp@NoOp|Move(W)@Move(W)|NoOp@NoOp|NoOp@NoOp|NoOp@NoOp|NoOp@NoOp|NoOp@NoOp|NoOp@NoOp
1016994333:NoOp@NoOp|NoOp@NoOp|NoOp@NoOp|Move(W)@Move(W)|NoOp@NoOp|NoOp@NoOp|NoOp@NoOp|NoOp@NoOp|NoOp@NoOp|NoOp@NoOp
1017004458:NoOp@NoOp|NoOp@NoOp|NoOp@NoOp|Move(S)@Move(S)|NoOp@NoOp|NoOp@NoOp|NoOp@NoOp|NoOp@NoOp|NoOp@NoOp|NoOp@NoOp
1017017500:NoOp@NoOp|NoOp@NoOp|NoOp@NoOp|Move(S)@Move(S)|NoOp@NoOp|NoOp@NoOp|NoOp@NoOp|NoOp@NoOp|NoOp@NoOp|NoOp@NoOp
1017030417:NoOp@NoOp|NoOp@NoOp|NoOp@NoOp|Move(S)@Move(S)|NoOp@NoOp|NoOp@NoOp|NoOp@NoOp|NoOp@NoOp|NoOp@NoOp|NoOp@NoOp
1017046625:NoOp@NoOp|NoOp@NoOp|NoOp@NoOp|Move(S)@Move(S)|NoOp@NoOp|NoOp@NoOp|NoOp@NoOp|NoOp@NoOp|NoOp@NoOp|NoOp@NoOp
1017063208:NoOp@NoOp|NoOp@NoOp|NoOp@NoOp|Move(S)@Move(S)|NoOp@NoOp|NoOp@NoOp|NoOp@NoOp|NoOp@NoOp|NoOp@NoOp|NoOp@NoOp
1017078208:NoOp@NoOp|NoOp@NoOp|NoOp@NoOp|Move(S)@Move(S)|NoOp@NoOp|NoOp@NoOp|NoOp@NoOp|NoOp@NoOp|NoOp@NoOp|NoOp@NoOp
1017095500:NoOp@NoOp|NoOp@NoOp|NoOp@NoOp|Move(S)@Move(S)|NoOp@NoOp|NoOp@NoOp|NoOp@NoOp|NoOp@NoOp|NoOp@NoOp|NoOp@NoOp
1017110125:NoOp@NoOp|NoOp@NoOp|NoOp@NoOp|Move(S)@Move(S)|NoOp@NoOp|NoOp@NoOp|NoOp@NoOp|NoOp@NoOp|NoOp@NoOp|NoOp@NoOp
1017122083:NoOp@NoOp|NoOp@NoOp|NoOp@NoOp|Move(S)@Move(S)|NoOp@NoOp|NoOp@NoOp|NoOp@NoOp|NoOp@NoOp|NoOp@NoOp|NoOp@NoOp
1017135417:NoOp@NoOp|NoOp@NoOp|NoOp@NoOp|Move(S)@Move(S)|NoOp@NoOp|NoOp@NoOp|NoOp@NoOp|NoOp@NoOp|NoOp@NoOp|NoOp@NoOp
1017149750:NoOp@NoOp|NoOp@NoOp|NoOp@NoOp|Move(S)@Move(S)|NoOp@NoOp|NoOp@NoOp|NoOp@NoOp|NoOp@NoOp|NoOp@NoOp|NoOp@NoOp
1017162208:NoOp@NoOp|NoOp@NoOp|NoOp@NoOp|Move(E)@Move(E)|NoOp@NoOp|NoOp@NoOp|NoOp@NoOp|NoOp@NoOp|NoOp@NoOp|NoOp@NoOp
1017176292:NoOp@NoOp|NoOp@NoOp|NoOp@NoOp|Move(S)@Move(S)|NoOp@NoOp|NoOp@NoOp|NoOp@NoOp|NoOp@NoOp|NoOp@NoOp|NoOp@NoOp
1017190042:NoOp@NoOp|NoOp@NoOp|NoOp@NoOp|Move(S)@Move(S)|NoOp@NoOp|NoOp@NoOp|NoOp@NoOp|NoOp@NoOp|NoOp@NoOp|NoOp@NoOp
1017203750:NoOp@NoOp|NoOp@NoOp|NoOp@NoOp|Move(S)@Move(S)|NoOp@NoOp|NoOp@NoOp|NoOp@NoOp|NoOp@NoOp|NoOp@NoOp|NoOp@NoOp
1017217875:NoOp@NoOp|NoOp@NoOp|NoOp@NoOp|Move(W)@Move(W)|NoOp@NoOp|NoOp@NoOp|NoOp@NoOp|NoOp@NoOp|NoOp@NoOp|NoOp@NoOp
1017229792:NoOp@NoOp|NoOp@NoOp|NoOp@NoOp|Move(S)@Move(S)|NoOp@NoOp|NoOp@NoOp|NoOp@NoOp|NoOp@NoOp|NoOp@NoOp|NoOp@NoOp
1017242250:NoOp@NoOp|NoOp@NoOp|NoOp@NoOp|Move(W)@Move(W)|NoOp@NoOp|NoOp@NoOp|NoOp@NoOp|NoOp@NoOp|NoOp@NoOp|NoOp@NoOp
1017253000:NoOp@NoOp|NoOp@NoOp|NoOp@NoOp|Move(W)@Move(W)|NoOp@NoOp|NoOp@NoOp|NoOp@NoOp|NoOp@NoOp|NoOp@NoOp|NoOp@NoOp
1017267667:NoOp@NoOp|NoOp@NoOp|NoOp@NoOp|Move(S)@Move(S)|NoOp@NoOp|NoOp@NoOp|NoOp@NoOp|NoOp@NoOp|NoOp@NoOp|NoOp@NoOp
1017282208:NoOp@NoOp|NoOp@NoOp|NoOp@NoOp|Push(W,N)@Push(W,N)|NoOp@NoOp|NoOp@NoOp|NoOp@NoOp|NoOp@NoOp|NoOp@NoOp|NoOp@NoOp
1017294125:NoOp@NoOp|NoOp@NoOp|NoOp@NoOp|Push(N,W)@Push(N,W)|NoOp@NoOp|NoOp@NoOp|NoOp@NoOp|NoOp@NoOp|NoOp@NoOp|NoOp@NoOp
1017305375:NoOp@NoOp|NoOp@NoOp|NoOp@NoOp|Push(W,W)@Push(W,W)|NoOp@NoOp|NoOp@NoOp|NoOp@NoOp|NoOp@NoOp|NoOp@NoOp|NoOp@NoOp
1017320875:NoOp@NoOp|NoOp@NoOp|NoOp@NoOp|Push(W,W)@Push(W,W)|NoOp@NoOp|NoOp@NoOp|NoOp@NoOp|NoOp@NoOp|NoOp@NoOp|NoOp@NoOp
1017334458:NoOp@NoOp|NoOp@NoOp|NoOp@NoOp|Push(W,W)@Push(W,W)|NoOp@NoOp|NoOp@NoOp|NoOp@NoOp|NoOp@NoOp|NoOp@NoOp|NoOp@NoOp
1017345833:NoOp@NoOp|NoOp@NoOp|NoOp@NoOp|Push(W,W)@Push(W,W)|NoOp@NoOp|NoOp@NoOp|NoOp@NoOp|NoOp@NoOp|NoOp@NoOp|NoOp@NoOp
1017356583:NoOp@NoOp|NoOp@NoOp|NoOp@NoOp|Push(W,W)@Push(W,W)|NoOp@NoOp|NoOp@NoOp|NoOp@NoOp|NoOp@NoOp|NoOp@NoOp|NoOp@NoOp
1017366958:NoOp@NoOp|NoOp@NoOp|NoOp@NoOp|Push(W,W)@Push(W,W)|NoOp@NoOp|NoOp@NoOp|NoOp@NoOp|NoOp@NoOp|NoOp@NoOp|NoOp@NoOp
1017377750:NoOp@NoOp|NoOp@NoOp|NoOp@NoOp|Push(W,W)@Push(W,W)|NoOp@NoOp|NoOp@NoOp|NoOp@NoOp|NoOp@NoOp|NoOp@NoOp|NoOp@NoOp
1017389708:NoOp@NoOp|NoOp@NoOp|NoOp@NoOp|Push(W,W)@Push(W,W)|NoOp@NoOp|NoOp@NoOp|NoOp@NoOp|NoOp@NoOp|NoOp@NoOp|NoOp@NoOp
1017401417:NoOp@NoOp|NoOp@NoOp|NoOp@NoOp|Push(W,W)@Push(W,W)|NoOp@NoOp|NoOp@NoOp|NoOp@NoOp|NoOp@NoOp|NoOp@NoOp|NoOp@NoOp
1017415125:NoOp@NoOp|NoOp@NoOp|NoOp@NoOp|Push(W,W)@Push(W,W)|NoOp@NoOp|NoOp@NoOp|NoOp@NoOp|NoOp@NoOp|NoOp@NoOp|NoOp@NoOp
1017442125:NoOp@NoOp|NoOp@NoOp|NoOp@NoOp|Push(W,W)@Push(W,W)|NoOp@NoOp|NoOp@NoOp|NoOp@NoOp|NoOp@NoOp|NoOp@NoOp|NoOp@NoOp
1017457625:NoOp@NoOp|NoOp@NoOp|NoOp@NoOp|Push(W,W)@Push(W,W)|NoOp@NoOp|NoOp@NoOp|NoOp@NoOp|NoOp@NoOp|NoOp@NoOp|NoOp@NoOp
1017471583:NoOp@NoOp|NoOp@NoOp|NoOp@NoOp|Push(W,W)@Push(W,W)|NoOp@NoOp|NoOp@NoOp|NoOp@NoOp|NoOp@NoOp|NoOp@NoOp|NoOp@NoOp
1017484250:NoOp@NoOp|NoOp@NoOp|NoOp@NoOp|Push(W,W)@Push(W,W)|NoOp@NoOp|NoOp@NoOp|NoOp@NoOp|NoOp@NoOp|NoOp@NoOp|NoOp@NoOp
1017494375:NoOp@NoOp|NoOp@NoOp|NoOp@NoOp|Push(W,S)@Push(W,S)|NoOp@NoOp|NoOp@NoOp|NoOp@NoOp|NoOp@NoOp|NoOp@NoOp|NoOp@NoOp
1017505083:NoOp@NoOp|NoOp@NoOp|NoOp@NoOp|Push(S,W)@Push(S,W)|NoOp@NoOp|NoOp@NoOp|NoOp@NoOp|NoOp@NoOp|NoOp@NoOp|NoOp@NoOp
1017515750:NoOp@NoOp|Move(S)@Move(S)|NoOp@NoOp|NoOp@NoOp|NoOp@NoOp|NoOp@NoOp|NoOp@NoOp|NoOp@NoOp|NoOp@NoOp|NoOp@NoOp
1017528875:NoOp@NoOp|Move(S)@Move(S)|NoOp@NoOp|NoOp@NoOp|NoOp@NoOp|NoOp@NoOp|NoOp@NoOp|NoOp@NoOp|NoOp@NoOp|NoOp@NoOp
1017542125:NoOp@NoOp|Move(S)@Move(S)|NoOp@NoOp|NoOp@NoOp|NoOp@NoOp|NoOp@NoOp|NoOp@NoOp|NoOp@NoOp|NoOp@NoOp|NoOp@NoOp
1017554000:NoOp@NoOp|Move(S)@Move(S)|NoOp@NoOp|NoOp@NoOp|NoOp@NoOp|NoOp@NoOp|NoOp@NoOp|NoOp@NoOp|NoOp@NoOp|NoOp@NoOp
1017566000:NoOp@NoOp|Move(W)@Move(W)|NoOp@NoOp|NoOp@NoOp|NoOp@NoOp|NoOp@NoOp|NoOp@NoOp|NoOp@NoOp|NoOp@NoOp|NoOp@NoOp
1017576875:NoOp@NoOp|Move(W)@Move(W)|NoOp@NoOp|NoOp@NoOp|NoOp@NoOp|NoOp@NoOp|NoOp@NoOp|NoOp@NoOp|NoOp@NoOp|NoOp@NoOp
1017587792:NoOp@NoOp|Move(W)@Move(W)|NoOp@NoOp|NoOp@NoOp|NoOp@NoOp|NoOp@NoOp|NoOp@NoOp|NoOp@NoOp|NoOp@NoOp|NoOp@NoOp
1017597458:NoOp@NoOp|Move(W)@Move(W)|NoOp@NoOp|NoOp@NoOp|NoOp@NoOp|NoOp@NoOp|NoOp@NoOp|NoOp@NoOp|NoOp@NoOp|NoOp@NoOp
1017607250:NoOp@NoOp|Move(W)@Move(W)|NoOp@NoOp|NoOp@NoOp|NoOp@NoOp|NoOp@NoOp|NoOp@NoOp|NoOp@NoOp|NoOp@NoOp|NoOp@NoOp
1017618625:NoOp@NoOp|Move(W)@Move(W)|NoOp@NoOp|NoOp@NoOp|NoOp@NoOp|NoOp@NoOp|NoOp@NoOp|NoOp@NoOp|NoOp@NoOp|NoOp@NoOp
1017634292:NoOp@NoOp|Move(W)@Move(W)|NoOp@NoOp|NoOp@NoOp|NoOp@NoOp|NoOp@NoOp|NoOp@NoOp|NoOp@NoOp|NoOp@NoOp|NoOp@NoOp
1017648125:NoOp@NoOp|Move(W)@Move(W)|NoOp@NoOp|NoOp@NoOp|NoOp@NoOp|NoOp@NoOp|NoOp@NoOp|NoOp@NoOp|NoOp@NoOp|NoOp@NoOp
1017658708:NoOp@NoOp|Move(W)@Move(W)|NoOp@NoOp|NoOp@NoOp|NoOp@NoOp|NoOp@NoOp|NoOp@NoOp|NoOp@NoOp|NoOp@NoOp|NoOp@NoOp
1017670500:NoOp@NoOp|Move(W)@Move(W)|NoOp@NoOp|NoOp@NoOp|NoOp@NoOp|NoOp@NoOp|NoOp@NoOp|NoOp@NoOp|NoOp@NoOp|NoOp@NoOp
1017682875:NoOp@NoOp|Move(W)@Move(W)|NoOp@NoOp|NoOp@NoOp|NoOp@NoOp|NoOp@NoOp|NoOp@NoOp|NoOp@NoOp|NoOp@NoOp|NoOp@NoOp
1017698667:NoOp@NoOp|Move(W)@Move(W)|NoOp@NoOp|NoOp@NoOp|NoOp@NoOp|NoOp@NoOp|NoOp@NoOp|NoOp@NoOp|NoOp@NoOp|NoOp@NoOp
1017712708:NoOp@NoOp|Move(W)@Move(W)|NoOp@NoOp|NoOp@NoOp|NoOp@NoOp|NoOp@NoOp|NoOp@NoOp|NoOp@NoOp|NoOp@NoOp|NoOp@NoOp
1017722708:NoOp@NoOp|Move(W)@Move(W)|NoOp@NoOp|NoOp@NoOp|NoOp@NoOp|NoOp@NoOp|NoOp@NoOp|NoOp@NoOp|NoOp@NoOp|NoOp@NoOp
1017733250:NoOp@NoOp|Move(N)@Move(N)|NoOp@NoOp|NoOp@NoOp|NoOp@NoOp|NoOp@NoOp|NoOp@NoOp|NoOp@NoOp|NoOp@NoOp|NoOp@NoOp
1017742875:NoOp@NoOp|Move(N)@Move(N)|NoOp@NoOp|NoOp@NoOp|NoOp@NoOp|NoOp@NoOp|NoOp@NoOp|NoOp@NoOp|NoOp@NoOp|NoOp@NoOp
1017753583:NoOp@NoOp|Move(N)@Move(N)|NoOp@NoOp|NoOp@NoOp|NoOp@NoOp|NoOp@NoOp|NoOp@NoOp|NoOp@NoOp|NoOp@NoOp|NoOp@NoOp
1017765167:NoOp@NoOp|Move(W)@Move(W)|NoOp@NoOp|NoOp@NoOp|NoOp@NoOp|NoOp@NoOp|NoOp@NoOp|NoOp@NoOp|NoOp@NoOp|NoOp@NoOp
1017775125:NoOp@NoOp|Move(W)@Move(W)|NoOp@NoOp|NoOp@NoOp|NoOp@NoOp|NoOp@NoOp|NoOp@NoOp|NoOp@NoOp|NoOp@NoOp|NoOp@NoOp
1017785667:NoOp@NoOp|Move(W)@Move(W)|NoOp@NoOp|NoOp@NoOp|NoOp@NoOp|NoOp@NoOp|NoOp@NoOp|NoOp@NoOp|NoOp@NoOp|NoOp@NoOp
1017795167:NoOp@NoOp|Move(W)@Move(W)|NoOp@NoOp|NoOp@NoOp|NoOp@NoOp|NoOp@NoOp|NoOp@NoOp|NoOp@NoOp|NoOp@NoOp|NoOp@NoOp
1017808583:NoOp@NoOp|Move(S)@Move(S)|NoOp@NoOp|NoOp@NoOp|NoOp@NoOp|NoOp@NoOp|NoOp@NoOp|NoOp@NoOp|NoOp@NoOp|NoOp@NoOp
1017818417:NoOp@NoOp|Move(S)@Move(S)|NoOp@NoOp|NoOp@NoOp|NoOp@NoOp|NoOp@NoOp|NoOp@NoOp|NoOp@NoOp|NoOp@NoOp|NoOp@NoOp
1017832750:NoOp@NoOp|Move(S)@Move(S)|NoOp@NoOp|NoOp@NoOp|NoOp@NoOp|NoOp@NoOp|NoOp@NoOp|NoOp@NoOp|NoOp@NoOp|NoOp@NoOp
1017846417:NoOp@NoOp|Move(S)@Move(S)|NoOp@NoOp|NoOp@NoOp|NoOp@NoOp|NoOp@NoOp|NoOp@NoOp|NoOp@NoOp|NoOp@NoOp|NoOp@NoOp
1017858500:NoOp@NoOp|Move(S)@Move(S)|NoOp@NoOp|NoOp@NoOp|NoOp@NoOp|NoOp@NoOp|NoOp@NoOp|NoOp@NoOp|NoOp@NoOp|NoOp@NoOp
1017869542:NoOp@NoOp|Move(S)@Move(S)|NoOp@NoOp|NoOp@NoOp|NoOp@NoOp|NoOp@NoOp|NoOp@NoOp|NoOp@NoOp|NoOp@NoOp|NoOp@NoOp
1017885000:NoOp@NoOp|Move(S)@Move(S)|NoOp@NoOp|NoOp@NoOp|NoOp@NoOp|NoOp@NoOp|NoOp@NoOp|NoOp@NoOp|NoOp@NoOp|NoOp@NoOp
1017900833:NoOp@NoOp|Move(S)@Move(S)|NoOp@NoOp|NoOp@NoOp|NoOp@NoOp|NoOp@NoOp|NoOp@NoOp|NoOp@NoOp|NoOp@NoOp|NoOp@NoOp
1017917625:NoOp@NoOp|Move(S)@Move(S)|NoOp@NoOp|NoOp@NoOp|NoOp@NoOp|NoOp@NoOp|NoOp@NoOp|NoOp@NoOp|NoOp@NoOp|NoOp@NoOp
1017928875:NoOp@NoOp|Move(S)@Move(S)|NoOp@NoOp|NoOp@NoOp|NoOp@NoOp|NoOp@NoOp|NoOp@NoOp|NoOp@NoOp|NoOp@NoOp|NoOp@NoOp
1017938208:NoOp@NoOp|Move(S)@Move(S)|NoOp@NoOp|NoOp@NoOp|NoOp@NoOp|NoOp@NoOp|NoOp@NoOp|NoOp@NoOp|NoOp@NoOp|NoOp@NoOp
1018002583:NoOp@NoOp|Move(E)@Move(E)|NoOp@NoOp|NoOp@NoOp|NoOp@NoOp|NoOp@NoOp|NoOp@NoOp|NoOp@NoOp|NoOp@NoOp|NoOp@NoOp
1018036000:NoOp@NoOp|Move(S)@Move(S)|NoOp@NoOp|NoOp@NoOp|NoOp@NoOp|NoOp@NoOp|NoOp@NoOp|NoOp@NoOp|NoOp@NoOp|NoOp@NoOp
1018081250:NoOp@NoOp|Push(E,S)@Push(E,S)|NoOp@NoOp|NoOp@NoOp|NoOp@NoOp|NoOp@NoOp|NoOp@NoOp|NoOp@NoOp|NoOp@NoOp|NoOp@NoOp
1018108667:NoOp@NoOp|Push(S,S)@Push(S,S)|NoOp@NoOp|NoOp@NoOp|NoOp@NoOp|NoOp@NoOp|NoOp@NoOp|NoOp@NoOp|NoOp@NoOp|NoOp@NoOp
1018125583:NoOp@NoOp|Push(S,W)@Push(S,W)|NoOp@NoOp|NoOp@NoOp|NoOp@NoOp|NoOp@NoOp|NoOp@NoOp|NoOp@NoOp|NoOp@NoOp|NoOp@NoOp
1018141500:NoOp@NoOp|Push(W,W)@Push(W,W)|NoOp@NoOp|NoOp@NoOp|NoOp@NoOp|NoOp@NoOp|NoOp@NoOp|NoOp@NoOp|NoOp@NoOp|NoOp@NoOp
1018157458:NoOp@NoOp|Push(W,S)@Push(W,S)|NoOp@NoOp|NoOp@NoOp|NoOp@NoOp|NoOp@NoOp|NoOp@NoOp|NoOp@NoOp|NoOp@NoOp|NoOp@NoOp
1018170958:NoOp@NoOp|Push(S,S)@Push(S,S)|NoOp@NoOp|NoOp@NoOp|NoOp@NoOp|NoOp@NoOp|NoOp@NoOp|NoOp@NoOp|NoOp@NoOp|NoOp@NoOp
1018183375:NoOp@NoOp|Push(S,S)@Push(S,S)|NoOp@NoOp|NoOp@NoOp|NoOp@NoOp|NoOp@NoOp|NoOp@NoOp|NoOp@NoOp|NoOp@NoOp|NoOp@NoOp
1018195500:NoOp@NoOp|Push(S,S)@Push(S,S)|NoOp@NoOp|NoOp@NoOp|NoOp@NoOp|NoOp@NoOp|NoOp@NoOp|NoOp@NoOp|NoOp@NoOp|NoOp@NoOp
1018205583:NoOp@NoOp|Push(S,S)@Push(S,S)|NoOp@NoOp|NoOp@NoOp|NoOp@NoOp|NoOp@NoOp|NoOp@NoOp|NoOp@NoOp|NoOp@NoOp|NoOp@NoOp
1018221083:NoOp@NoOp|Push(S,W)@Push(S,W)|NoOp@NoOp|NoOp@NoOp|NoOp@NoOp|NoOp@NoOp|NoOp@NoOp|NoOp@NoOp|NoOp@NoOp|NoOp@NoOp
1018232917:NoOp@NoOp|Push(W,W)@Push(W,W)|NoOp@NoOp|NoOp@NoOp|NoOp@NoOp|NoOp@NoOp|NoOp@NoOp|NoOp@NoOp|NoOp@NoOp|NoOp@NoOp
1018243625:NoOp@NoOp|Push(W,W)@Push(W,W)|NoOp@NoOp|NoOp@NoOp|NoOp@NoOp|NoOp@NoOp|NoOp@NoOp|NoOp@NoOp|NoOp@NoOp|NoOp@NoOp
1018257083:NoOp@NoOp|Push(W,W)@Push(W,W)|NoOp@NoOp|NoOp@NoOp|NoOp@NoOp|NoOp@NoOp|NoOp@NoOp|NoOp@NoOp|NoOp@NoOp|NoOp@NoOp
1018266417:NoOp@NoOp|Push(W,W)@Push(W,W)|NoOp@NoOp|NoOp@NoOp|NoOp@NoOp|NoOp@NoOp|NoOp@NoOp|NoOp@NoOp|NoOp@NoOp|NoOp@NoOp
1018276333:NoOp@NoOp|Push(W,W)@Push(W,W)|NoOp@NoOp|NoOp@NoOp|NoOp@NoOp|NoOp@NoOp|NoOp@NoOp|NoOp@NoOp|NoOp@NoOp|NoOp@NoOp
1018287083:NoOp@NoOp|Push(W,W)@Push(W,W)|NoOp@NoOp|NoOp@NoOp|NoOp@NoOp|NoOp@NoOp|NoOp@NoOp|NoOp@NoOp|NoOp@NoOp|NoOp@NoOp
1018299500:NoOp@NoOp|Push(W,W)@Push(W,W)|NoOp@NoOp|NoOp@NoOp|NoOp@NoOp|NoOp@NoOp|NoOp@NoOp|NoOp@NoOp|NoOp@NoOp|NoOp@NoOp
1018312625:NoOp@NoOp|Push(W,W)@Push(W,W)|NoOp@NoOp|NoOp@NoOp|NoOp@NoOp|NoOp@NoOp|NoOp@NoOp|NoOp@NoOp|NoOp@NoOp|NoOp@NoOp
1018324208:NoOp@NoOp|Push(W,W)@Push(W,W)|NoOp@NoOp|NoOp@NoOp|NoOp@NoOp|NoOp@NoOp|NoOp@NoOp|NoOp@NoOp|NoOp@NoOp|NoOp@NoOp
1018335458:NoOp@NoOp|Push(W,W)@Push(W,W)|NoOp@NoOp|NoOp@NoOp|NoOp@NoOp|NoOp@NoOp|NoOp@NoOp|NoOp@NoOp|NoOp@NoOp|NoOp@NoOp
1018346458:NoOp@NoOp|Push(W,W)@Push(W,W)|NoOp@NoOp|NoOp@NoOp|NoOp@NoOp|NoOp@NoOp|NoOp@NoOp|NoOp@NoOp|NoOp@NoOp|NoOp@NoOp
1018358708:NoOp@NoOp|Push(W,W)@Push(W,W)|NoOp@NoOp|NoOp@NoOp|NoOp@NoOp|NoOp@NoOp|NoOp@NoOp|NoOp@NoOp|NoOp@NoOp|NoOp@NoOp
1018370958:NoOp@NoOp|Push(W,W)@Push(W,W)|NoOp@NoOp|NoOp@NoOp|NoOp@NoOp|NoOp@NoOp|NoOp@NoOp|NoOp@NoOp|NoOp@NoOp|NoOp@NoOp
1018382542:NoOp@NoOp|Push(W,W)@Push(W,W)|NoOp@NoOp|NoOp@NoOp|NoOp@NoOp|NoOp@NoOp|NoOp@NoOp|NoOp@NoOp|NoOp@NoOp|NoOp@NoOp
1018399625:NoOp@NoOp|Push(W,W)@Push(W,W)|NoOp@NoOp|NoOp@NoOp|NoOp@NoOp|NoOp@NoOp|NoOp@NoOp|NoOp@NoOp|NoOp@NoOp|NoOp@NoOp
1018413750:NoOp@NoOp|Push(W,W)@Push(W,W)|NoOp@NoOp|NoOp@NoOp|NoOp@NoOp|NoOp@NoOp|NoOp@NoOp|NoOp@NoOp|NoOp@NoOp|NoOp@NoOp
1018428958:NoOp@NoOp|Push(W,W)@Push(W,W)|NoOp@NoOp|NoOp@NoOp|NoOp@NoOp|NoOp@NoOp|NoOp@NoOp|NoOp@NoOp|NoOp@NoOp|NoOp@NoOp
1018440542:NoOp@NoOp|Push(W,W)@Push(W,W)|NoOp@NoOp|NoOp@NoOp|NoOp@NoOp|NoOp@NoOp|NoOp@NoOp|NoOp@NoOp|NoOp@NoOp|NoOp@NoOp
1018451667:NoOp@NoOp|Push(W,W)@Push(W,W)|NoOp@NoOp|NoOp@NoOp|NoOp@NoOp|NoOp@NoOp|NoOp@NoOp|NoOp@NoOp|NoOp@NoOp|NoOp@NoOp
1018462667:NoOp@NoOp|Push(W,W)@Push(W,W)|NoOp@NoOp|NoOp@NoOp|NoOp@NoOp|NoOp@NoOp|NoOp@NoOp|NoOp@NoOp|NoOp@NoOp|NoOp@NoOp
1018476375:NoOp@NoOp|Push(W,W)@Push(W,W)|NoOp@NoOp|NoOp@NoOp|NoOp@NoOp|NoOp@NoOp|NoOp@NoOp|NoOp@NoOp|NoOp@NoOp|NoOp@NoOp
1018487375:NoOp@NoOp|Push(W,W)@Push(W,W)|NoOp@NoOp|NoOp@NoOp|NoOp@NoOp|NoOp@NoOp|NoOp@NoOp|NoOp@NoOp|NoOp@NoOp|NoOp@NoOp
1018503917:NoOp@NoOp|Push(W,W)@Push(W,W)|NoOp@NoOp|NoOp@NoOp|NoOp@NoOp|NoOp@NoOp|NoOp@NoOp|NoOp@NoOp|NoOp@NoOp|NoOp@NoOp
1018520208:Move(W)@Move(W)|NoOp@NoOp|NoOp@NoOp|NoOp@NoOp|NoOp@NoOp|NoOp@NoOp|NoOp@NoOp|NoOp@NoOp|NoOp@NoOp|NoOp@NoOp
1018540458:Move(N)@Move(N)|NoOp@NoOp|NoOp@NoOp|NoOp@NoOp|NoOp@NoOp|NoOp@NoOp|NoOp@NoOp|NoOp@NoOp|NoOp@NoOp|NoOp@NoOp
1018556792:Move(N)@Move(N)|NoOp@NoOp|NoOp@NoOp|NoOp@NoOp|NoOp@NoOp|NoOp@NoOp|NoOp@NoOp|NoOp@NoOp|NoOp@NoOp|NoOp@NoOp
1018568167:Move(N)@Move(N)|NoOp@NoOp|NoOp@NoOp|NoOp@NoOp|NoOp@NoOp|NoOp@NoOp|NoOp@NoOp|NoOp@NoOp|NoOp@NoOp|NoOp@NoOp
1018587167:Move(N)@Move(N)|NoOp@NoOp|NoOp@NoOp|NoOp@NoOp|NoOp@NoOp|NoOp@NoOp|NoOp@NoOp|NoOp@NoOp|NoOp@NoOp|NoOp@NoOp
1018597417:Move(N)@Move(N)|NoOp@NoOp|NoOp@NoOp|NoOp@NoOp|NoOp@NoOp|NoOp@NoOp|NoOp@NoOp|NoOp@NoOp|NoOp@NoOp|NoOp@NoOp
1018610083:Move(N)@Move(N)|NoOp@NoOp|NoOp@NoOp|NoOp@NoOp|NoOp@NoOp|NoOp@NoOp|NoOp@NoOp|NoOp@NoOp|NoOp@NoOp|NoOp@NoOp
1018620750:Move(N)@Move(N)|NoOp@NoOp|NoOp@NoOp|NoOp@NoOp|NoOp@NoOp|NoOp@NoOp|NoOp@NoOp|NoOp@NoOp|NoOp@NoOp|NoOp@NoOp
1018630708:Move(E)@Move(E)|NoOp@NoOp|NoOp@NoOp|NoOp@NoOp|NoOp@NoOp|NoOp@NoOp|NoOp@NoOp|NoOp@NoOp|NoOp@NoOp|NoOp@NoOp
1018640042:Move(E)@Move(E)|NoOp@NoOp|NoOp@NoOp|NoOp@NoOp|NoOp@NoOp|NoOp@NoOp|NoOp@NoOp|NoOp@NoOp|NoOp@NoOp|NoOp@NoOp
1018659042:Move(E)@Move(E)|NoOp@NoOp|NoOp@NoOp|NoOp@NoOp|NoOp@NoOp|NoOp@NoOp|NoOp@NoOp|NoOp@NoOp|NoOp@NoOp|NoOp@NoOp
1018671542:Move(S)@Move(S)|NoOp@NoOp|NoOp@NoOp|NoOp@NoOp|NoOp@NoOp|NoOp@NoOp|NoOp@NoOp|NoOp@NoOp|NoOp@NoOp|NoOp@NoOp
1018684208:Move(S)@Move(S)|NoOp@NoOp|NoOp@NoOp|NoOp@NoOp|NoOp@NoOp|NoOp@NoOp|NoOp@NoOp|NoOp@NoOp|NoOp@NoOp|NoOp@NoOp
1018695958:Move(S)@Move(S)|NoOp@NoOp|NoOp@NoOp|NoOp@NoOp|NoOp@NoOp|NoOp@NoOp|NoOp@NoOp|NoOp@NoOp|NoOp@NoOp|NoOp@NoOp
1018708542:Move(S)@Move(S)|NoOp@NoOp|NoOp@NoOp|NoOp@NoOp|NoOp@NoOp|NoOp@NoOp|NoOp@NoOp|NoOp@NoOp|NoOp@NoOp|NoOp@NoOp
1018725417:Move(S)@Move(S)|NoOp@NoOp|NoOp@NoOp|NoOp@NoOp|NoOp@NoOp|NoOp@NoOp|NoOp@NoOp|NoOp@NoOp|NoOp@NoOp|NoOp@NoOp
1018738000:Move(S)@Move(S)|NoOp@NoOp|NoOp@NoOp|NoOp@NoOp|NoOp@NoOp|NoOp@NoOp|NoOp@NoOp|NoOp@NoOp|NoOp@NoOp|NoOp@NoOp
1018748958:Move(E)@Move(E)|NoOp@NoOp|NoOp@NoOp|NoOp@NoOp|NoOp@NoOp|NoOp@NoOp|NoOp@NoOp|NoOp@NoOp|NoOp@NoOp|NoOp@NoOp
1018765417:Move(S)@Move(S)|NoOp@NoOp|NoOp@NoOp|NoOp@NoOp|NoOp@NoOp|NoOp@NoOp|NoOp@NoOp|NoOp@NoOp|NoOp@NoOp|NoOp@NoOp
1018784375:Move(S)@Move(S)|NoOp@NoOp|NoOp@NoOp|NoOp@NoOp|NoOp@NoOp|NoOp@NoOp|NoOp@NoOp|NoOp@NoOp|NoOp@NoOp|NoOp@NoOp
1018802667:Move(E)@Move(E)|NoOp@NoOp|NoOp@NoOp|NoOp@NoOp|NoOp@NoOp|NoOp@NoOp|NoOp@NoOp|NoOp@NoOp|NoOp@NoOp|NoOp@NoOp
1018814875:Move(E)@Move(E)|NoOp@NoOp|NoOp@NoOp|NoOp@NoOp|NoOp@NoOp|NoOp@NoOp|NoOp@NoOp|NoOp@NoOp|NoOp@NoOp|NoOp@NoOp
1018830667:Move(E)@Move(E)|NoOp@NoOp|NoOp@NoOp|NoOp@NoOp|NoOp@NoOp|NoOp@NoOp|NoOp@NoOp|NoOp@NoOp|NoOp@NoOp|NoOp@NoOp
1018843292:Move(S)@Move(S)|NoOp@NoOp|NoOp@NoOp|NoOp@NoOp|NoOp@NoOp|NoOp@NoOp|NoOp@NoOp|NoOp@NoOp|NoOp@NoOp|NoOp@NoOp
1018853500:Move(S)@Move(S)|NoOp@NoOp|NoOp@NoOp|NoOp@NoOp|NoOp@NoOp|NoOp@NoOp|NoOp@NoOp|NoOp@NoOp|NoOp@NoOp|NoOp@NoOp
1018863667:Move(S)@Move(S)|NoOp@NoOp|NoOp@NoOp|NoOp@NoOp|NoOp@NoOp|NoOp@NoOp|NoOp@NoOp|NoOp@NoOp|NoOp@NoOp|NoOp@NoOp
1018875542:Push(S,S)@Push(S,S)|NoOp@NoOp|NoOp@NoOp|NoOp@NoOp|NoOp@NoOp|NoOp@NoOp|NoOp@NoOp|NoOp@NoOp|NoOp@NoOp|NoOp@NoOp
1018886417:Push(S,S)@Push(S,S)|NoOp@NoOp|NoOp@NoOp|NoOp@NoOp|NoOp@NoOp|NoOp@NoOp|NoOp@NoOp|NoOp@NoOp|NoOp@NoOp|NoOp@NoOp
1018900250:Push(S,S)@Push(S,S)|NoOp@NoOp|NoOp@NoOp|NoOp@NoOp|NoOp@NoOp|NoOp@NoOp|NoOp@NoOp|NoOp@NoOp|NoOp@NoOp|NoOp@NoOp
1018913667:Push(S,S)@Push(S,S)|NoOp@NoOp|NoOp@NoOp|NoOp@NoOp|NoOp@NoOp|NoOp@NoOp|NoOp@NoOp|NoOp@NoOp|NoOp@NoOp|NoOp@NoOp
1018925458:Push(S,S)@Push(S,S)|NoOp@NoOp|NoOp@NoOp|NoOp@NoOp|NoOp@NoOp|NoOp@NoOp|NoOp@NoOp|NoOp@NoOp|NoOp@NoOp|NoOp@NoOp
1018936250:Push(S,S)@Push(S,S)|NoOp@NoOp|NoOp@NoOp|NoOp@NoOp|NoOp@NoOp|NoOp@NoOp|NoOp@NoOp|NoOp@NoOp|NoOp@NoOp|NoOp@NoOp
1018954917:Push(S,S)@Push(S,S)|NoOp@NoOp|NoOp@NoOp|NoOp@NoOp|NoOp@NoOp|NoOp@NoOp|NoOp@NoOp|NoOp@NoOp|NoOp@NoOp|NoOp@NoOp
1018968000:NoOp@NoOp|NoOp@NoOp|NoOp@NoOp|NoOp@NoOp|NoOp@NoOp|NoOp@NoOp|NoOp@NoOp|NoOp@NoOp|NoOp@NoOp|Push(W,N)@Push(W,N)
1018980000:NoOp@NoOp|NoOp@NoOp|NoOp@NoOp|NoOp@NoOp|NoOp@NoOp|NoOp@NoOp|NoOp@NoOp|NoOp@NoOp|NoOp@NoOp|Push(N,W)@Push(N,W)
1018992125:NoOp@NoOp|NoOp@NoOp|NoOp@NoOp|NoOp@NoOp|NoOp@NoOp|NoOp@NoOp|NoOp@NoOp|NoOp@NoOp|NoOp@NoOp|Push(W,W)@Push(W,W)
1019003958:NoOp@NoOp|NoOp@NoOp|NoOp@NoOp|NoOp@NoOp|NoOp@NoOp|Move(N)@Move(N)|NoOp@NoOp|NoOp@NoOp|NoOp@NoOp|NoOp@NoOp
1019016333:NoOp@NoOp|NoOp@NoOp|NoOp@NoOp|NoOp@NoOp|NoOp@NoOp|Move(W)@Move(W)|NoOp@NoOp|NoOp@NoOp|NoOp@NoOp|NoOp@NoOp
1019028875:NoOp@NoOp|NoOp@NoOp|NoOp@NoOp|NoOp@NoOp|NoOp@NoOp|Move(N)@Move(N)|NoOp@NoOp|NoOp@NoOp|NoOp@NoOp|NoOp@NoOp
1019052792:NoOp@NoOp|NoOp@NoOp|NoOp@NoOp|NoOp@NoOp|NoOp@NoOp|Move(W)@Move(W)|NoOp@NoOp|NoOp@NoOp|NoOp@NoOp|NoOp@NoOp
1019071750:NoOp@NoOp|NoOp@NoOp|NoOp@NoOp|NoOp@NoOp|NoOp@NoOp|Move(N)@Move(N)|NoOp@NoOp|NoOp@NoOp|NoOp@NoOp|NoOp@NoOp
1019094417:NoOp@NoOp|NoOp@NoOp|NoOp@NoOp|NoOp@NoOp|NoOp@NoOp|Move(N)@Move(N)|NoOp@NoOp|NoOp@NoOp|NoOp@NoOp|NoOp@NoOp
1019106708:NoOp@NoOp|NoOp@NoOp|NoOp@NoOp|NoOp@NoOp|NoOp@NoOp|Move(W)@Move(W)|NoOp@NoOp|NoOp@NoOp|NoOp@NoOp|NoOp@NoOp
1019115917:NoOp@NoOp|NoOp@NoOp|NoOp@NoOp|NoOp@NoOp|NoOp@NoOp|Move(W)@Move(W)|NoOp@NoOp|NoOp@NoOp|NoOp@NoOp|NoOp@NoOp
1019131292:NoOp@NoOp|NoOp@NoOp|NoOp@NoOp|NoOp@NoOp|NoOp@NoOp|Move(W)@Move(W)|NoOp@NoOp|NoOp@NoOp|NoOp@NoOp|NoOp@NoOp
1019144208:NoOp@NoOp|NoOp@NoOp|NoOp@NoOp|NoOp@NoOp|NoOp@NoOp|Move(W)@Move(W)|NoOp@NoOp|NoOp@NoOp|NoOp@NoOp|NoOp@NoOp
1019159083:NoOp@NoOp|NoOp@NoOp|NoOp@NoOp|NoOp@NoOp|NoOp@NoOp|Move(N)@Move(N)|NoOp@NoOp|NoOp@NoOp|NoOp@NoOp|NoOp@NoOp
1019170333:NoOp@NoOp|NoOp@NoOp|NoOp@NoOp|NoOp@NoOp|NoOp@NoOp|Move(W)@Move(W)|NoOp@NoOp|NoOp@NoOp|NoOp@NoOp|NoOp@NoOp
1019185375:NoOp@NoOp|NoOp@NoOp|NoOp@NoOp|NoOp@NoOp|NoOp@NoOp|Move(N)@Move(N)|NoOp@NoOp|NoOp@NoOp|NoOp@NoOp|NoOp@NoOp
1019197833:NoOp@NoOp|NoOp@NoOp|NoOp@NoOp|NoOp@NoOp|NoOp@NoOp|Move(N)@Move(N)|NoOp@NoOp|NoOp@NoOp|NoOp@NoOp|NoOp@NoOp
1019208792:NoOp@NoOp|NoOp@NoOp|NoOp@NoOp|NoOp@NoOp|NoOp@NoOp|Move(N)@Move(N)|NoOp@NoOp|NoOp@NoOp|NoOp@NoOp|NoOp@NoOp
1019219292:NoOp@NoOp|NoOp@NoOp|NoOp@NoOp|NoOp@NoOp|NoOp@NoOp|Move(N)@Move(N)|NoOp@NoOp|NoOp@NoOp|NoOp@NoOp|NoOp@NoOp
1019239167:NoOp@NoOp|NoOp@NoOp|NoOp@NoOp|NoOp@NoOp|NoOp@NoOp|Move(N)@Move(N)|NoOp@NoOp|NoOp@NoOp|NoOp@NoOp|NoOp@NoOp
1019251542:NoOp@NoOp|NoOp@NoOp|NoOp@NoOp|NoOp@NoOp|NoOp@NoOp|Move(N)@Move(N)|NoOp@NoOp|NoOp@NoOp|NoOp@NoOp|NoOp@NoOp
1019264958:NoOp@NoOp|NoOp@NoOp|NoOp@NoOp|NoOp@NoOp|NoOp@NoOp|Move(W)@Move(W)|NoOp@NoOp|NoOp@NoOp|NoOp@NoOp|NoOp@NoOp
1019277250:NoOp@NoOp|NoOp@NoOp|NoOp@NoOp|NoOp@NoOp|NoOp@NoOp|Move(W)@Move(W)|NoOp@NoOp|NoOp@NoOp|NoOp@NoOp|NoOp@NoOp
1019288042:NoOp@NoOp|NoOp@NoOp|NoOp@NoOp|NoOp@NoOp|NoOp@NoOp|Move(S)@Move(S)|NoOp@NoOp|NoOp@NoOp|NoOp@NoOp|NoOp@NoOp
1019304500:NoOp@NoOp|NoOp@NoOp|NoOp@NoOp|NoOp@NoOp|NoOp@NoOp|Move(W)@Move(W)|NoOp@NoOp|NoOp@NoOp|NoOp@NoOp|NoOp@NoOp
1019317958:NoOp@NoOp|NoOp@NoOp|NoOp@NoOp|NoOp@NoOp|NoOp@NoOp|Push(W,S)@Push(W,S)|NoOp@NoOp|NoOp@NoOp|NoOp@NoOp|NoOp@NoOp
1019331375:NoOp@NoOp|NoOp@NoOp|NoOp@NoOp|NoOp@NoOp|NoOp@NoOp|Push(S,E)@Push(S,E)|NoOp@NoOp|NoOp@NoOp|NoOp@NoOp|NoOp@NoOp
1019345167:NoOp@NoOp|NoOp@NoOp|NoOp@NoOp|Move(N)@Move(N)|NoOp@NoOp|NoOp@NoOp|NoOp@NoOp|NoOp@NoOp|NoOp@NoOp|NoOp@NoOp
1019356125:NoOp@NoOp|NoOp@NoOp|NoOp@NoOp|Move(E)@Move(E)|NoOp@NoOp|NoOp@NoOp|NoOp@NoOp|NoOp@NoOp|NoOp@NoOp|NoOp@NoOp
1019370625:NoOp@NoOp|NoOp@NoOp|NoOp@NoOp|Move(E)@Move(E)|NoOp@NoOp|NoOp@NoOp|NoOp@NoOp|NoOp@NoOp|NoOp@NoOp|NoOp@NoOp
1019386417:NoOp@NoOp|NoOp@NoOp|NoOp@NoOp|Move(E)@Move(E)|NoOp@NoOp|NoOp@NoOp|NoOp@NoOp|NoOp@NoOp|NoOp@NoOp|NoOp@NoOp
1019401667:NoOp@NoOp|NoOp@NoOp|NoOp@NoOp|Move(E)@Move(E)|NoOp@NoOp|NoOp@NoOp|NoOp@NoOp|NoOp@NoOp|NoOp@NoOp|NoOp@NoOp
1019415167:NoOp@NoOp|NoOp@NoOp|NoOp@NoOp|Move(E)@Move(E)|NoOp@NoOp|NoOp@NoOp|NoOp@NoOp|NoOp@NoOp|NoOp@NoOp|NoOp@NoOp
1019425667:NoOp@NoOp|NoOp@NoOp|NoOp@NoOp|Move(E)@Move(E)|NoOp@NoOp|NoOp@NoOp|NoOp@NoOp|NoOp@NoOp|NoOp@NoOp|NoOp@NoOp
1019437333:NoOp@NoOp|NoOp@NoOp|NoOp@NoOp|Move(E)@Move(E)|NoOp@NoOp|NoOp@NoOp|NoOp@NoOp|NoOp@NoOp|NoOp@NoOp|NoOp@NoOp
1019447917:NoOp@NoOp|NoOp@NoOp|NoOp@NoOp|Move(E)@Move(E)|NoOp@NoOp|NoOp@NoOp|NoOp@NoOp|NoOp@NoOp|NoOp@NoOp|NoOp@NoOp
1019458375:NoOp@NoOp|NoOp@NoOp|NoOp@NoOp|Move(E)@Move(E)|NoOp@NoOp|NoOp@NoOp|NoOp@NoOp|NoOp@NoOp|NoOp@NoOp|NoOp@NoOp
1019469125:NoOp@NoOp|NoOp@NoOp|NoOp@NoOp|Move(E)@Move(E)|NoOp@NoOp|NoOp@NoOp|NoOp@NoOp|NoOp@NoOp|NoOp@NoOp|NoOp@NoOp
1019486875:NoOp@NoOp|NoOp@NoOp|NoOp@NoOp|Move(E)@Move(E)|NoOp@NoOp|NoOp@NoOp|NoOp@NoOp|NoOp@NoOp|NoOp@NoOp|NoOp@NoOp
1019498917:NoOp@NoOp|NoOp@NoOp|NoOp@NoOp|Move(E)@Move(E)|NoOp@NoOp|NoOp@NoOp|NoOp@NoOp|NoOp@NoOp|NoOp@NoOp|NoOp@NoOp
1019509583:NoOp@NoOp|NoOp@NoOp|NoOp@NoOp|Move(E)@Move(E)|NoOp@NoOp|NoOp@NoOp|NoOp@NoOp|NoOp@NoOp|NoOp@NoOp|NoOp@NoOp
1019520708:NoOp@NoOp|NoOp@NoOp|NoOp@NoOp|Move(E)@Move(E)|NoOp@NoOp|NoOp@NoOp|NoOp@NoOp|NoOp@NoOp|NoOp@NoOp|NoOp@NoOp
1019531792:NoOp@NoOp|NoOp@NoOp|NoOp@NoOp|Move(E)@Move(E)|NoOp@NoOp|NoOp@NoOp|NoOp@NoOp|NoOp@NoOp|NoOp@NoOp|NoOp@NoOp
1019548417:NoOp@NoOp|NoOp@NoOp|NoOp@NoOp|Move(E)@Move(E)|NoOp@NoOp|NoOp@NoOp|NoOp@NoOp|NoOp@NoOp|NoOp@NoOp|NoOp@NoOp
1019559167:NoOp@NoOp|NoOp@NoOp|NoOp@NoOp|Move(E)@Move(E)|NoOp@NoOp|NoOp@NoOp|NoOp@NoOp|NoOp@NoOp|NoOp@NoOp|NoOp@NoOp
1019570500:NoOp@NoOp|NoOp@NoOp|NoOp@NoOp|Move(E)@Move(E)|NoOp@NoOp|NoOp@NoOp|NoOp@NoOp|NoOp@NoOp|NoOp@NoOp|NoOp@NoOp
1019585917:NoOp@NoOp|NoOp@NoOp|NoOp@NoOp|Move(N)@Move(N)|NoOp@NoOp|NoOp@NoOp|NoOp@NoOp|NoOp@NoOp|NoOp@NoOp|NoOp@NoOp
1019597750:NoOp@NoOp|NoOp@NoOp|NoOp@NoOp|Move(N)@Move(N)|NoOp@NoOp|NoOp@NoOp|NoOp@NoOp|NoOp@NoOp|NoOp@NoOp|NoOp@NoOp
1019609833:NoOp@NoOp|NoOp@NoOp|NoOp@NoOp|Move(N)@Move(N)|NoOp@NoOp|NoOp@NoOp|NoOp@NoOp|NoOp@NoOp|NoOp@NoOp|NoOp@NoOp
1019620792:NoOp@NoOp|NoOp@NoOp|NoOp@NoOp|Move(N)@Move(N)|NoOp@NoOp|NoOp@NoOp|NoOp@NoOp|NoOp@NoOp|NoOp@NoOp|NoOp@NoOp
1019638083:NoOp@NoOp|NoOp@NoOp|NoOp@NoOp|Move(N)@Move(N)|NoOp@NoOp|NoOp@NoOp|NoOp@NoOp|NoOp@NoOp|NoOp@NoOp|NoOp@NoOp
1019650375:NoOp@NoOp|NoOp@NoOp|NoOp@NoOp|Move(N)@Move(N)|NoOp@NoOp|NoOp@NoOp|NoOp@NoOp|NoOp@NoOp|NoOp@NoOp|NoOp@NoOp
1019661667:NoOp@NoOp|NoOp@NoOp|NoOp@NoOp|Move(N)@Move(N)|NoOp@NoOp|NoOp@NoOp|NoOp@NoOp|NoOp@NoOp|NoOp@NoOp|NoOp@NoOp
1019672917:NoOp@NoOp|NoOp@NoOp|NoOp@NoOp|Move(N)@Move(N)|NoOp@NoOp|NoOp@NoOp|NoOp@NoOp|NoOp@NoOp|NoOp@NoOp|NoOp@NoOp
1019684708:NoOp@NoOp|NoOp@NoOp|NoOp@NoOp|Move(N)@Move(N)|NoOp@NoOp|NoOp@NoOp|NoOp@NoOp|NoOp@NoOp|NoOp@NoOp|NoOp@NoOp
1019699708:NoOp@NoOp|NoOp@NoOp|NoOp@NoOp|Move(N)@Move(N)|NoOp@NoOp|NoOp@NoOp|NoOp@NoOp|NoOp@NoOp|NoOp@NoOp|NoOp@NoOp
1019711167:NoOp@NoOp|NoOp@NoOp|NoOp@NoOp|Move(N)@Move(N)|NoOp@NoOp|NoOp@NoOp|NoOp@NoOp|NoOp@NoOp|NoOp@NoOp|NoOp@NoOp
1019722208:NoOp@NoOp|NoOp@NoOp|NoOp@NoOp|Move(N)@Move(N)|NoOp@NoOp|NoOp@NoOp|NoOp@NoOp|NoOp@NoOp|NoOp@NoOp|NoOp@NoOp
1019733375:NoOp@NoOp|NoOp@NoOp|NoOp@NoOp|Move(N)@Move(N)|NoOp@NoOp|NoOp@NoOp|NoOp@NoOp|NoOp@NoOp|NoOp@NoOp|NoOp@NoOp
1019746542:NoOp@NoOp|NoOp@NoOp|NoOp@NoOp|Move(N)@Move(N)|NoOp@NoOp|NoOp@NoOp|NoOp@NoOp|NoOp@NoOp|NoOp@NoOp|NoOp@NoOp
1019760917:NoOp@NoOp|NoOp@NoOp|NoOp@NoOp|Move(N)@Move(N)|NoOp@NoOp|NoOp@NoOp|NoOp@NoOp|NoOp@NoOp|NoOp@NoOp|NoOp@NoOp
1019774417:NoOp@NoOp|NoOp@NoOp|NoOp@NoOp|Move(E)@Move(E)|NoOp@NoOp|NoOp@NoOp|NoOp@NoOp|NoOp@NoOp|NoOp@NoOp|NoOp@NoOp
1019788792:NoOp@NoOp|NoOp@NoOp|NoOp@NoOp|Move(E)@Move(E)|NoOp@NoOp|NoOp@NoOp|NoOp@NoOp|NoOp@NoOp|NoOp@NoOp|NoOp@NoOp
1019800208:NoOp@NoOp|NoOp@NoOp|NoOp@NoOp|Move(S)@Move(S)|NoOp@NoOp|NoOp@NoOp|NoOp@NoOp|NoOp@NoOp|NoOp@NoOp|NoOp@NoOp
1019814125:NoOp@NoOp|NoOp@NoOp|NoOp@NoOp|Move(S)@Move(S)|NoOp@NoOp|NoOp@NoOp|NoOp@NoOp|NoOp@NoOp|NoOp@NoOp|NoOp@NoOp
1019829083:NoOp@NoOp|NoOp@NoOp|NoOp@NoOp|Move(S)@Move(S)|NoOp@NoOp|NoOp@NoOp|NoOp@NoOp|NoOp@NoOp|NoOp@NoOp|NoOp@NoOp
1019841250:NoOp@NoOp|NoOp@NoOp|NoOp@NoOp|Move(E)@Move(E)|NoOp@NoOp|NoOp@NoOp|NoOp@NoOp|NoOp@NoOp|NoOp@NoOp|NoOp@NoOp
1019852667:NoOp@NoOp|NoOp@NoOp|NoOp@NoOp|Move(E)@Move(E)|NoOp@NoOp|NoOp@NoOp|NoOp@NoOp|NoOp@NoOp|NoOp@NoOp|NoOp@NoOp
1019866208:NoOp@NoOp|NoOp@NoOp|NoOp@NoOp|Move(E)@Move(E)|NoOp@NoOp|NoOp@NoOp|NoOp@NoOp|NoOp@NoOp|NoOp@NoOp|NoOp@NoOp
1019880208:NoOp@NoOp|NoOp@NoOp|NoOp@NoOp|Move(E)@Move(E)|NoOp@NoOp|NoOp@NoOp|NoOp@NoOp|NoOp@NoOp|NoOp@NoOp|NoOp@NoOp
1019895083:NoOp@NoOp|NoOp@NoOp|NoOp@NoOp|Move(E)@Move(E)|NoOp@NoOp|NoOp@NoOp|NoOp@NoOp|NoOp@NoOp|NoOp@NoOp|NoOp@NoOp
1019907000:NoOp@NoOp|NoOp@NoOp|NoOp@NoOp|Move(E)@Move(E)|NoOp@NoOp|NoOp@NoOp|NoOp@NoOp|NoOp@NoOp|NoOp@NoOp|NoOp@NoOp
1019917458:NoOp@NoOp|NoOp@NoOp|NoOp@NoOp|Move(E)@Move(E)|NoOp@NoOp|NoOp@NoOp|NoOp@NoOp|NoOp@NoOp|NoOp@NoOp|NoOp@NoOp
1019927958:NoOp@NoOp|NoOp@NoOp|NoOp@NoOp|Move(E)@Move(E)|NoOp@NoOp|NoOp@NoOp|NoOp@NoOp|NoOp@NoOp|NoOp@NoOp|NoOp@NoOp
1019938375:NoOp@NoOp|NoOp@NoOp|NoOp@NoOp|Move(N)@Move(N)|NoOp@NoOp|NoOp@NoOp|NoOp@NoOp|NoOp@NoOp|NoOp@NoOp|NoOp@NoOp
1019949000:NoOp@NoOp|NoOp@NoOp|NoOp@NoOp|Move(N)@Move(N)|NoOp@NoOp|NoOp@NoOp|NoOp@NoOp|NoOp@NoOp|NoOp@NoOp|NoOp@NoOp
1019959333:NoOp@NoOp|NoOp@NoOp|NoOp@NoOp|Pull(E,E)@Pull(E,E)|NoOp@NoOp|NoOp@NoOp|NoOp@NoOp|NoOp@NoOp|NoOp@NoOp|NoOp@NoOp
1019970000:NoOp@NoOp|NoOp@NoOp|NoOp@NoOp|Push(W,S)@Push(W,S)|NoOp@NoOp|NoOp@NoOp|NoOp@NoOp|NoOp@NoOp|NoOp@NoOp|NoOp@NoOp
1019980042:NoOp@NoOp|NoOp@NoOp|NoOp@NoOp|Push(S,S)@Push(S,S)|NoOp@NoOp|NoOp@NoOp|NoOp@NoOp|NoOp@NoOp|NoOp@NoOp|NoOp@NoOp
1019991333:NoOp@NoOp|NoOp@NoOp|NoOp@NoOp|Push(S,W)@Push(S,W)|NoOp@NoOp|NoOp@NoOp|NoOp@NoOp|NoOp@NoOp|NoOp@NoOp|NoOp@NoOp
1020002125:NoOp@NoOp|NoOp@NoOp|NoOp@NoOp|Push(W,W)@Push(W,W)|NoOp@NoOp|NoOp@NoOp|NoOp@NoOp|NoOp@NoOp|NoOp@NoOp|NoOp@NoOp
1020013167:NoOp@NoOp|NoOp@NoOp|NoOp@NoOp|Push(W,W)@Push(W,W)|NoOp@NoOp|NoOp@NoOp|NoOp@NoOp|NoOp@NoOp|NoOp@NoOp|NoOp@NoOp
1020028583:NoOp@NoOp|NoOp@NoOp|NoOp@NoOp|Push(W,W)@Push(W,W)|NoOp@NoOp|NoOp@NoOp|NoOp@NoOp|NoOp@NoOp|NoOp@NoOp|NoOp@NoOp
1020039917:NoOp@NoOp|NoOp@NoOp|NoOp@NoOp|Push(W,W)@Push(W,W)|NoOp@NoOp|NoOp@NoOp|NoOp@NoOp|NoOp@NoOp|NoOp@NoOp|NoOp@NoOp
1020053417:NoOp@NoOp|NoOp@NoOp|NoOp@NoOp|Push(W,W)@Push(W,W)|NoOp@NoOp|NoOp@NoOp|NoOp@NoOp|NoOp@NoOp|NoOp@NoOp|NoOp@NoOp
1020068000:NoOp@NoOp|NoOp@NoOp|NoOp@NoOp|Push(W,N)@Push(W,N)|NoOp@NoOp|NoOp@NoOp|NoOp@NoOp|NoOp@NoOp|NoOp@NoOp|NoOp@NoOp
1020091458:NoOp@NoOp|NoOp@NoOp|NoOp@NoOp|Push(N,N)@Push(N,N)|NoOp@NoOp|NoOp@NoOp|NoOp@NoOp|NoOp@NoOp|NoOp@NoOp|NoOp@NoOp
1020101042:NoOp@NoOp|NoOp@NoOp|NoOp@NoOp|Push(N,N)@Push(N,N)|NoOp@NoOp|NoOp@NoOp|NoOp@NoOp|NoOp@NoOp|NoOp@NoOp|NoOp@NoOp
1020118500:NoOp@NoOp|NoOp@NoOp|NoOp@NoOp|Push(N,N)@Push(N,N)|NoOp@NoOp|NoOp@NoOp|NoOp@NoOp|NoOp@NoOp|NoOp@NoOp|NoOp@NoOp
1020130000:NoOp@NoOp|NoOp@NoOp|NoOp@NoOp|Push(N,W)@Push(N,W)|NoOp@NoOp|NoOp@NoOp|NoOp@NoOp|NoOp@NoOp|NoOp@NoOp|NoOp@NoOp
1020139625:NoOp@NoOp|NoOp@NoOp|NoOp@NoOp|Push(W,W)@Push(W,W)|NoOp@NoOp|NoOp@NoOp|NoOp@NoOp|NoOp@NoOp|NoOp@NoOp|NoOp@NoOp
1020152750:NoOp@NoOp|NoOp@NoOp|NoOp@NoOp|Push(W,W)@Push(W,W)|NoOp@NoOp|NoOp@NoOp|NoOp@NoOp|NoOp@NoOp|NoOp@NoOp|NoOp@NoOp
1020162958:NoOp@NoOp|NoOp@NoOp|NoOp@NoOp|Push(W,W)@Push(W,W)|NoOp@NoOp|NoOp@NoOp|NoOp@NoOp|NoOp@NoOp|NoOp@NoOp|NoOp@NoOp
1020174042:NoOp@NoOp|NoOp@NoOp|NoOp@NoOp|Push(W,W)@Push(W,W)|NoOp@NoOp|NoOp@NoOp|NoOp@NoOp|NoOp@NoOp|NoOp@NoOp|NoOp@NoOp
1020187208:NoOp@NoOp|NoOp@NoOp|NoOp@NoOp|Push(W,W)@Push(W,W)|NoOp@NoOp|NoOp@NoOp|NoOp@NoOp|NoOp@NoOp|NoOp@NoOp|NoOp@NoOp
1020198250:NoOp@NoOp|NoOp@NoOp|NoOp@NoOp|Push(W,W)@Push(W,W)|NoOp@NoOp|NoOp@NoOp|NoOp@NoOp|NoOp@NoOp|NoOp@NoOp|NoOp@NoOp
1020212500:NoOp@NoOp|NoOp@NoOp|NoOp@NoOp|Push(W,S)@Push(W,S)|NoOp@NoOp|NoOp@NoOp|NoOp@NoOp|NoOp@NoOp|NoOp@NoOp|NoOp@NoOp
1020224958:NoOp@NoOp|NoOp@NoOp|NoOp@NoOp|Push(S,W)@Push(S,W)|NoOp@NoOp|NoOp@NoOp|NoOp@NoOp|NoOp@NoOp|NoOp@NoOp|NoOp@NoOp
1020235917:NoOp@NoOp|NoOp@NoOp|NoOp@NoOp|Push(W,W)@Push(W,W)|NoOp@NoOp|NoOp@NoOp|NoOp@NoOp|NoOp@NoOp|NoOp@NoOp|NoOp@NoOp
1020249583:NoOp@NoOp|NoOp@NoOp|NoOp@NoOp|Push(W,W)@Push(W,W)|NoOp@NoOp|NoOp@NoOp|NoOp@NoOp|NoOp@NoOp|NoOp@NoOp|NoOp@NoOp
1020263542:NoOp@NoOp|NoOp@NoOp|NoOp@NoOp|Push(W,S)@Push(W,S)|NoOp@NoOp|NoOp@NoOp|NoOp@NoOp|NoOp@NoOp|NoOp@NoOp|NoOp@NoOp
1020281625:NoOp@NoOp|NoOp@NoOp|NoOp@NoOp|Push(S,S)@Push(S,S)|NoOp@NoOp|NoOp@NoOp|NoOp@NoOp|NoOp@NoOp|NoOp@NoOp|NoOp@NoOp
1020294292:NoOp@NoOp|NoOp@NoOp|NoOp@NoOp|Push(S,S)@Push(S,S)|NoOp@NoOp|NoOp@NoOp|NoOp@NoOp|NoOp@NoOp|NoOp@NoOp|NoOp@NoOp
1020305833:NoOp@NoOp|NoOp@NoOp|NoOp@NoOp|Push(S,S)@Push(S,S)|NoOp@NoOp|NoOp@NoOp|NoOp@NoOp|NoOp@NoOp|NoOp@NoOp|NoOp@NoOp
1020316167:NoOp@NoOp|NoOp@NoOp|NoOp@NoOp|Push(S,S)@Push(S,S)|NoOp@NoOp|NoOp@NoOp|NoOp@NoOp|NoOp@NoOp|NoOp@NoOp|NoOp@NoOp
1020326042:NoOp@NoOp|NoOp@NoOp|NoOp@NoOp|Push(S,W)@Push(S,W)|NoOp@NoOp|NoOp@NoOp|NoOp@NoOp|NoOp@NoOp|NoOp@NoOp|NoOp@NoOp
1020343500:NoOp@NoOp|NoOp@NoOp|NoOp@NoOp|Push(W,W)@Push(W,W)|NoOp@NoOp|NoOp@NoOp|NoOp@NoOp|NoOp@NoOp|NoOp@NoOp|NoOp@NoOp
1020356042:NoOp@NoOp|NoOp@NoOp|NoOp@NoOp|Push(W,W)@Push(W,W)|NoOp@NoOp|NoOp@NoOp|NoOp@NoOp|NoOp@NoOp|NoOp@NoOp|NoOp@NoOp
1020369250:NoOp@NoOp|NoOp@NoOp|NoOp@NoOp|Push(W,W)@Push(W,W)|NoOp@NoOp|NoOp@NoOp|NoOp@NoOp|NoOp@NoOp|NoOp@NoOp|NoOp@NoOp
1020380958:NoOp@NoOp|NoOp@NoOp|NoOp@NoOp|Push(W,W)@Push(W,W)|NoOp@NoOp|NoOp@NoOp|NoOp@NoOp|NoOp@NoOp|NoOp@NoOp|NoOp@NoOp
1020390833:NoOp@NoOp|NoOp@NoOp|NoOp@NoOp|Push(W,W)@Push(W,W)|NoOp@NoOp|NoOp@NoOp|NoOp@NoOp|NoOp@NoOp|NoOp@NoOp|NoOp@NoOp
1020400333:NoOp@NoOp|NoOp@NoOp|NoOp@NoOp|Push(W,W)@Push(W,W)|NoOp@NoOp|NoOp@NoOp|NoOp@NoOp|NoOp@NoOp|NoOp@NoOp|NoOp@NoOp
1020413792:NoOp@NoOp|NoOp@NoOp|NoOp@NoOp|Push(W,W)@Push(W,W)|NoOp@NoOp|NoOp@NoOp|NoOp@NoOp|NoOp@NoOp|NoOp@NoOp|NoOp@NoOp
1020428792:NoOp@NoOp|NoOp@NoOp|NoOp@NoOp|Push(W,W)@Push(W,W)|NoOp@NoOp|NoOp@NoOp|NoOp@NoOp|NoOp@NoOp|NoOp@NoOp|NoOp@NoOp
1020439708:NoOp@NoOp|NoOp@NoOp|NoOp@NoOp|Push(W,W)@Push(W,W)|NoOp@NoOp|NoOp@NoOp|NoOp@NoOp|NoOp@NoOp|NoOp@NoOp|NoOp@NoOp
1020449292:NoOp@NoOp|NoOp@NoOp|NoOp@NoOp|Push(W,W)@Push(W,W)|NoOp@NoOp|NoOp@NoOp|NoOp@NoOp|NoOp@NoOp|NoOp@NoOp|NoOp@NoOp
1020467917:NoOp@NoOp|NoOp@NoOp|NoOp@NoOp|Push(W,W)@Push(W,W)|NoOp@NoOp|NoOp@NoOp|NoOp@NoOp|NoOp@NoOp|NoOp@NoOp|NoOp@NoOp
1020484875:NoOp@NoOp|NoOp@NoOp|Move(S)@Move(S)|NoOp@NoOp|NoOp@NoOp|NoOp@NoOp|NoOp@NoOp|NoOp@NoOp|NoOp@NoOp|NoOp@NoOp
1020500708:NoOp@NoOp|NoOp@NoOp|Move(S)@Move(S)|NoOp@NoOp|NoOp@NoOp|NoOp@NoOp|NoOp@NoOp|NoOp@NoOp|NoOp@NoOp|NoOp@NoOp
1020514250:NoOp@NoOp|NoOp@NoOp|Move(S)@Move(S)|NoOp@NoOp|NoOp@NoOp|NoOp@NoOp|NoOp@NoOp|NoOp@NoOp|NoOp@NoOp|NoOp@NoOp
1020527708:NoOp@NoOp|NoOp@NoOp|Move(S)@Move(S)|NoOp@NoOp|NoOp@NoOp|NoOp@NoOp|NoOp@NoOp|NoOp@NoOp|NoOp@NoOp|NoOp@NoOp
1020539375:NoOp@NoOp|NoOp@NoOp|Move(W)@Move(W)|NoOp@NoOp|NoOp@NoOp|NoOp@NoOp|NoOp@NoOp|NoOp@NoOp|NoOp@NoOp|NoOp@NoOp
1020549667:NoOp@NoOp|NoOp@NoOp|Move(W)@Move(W)|NoOp@NoOp|NoOp@NoOp|NoOp@NoOp|NoOp@NoOp|NoOp@NoOp|NoOp@NoOp|NoOp@NoOp
1020558833:NoOp@NoOp|NoOp@NoOp|Move(W)@Move(W)|NoOp@NoOp|NoOp@NoOp|NoOp@NoOp|NoOp@NoOp|NoOp@NoOp|NoOp@NoOp|NoOp@NoOp
1020570250:NoOp@NoOp|NoOp@NoOp|Move(W)@Move(W)|NoOp@NoOp|NoOp@NoOp|NoOp@NoOp|NoOp@NoOp|NoOp@NoOp|NoOp@NoOp|NoOp@NoOp
1020580583:NoOp@NoOp|NoOp@NoOp|Move(W)@Move(W)|NoOp@NoOp|NoOp@NoOp|NoOp@NoOp|NoOp@NoOp|NoOp@NoOp|NoOp@NoOp|NoOp@NoOp
1020592375:NoOp@NoOp|NoOp@NoOp|Move(W)@Move(W)|NoOp@NoOp|NoOp@NoOp|NoOp@NoOp|NoOp@NoOp|NoOp@NoOp|NoOp@NoOp|NoOp@NoOp
1020605083:NoOp@NoOp|NoOp@NoOp|Move(W)@Move(W)|NoOp@NoOp|NoOp@NoOp|NoOp@NoOp|NoOp@NoOp|NoOp@NoOp|NoOp@NoOp|NoOp@NoOp
1020615167:NoOp@NoOp|NoOp@NoOp|Move(W)@Move(W)|NoOp@NoOp|NoOp@NoOp|NoOp@NoOp|NoOp@NoOp|NoOp@NoOp|NoOp@NoOp|NoOp@NoOp
1020626792:NoOp@NoOp|NoOp@NoOp|Move(W)@Move(W)|NoOp@NoOp|NoOp@NoOp|NoOp@NoOp|NoOp@NoOp|NoOp@NoOp|NoOp@NoOp|NoOp@NoOp
1020637042:NoOp@NoOp|NoOp@NoOp|Move(W)@Move(W)|NoOp@NoOp|NoOp@NoOp|NoOp@NoOp|NoOp@NoOp|NoOp@NoOp|NoOp@NoOp|NoOp@NoOp
1020646208:NoOp@NoOp|NoOp@NoOp|Move(W)@Move(W)|NoOp@NoOp|NoOp@NoOp|NoOp@NoOp|NoOp@NoOp|NoOp@NoOp|NoOp@NoOp|NoOp@NoOp
1020657625:NoOp@NoOp|NoOp@NoOp|Move(W)@Move(W)|NoOp@NoOp|NoOp@NoOp|NoOp@NoOp|NoOp@NoOp|NoOp@NoOp|NoOp@NoOp|NoOp@NoOp
1020667917:NoOp@NoOp|NoOp@NoOp|Move(W)@Move(W)|NoOp@NoOp|NoOp@NoOp|NoOp@NoOp|NoOp@NoOp|NoOp@NoOp|NoOp@NoOp|NoOp@NoOp
1020676750:NoOp@NoOp|NoOp@NoOp|Move(W)@Move(W)|NoOp@NoOp|NoOp@NoOp|NoOp@NoOp|NoOp@NoOp|NoOp@NoOp|NoOp@NoOp|NoOp@NoOp
1020687833:NoOp@NoOp|NoOp@NoOp|Move(W)@Move(W)|NoOp@NoOp|NoOp@NoOp|NoOp@NoOp|NoOp@NoOp|NoOp@NoOp|NoOp@NoOp|NoOp@NoOp
1020697708:NoOp@NoOp|NoOp@NoOp|Move(W)@Move(W)|NoOp@NoOp|NoOp@NoOp|NoOp@NoOp|NoOp@NoOp|NoOp@NoOp|NoOp@NoOp|NoOp@NoOp
1020707875:NoOp@NoOp|NoOp@NoOp|Move(W)@Move(W)|NoOp@NoOp|NoOp@NoOp|NoOp@NoOp|NoOp@NoOp|NoOp@NoOp|NoOp@NoOp|NoOp@NoOp
1020721375:NoOp@NoOp|NoOp@NoOp|Move(N)@Move(N)|NoOp@NoOp|NoOp@NoOp|NoOp@NoOp|NoOp@NoOp|NoOp@NoOp|NoOp@NoOp|NoOp@NoOp
1020732917:NoOp@NoOp|NoOp@NoOp|Move(W)@Move(W)|NoOp@NoOp|NoOp@NoOp|NoOp@NoOp|NoOp@NoOp|NoOp@NoOp|NoOp@NoOp|NoOp@NoOp
1020745625:NoOp@NoOp|NoOp@NoOp|Move(N)@Move(N)|NoOp@NoOp|NoOp@NoOp|NoOp@NoOp|NoOp@NoOp|NoOp@NoOp|NoOp@NoOp|NoOp@NoOp
1020758375:NoOp@NoOp|NoOp@NoOp|Move(W)@Move(W)|NoOp@NoOp|NoOp@NoOp|NoOp@NoOp|NoOp@NoOp|NoOp@NoOp|NoOp@NoOp|NoOp@NoOp
1020770542:NoOp@NoOp|NoOp@NoOp|Move(W)@Move(W)|NoOp@NoOp|NoOp@NoOp|NoOp@NoOp|NoOp@NoOp|NoOp@NoOp|NoOp@NoOp|NoOp@NoOp
1020781583:NoOp@NoOp|NoOp@NoOp|Move(N)@Move(N)|NoOp@NoOp|NoOp@NoOp|NoOp@NoOp|NoOp@NoOp|NoOp@NoOp|NoOp@NoOp|NoOp@NoOp
1020792583:NoOp@NoOp|NoOp@NoOp|Move(N)@Move(N)|NoOp@NoOp|NoOp@NoOp|NoOp@NoOp|NoOp@NoOp|NoOp@NoOp|NoOp@NoOp|NoOp@NoOp
1020805125:NoOp@NoOp|NoOp@NoOp|Move(N)@Move(N)|NoOp@NoOp|NoOp@NoOp|NoOp@NoOp|NoOp@NoOp|NoOp@NoOp|NoOp@NoOp|NoOp@NoOp
1020816750:NoOp@NoOp|NoOp@NoOp|Move(N)@Move(N)|NoOp@NoOp|NoOp@NoOp|NoOp@NoOp|NoOp@NoOp|NoOp@NoOp|NoOp@NoOp|NoOp@NoOp
1020829792:NoOp@NoOp|NoOp@NoOp|Move(N)@Move(N)|NoOp@NoOp|NoOp@NoOp|NoOp@NoOp|NoOp@NoOp|NoOp@NoOp|NoOp@NoOp|NoOp@NoOp
1020843458:NoOp@NoOp|NoOp@NoOp|Move(W)@Move(W)|NoOp@NoOp|NoOp@NoOp|NoOp@NoOp|NoOp@NoOp|NoOp@NoOp|NoOp@NoOp|NoOp@NoOp
1020855250:NoOp@NoOp|NoOp@NoOp|Move(N)@Move(N)|NoOp@NoOp|NoOp@NoOp|NoOp@NoOp|NoOp@NoOp|NoOp@NoOp|NoOp@NoOp|NoOp@NoOp
1020867167:NoOp@NoOp|NoOp@NoOp|Move(N)@Move(N)|NoOp@NoOp|NoOp@NoOp|NoOp@NoOp|NoOp@NoOp|NoOp@NoOp|NoOp@NoOp|NoOp@NoOp
1020878708:NoOp@NoOp|NoOp@NoOp|Move(W)@Move(W)|NoOp@NoOp|NoOp@NoOp|NoOp@NoOp|NoOp@NoOp|NoOp@NoOp|NoOp@NoOp|NoOp@NoOp
1020890125:NoOp@NoOp|NoOp@NoOp|Move(W)@Move(W)|NoOp@NoOp|NoOp@NoOp|NoOp@NoOp|NoOp@NoOp|NoOp@NoOp|NoOp@NoOp|NoOp@NoOp
1020903583:NoOp@NoOp|NoOp@NoOp|Move(W)@Move(W)|NoOp@NoOp|NoOp@NoOp|NoOp@NoOp|NoOp@NoOp|NoOp@NoOp|NoOp@NoOp|NoOp@NoOp
1020918417:NoOp@NoOp|NoOp@NoOp|Move(W)@Move(W)|NoOp@NoOp|NoOp@NoOp|NoOp@NoOp|NoOp@NoOp|NoOp@NoOp|NoOp@NoOp|NoOp@NoOp
1020930375:NoOp@NoOp|NoOp@NoOp|Move(N)@Move(N)|NoOp@NoOp|NoOp@NoOp|NoOp@NoOp|NoOp@NoOp|NoOp@NoOp|NoOp@NoOp|NoOp@NoOp
1020939875:NoOp@NoOp|NoOp@NoOp|Move(W)@Move(W)|NoOp@NoOp|NoOp@NoOp|NoOp@NoOp|NoOp@NoOp|NoOp@NoOp|NoOp@NoOp|NoOp@NoOp
1020949125:NoOp@NoOp|NoOp@NoOp|Move(N)@Move(N)|NoOp@NoOp|NoOp@NoOp|NoOp@NoOp|NoOp@NoOp|NoOp@NoOp|NoOp@NoOp|NoOp@NoOp
1020958583:NoOp@NoOp|NoOp@NoOp|Move(N)@Move(N)|NoOp@NoOp|NoOp@NoOp|NoOp@NoOp|NoOp@NoOp|NoOp@NoOp|NoOp@NoOp|NoOp@NoOp
1020967583:NoOp@NoOp|NoOp@NoOp|Move(N)@Move(N)|NoOp@NoOp|NoOp@NoOp|NoOp@NoOp|NoOp@NoOp|NoOp@NoOp|NoOp@NoOp|NoOp@NoOp
1020977417:NoOp@NoOp|NoOp@NoOp|Move(N)@Move(N)|NoOp@NoOp|NoOp@NoOp|NoOp@NoOp|NoOp@NoOp|NoOp@NoOp|NoOp@NoOp|NoOp@NoOp
1020987500:NoOp@NoOp|NoOp@NoOp|Move(N)@Move(N)|NoOp@NoOp|NoOp@NoOp|NoOp@NoOp|NoOp@NoOp|NoOp@NoOp|NoOp@NoOp|NoOp@NoOp
1020996250:NoOp@NoOp|NoOp@NoOp|Move(N)@Move(N)|NoOp@NoOp|NoOp@NoOp|NoOp@NoOp|NoOp@NoOp|NoOp@NoOp|NoOp@NoOp|NoOp@NoOp
1021005292:NoOp@NoOp|NoOp@NoOp|Move(W)@Move(W)|NoOp@NoOp|NoOp@NoOp|NoOp@NoOp|NoOp@NoOp|NoOp@NoOp|NoOp@NoOp|NoOp@NoOp
1021014667:NoOp@NoOp|NoOp@NoOp|Move(W)@Move(W)|NoOp@NoOp|NoOp@NoOp|NoOp@NoOp|NoOp@NoOp|NoOp@NoOp|NoOp@NoOp|NoOp@NoOp
1021023333:NoOp@NoOp|NoOp@NoOp|Move(W)@Move(W)|NoOp@NoOp|NoOp@NoOp|NoOp@NoOp|NoOp@NoOp|NoOp@NoOp|NoOp@NoOp|NoOp@NoOp
1021031958:NoOp@NoOp|NoOp@NoOp|Move(W)@Move(W)|NoOp@NoOp|NoOp@NoOp|NoOp@NoOp|NoOp@NoOp|NoOp@NoOp|NoOp@NoOp|NoOp@NoOp
1021042583:NoOp@NoOp|NoOp@NoOp|Move(W)@Move(W)|NoOp@NoOp|NoOp@NoOp|NoOp@NoOp|NoOp@NoOp|NoOp@NoOp|NoOp@NoOp|NoOp@NoOp
1021053583:NoOp@NoOp|NoOp@NoOp|Move(W)@Move(W)|NoOp@NoOp|NoOp@NoOp|NoOp@NoOp|NoOp@NoOp|NoOp@NoOp|NoOp@NoOp|NoOp@NoOp
1021063542:NoOp@NoOp|NoOp@NoOp|Move(W)@Move(W)|NoOp@NoOp|NoOp@NoOp|NoOp@NoOp|NoOp@NoOp|NoOp@NoOp|NoOp@NoOp|NoOp@NoOp
1021073917:NoOp@NoOp|NoOp@NoOp|Move(W)@Move(W)|NoOp@NoOp|NoOp@NoOp|NoOp@NoOp|NoOp@NoOp|NoOp@NoOp|NoOp@NoOp|NoOp@NoOp
1021083542:NoOp@NoOp|NoOp@NoOp|Move(W)@Move(W)|NoOp@NoOp|NoOp@NoOp|NoOp@NoOp|NoOp@NoOp|NoOp@NoOp|NoOp@NoOp|NoOp@NoOp
1021092625:NoOp@NoOp|NoOp@NoOp|Move(W)@Move(W)|NoOp@NoOp|NoOp@NoOp|NoOp@NoOp|NoOp@NoOp|NoOp@NoOp|NoOp@NoOp|NoOp@NoOp
1021101542:NoOp@NoOp|NoOp@NoOp|Move(W)@Move(W)|NoOp@NoOp|NoOp@NoOp|NoOp@NoOp|NoOp@NoOp|NoOp@NoOp|NoOp@NoOp|NoOp@NoOp
1021110750:NoOp@NoOp|NoOp@NoOp|Move(W)@Move(W)|NoOp@NoOp|NoOp@NoOp|NoOp@NoOp|NoOp@NoOp|NoOp@NoOp|NoOp@NoOp|NoOp@NoOp
1021119125:NoOp@NoOp|NoOp@NoOp|Move(W)@Move(W)|NoOp@NoOp|NoOp@NoOp|NoOp@NoOp|NoOp@NoOp|NoOp@NoOp|NoOp@NoOp|NoOp@NoOp
1021128792:NoOp@NoOp|NoOp@NoOp|Move(W)@Move(W)|NoOp@NoOp|NoOp@NoOp|NoOp@NoOp|NoOp@NoOp|NoOp@NoOp|NoOp@NoOp|NoOp@NoOp
1021137667:NoOp@NoOp|NoOp@NoOp|Pull(E,E)@Pull(E,E)|NoOp@NoOp|NoOp@NoOp|NoOp@NoOp|NoOp@NoOp|NoOp@NoOp|NoOp@NoOp|NoOp@NoOp
1021147208:NoOp@NoOp|NoOp@NoOp|Pull(E,E)@Pull(E,E)|NoOp@NoOp|NoOp@NoOp|NoOp@NoOp|NoOp@NoOp|NoOp@NoOp|NoOp@NoOp|NoOp@NoOp
1021156500:NoOp@NoOp|NoOp@NoOp|Pull(E,E)@Pull(E,E)|NoOp@NoOp|NoOp@NoOp|NoOp@NoOp|NoOp@NoOp|NoOp@NoOp|NoOp@NoOp|NoOp@NoOp
1021165250:NoOp@NoOp|NoOp@NoOp|Pull(E,E)@Pull(E,E)|NoOp@NoOp|NoOp@NoOp|NoOp@NoOp|NoOp@NoOp|NoOp@NoOp|NoOp@NoOp|NoOp@NoOp
1021174375:NoOp@NoOp|NoOp@NoOp|Pull(E,E)@Pull(E,E)|NoOp@NoOp|NoOp@NoOp|NoOp@NoOp|NoOp@NoOp|NoOp@NoOp|NoOp@NoOp|NoOp@NoOp
1021182917:NoOp@NoOp|NoOp@NoOp|Pull(E,E)@Pull(E,E)|NoOp@NoOp|NoOp@NoOp|NoOp@NoOp|NoOp@NoOp|NoOp@NoOp|NoOp@NoOp|NoOp@NoOp
1021191500:NoOp@NoOp|NoOp@NoOp|Pull(E,E)@Pull(E,E)|NoOp@NoOp|NoOp@NoOp|NoOp@NoOp|NoOp@NoOp|NoOp@NoOp|NoOp@NoOp|NoOp@NoOp
1021200250:NoOp@NoOp|NoOp@NoOp|Pull(E,E)@Pull(E,E)|NoOp@NoOp|NoOp@NoOp|NoOp@NoOp|NoOp@NoOp|NoOp@NoOp|NoOp@NoOp|NoOp@NoOp
1021209125:NoOp@NoOp|NoOp@NoOp|Pull(E,E)@Pull(E,E)|NoOp@NoOp|NoOp@NoOp|NoOp@NoOp|NoOp@NoOp|NoOp@NoOp|NoOp@NoOp|NoOp@NoOp
1021217792:NoOp@NoOp|NoOp@NoOp|Pull(E,E)@Pull(E,E)|NoOp@NoOp|NoOp@NoOp|NoOp@NoOp|NoOp@NoOp|NoOp@NoOp|NoOp@NoOp|NoOp@NoOp
1021226458:NoOp@NoOp|NoOp@NoOp|Pull(E,E)@Pull(E,E)|NoOp@NoOp|NoOp@NoOp|NoOp@NoOp|NoOp@NoOp|NoOp@NoOp|NoOp@NoOp|NoOp@NoOp
1021234958:NoOp@NoOp|NoOp@NoOp|Pull(E,E)@Pull(E,E)|NoOp@NoOp|NoOp@NoOp|NoOp@NoOp|NoOp@NoOp|NoOp@NoOp|NoOp@NoOp|NoOp@NoOp
1021243833:NoOp@NoOp|NoOp@NoOp|Pull(E,E)@Pull(E,E)|NoOp@NoOp|NoOp@NoOp|NoOp@NoOp|NoOp@NoOp|NoOp@NoOp|NoOp@NoOp|NoOp@NoOp
1021252417:NoOp@NoOp|NoOp@NoOp|Pull(E,E)@Pull(E,E)|NoOp@NoOp|NoOp@NoOp|NoOp@NoOp|NoOp@NoOp|NoOp@NoOp|NoOp@NoOp|NoOp@NoOp
1021260833:NoOp@NoOp|NoOp@NoOp|Pull(E,E)@Pull(E,E)|NoOp@NoOp|NoOp@NoOp|NoOp@NoOp|NoOp@NoOp|NoOp@NoOp|NoOp@NoOp|NoOp@NoOp
1021269333:NoOp@NoOp|NoOp@NoOp|Push(W,N)@Push(W,N)|NoOp@NoOp|NoOp@NoOp|NoOp@NoOp|NoOp@NoOp|NoOp@NoOp|NoOp@NoOp|NoOp@NoOp
1021278958:NoOp@NoOp|NoOp@NoOp|Push(N,E)@Push(N,E)|NoOp@NoOp|NoOp@NoOp|NoOp@NoOp|NoOp@NoOp|NoOp@NoOp|NoOp@NoOp|NoOp@NoOp
1021288917:NoOp@NoOp|NoOp@NoOp|Push(E,E)@Push(E,E)|NoOp@NoOp|NoOp@NoOp|NoOp@NoOp|NoOp@NoOp|NoOp@NoOp|NoOp@NoOp|NoOp@NoOp
1021299667:NoOp@NoOp|NoOp@NoOp|Push(E,E)@Push(E,E)|NoOp@NoOp|NoOp@NoOp|NoOp@NoOp|NoOp@NoOp|NoOp@NoOp|NoOp@NoOp|NoOp@NoOp
1021315250:NoOp@NoOp|NoOp@NoOp|Push(E,S)@Push(E,S)|NoOp@NoOp|NoOp@NoOp|NoOp@NoOp|NoOp@NoOp|NoOp@NoOp|NoOp@NoOp|NoOp@NoOp
1021329833:NoOp@NoOp|NoOp@NoOp|Push(S,E)@Push(S,E)|NoOp@NoOp|NoOp@NoOp|NoOp@NoOp|NoOp@NoOp|NoOp@NoOp|NoOp@NoOp|NoOp@NoOp
1021340625:NoOp@NoOp|NoOp@NoOp|Push(E,E)@Push(E,E)|NoOp@NoOp|NoOp@NoOp|NoOp@NoOp|NoOp@NoOp|NoOp@NoOp|NoOp@NoOp|NoOp@NoOp
1021350500:NoOp@NoOp|NoOp@NoOp|Push(E,E)@Push(E,E)|NoOp@NoOp|NoOp@NoOp|NoOp@NoOp|NoOp@NoOp|NoOp@NoOp|NoOp@NoOp|NoOp@NoOp
1021362167:NoOp@NoOp|NoOp@NoOp|Push(E,S)@Push(E,S)|NoOp@NoOp|NoOp@NoOp|NoOp@NoOp|NoOp@NoOp|NoOp@NoOp|NoOp@NoOp|NoOp@NoOp
1021371417:NoOp@NoOp|NoOp@NoOp|Push(S,S)@Push(S,S)|NoOp@NoOp|NoOp@NoOp|NoOp@NoOp|NoOp@NoOp|NoOp@NoOp|NoOp@NoOp|NoOp@NoOp
1021383417:NoOp@NoOp|NoOp@NoOp|Push(S,S)@Push(S,S)|NoOp@NoOp|NoOp@NoOp|NoOp@NoOp|NoOp@NoOp|NoOp@NoOp|NoOp@NoOp|NoOp@NoOp
1021393917:NoOp@NoOp|NoOp@NoOp|Push(S,E)@Push(S,E)|NoOp@NoOp|NoOp@NoOp|NoOp@NoOp|NoOp@NoOp|NoOp@NoOp|NoOp@NoOp|NoOp@NoOp
1021403583:NoOp@NoOp|NoOp@NoOp|Push(E,E)@Push(E,E)|NoOp@NoOp|NoOp@NoOp|NoOp@NoOp|NoOp@NoOp|NoOp@NoOp|NoOp@NoOp|NoOp@NoOp
1021415667:NoOp@NoOp|NoOp@NoOp|Push(E,E)@Push(E,E)|NoOp@NoOp|NoOp@NoOp|NoOp@NoOp|NoOp@NoOp|NoOp@NoOp|NoOp@NoOp|NoOp@NoOp
1021426000:NoOp@NoOp|NoOp@NoOp|Push(E,E)@Push(E,E)|NoOp@NoOp|NoOp@NoOp|NoOp@NoOp|NoOp@NoOp|NoOp@NoOp|NoOp@NoOp|NoOp@NoOp
1021435000:NoOp@NoOp|NoOp@NoOp|Push(E,E)@Push(E,E)|NoOp@NoOp|NoOp@NoOp|NoOp@NoOp|NoOp@NoOp|NoOp@NoOp|NoOp@NoOp|NoOp@NoOp
1021446375:NoOp@NoOp|NoOp@NoOp|Push(E,E)@Push(E,E)|NoOp@NoOp|NoOp@NoOp|NoOp@NoOp|NoOp@NoOp|NoOp@NoOp|NoOp@NoOp|NoOp@NoOp
1021456583:NoOp@NoOp|NoOp@NoOp|Push(E,S)@Push(E,S)|NoOp@NoOp|NoOp@NoOp|NoOp@NoOp|NoOp@NoOp|NoOp@NoOp|NoOp@NoOp|NoOp@NoOp
1021465625:NoOp@NoOp|NoOp@NoOp|Push(S,S)@Push(S,S)|NoOp@NoOp|NoOp@NoOp|NoOp@NoOp|NoOp@NoOp|NoOp@NoOp|NoOp@NoOp|NoOp@NoOp
1021475750:NoOp@NoOp|NoOp@NoOp|Push(S,E)@Push(S,E)|NoOp@NoOp|NoOp@NoOp|NoOp@NoOp|NoOp@NoOp|NoOp@NoOp|NoOp@NoOp|NoOp@NoOp
1021485958:NoOp@NoOp|NoOp@NoOp|Push(E,E)@Push(E,E)|NoOp@NoOp|NoOp@NoOp|NoOp@NoOp|NoOp@NoOp|NoOp@NoOp|NoOp@NoOp|NoOp@NoOp
1021495667:NoOp@NoOp|NoOp@NoOp|Push(E,E)@Push(E,E)|NoOp@NoOp|NoOp@NoOp|NoOp@NoOp|NoOp@NoOp|NoOp@NoOp|NoOp@NoOp|NoOp@NoOp
1021506875:NoOp@NoOp|Move(N)@Move(N)|NoOp@NoOp|NoOp@NoOp|NoOp@NoOp|NoOp@NoOp|NoOp@NoOp|NoOp@NoOp|NoOp@NoOp|NoOp@NoOp
1021517250:NoOp@NoOp|Move(W)@Move(W)|NoOp@NoOp|NoOp@NoOp|NoOp@NoOp|NoOp@NoOp|NoOp@NoOp|NoOp@NoOp|NoOp@NoOp|NoOp@NoOp
1021526333:NoOp@NoOp|Move(N)@Move(N)|NoOp@NoOp|NoOp@NoOp|NoOp@NoOp|NoOp@NoOp|NoOp@NoOp|NoOp@NoOp|NoOp@NoOp|NoOp@NoOp
1021537375:NoOp@NoOp|Move(N)@Move(N)|NoOp@NoOp|NoOp@NoOp|NoOp@NoOp|NoOp@NoOp|NoOp@NoOp|NoOp@NoOp|NoOp@NoOp|NoOp@NoOp
1021548083:NoOp@NoOp|Move(N)@Move(N)|NoOp@NoOp|NoOp@NoOp|NoOp@NoOp|NoOp@NoOp|NoOp@NoOp|NoOp@NoOp|NoOp@NoOp|NoOp@NoOp
1021557833:NoOp@NoOp|Move(N)@Move(N)|NoOp@NoOp|NoOp@NoOp|NoOp@NoOp|NoOp@NoOp|NoOp@NoOp|NoOp@NoOp|NoOp@NoOp|NoOp@NoOp
1021569250:NoOp@NoOp|Move(N)@Move(N)|NoOp@NoOp|NoOp@NoOp|NoOp@NoOp|NoOp@NoOp|NoOp@NoOp|NoOp@NoOp|NoOp@NoOp|NoOp@NoOp
1021579500:NoOp@NoOp|Move(N)@Move(N)|NoOp@NoOp|NoOp@NoOp|NoOp@NoOp|NoOp@NoOp|NoOp@NoOp|NoOp@NoOp|NoOp@NoOp|NoOp@NoOp
1021588792:NoOp@NoOp|Move(W)@Move(W)|NoOp@NoOp|NoOp@NoOp|NoOp@NoOp|NoOp@NoOp|NoOp@NoOp|NoOp@NoOp|NoOp@NoOp|NoOp@NoOp
1021601083:NoOp@NoOp|Move(N)@Move(N)|NoOp@NoOp|NoOp@NoOp|NoOp@NoOp|NoOp@NoOp|NoOp@NoOp|NoOp@NoOp|NoOp@NoOp|NoOp@NoOp
1021614250:NoOp@NoOp|Move(N)@Move(N)|NoOp@NoOp|NoOp@NoOp|NoOp@NoOp|NoOp@NoOp|NoOp@NoOp|NoOp@NoOp|NoOp@NoOp|NoOp@NoOp
1021626083:NoOp@NoOp|Move(N)@Move(N)|NoOp@NoOp|NoOp@NoOp|NoOp@NoOp|NoOp@NoOp|NoOp@NoOp|NoOp@NoOp|NoOp@NoOp|NoOp@NoOp
1021636708:NoOp@NoOp|Move(E)@Move(E)|NoOp@NoOp|NoOp@NoOp|NoOp@NoOp|NoOp@NoOp|NoOp@NoOp|NoOp@NoOp|NoOp@NoOp|NoOp@NoOp
1021646542:NoOp@NoOp|Move(N)@Move(N)|NoOp@NoOp|NoOp@NoOp|NoOp@NoOp|NoOp@NoOp|NoOp@NoOp|NoOp@NoOp|NoOp@NoOp|NoOp@NoOp
1021658125:NoOp@NoOp|Move(N)@Move(N)|NoOp@NoOp|NoOp@NoOp|NoOp@NoOp|NoOp@NoOp|NoOp@NoOp|NoOp@NoOp|NoOp@NoOp|NoOp@NoOp
1021672500:NoOp@NoOp|Move(E)@Move(E)|NoOp@NoOp|NoOp@NoOp|NoOp@NoOp|NoOp@NoOp|NoOp@NoOp|NoOp@NoOp|NoOp@NoOp|NoOp@NoOp
1021685333:NoOp@NoOp|Move(E)@Move(E)|NoOp@NoOp|NoOp@NoOp|NoOp@NoOp|NoOp@NoOp|NoOp@NoOp|NoOp@NoOp|NoOp@NoOp|NoOp@NoOp
1021696125:NoOp@NoOp|Move(N)@Move(N)|NoOp@NoOp|NoOp@NoOp|NoOp@NoOp|NoOp@NoOp|NoOp@NoOp|NoOp@NoOp|NoOp@NoOp|NoOp@NoOp
1021705875:NoOp@NoOp|Move(N)@Move(N)|NoOp@NoOp|NoOp@NoOp|NoOp@NoOp|NoOp@NoOp|NoOp@NoOp|NoOp@NoOp|NoOp@NoOp|NoOp@NoOp
1021715000:NoOp@NoOp|Move(N)@Move(N)|NoOp@NoOp|NoOp@NoOp|NoOp@NoOp|NoOp@NoOp|NoOp@NoOp|NoOp@NoOp|NoOp@NoOp|NoOp@NoOp
1021725042:NoOp@NoOp|Move(N)@Move(N)|NoOp@NoOp|NoOp@NoOp|NoOp@NoOp|NoOp@NoOp|NoOp@NoOp|NoOp@NoOp|NoOp@NoOp|NoOp@NoOp
1021735042:NoOp@NoOp|Move(N)@Move(N)|NoOp@NoOp|NoOp@NoOp|NoOp@NoOp|NoOp@NoOp|NoOp@NoOp|NoOp@NoOp|NoOp@NoOp|NoOp@NoOp
1021749750:NoOp@NoOp|Move(N)@Move(N)|NoOp@NoOp|NoOp@NoOp|NoOp@NoOp|NoOp@NoOp|NoOp@NoOp|NoOp@NoOp|NoOp@NoOp|NoOp@NoOp
1021763000:NoOp@NoOp|Move(N)@Move(N)|NoOp@NoOp|NoOp@NoOp|NoOp@NoOp|NoOp@NoOp|NoOp@NoOp|NoOp@NoOp|NoOp@NoOp|NoOp@NoOp
1021775750:NoOp@NoOp|Move(N)@Move(N)|NoOp@NoOp|NoOp@NoOp|NoOp@NoOp|NoOp@NoOp|NoOp@NoOp|NoOp@NoOp|NoOp@NoOp|NoOp@NoOp
1021856458:NoOp@NoOp|Move(E)@Move(E)|NoOp@NoOp|NoOp@NoOp|NoOp@NoOp|NoOp@NoOp|NoOp@NoOp|NoOp@NoOp|NoOp@NoOp|NoOp@NoOp
1021877417:NoOp@NoOp|Move(E)@Move(E)|NoOp@NoOp|NoOp@NoOp|NoOp@NoOp|NoOp@NoOp|NoOp@NoOp|NoOp@NoOp|NoOp@NoOp|NoOp@NoOp
1021887583:NoOp@NoOp|Move(N)@Move(N)|NoOp@NoOp|NoOp@NoOp|NoOp@NoOp|NoOp@NoOp|NoOp@NoOp|NoOp@NoOp|NoOp@NoOp|NoOp@NoOp
1021897333:NoOp@NoOp|Move(E)@Move(E)|NoOp@NoOp|NoOp@NoOp|NoOp@NoOp|NoOp@NoOp|NoOp@NoOp|NoOp@NoOp|NoOp@NoOp|NoOp@NoOp
1021907250:NoOp@NoOp|Move(E)@Move(E)|NoOp@NoOp|NoOp@NoOp|NoOp@NoOp|NoOp@NoOp|NoOp@NoOp|NoOp@NoOp|NoOp@NoOp|NoOp@NoOp
1021917083:NoOp@NoOp|Move(E)@Move(E)|NoOp@NoOp|NoOp@NoOp|NoOp@NoOp|NoOp@NoOp|NoOp@NoOp|NoOp@NoOp|NoOp@NoOp|NoOp@NoOp
1021928208:NoOp@NoOp|Move(E)@Move(E)|NoOp@NoOp|NoOp@NoOp|NoOp@NoOp|NoOp@NoOp|NoOp@NoOp|NoOp@NoOp|NoOp@NoOp|NoOp@NoOp
1021938458:NoOp@NoOp|Move(E)@Move(E)|NoOp@NoOp|NoOp@NoOp|NoOp@NoOp|NoOp@NoOp|NoOp@NoOp|NoOp@NoOp|NoOp@NoOp|NoOp@NoOp
1021949375:NoOp@NoOp|Move(E)@Move(E)|NoOp@NoOp|NoOp@NoOp|NoOp@NoOp|NoOp@NoOp|NoOp@NoOp|NoOp@NoOp|NoOp@NoOp|NoOp@NoOp
1021959167:NoOp@NoOp|Move(E)@Move(E)|NoOp@NoOp|NoOp@NoOp|NoOp@NoOp|NoOp@NoOp|NoOp@NoOp|NoOp@NoOp|NoOp@NoOp|NoOp@NoOp
1021968625:NoOp@NoOp|Move(E)@Move(E)|NoOp@NoOp|NoOp@NoOp|NoOp@NoOp|NoOp@NoOp|NoOp@NoOp|NoOp@NoOp|NoOp@NoOp|NoOp@NoOp
1021978292:NoOp@NoOp|Move(E)@Move(E)|NoOp@NoOp|NoOp@NoOp|NoOp@NoOp|NoOp@NoOp|NoOp@NoOp|NoOp@NoOp|NoOp@NoOp|NoOp@NoOp
1021992958:NoOp@NoOp|Move(E)@Move(E)|NoOp@NoOp|NoOp@NoOp|NoOp@NoOp|NoOp@NoOp|NoOp@NoOp|NoOp@NoOp|NoOp@NoOp|NoOp@NoOp
1022004750:NoOp@NoOp|Move(E)@Move(E)|NoOp@NoOp|NoOp@NoOp|NoOp@NoOp|NoOp@NoOp|NoOp@NoOp|NoOp@NoOp|NoOp@NoOp|NoOp@NoOp
1022015125:NoOp@NoOp|Move(E)@Move(E)|NoOp@NoOp|NoOp@NoOp|NoOp@NoOp|NoOp@NoOp|NoOp@NoOp|NoOp@NoOp|NoOp@NoOp|NoOp@NoOp
1022025750:NoOp@NoOp|Move(E)@Move(E)|NoOp@NoOp|NoOp@NoOp|NoOp@NoOp|NoOp@NoOp|NoOp@NoOp|NoOp@NoOp|NoOp@NoOp|NoOp@NoOp
1022035458:NoOp@NoOp|Move(E)@Move(E)|NoOp@NoOp|NoOp@NoOp|NoOp@NoOp|NoOp@NoOp|NoOp@NoOp|NoOp@NoOp|NoOp@NoOp|NoOp@NoOp
1022045542:NoOp@NoOp|Pull(W,W)@Pull(W,W)|NoOp@NoOp|NoOp@NoOp|NoOp@NoOp|NoOp@NoOp|NoOp@NoOp|NoOp@NoOp|NoOp@NoOp|NoOp@NoOp
1022058125:NoOp@NoOp|Pull(W,W)@Pull(W,W)|NoOp@NoOp|NoOp@NoOp|NoOp@NoOp|NoOp@NoOp|NoOp@NoOp|NoOp@NoOp|NoOp@NoOp|NoOp@NoOp
1022067333:NoOp@NoOp|Pull(W,W)@Pull(W,W)|NoOp@NoOp|NoOp@NoOp|NoOp@NoOp|NoOp@NoOp|NoOp@NoOp|NoOp@NoOp|NoOp@NoOp|NoOp@NoOp
1022078667:NoOp@NoOp|Pull(W,W)@Pull(W,W)|NoOp@NoOp|NoOp@NoOp|NoOp@NoOp|NoOp@NoOp|NoOp@NoOp|NoOp@NoOp|NoOp@NoOp|NoOp@NoOp
1022088583:NoOp@NoOp|Pull(W,W)@Pull(W,W)|NoOp@NoOp|NoOp@NoOp|NoOp@NoOp|NoOp@NoOp|NoOp@NoOp|NoOp@NoOp|NoOp@NoOp|NoOp@NoOp
1022099792:NoOp@NoOp|Pull(W,W)@Pull(W,W)|NoOp@NoOp|NoOp@NoOp|NoOp@NoOp|NoOp@NoOp|NoOp@NoOp|NoOp@NoOp|NoOp@NoOp|NoOp@NoOp
1022112500:NoOp@NoOp|Pull(W,W)@Pull(W,W)|NoOp@NoOp|NoOp@NoOp|NoOp@NoOp|NoOp@NoOp|NoOp@NoOp|NoOp@NoOp|NoOp@NoOp|NoOp@NoOp
1022122458:NoOp@NoOp|Pull(W,W)@Pull(W,W)|NoOp@NoOp|NoOp@NoOp|NoOp@NoOp|NoOp@NoOp|NoOp@NoOp|NoOp@NoOp|NoOp@NoOp|NoOp@NoOp
1022132250:NoOp@NoOp|Pull(W,W)@Pull(W,W)|NoOp@NoOp|NoOp@NoOp|NoOp@NoOp|NoOp@NoOp|NoOp@NoOp|NoOp@NoOp|NoOp@NoOp|NoOp@NoOp
1022142500:NoOp@NoOp|Pull(W,W)@Pull(W,W)|NoOp@NoOp|NoOp@NoOp|NoOp@NoOp|NoOp@NoOp|NoOp@NoOp|NoOp@NoOp|NoOp@NoOp|NoOp@NoOp
1022152542:NoOp@NoOp|Pull(W,W)@Pull(W,W)|NoOp@NoOp|NoOp@NoOp|NoOp@NoOp|NoOp@NoOp|NoOp@NoOp|NoOp@NoOp|NoOp@NoOp|NoOp@NoOp
1022162875:NoOp@NoOp|Pull(W,W)@Pull(W,W)|NoOp@NoOp|NoOp@NoOp|NoOp@NoOp|NoOp@NoOp|NoOp@NoOp|NoOp@NoOp|NoOp@NoOp|NoOp@NoOp
1022175458:NoOp@NoOp|Pull(W,W)@Pull(W,W)|NoOp@NoOp|NoOp@NoOp|NoOp@NoOp|NoOp@NoOp|NoOp@NoOp|NoOp@NoOp|NoOp@NoOp|NoOp@NoOp
1022186875:NoOp@NoOp|Pull(W,W)@Pull(W,W)|NoOp@NoOp|NoOp@NoOp|NoOp@NoOp|NoOp@NoOp|NoOp@NoOp|NoOp@NoOp|NoOp@NoOp|NoOp@NoOp
1022198000:NoOp@NoOp|Pull(S,W)@Pull(S,W)|NoOp@NoOp|NoOp@NoOp|NoOp@NoOp|NoOp@NoOp|NoOp@NoOp|NoOp@NoOp|NoOp@NoOp|NoOp@NoOp
1022208875:NoOp@NoOp|Pull(W,S)@Pull(W,S)|NoOp@NoOp|NoOp@NoOp|NoOp@NoOp|NoOp@NoOp|NoOp@NoOp|NoOp@NoOp|NoOp@NoOp|NoOp@NoOp
1022219500:NoOp@NoOp|Pull(W,W)@Pull(W,W)|NoOp@NoOp|NoOp@NoOp|NoOp@NoOp|NoOp@NoOp|NoOp@NoOp|NoOp@NoOp|NoOp@NoOp|NoOp@NoOp
1022230667:NoOp@NoOp|Push(E,S)@Push(E,S)|NoOp@NoOp|NoOp@NoOp|NoOp@NoOp|NoOp@NoOp|NoOp@NoOp|NoOp@NoOp|NoOp@NoOp|NoOp@NoOp
1022242958:NoOp@NoOp|Push(S,S)@Push(S,S)|NoOp@NoOp|NoOp@NoOp|NoOp@NoOp|NoOp@NoOp|NoOp@NoOp|NoOp@NoOp|NoOp@NoOp|NoOp@NoOp
1022254375:NoOp@NoOp|Push(S,S)@Push(S,S)|NoOp@NoOp|NoOp@NoOp|NoOp@NoOp|NoOp@NoOp|NoOp@NoOp|NoOp@NoOp|NoOp@NoOp|NoOp@NoOp
1022264542:NoOp@NoOp|Push(S,S)@Push(S,S)|NoOp@NoOp|NoOp@NoOp|NoOp@NoOp|NoOp@NoOp|NoOp@NoOp|NoOp@NoOp|NoOp@NoOp|NoOp@NoOp
1022275458:NoOp@NoOp|Push(S,S)@Push(S,S)|NoOp@NoOp|NoOp@NoOp|NoOp@NoOp|NoOp@NoOp|NoOp@NoOp|NoOp@NoOp|NoOp@NoOp|NoOp@NoOp
1022285917:NoOp@NoOp|Push(S,S)@Push(S,S)|NoOp@NoOp|NoOp@NoOp|NoOp@NoOp|NoOp@NoOp|NoOp@NoOp|NoOp@NoOp|NoOp@NoOp|NoOp@NoOp
1022295625:NoOp@NoOp|Push(S,S)@Push(S,S)|NoOp@NoOp|NoOp@NoOp|NoOp@NoOp|NoOp@NoOp|NoOp@NoOp|NoOp@NoOp|NoOp@NoOp|NoOp@NoOp
1022305750:NoOp@NoOp|Push(S,S)@Push(S,S)|NoOp@NoOp|NoOp@NoOp|NoOp@NoOp|NoOp@NoOp|NoOp@NoOp|NoOp@NoOp|NoOp@NoOp|NoOp@NoOp
1022315708:NoOp@NoOp|Push(S,E)@Push(S,E)|NoOp@NoOp|NoOp@NoOp|NoOp@NoOp|NoOp@NoOp|NoOp@NoOp|NoOp@NoOp|NoOp@NoOp|NoOp@NoOp
1022326167:NoOp@NoOp|Push(E,E)@Push(E,E)|NoOp@NoOp|NoOp@NoOp|NoOp@NoOp|NoOp@NoOp|NoOp@NoOp|NoOp@NoOp|NoOp@NoOp|NoOp@NoOp
1022335875:NoOp@NoOp|Push(E,E)@Push(E,E)|NoOp@NoOp|NoOp@NoOp|NoOp@NoOp|NoOp@NoOp|NoOp@NoOp|NoOp@NoOp|NoOp@NoOp|NoOp@NoOp
1022345542:NoOp@NoOp|Push(E,E)@Push(E,E)|NoOp@NoOp|NoOp@NoOp|NoOp@NoOp|NoOp@NoOp|NoOp@NoOp|NoOp@NoOp|NoOp@NoOp|NoOp@NoOp
1022355875:NoOp@NoOp|Push(E,E)@Push(E,E)|NoOp@NoOp|NoOp@NoOp|NoOp@NoOp|NoOp@NoOp|NoOp@NoOp|NoOp@NoOp|NoOp@NoOp|NoOp@NoOp
1022367792:NoOp@NoOp|Push(E,E)@Push(E,E)|NoOp@NoOp|NoOp@NoOp|NoOp@NoOp|NoOp@NoOp|NoOp@NoOp|NoOp@NoOp|NoOp@NoOp|NoOp@NoOp
1022379042:NoOp@NoOp|Push(E,E)@Push(E,E)|NoOp@NoOp|NoOp@NoOp|NoOp@NoOp|NoOp@NoOp|NoOp@NoOp|NoOp@NoOp|NoOp@NoOp|NoOp@NoOp
1022389750:NoOp@NoOp|Push(E,E)@Push(E,E)|NoOp@NoOp|NoOp@NoOp|NoOp@NoOp|NoOp@NoOp|NoOp@NoOp|NoOp@NoOp|NoOp@NoOp|NoOp@NoOp
1022399958:NoOp@NoOp|Push(E,E)@Push(E,E)|NoOp@NoOp|NoOp@NoOp|NoOp@NoOp|NoOp@NoOp|NoOp@NoOp|NoOp@NoOp|NoOp@NoOp|NoOp@NoOp
1022410125:NoOp@NoOp|Push(E,E)@Push(E,E)|NoOp@NoOp|NoOp@NoOp|NoOp@NoOp|NoOp@NoOp|NoOp@NoOp|NoOp@NoOp|NoOp@NoOp|NoOp@NoOp
1022421000:NoOp@NoOp|Push(E,E)@Push(E,E)|NoOp@NoOp|NoOp@NoOp|NoOp@NoOp|NoOp@NoOp|NoOp@NoOp|NoOp@NoOp|NoOp@NoOp|NoOp@NoOp
1022433667:NoOp@NoOp|Push(E,E)@Push(E,E)|NoOp@NoOp|NoOp@NoOp|NoOp@NoOp|NoOp@NoOp|NoOp@NoOp|NoOp@NoOp|NoOp@NoOp|NoOp@NoOp
1022454583:NoOp@NoOp|Push(E,E)@Push(E,E)|NoOp@NoOp|NoOp@NoOp|NoOp@NoOp|NoOp@NoOp|NoOp@NoOp|NoOp@NoOp|NoOp@NoOp|NoOp@NoOp
1022465208:NoOp@NoOp|Push(E,E)@Push(E,E)|NoOp@NoOp|NoOp@NoOp|NoOp@NoOp|NoOp@NoOp|NoOp@NoOp|NoOp@NoOp|NoOp@NoOp|NoOp@NoOp
1022475625:NoOp@NoOp|Push(E,N)@Push(E,N)|NoOp@NoOp|NoOp@NoOp|NoOp@NoOp|NoOp@NoOp|NoOp@NoOp|NoOp@NoOp|NoOp@NoOp|NoOp@NoOp
1022485917:NoOp@NoOp|Push(N,N)@Push(N,N)|NoOp@NoOp|NoOp@NoOp|NoOp@NoOp|NoOp@NoOp|NoOp@NoOp|NoOp@NoOp|NoOp@NoOp|NoOp@NoOp
1022496458:NoOp@NoOp|Push(N,N)@Push(N,N)|NoOp@NoOp|NoOp@NoOp|NoOp@NoOp|NoOp@NoOp|NoOp@NoOp|NoOp@NoOp|NoOp@NoOp|NoOp@NoOp
1022507375:NoOp@NoOp|Push(N,N)@Push(N,N)|NoOp@NoOp|NoOp@NoOp|NoOp@NoOp|NoOp@NoOp|NoOp@NoOp|NoOp@NoOp|NoOp@NoOp|NoOp@NoOp
1022523875:NoOp@NoOp|Push(N,E)@Push(N,E)|NoOp@NoOp|NoOp@NoOp|NoOp@NoOp|NoOp@NoOp|NoOp@NoOp|NoOp@NoOp|NoOp@NoOp|NoOp@NoOp
1022535000:NoOp@NoOp|Push(E,N)@Push(E,N)|NoOp@NoOp|NoOp@NoOp|NoOp@NoOp|NoOp@NoOp|NoOp@NoOp|NoOp@NoOp|NoOp@NoOp|NoOp@NoOp
1022546375:NoOp@NoOp|Push(N,N)@Push(N,N)|NoOp@NoOp|NoOp@NoOp|NoOp@NoOp|NoOp@NoOp|NoOp@NoOp|NoOp@NoOp|NoOp@NoOp|NoOp@NoOp
1022558833:NoOp@NoOp|Push(N,N)@Push(N,N)|NoOp@NoOp|NoOp@NoOp|NoOp@NoOp|NoOp@NoOp|NoOp@NoOp|NoOp@NoOp|NoOp@NoOp|NoOp@NoOp
1022573542:NoOp@NoOp|Push(N,E)@Push(N,E)|NoOp@NoOp|NoOp@NoOp|NoOp@NoOp|NoOp@NoOp|NoOp@NoOp|NoOp@NoOp|NoOp@NoOp|NoOp@NoOp
1022592083:NoOp@NoOp|Push(E,E)@Push(E,E)|NoOp@NoOp|NoOp@NoOp|NoOp@NoOp|NoOp@NoOp|NoOp@NoOp|NoOp@NoOp|NoOp@NoOp|NoOp@NoOp
1022609792:NoOp@NoOp|Push(E,N)@Push(E,N)|NoOp@NoOp|NoOp@NoOp|NoOp@NoOp|NoOp@NoOp|NoOp@NoOp|NoOp@NoOp|NoOp@NoOp|NoOp@NoOp
1022622417:NoOp@NoOp|Push(N,E)@Push(N,E)|NoOp@NoOp|NoOp@NoOp|NoOp@NoOp|NoOp@NoOp|NoOp@NoOp|NoOp@NoOp|NoOp@NoOp|NoOp@NoOp
1022637125:NoOp@NoOp|Push(E,E)@Push(E,E)|NoOp@NoOp|NoOp@NoOp|NoOp@NoOp|NoOp@NoOp|NoOp@NoOp|NoOp@NoOp|NoOp@NoOp|NoOp@NoOp
1022648875:NoOp@NoOp|Push(E,E)@Push(E,E)|NoOp@NoOp|NoOp@NoOp|NoOp@NoOp|NoOp@NoOp|NoOp@NoOp|NoOp@NoOp|NoOp@NoOp|NoOp@NoOp
1022660500:NoOp@NoOp|Push(E,S)@Push(E,S)|NoOp@NoOp|NoOp@NoOp|NoOp@NoOp|NoOp@NoOp|NoOp@NoOp|NoOp@NoOp|NoOp@NoOp|NoOp@NoOp
1022671042:NoOp@NoOp|Push(S,E)@Push(S,E)|NoOp@NoOp|NoOp@NoOp|NoOp@NoOp|NoOp@NoOp|NoOp@NoOp|NoOp@NoOp|NoOp@NoOp|NoOp@NoOp
1022685542:NoOp@NoOp|Push(E,E)@Push(E,E)|NoOp@NoOp|NoOp@NoOp|NoOp@NoOp|NoOp@NoOp|NoOp@NoOp|NoOp@NoOp|NoOp@NoOp|NoOp@NoOp
1022697875:NoOp@NoOp|Push(E,E)@Push(E,E)|NoOp@NoOp|NoOp@NoOp|NoOp@NoOp|NoOp@NoOp|NoOp@NoOp|NoOp@NoOp|NoOp@NoOp|NoOp@NoOp
1022712125:NoOp@NoOp|Push(E,S)@Push(E,S)|NoOp@NoOp|NoOp@NoOp|NoOp@NoOp|NoOp@NoOp|NoOp@NoOp|NoOp@NoOp|NoOp@NoOp|NoOp@NoOp
1022724375:NoOp@NoOp|Push(S,S)@Push(S,S)|NoOp@NoOp|NoOp@NoOp|NoOp@NoOp|NoOp@NoOp|NoOp@NoOp|NoOp@NoOp|NoOp@NoOp|NoOp@NoOp
1022745000:NoOp@NoOp|Push(S,S)@Push(S,S)|NoOp@NoOp|NoOp@NoOp|NoOp@NoOp|NoOp@NoOp|NoOp@NoOp|NoOp@NoOp|NoOp@NoOp|NoOp@NoOp
1022756792:NoOp@NoOp|Push(S,S)@Push(S,S)|NoOp@NoOp|NoOp@NoOp|NoOp@NoOp|NoOp@NoOp|NoOp@NoOp|NoOp@NoOp|NoOp@NoOp|NoOp@NoOp
1022774083:NoOp@NoOp|Push(S,S)@Push(S,S)|NoOp@NoOp|NoOp@NoOp|NoOp@NoOp|NoOp@NoOp|NoOp@NoOp|NoOp@NoOp|NoOp@NoOp|NoOp@NoOp
1022785167:NoOp@NoOp|Push(S,S)@Push(S,S)|NoOp@NoOp|NoOp@NoOp|NoOp@NoOp|NoOp@NoOp|NoOp@NoOp|NoOp@NoOp|NoOp@NoOp|NoOp@NoOp
1022795833:NoOp@NoOp|Push(S,E)@Push(S,E)|NoOp@NoOp|NoOp@NoOp|NoOp@NoOp|NoOp@NoOp|NoOp@NoOp|NoOp@NoOp|NoOp@NoOp|NoOp@NoOp
1022806542:NoOp@NoOp|Push(E,S)@Push(E,S)|NoOp@NoOp|NoOp@NoOp|NoOp@NoOp|NoOp@NoOp|NoOp@NoOp|NoOp@NoOp|NoOp@NoOp|NoOp@NoOp
1022818625:NoOp@NoOp|Push(S,S)@Push(S,S)|NoOp@NoOp|NoOp@NoOp|NoOp@NoOp|NoOp@NoOp|NoOp@NoOp|NoOp@NoOp|NoOp@NoOp|NoOp@NoOp
1022829750:NoOp@NoOp|Push(S,E)@Push(S,E)|NoOp@NoOp|NoOp@NoOp|NoOp@NoOp|NoOp@NoOp|NoOp@NoOp|NoOp@NoOp|NoOp@NoOp|NoOp@NoOp
1022846625:NoOp@NoOp|NoOp@NoOp|Move(N)@Move(N)|NoOp@NoOp|NoOp@NoOp|NoOp@NoOp|NoOp@NoOp|NoOp@NoOp|NoOp@NoOp|NoOp@NoOp
1022863375:NoOp@NoOp|NoOp@NoOp|Move(N)@Move(N)|NoOp@NoOp|NoOp@NoOp|NoOp@NoOp|NoOp@NoOp|NoOp@NoOp|NoOp@NoOp|NoOp@NoOp
1022881917:NoOp@NoOp|NoOp@NoOp|Move(W)@Move(W)|NoOp@NoOp|NoOp@NoOp|NoOp@NoOp|NoOp@NoOp|NoOp@NoOp|NoOp@NoOp|NoOp@NoOp
1022892917:NoOp@NoOp|NoOp@NoOp|Move(W)@Move(W)|NoOp@NoOp|NoOp@NoOp|NoOp@NoOp|NoOp@NoOp|NoOp@NoOp|NoOp@NoOp|NoOp@NoOp
1022903792:NoOp@NoOp|NoOp@NoOp|Move(W)@Move(W)|NoOp@NoOp|NoOp@NoOp|NoOp@NoOp|NoOp@NoOp|NoOp@NoOp|NoOp@NoOp|NoOp@NoOp
1022914125:NoOp@NoOp|NoOp@NoOp|Move(W)@Move(W)|NoOp@NoOp|NoOp@NoOp|NoOp@NoOp|NoOp@NoOp|NoOp@NoOp|NoOp@NoOp|NoOp@NoOp
1022932833:NoOp@NoOp|NoOp@NoOp|Move(W)@Move(W)|NoOp@NoOp|NoOp@NoOp|NoOp@NoOp|NoOp@NoOp|NoOp@NoOp|NoOp@NoOp|NoOp@NoOp
1022944083:NoOp@NoOp|NoOp@NoOp|Move(W)@Move(W)|NoOp@NoOp|NoOp@NoOp|NoOp@NoOp|NoOp@NoOp|NoOp@NoOp|NoOp@NoOp|NoOp@NoOp
1022954625:NoOp@NoOp|NoOp@NoOp|Move(N)@Move(N)|NoOp@NoOp|NoOp@NoOp|NoOp@NoOp|NoOp@NoOp|NoOp@NoOp|NoOp@NoOp|NoOp@NoOp
1022964708:NoOp@NoOp|NoOp@NoOp|Move(N)@Move(N)|NoOp@NoOp|NoOp@NoOp|NoOp@NoOp|NoOp@NoOp|NoOp@NoOp|NoOp@NoOp|NoOp@NoOp
1022978333:NoOp@NoOp|NoOp@NoOp|Move(N)@Move(N)|NoOp@NoOp|NoOp@NoOp|NoOp@NoOp|NoOp@NoOp|NoOp@NoOp|NoOp@NoOp|NoOp@NoOp
1022990542:NoOp@NoOp|NoOp@NoOp|Move(W)@Move(W)|NoOp@NoOp|NoOp@NoOp|NoOp@NoOp|NoOp@NoOp|NoOp@NoOp|NoOp@NoOp|NoOp@NoOp
1023008042:NoOp@NoOp|NoOp@NoOp|Move(W)@Move(W)|NoOp@NoOp|NoOp@NoOp|NoOp@NoOp|NoOp@NoOp|NoOp@NoOp|NoOp@NoOp|NoOp@NoOp
1023022750:NoOp@NoOp|NoOp@NoOp|Move(W)@Move(W)|NoOp@NoOp|NoOp@NoOp|NoOp@NoOp|NoOp@NoOp|NoOp@NoOp|NoOp@NoOp|NoOp@NoOp
1023035375:NoOp@NoOp|NoOp@NoOp|Move(W)@Move(W)|NoOp@NoOp|NoOp@NoOp|NoOp@NoOp|NoOp@NoOp|NoOp@NoOp|NoOp@NoOp|NoOp@NoOp
1023045958:NoOp@NoOp|NoOp@NoOp|Move(S)@Move(S)|NoOp@NoOp|NoOp@NoOp|NoOp@NoOp|NoOp@NoOp|NoOp@NoOp|NoOp@NoOp|NoOp@NoOp
1023057292:NoOp@NoOp|NoOp@NoOp|Move(S)@Move(S)|NoOp@NoOp|NoOp@NoOp|NoOp@NoOp|NoOp@NoOp|NoOp@NoOp|NoOp@NoOp|NoOp@NoOp
1023071583:NoOp@NoOp|NoOp@NoOp|Move(S)@Move(S)|NoOp@NoOp|NoOp@NoOp|NoOp@NoOp|NoOp@NoOp|NoOp@NoOp|NoOp@NoOp|NoOp@NoOp
1023091125:NoOp@NoOp|NoOp@NoOp|Move(S)@Move(S)|NoOp@NoOp|NoOp@NoOp|NoOp@NoOp|NoOp@NoOp|NoOp@NoOp|NoOp@NoOp|NoOp@NoOp
1023103917:NoOp@NoOp|NoOp@NoOp|Move(S)@Move(S)|NoOp@NoOp|NoOp@NoOp|NoOp@NoOp|NoOp@NoOp|NoOp@NoOp|NoOp@NoOp|NoOp@NoOp
1023115417:NoOp@NoOp|NoOp@NoOp|Move(S)@Move(S)|NoOp@NoOp|NoOp@NoOp|NoOp@NoOp|NoOp@NoOp|NoOp@NoOp|NoOp@NoOp|NoOp@NoOp
1023129833:NoOp@NoOp|NoOp@NoOp|Move(S)@Move(S)|NoOp@NoOp|NoOp@NoOp|NoOp@NoOp|NoOp@NoOp|NoOp@NoOp|NoOp@NoOp|NoOp@NoOp
1023141667:NoOp@NoOp|NoOp@NoOp|Move(S)@Move(S)|NoOp@NoOp|NoOp@NoOp|NoOp@NoOp|NoOp@NoOp|NoOp@NoOp|NoOp@NoOp|NoOp@NoOp
1023156833:NoOp@NoOp|NoOp@NoOp|Move(S)@Move(S)|NoOp@NoOp|NoOp@NoOp|NoOp@NoOp|NoOp@NoOp|NoOp@NoOp|NoOp@NoOp|NoOp@NoOp
1023228750:NoOp@NoOp|NoOp@NoOp|Move(S)@Move(S)|NoOp@NoOp|NoOp@NoOp|NoOp@NoOp|NoOp@NoOp|NoOp@NoOp|NoOp@NoOp|NoOp@NoOp
1023257125:NoOp@NoOp|NoOp@NoOp|Move(S)@Move(S)|NoOp@NoOp|NoOp@NoOp|NoOp@NoOp|NoOp@NoOp|NoOp@NoOp|NoOp@NoOp|NoOp@NoOp
1023275458:NoOp@NoOp|NoOp@NoOp|Move(S)@Move(S)|NoOp@NoOp|NoOp@NoOp|NoOp@NoOp|NoOp@NoOp|NoOp@NoOp|NoOp@NoOp|NoOp@NoOp
1023298250:NoOp@NoOp|NoOp@NoOp|Move(S)@Move(S)|NoOp@NoOp|NoOp@NoOp|NoOp@NoOp|NoOp@NoOp|NoOp@NoOp|NoOp@NoOp|NoOp@NoOp
1023314917:NoOp@NoOp|NoOp@NoOp|Move(S)@Move(S)|NoOp@NoOp|NoOp@NoOp|NoOp@NoOp|NoOp@NoOp|NoOp@NoOp|NoOp@NoOp|NoOp@NoOp
1023325750:NoOp@NoOp|NoOp@NoOp|Move(S)@Move(S)|NoOp@NoOp|NoOp@NoOp|NoOp@NoOp|NoOp@NoOp|NoOp@NoOp|NoOp@NoOp|NoOp@NoOp
1023337042:NoOp@NoOp|NoOp@NoOp|Move(W)@Move(W)|NoOp@NoOp|NoOp@NoOp|NoOp@NoOp|NoOp@NoOp|NoOp@NoOp|NoOp@NoOp|NoOp@NoOp
1023353833:NoOp@NoOp|NoOp@NoOp|Move(W)@Move(W)|NoOp@NoOp|NoOp@NoOp|NoOp@NoOp|NoOp@NoOp|NoOp@NoOp|NoOp@NoOp|NoOp@NoOp
1023364083:NoOp@NoOp|NoOp@NoOp|Move(W)@Move(W)|NoOp@NoOp|NoOp@NoOp|NoOp@NoOp|NoOp@NoOp|NoOp@NoOp|NoOp@NoOp|NoOp@NoOp
1023374000:NoOp@NoOp|NoOp@NoOp|Move(W)@Move(W)|NoOp@NoOp|NoOp@NoOp|NoOp@NoOp|NoOp@NoOp|NoOp@NoOp|NoOp@NoOp|NoOp@NoOp
1023387125:NoOp@NoOp|NoOp@NoOp|Move(W)@Move(W)|NoOp@NoOp|NoOp@NoOp|NoOp@NoOp|NoOp@NoOp|NoOp@NoOp|NoOp@NoOp|NoOp@NoOp
1023397833:NoOp@NoOp|NoOp@NoOp|Move(W)@Move(W)|NoOp@NoOp|NoOp@NoOp|NoOp@NoOp|NoOp@NoOp|NoOp@NoOp|NoOp@NoOp|NoOp@NoOp
1023408917:NoOp@NoOp|NoOp@NoOp|Move(W)@Move(W)|NoOp@NoOp|NoOp@NoOp|NoOp@NoOp|NoOp@NoOp|NoOp@NoOp|NoOp@NoOp|NoOp@NoOp
1023426458:NoOp@NoOp|NoOp@NoOp|Move(W)@Move(W)|NoOp@NoOp|NoOp@NoOp|NoOp@NoOp|NoOp@NoOp|NoOp@NoOp|NoOp@NoOp|NoOp@NoOp
1023437917:NoOp@NoOp|NoOp@NoOp|Move(W)@Move(W)|NoOp@NoOp|NoOp@NoOp|NoOp@NoOp|NoOp@NoOp|NoOp@NoOp|NoOp@NoOp|NoOp@NoOp
1023447875:NoOp@NoOp|NoOp@NoOp|Move(W)@Move(W)|NoOp@NoOp|NoOp@NoOp|NoOp@NoOp|NoOp@NoOp|NoOp@NoOp|NoOp@NoOp|NoOp@NoOp
1023460833:NoOp@NoOp|NoOp@NoOp|Move(W)@Move(W)|NoOp@NoOp|NoOp@NoOp|NoOp@NoOp|NoOp@NoOp|NoOp@NoOp|NoOp@NoOp|NoOp@NoOp
1023471625:NoOp@NoOp|NoOp@NoOp|Move(W)@Move(W)|NoOp@NoOp|NoOp@NoOp|NoOp@NoOp|NoOp@NoOp|NoOp@NoOp|NoOp@NoOp|NoOp@NoOp
1023482542:NoOp@NoOp|NoOp@NoOp|Move(W)@Move(W)|NoOp@NoOp|NoOp@NoOp|NoOp@NoOp|NoOp@NoOp|NoOp@NoOp|NoOp@NoOp|NoOp@NoOp
1023501583:NoOp@NoOp|NoOp@NoOp|Move(W)@Move(W)|NoOp@NoOp|NoOp@NoOp|NoOp@NoOp|NoOp@NoOp|NoOp@NoOp|NoOp@NoOp|NoOp@NoOp
1023511542:NoOp@NoOp|NoOp@NoOp|Move(W)@Move(W)|NoOp@NoOp|NoOp@NoOp|NoOp@NoOp|NoOp@NoOp|NoOp@NoOp|NoOp@NoOp|NoOp@NoOp
1023524208:NoOp@NoOp|NoOp@NoOp|Move(W)@Move(W)|NoOp@NoOp|NoOp@NoOp|NoOp@NoOp|NoOp@NoOp|NoOp@NoOp|NoOp@NoOp|NoOp@NoOp
1023535875:NoOp@NoOp|NoOp@NoOp|Move(W)@Move(W)|NoOp@NoOp|NoOp@NoOp|NoOp@NoOp|NoOp@NoOp|NoOp@NoOp|NoOp@NoOp|NoOp@NoOp
1023545625:NoOp@NoOp|NoOp@NoOp|Move(W)@Move(W)|NoOp@NoOp|NoOp@NoOp|NoOp@NoOp|NoOp@NoOp|NoOp@NoOp|NoOp@NoOp|NoOp@NoOp
1023558375:NoOp@NoOp|NoOp@NoOp|Pull(E,E)@Pull(E,E)|NoOp@NoOp|NoOp@NoOp|NoOp@NoOp|NoOp@NoOp|NoOp@NoOp|NoOp@NoOp|NoOp@NoOp
1023573167:NoOp@NoOp|NoOp@NoOp|Pull(E,E)@Pull(E,E)|NoOp@NoOp|NoOp@NoOp|NoOp@NoOp|NoOp@NoOp|NoOp@NoOp|NoOp@NoOp|NoOp@NoOp
1023589000:NoOp@NoOp|NoOp@NoOp|Pull(E,E)@Pull(E,E)|NoOp@NoOp|NoOp@NoOp|NoOp@NoOp|NoOp@NoOp|NoOp@NoOp|NoOp@NoOp|NoOp@NoOp
1023601375:NoOp@NoOp|NoOp@NoOp|Pull(E,E)@Pull(E,E)|NoOp@NoOp|NoOp@NoOp|NoOp@NoOp|NoOp@NoOp|NoOp@NoOp|NoOp@NoOp|NoOp@NoOp
1023613083:NoOp@NoOp|NoOp@NoOp|Pull(E,E)@Pull(E,E)|NoOp@NoOp|NoOp@NoOp|NoOp@NoOp|NoOp@NoOp|NoOp@NoOp|NoOp@NoOp|NoOp@NoOp
1023623708:NoOp@NoOp|NoOp@NoOp|Pull(E,E)@Pull(E,E)|NoOp@NoOp|NoOp@NoOp|NoOp@NoOp|NoOp@NoOp|NoOp@NoOp|NoOp@NoOp|NoOp@NoOp
1023633917:NoOp@NoOp|NoOp@NoOp|Pull(E,E)@Pull(E,E)|NoOp@NoOp|NoOp@NoOp|NoOp@NoOp|NoOp@NoOp|NoOp@NoOp|NoOp@NoOp|NoOp@NoOp
1023649250:NoOp@NoOp|NoOp@NoOp|Pull(E,E)@Pull(E,E)|NoOp@NoOp|NoOp@NoOp|NoOp@NoOp|NoOp@NoOp|NoOp@NoOp|NoOp@NoOp|NoOp@NoOp
1023660583:NoOp@NoOp|NoOp@NoOp|Pull(E,E)@Pull(E,E)|NoOp@NoOp|NoOp@NoOp|NoOp@NoOp|NoOp@NoOp|NoOp@NoOp|NoOp@NoOp|NoOp@NoOp
1023670917:NoOp@NoOp|NoOp@NoOp|Pull(E,E)@Pull(E,E)|NoOp@NoOp|NoOp@NoOp|NoOp@NoOp|NoOp@NoOp|NoOp@NoOp|NoOp@NoOp|NoOp@NoOp
1023684375:NoOp@NoOp|NoOp@NoOp|Pull(E,E)@Pull(E,E)|NoOp@NoOp|NoOp@NoOp|NoOp@NoOp|NoOp@NoOp|NoOp@NoOp|NoOp@NoOp|NoOp@NoOp
1023695917:NoOp@NoOp|NoOp@NoOp|Pull(E,E)@Pull(E,E)|NoOp@NoOp|NoOp@NoOp|NoOp@NoOp|NoOp@NoOp|NoOp@NoOp|NoOp@NoOp|NoOp@NoOp
1023708958:NoOp@NoOp|NoOp@NoOp|Pull(E,E)@Pull(E,E)|NoOp@NoOp|NoOp@NoOp|NoOp@NoOp|NoOp@NoOp|NoOp@NoOp|NoOp@NoOp|NoOp@NoOp
1023726917:NoOp@NoOp|NoOp@NoOp|Pull(E,E)@Pull(E,E)|NoOp@NoOp|NoOp@NoOp|NoOp@NoOp|NoOp@NoOp|NoOp@NoOp|NoOp@NoOp|NoOp@NoOp
1023739333:NoOp@NoOp|NoOp@NoOp|Pull(E,E)@Pull(E,E)|NoOp@NoOp|NoOp@NoOp|NoOp@NoOp|NoOp@NoOp|NoOp@NoOp|NoOp@NoOp|NoOp@NoOp
1023749917:NoOp@NoOp|NoOp@NoOp|Push(W,S)@Push(W,S)|NoOp@NoOp|NoOp@NoOp|NoOp@NoOp|NoOp@NoOp|NoOp@NoOp|NoOp@NoOp|NoOp@NoOp
1023760167:NoOp@NoOp|NoOp@NoOp|Push(S,E)@Push(S,E)|NoOp@NoOp|NoOp@NoOp|NoOp@NoOp|NoOp@NoOp|NoOp@NoOp|NoOp@NoOp|NoOp@NoOp
1023770958:NoOp@NoOp|NoOp@NoOp|NoOp@NoOp|NoOp@NoOp|NoOp@NoOp|Move(S)@Move(S)|NoOp@NoOp|NoOp@NoOp|NoOp@NoOp|NoOp@NoOp
1023789875:NoOp@NoOp|NoOp@NoOp|NoOp@NoOp|NoOp@NoOp|Move(N)@Move(N)|NoOp@NoOp|NoOp@NoOp|NoOp@NoOp|NoOp@NoOp|NoOp@NoOp
1023812833:NoOp@NoOp|NoOp@NoOp|NoOp@NoOp|NoOp@NoOp|Move(E)@Move(E)|NoOp@NoOp|NoOp@NoOp|NoOp@NoOp|NoOp@NoOp|NoOp@NoOp
1023829292:NoOp@NoOp|NoOp@NoOp|NoOp@NoOp|NoOp@NoOp|Move(N)@Move(N)|NoOp@NoOp|NoOp@NoOp|NoOp@NoOp|NoOp@NoOp|NoOp@NoOp
1023845125:NoOp@NoOp|NoOp@NoOp|NoOp@NoOp|NoOp@NoOp|Move(N)@Move(N)|NoOp@NoOp|NoOp@NoOp|NoOp@NoOp|NoOp@NoOp|NoOp@NoOp
1023858542:NoOp@NoOp|NoOp@NoOp|NoOp@NoOp|NoOp@NoOp|Move(N)@Move(N)|NoOp@NoOp|NoOp@NoOp|NoOp@NoOp|NoOp@NoOp|NoOp@NoOp
1023870292:NoOp@NoOp|NoOp@NoOp|NoOp@NoOp|NoOp@NoOp|Move(W)@Move(W)|NoOp@NoOp|NoOp@NoOp|NoOp@NoOp|NoOp@NoOp|NoOp@NoOp
1023881625:NoOp@NoOp|NoOp@NoOp|NoOp@NoOp|NoOp@NoOp|Move(W)@Move(W)|NoOp@NoOp|NoOp@NoOp|NoOp@NoOp|NoOp@NoOp|NoOp@NoOp
1023896083:NoOp@NoOp|NoOp@NoOp|NoOp@NoOp|NoOp@NoOp|Move(W)@Move(W)|NoOp@NoOp|NoOp@NoOp|NoOp@NoOp|NoOp@NoOp|NoOp@NoOp
1023907750:NoOp@NoOp|NoOp@NoOp|NoOp@NoOp|NoOp@NoOp|Move(N)@Move(N)|NoOp@NoOp|NoOp@NoOp|NoOp@NoOp|NoOp@NoOp|NoOp@NoOp
1023923375:NoOp@NoOp|NoOp@NoOp|NoOp@NoOp|NoOp@NoOp|Move(W)@Move(W)|NoOp@NoOp|NoOp@NoOp|NoOp@NoOp|NoOp@NoOp|NoOp@NoOp
1023934833:NoOp@NoOp|NoOp@NoOp|NoOp@NoOp|NoOp@NoOp|Move(N)@Move(N)|NoOp@NoOp|NoOp@NoOp|NoOp@NoOp|NoOp@NoOp|NoOp@NoOp
1023945208:NoOp@NoOp|NoOp@NoOp|NoOp@NoOp|NoOp@NoOp|Move(N)@Move(N)|NoOp@NoOp|NoOp@NoOp|NoOp@NoOp|NoOp@NoOp|NoOp@NoOp
1023956208:NoOp@NoOp|NoOp@NoOp|NoOp@NoOp|NoOp@NoOp|Move(N)@Move(N)|NoOp@NoOp|NoOp@NoOp|NoOp@NoOp|NoOp@NoOp|NoOp@NoOp
1023973000:NoOp@NoOp|NoOp@NoOp|NoOp@NoOp|NoOp@NoOp|Move(N)@Move(N)|NoOp@NoOp|NoOp@NoOp|NoOp@NoOp|NoOp@NoOp|NoOp@NoOp
1023983708:NoOp@NoOp|NoOp@NoOp|NoOp@NoOp|NoOp@NoOp|Move(N)@Move(N)|NoOp@NoOp|NoOp@NoOp|NoOp@NoOp|NoOp@NoOp|NoOp@NoOp
1023993917:NoOp@NoOp|NoOp@NoOp|NoOp@NoOp|NoOp@NoOp|Move(N)@Move(N)|NoOp@NoOp|NoOp@NoOp|NoOp@NoOp|NoOp@NoOp|NoOp@NoOp
1024006875:NoOp@NoOp|NoOp@NoOp|NoOp@NoOp|NoOp@NoOp|Move(W)@Move(W)|NoOp@NoOp|NoOp@NoOp|NoOp@NoOp|NoOp@NoOp|NoOp@NoOp
1024018083:NoOp@NoOp|NoOp@NoOp|NoOp@NoOp|NoOp@NoOp|Move(W)@Move(W)|NoOp@NoOp|NoOp@NoOp|NoOp@NoOp|NoOp@NoOp|NoOp@NoOp
1024028292:NoOp@NoOp|NoOp@NoOp|NoOp@NoOp|NoOp@NoOp|Move(S)@Move(S)|NoOp@NoOp|NoOp@NoOp|NoOp@NoOp|NoOp@NoOp|NoOp@NoOp
1024044708:NoOp@NoOp|NoOp@NoOp|NoOp@NoOp|NoOp@NoOp|Move(W)@Move(W)|NoOp@NoOp|NoOp@NoOp|NoOp@NoOp|NoOp@NoOp|NoOp@NoOp
1024055542:NoOp@NoOp|NoOp@NoOp|NoOp@NoOp|NoOp@NoOp|Move(W)@Move(W)|NoOp@NoOp|NoOp@NoOp|NoOp@NoOp|NoOp@NoOp|NoOp@NoOp
1024066250:NoOp@NoOp|NoOp@NoOp|NoOp@NoOp|NoOp@NoOp|Move(S)@Move(S)|NoOp@NoOp|NoOp@NoOp|NoOp@NoOp|NoOp@NoOp|NoOp@NoOp
1024078750:NoOp@NoOp|NoOp@NoOp|NoOp@NoOp|NoOp@NoOp|Move(W)@Move(W)|NoOp@NoOp|NoOp@NoOp|NoOp@NoOp|NoOp@NoOp|NoOp@NoOp
1024090000:NoOp@NoOp|NoOp@NoOp|NoOp@NoOp|NoOp@NoOp|Move(W)@Move(W)|NoOp@NoOp|NoOp@NoOp|NoOp@NoOp|NoOp@NoOp|NoOp@NoOp
1024098708:NoOp@NoOp|NoOp@NoOp|NoOp@NoOp|NoOp@NoOp|Move(S)@Move(S)|NoOp@NoOp|NoOp@NoOp|NoOp@NoOp|NoOp@NoOp|NoOp@NoOp
1024116917:NoOp@NoOp|NoOp@NoOp|NoOp@NoOp|NoOp@NoOp|Move(W)@Move(W)|NoOp@NoOp|NoOp@NoOp|NoOp@NoOp|NoOp@NoOp|NoOp@NoOp
1024147583:NoOp@NoOp|NoOp@NoOp|NoOp@NoOp|NoOp@NoOp|Move(W)@Move(W)|NoOp@NoOp|NoOp@NoOp|NoOp@NoOp|NoOp@NoOp|NoOp@NoOp
1024177125:NoOp@NoOp|NoOp@NoOp|NoOp@NoOp|NoOp@NoOp|Move(W)@Move(W)|NoOp@NoOp|NoOp@NoOp|NoOp@NoOp|NoOp@NoOp|NoOp@NoOp
1024194833:NoOp@NoOp|NoOp@NoOp|NoOp@NoOp|NoOp@NoOp|Move(W)@Move(W)|NoOp@NoOp|NoOp@NoOp|NoOp@NoOp|NoOp@NoOp|NoOp@NoOp
1024206000:NoOp@NoOp|NoOp@NoOp|NoOp@NoOp|NoOp@NoOp|Move(W)@Move(W)|NoOp@NoOp|NoOp@NoOp|NoOp@NoOp|NoOp@NoOp|NoOp@NoOp
1024218167:NoOp@NoOp|NoOp@NoOp|NoOp@NoOp|NoOp@NoOp|Pull(E,S)@Pull(E,S)|NoOp@NoOp|NoOp@NoOp|NoOp@NoOp|NoOp@NoOp|NoOp@NoOp
1024231250:NoOp@NoOp|NoOp@NoOp|NoOp@NoOp|NoOp@NoOp|Pull(E,E)@Pull(E,E)|NoOp@NoOp|NoOp@NoOp|NoOp@NoOp|NoOp@NoOp|NoOp@NoOp
1024240792:NoOp@NoOp|NoOp@NoOp|NoOp@NoOp|NoOp@NoOp|Pull(E,E)@Pull(E,E)|NoOp@NoOp|NoOp@NoOp|NoOp@NoOp|NoOp@NoOp|NoOp@NoOp
1024251792:NoOp@NoOp|NoOp@NoOp|NoOp@NoOp|NoOp@NoOp|Push(W,N)@Push(W,N)|NoOp@NoOp|NoOp@NoOp|NoOp@NoOp|NoOp@NoOp|NoOp@NoOp
1024265083:NoOp@NoOp|NoOp@NoOp|NoOp@NoOp|NoOp@NoOp|Push(N,E)@Push(N,E)|NoOp@NoOp|NoOp@NoOp|NoOp@NoOp|NoOp@NoOp|NoOp@NoOp
1024280917:NoOp@NoOp|NoOp@NoOp|NoOp@NoOp|NoOp@NoOp|Push(E,E)@Push(E,E)|NoOp@NoOp|NoOp@NoOp|NoOp@NoOp|NoOp@NoOp|NoOp@NoOp
1024293500:NoOp@NoOp|NoOp@NoOp|NoOp@NoOp|NoOp@NoOp|Push(E,E)@Push(E,E)|NoOp@NoOp|NoOp@NoOp|NoOp@NoOp|NoOp@NoOp|NoOp@NoOp
1024316917:NoOp@NoOp|NoOp@NoOp|NoOp@NoOp|NoOp@NoOp|Push(E,E)@Push(E,E)|NoOp@NoOp|NoOp@NoOp|NoOp@NoOp|NoOp@NoOp|NoOp@NoOp
1024335000:NoOp@NoOp|NoOp@NoOp|NoOp@NoOp|NoOp@NoOp|Push(E,E)@Push(E,E)|NoOp@NoOp|NoOp@NoOp|NoOp@NoOp|NoOp@NoOp|NoOp@NoOp
1024352333:NoOp@NoOp|NoOp@NoOp|NoOp@NoOp|NoOp@NoOp|Push(E,N)@Push(E,N)|NoOp@NoOp|NoOp@NoOp|NoOp@NoOp|NoOp@NoOp|NoOp@NoOp
1024366375:NoOp@NoOp|NoOp@NoOp|NoOp@NoOp|NoOp@NoOp|Push(N,N)@Push(N,N)|NoOp@NoOp|NoOp@NoOp|NoOp@NoOp|NoOp@NoOp|NoOp@NoOp
1024378750:NoOp@NoOp|NoOp@NoOp|NoOp@NoOp|NoOp@NoOp|Push(N,E)@Push(N,E)|NoOp@NoOp|NoOp@NoOp|NoOp@NoOp|NoOp@NoOp|NoOp@NoOp
1024391167:NoOp@NoOp|NoOp@NoOp|NoOp@NoOp|NoOp@NoOp|Push(E,E)@Push(E,E)|NoOp@NoOp|NoOp@NoOp|NoOp@NoOp|NoOp@NoOp|NoOp@NoOp
1024408875:NoOp@NoOp|NoOp@NoOp|NoOp@NoOp|NoOp@NoOp|Push(E,E)@Push(E,E)|NoOp@NoOp|NoOp@NoOp|NoOp@NoOp|NoOp@NoOp|NoOp@NoOp
1024422292:NoOp@NoOp|NoOp@NoOp|NoOp@NoOp|NoOp@NoOp|Push(E,E)@Push(E,E)|NoOp@NoOp|NoOp@NoOp|NoOp@NoOp|NoOp@NoOp|NoOp@NoOp
1024436417:NoOp@NoOp|NoOp@NoOp|NoOp@NoOp|NoOp@NoOp|Push(E,N)@Push(E,N)|NoOp@NoOp|NoOp@NoOp|NoOp@NoOp|NoOp@NoOp|NoOp@NoOp
1024449333:NoOp@NoOp|NoOp@NoOp|NoOp@NoOp|NoOp@NoOp|Push(N,E)@Push(N,E)|NoOp@NoOp|NoOp@NoOp|NoOp@NoOp|NoOp@NoOp|NoOp@NoOp
1024464250:NoOp@NoOp|NoOp@NoOp|NoOp@NoOp|NoOp@NoOp|Push(E,E)@Push(E,E)|NoOp@NoOp|NoOp@NoOp|NoOp@NoOp|NoOp@NoOp|NoOp@NoOp
1024477917:NoOp@NoOp|NoOp@NoOp|NoOp@NoOp|NoOp@NoOp|Push(E,E)@Push(E,E)|NoOp@NoOp|NoOp@NoOp|NoOp@NoOp|NoOp@NoOp|NoOp@NoOp
1024492917:NoOp@NoOp|NoOp@NoOp|NoOp@NoOp|NoOp@NoOp|Push(E,S)@Push(E,S)|NoOp@NoOp|NoOp@NoOp|NoOp@NoOp|NoOp@NoOp|NoOp@NoOp
1024507125:NoOp@NoOp|NoOp@NoOp|NoOp@NoOp|NoOp@NoOp|Push(S,E)@Push(S,E)|NoOp@NoOp|NoOp@NoOp|NoOp@NoOp|NoOp@NoOp|NoOp@NoOp
1024518542:NoOp@NoOp|NoOp@NoOp|NoOp@NoOp|NoOp@NoOp|Push(E,E)@Push(E,E)|NoOp@NoOp|NoOp@NoOp|NoOp@NoOp|NoOp@NoOp|NoOp@NoOp
1024530250:NoOp@NoOp|NoOp@NoOp|NoOp@NoOp|NoOp@NoOp|Push(E,E)@Push(E,E)|NoOp@NoOp|NoOp@NoOp|NoOp@NoOp|NoOp@NoOp|NoOp@NoOp
1024542708:NoOp@NoOp|NoOp@NoOp|NoOp@NoOp|NoOp@NoOp|Push(E,S)@Push(E,S)|NoOp@NoOp|NoOp@NoOp|NoOp@NoOp|NoOp@NoOp|NoOp@NoOp
1024554458:NoOp@NoOp|NoOp@NoOp|NoOp@NoOp|NoOp@NoOp|Push(S,S)@Push(S,S)|NoOp@NoOp|NoOp@NoOp|NoOp@NoOp|NoOp@NoOp|NoOp@NoOp
1024568708:NoOp@NoOp|NoOp@NoOp|NoOp@NoOp|NoOp@NoOp|Push(S,S)@Push(S,S)|NoOp@NoOp|NoOp@NoOp|NoOp@NoOp|NoOp@NoOp|NoOp@NoOp
1024582333:NoOp@NoOp|NoOp@NoOp|NoOp@NoOp|NoOp@NoOp|Push(S,E)@Push(S,E)|NoOp@NoOp|NoOp@NoOp|NoOp@NoOp|NoOp@NoOp|NoOp@NoOp
1024593542:NoOp@NoOp|NoOp@NoOp|NoOp@NoOp|NoOp@NoOp|Push(E,E)@Push(E,E)|NoOp@NoOp|NoOp@NoOp|NoOp@NoOp|NoOp@NoOp|NoOp@NoOp
1024605083:NoOp@NoOp|NoOp@NoOp|NoOp@NoOp|NoOp@NoOp|Push(E,E)@Push(E,E)|NoOp@NoOp|NoOp@NoOp|NoOp@NoOp|NoOp@NoOp|NoOp@NoOp
1024615333:NoOp@NoOp|NoOp@NoOp|NoOp@NoOp|NoOp@NoOp|Push(E,E)@Push(E,E)|NoOp@NoOp|NoOp@NoOp|NoOp@NoOp|NoOp@NoOp|NoOp@NoOp
1024627833:NoOp@NoOp|NoOp@NoOp|NoOp@NoOp|NoOp@NoOp|Push(E,S)@Push(E,S)|NoOp@NoOp|NoOp@NoOp|NoOp@NoOp|NoOp@NoOp|NoOp@NoOp
1024640375:NoOp@NoOp|NoOp@NoOp|NoOp@NoOp|NoOp@NoOp|NoOp@NoOp|NoOp@NoOp|NoOp@NoOp|Move(W)@Move(W)|NoOp@NoOp|NoOp@NoOp
1024656125:NoOp@NoOp|NoOp@NoOp|NoOp@NoOp|NoOp@NoOp|NoOp@NoOp|NoOp@NoOp|NoOp@NoOp|Push(W,N)@Push(W,N)|NoOp@NoOp|NoOp@NoOp
1024668958:NoOp@NoOp|NoOp@NoOp|NoOp@NoOp|NoOp@NoOp|NoOp@NoOp|NoOp@NoOp|NoOp@NoOp|Push(N,E)@Push(N,E)|NoOp@NoOp|NoOp@NoOp
1024681958:NoOp@NoOp|NoOp@NoOp|NoOp@NoOp|NoOp@NoOp|Move(N)@Move(N)|NoOp@NoOp|NoOp@NoOp|NoOp@NoOp|NoOp@NoOp|NoOp@NoOp
1024696083:NoOp@NoOp|NoOp@NoOp|NoOp@NoOp|NoOp@NoOp|NoOp@NoOp|NoOp@NoOp|Move(S)@Move(S)|NoOp@NoOp|NoOp@NoOp|NoOp@NoOp
1024707583:NoOp@NoOp|NoOp@NoOp|NoOp@NoOp|NoOp@NoOp|NoOp@NoOp|NoOp@NoOp|Move(E)@Move(E)|NoOp@NoOp|NoOp@NoOp|NoOp@NoOp
1024722917:NoOp@NoOp|NoOp@NoOp|NoOp@NoOp|NoOp@NoOp|NoOp@NoOp|NoOp@NoOp|Move(E)@Move(E)|NoOp@NoOp|NoOp@NoOp|NoOp@NoOp
1024734042:NoOp@NoOp|NoOp@NoOp|NoOp@NoOp|NoOp@NoOp|NoOp@NoOp|NoOp@NoOp|Move(E)@Move(E)|NoOp@NoOp|NoOp@NoOp|NoOp@NoOp
1024749958:NoOp@NoOp|NoOp@NoOp|NoOp@NoOp|NoOp@NoOp|NoOp@NoOp|NoOp@NoOp|Move(E)@Move(E)|NoOp@NoOp|NoOp@NoOp|NoOp@NoOp
1024765750:NoOp@NoOp|NoOp@NoOp|NoOp@NoOp|NoOp@NoOp|NoOp@NoOp|NoOp@NoOp|Move(E)@Move(E)|NoOp@NoOp|NoOp@NoOp|NoOp@NoOp
1024780917:NoOp@NoOp|NoOp@NoOp|NoOp@NoOp|NoOp@NoOp|NoOp@NoOp|NoOp@NoOp|Move(E)@Move(E)|NoOp@NoOp|NoOp@NoOp|NoOp@NoOp
1024792875:NoOp@NoOp|NoOp@NoOp|NoOp@NoOp|NoOp@NoOp|NoOp@NoOp|NoOp@NoOp|Move(E)@Move(E)|NoOp@NoOp|NoOp@NoOp|NoOp@NoOp
1024804250:NoOp@NoOp|NoOp@NoOp|NoOp@NoOp|NoOp@NoOp|NoOp@NoOp|NoOp@NoOp|Move(E)@Move(E)|NoOp@NoOp|NoOp@NoOp|NoOp@NoOp
1024823000:NoOp@NoOp|NoOp@NoOp|NoOp@NoOp|NoOp@NoOp|NoOp@NoOp|NoOp@NoOp|Move(E)@Move(E)|NoOp@NoOp|NoOp@NoOp|NoOp@NoOp
1024833250:NoOp@NoOp|NoOp@NoOp|NoOp@NoOp|NoOp@NoOp|NoOp@NoOp|NoOp@NoOp|Move(E)@Move(E)|NoOp@NoOp|NoOp@NoOp|NoOp@NoOp
1024844167:NoOp@NoOp|NoOp@NoOp|NoOp@NoOp|NoOp@NoOp|NoOp@NoOp|NoOp@NoOp|Pull(W,W)@Pull(W,W)|NoOp@NoOp|NoOp@NoOp|NoOp@NoOp
1024855083:NoOp@NoOp|NoOp@NoOp|NoOp@NoOp|NoOp@NoOp|NoOp@NoOp|NoOp@NoOp|Pull(W,W)@Pull(W,W)|NoOp@NoOp|NoOp@NoOp|NoOp@NoOp
1024865458:NoOp@NoOp|NoOp@NoOp|NoOp@NoOp|NoOp@NoOp|NoOp@NoOp|NoOp@NoOp|Pull(W,W)@Pull(W,W)|NoOp@NoOp|NoOp@NoOp|NoOp@NoOp
1024878417:NoOp@NoOp|NoOp@NoOp|NoOp@NoOp|NoOp@NoOp|NoOp@NoOp|NoOp@NoOp|Pull(W,W)@Pull(W,W)|NoOp@NoOp|NoOp@NoOp|NoOp@NoOp
1024894625:NoOp@NoOp|NoOp@NoOp|NoOp@NoOp|NoOp@NoOp|NoOp@NoOp|NoOp@NoOp|Pull(W,W)@Pull(W,W)|NoOp@NoOp|NoOp@NoOp|NoOp@NoOp
1024905292:NoOp@NoOp|NoOp@NoOp|NoOp@NoOp|NoOp@NoOp|NoOp@NoOp|NoOp@NoOp|Pull(W,W)@Pull(W,W)|NoOp@NoOp|NoOp@NoOp|NoOp@NoOp
1024915583:NoOp@NoOp|NoOp@NoOp|NoOp@NoOp|NoOp@NoOp|NoOp@NoOp|NoOp@NoOp|Pull(W,W)@Pull(W,W)|NoOp@NoOp|NoOp@NoOp|NoOp@NoOp
1024926083:NoOp@NoOp|NoOp@NoOp|NoOp@NoOp|NoOp@NoOp|NoOp@NoOp|NoOp@NoOp|Pull(W,W)@Pull(W,W)|NoOp@NoOp|NoOp@NoOp|NoOp@NoOp
1024936208:NoOp@NoOp|NoOp@NoOp|NoOp@NoOp|NoOp@NoOp|NoOp@NoOp|NoOp@NoOp|Pull(W,W)@Pull(W,W)|NoOp@NoOp|NoOp@NoOp|NoOp@NoOp
1024949500:NoOp@NoOp|NoOp@NoOp|NoOp@NoOp|NoOp@NoOp|NoOp@NoOp|NoOp@NoOp|Pull(W,W)@Pull(W,W)|NoOp@NoOp|NoOp@NoOp|NoOp@NoOp
1024965667:NoOp@NoOp|NoOp@NoOp|NoOp@NoOp|NoOp@NoOp|NoOp@NoOp|NoOp@NoOp|Pull(W,W)@Pull(W,W)|NoOp@NoOp|NoOp@NoOp|NoOp@NoOp
1024981208:NoOp@NoOp|NoOp@NoOp|NoOp@NoOp|NoOp@NoOp|NoOp@NoOp|NoOp@NoOp|Pull(W,W)@Pull(W,W)|NoOp@NoOp|NoOp@NoOp|NoOp@NoOp
1024993750:NoOp@NoOp|NoOp@NoOp|NoOp@NoOp|NoOp@NoOp|NoOp@NoOp|NoOp@NoOp|Pull(W,W)@Pull(W,W)|NoOp@NoOp|NoOp@NoOp|NoOp@NoOp
1025004250:NoOp@NoOp|NoOp@NoOp|NoOp@NoOp|NoOp@NoOp|NoOp@NoOp|NoOp@NoOp|Pull(W,W)@Pull(W,W)|NoOp@NoOp|NoOp@NoOp|NoOp@NoOp
1025014208:NoOp@NoOp|NoOp@NoOp|NoOp@NoOp|NoOp@NoOp|NoOp@NoOp|NoOp@NoOp|Pull(W,W)@Pull(W,W)|NoOp@NoOp|NoOp@NoOp|NoOp@NoOp
1025025750:NoOp@NoOp|NoOp@NoOp|NoOp@NoOp|NoOp@NoOp|NoOp@NoOp|NoOp@NoOp|Push(E,N)@Push(E,N)|NoOp@NoOp|NoOp@NoOp|NoOp@NoOp
1025040833:NoOp@NoOp|NoOp@NoOp|NoOp@NoOp|NoOp@NoOp|NoOp@NoOp|NoOp@NoOp|Push(N,N)@Push(N,N)|NoOp@NoOp|NoOp@NoOp|NoOp@NoOp
1025051958:NoOp@NoOp|NoOp@NoOp|NoOp@NoOp|NoOp@NoOp|NoOp@NoOp|NoOp@NoOp|Push(N,N)@Push(N,N)|NoOp@NoOp|NoOp@NoOp|NoOp@NoOp
1025063625:NoOp@NoOp|NoOp@NoOp|NoOp@NoOp|NoOp@NoOp|NoOp@NoOp|NoOp@NoOp|Push(N,N)@Push(N,N)|NoOp@NoOp|NoOp@NoOp|NoOp@NoOp
1025078958:NoOp@NoOp|NoOp@NoOp|NoOp@NoOp|NoOp@NoOp|NoOp@NoOp|NoOp@NoOp|Push(N,W)@Push(N,W)|NoOp@NoOp|NoOp@NoOp|NoOp@NoOp
1025100375:NoOp@NoOp|NoOp@NoOp|NoOp@NoOp|NoOp@NoOp|NoOp@NoOp|NoOp@NoOp|Push(W,W)@Push(W,W)|NoOp@NoOp|NoOp@NoOp|NoOp@NoOp
1025112500:NoOp@NoOp|NoOp@NoOp|NoOp@NoOp|NoOp@NoOp|NoOp@NoOp|NoOp@NoOp|Push(W,W)@Push(W,W)|NoOp@NoOp|NoOp@NoOp|NoOp@NoOp
1025130917:NoOp@NoOp|NoOp@NoOp|NoOp@NoOp|NoOp@NoOp|NoOp@NoOp|NoOp@NoOp|Push(W,W)@Push(W,W)|NoOp@NoOp|NoOp@NoOp|NoOp@NoOp
1025146917:NoOp@NoOp|NoOp@NoOp|NoOp@NoOp|NoOp@NoOp|NoOp@NoOp|NoOp@NoOp|Push(W,W)@Push(W,W)|NoOp@NoOp|NoOp@NoOp|NoOp@NoOp
1025158042:NoOp@NoOp|NoOp@NoOp|NoOp@NoOp|NoOp@NoOp|NoOp@NoOp|NoOp@NoOp|Push(W,W)@Push(W,W)|NoOp@NoOp|NoOp@NoOp|NoOp@NoOp
1025169208:NoOp@NoOp|NoOp@NoOp|NoOp@NoOp|NoOp@NoOp|NoOp@NoOp|NoOp@NoOp|Push(W,W)@Push(W,W)|NoOp@NoOp|NoOp@NoOp|NoOp@NoOp
1025179833:NoOp@NoOp|NoOp@NoOp|NoOp@NoOp|NoOp@NoOp|NoOp@NoOp|NoOp@NoOp|Push(W,S)@Push(W,S)|NoOp@NoOp|NoOp@NoOp|NoOp@NoOp
1025190583:NoOp@NoOp|NoOp@NoOp|NoOp@NoOp|NoOp@NoOp|NoOp@NoOp|NoOp@NoOp|Move(N)@Move(N)|NoOp@NoOp|NoOp@NoOp|NoOp@NoOp
1025206792:NoOp@NoOp|Move(N)@Move(N)|NoOp@NoOp|NoOp@NoOp|NoOp@NoOp|NoOp@NoOp|NoOp@NoOp|NoOp@NoOp|NoOp@NoOp|NoOp@NoOp
1025218375:NoOp@NoOp|Move(N)@Move(N)|NoOp@NoOp|NoOp@NoOp|NoOp@NoOp|NoOp@NoOp|NoOp@NoOp|NoOp@NoOp|NoOp@NoOp|NoOp@NoOp
1025233875:NoOp@NoOp|Move(N)@Move(N)|NoOp@NoOp|NoOp@NoOp|NoOp@NoOp|NoOp@NoOp|NoOp@NoOp|NoOp@NoOp|NoOp@NoOp|NoOp@NoOp
1025248958:NoOp@NoOp|Move(N)@Move(N)|NoOp@NoOp|NoOp@NoOp|NoOp@NoOp|NoOp@NoOp|NoOp@NoOp|NoOp@NoOp|NoOp@NoOp|NoOp@NoOp
1025268542:NoOp@NoOp|Move(N)@Move(N)|NoOp@NoOp|NoOp@NoOp|NoOp@NoOp|NoOp@NoOp|NoOp@NoOp|NoOp@NoOp|NoOp@NoOp|NoOp@NoOp
1025281542:NoOp@NoOp|Move(E)@Move(E)|NoOp@NoOp|NoOp@NoOp|NoOp@NoOp|NoOp@NoOp|NoOp@NoOp|NoOp@NoOp|NoOp@NoOp|NoOp@NoOp
1025297417:NoOp@NoOp|Move(E)@Move(E)|NoOp@NoOp|NoOp@NoOp|NoOp@NoOp|NoOp@NoOp|NoOp@NoOp|NoOp@NoOp|NoOp@NoOp|NoOp@NoOp
1025308667:NoOp@NoOp|Move(E)@Move(E)|NoOp@NoOp|NoOp@NoOp|NoOp@NoOp|NoOp@NoOp|NoOp@NoOp|NoOp@NoOp|NoOp@NoOp|NoOp@NoOp
1025325125:NoOp@NoOp|Move(E)@Move(E)|NoOp@NoOp|NoOp@NoOp|NoOp@NoOp|NoOp@NoOp|NoOp@NoOp|NoOp@NoOp|NoOp@NoOp|NoOp@NoOp
1025336000:NoOp@NoOp|Move(E)@Move(E)|NoOp@NoOp|NoOp@NoOp|NoOp@NoOp|NoOp@NoOp|NoOp@NoOp|NoOp@NoOp|NoOp@NoOp|NoOp@NoOp
1025350167:NoOp@NoOp|Move(E)@Move(E)|NoOp@NoOp|NoOp@NoOp|NoOp@NoOp|NoOp@NoOp|NoOp@NoOp|NoOp@NoOp|NoOp@NoOp|NoOp@NoOp
1025361125:NoOp@NoOp|Move(E)@Move(E)|NoOp@NoOp|NoOp@NoOp|NoOp@NoOp|NoOp@NoOp|NoOp@NoOp|NoOp@NoOp|NoOp@NoOp|NoOp@NoOp
1025376125:NoOp@NoOp|Move(E)@Move(E)|NoOp@NoOp|NoOp@NoOp|NoOp@NoOp|NoOp@NoOp|NoOp@NoOp|NoOp@NoOp|NoOp@NoOp|NoOp@NoOp
1025386583:NoOp@NoOp|Move(E)@Move(E)|NoOp@NoOp|NoOp@NoOp|NoOp@NoOp|NoOp@NoOp|NoOp@NoOp|NoOp@NoOp|NoOp@NoOp|NoOp@NoOp
1025401500:NoOp@NoOp|Move(E)@Move(E)|NoOp@NoOp|NoOp@NoOp|NoOp@NoOp|NoOp@NoOp|NoOp@NoOp|NoOp@NoOp|NoOp@NoOp|NoOp@NoOp
1025414833:NoOp@NoOp|Move(E)@Move(E)|NoOp@NoOp|NoOp@NoOp|NoOp@NoOp|NoOp@NoOp|NoOp@NoOp|NoOp@NoOp|NoOp@NoOp|NoOp@NoOp
1025426500:NoOp@NoOp|Move(E)@Move(E)|NoOp@NoOp|NoOp@NoOp|NoOp@NoOp|NoOp@NoOp|NoOp@NoOp|NoOp@NoOp|NoOp@NoOp|NoOp@NoOp
1025436875:NoOp@NoOp|Move(E)@Move(E)|NoOp@NoOp|NoOp@NoOp|NoOp@NoOp|NoOp@NoOp|NoOp@NoOp|NoOp@NoOp|NoOp@NoOp|NoOp@NoOp
1025453125:NoOp@NoOp|Move(E)@Move(E)|NoOp@NoOp|NoOp@NoOp|NoOp@NoOp|NoOp@NoOp|NoOp@NoOp|NoOp@NoOp|NoOp@NoOp|NoOp@NoOp
1025464292:NoOp@NoOp|Move(N)@Move(N)|NoOp@NoOp|NoOp@NoOp|NoOp@NoOp|NoOp@NoOp|NoOp@NoOp|NoOp@NoOp|NoOp@NoOp|NoOp@NoOp
1025475417:NoOp@NoOp|Move(N)@Move(N)|NoOp@NoOp|NoOp@NoOp|NoOp@NoOp|NoOp@NoOp|NoOp@NoOp|NoOp@NoOp|NoOp@NoOp|NoOp@NoOp
1025485708:NoOp@NoOp|Move(N)@Move(N)|NoOp@NoOp|NoOp@NoOp|NoOp@NoOp|NoOp@NoOp|NoOp@NoOp|NoOp@NoOp|NoOp@NoOp|NoOp@NoOp
1025499583:NoOp@NoOp|Move(N)@Move(N)|NoOp@NoOp|NoOp@NoOp|NoOp@NoOp|NoOp@NoOp|NoOp@NoOp|NoOp@NoOp|NoOp@NoOp|NoOp@NoOp
1025511958:NoOp@NoOp|Move(E)@Move(E)|NoOp@NoOp|NoOp@NoOp|NoOp@NoOp|NoOp@NoOp|NoOp@NoOp|NoOp@NoOp|NoOp@NoOp|NoOp@NoOp
1025563417:NoOp@NoOp|Push(E,S)@Push(E,S)|NoOp@NoOp|NoOp@NoOp|NoOp@NoOp|NoOp@NoOp|NoOp@NoOp|NoOp@NoOp|NoOp@NoOp|NoOp@NoOp
1025577958:NoOp@NoOp|Push(S,S)@Push(S,S)|NoOp@NoOp|NoOp@NoOp|NoOp@NoOp|NoOp@NoOp|NoOp@NoOp|NoOp@NoOp|NoOp@NoOp|NoOp@NoOp
1025588250:NoOp@NoOp|Push(S,S)@Push(S,S)|NoOp@NoOp|NoOp@NoOp|NoOp@NoOp|NoOp@NoOp|NoOp@NoOp|NoOp@NoOp|NoOp@NoOp|NoOp@NoOp
1025601750:NoOp@NoOp|Push(S,S)@Push(S,S)|NoOp@NoOp|NoOp@NoOp|NoOp@NoOp|NoOp@NoOp|NoOp@NoOp|NoOp@NoOp|NoOp@NoOp|NoOp@NoOp
1025616917:NoOp@NoOp|Push(S,W)@Push(S,W)|NoOp@NoOp|NoOp@NoOp|NoOp@NoOp|NoOp@NoOp|NoOp@NoOp|NoOp@NoOp|NoOp@NoOp|NoOp@NoOp
1025629833:NoOp@NoOp|Push(W,W)@Push(W,W)|NoOp@NoOp|NoOp@NoOp|NoOp@NoOp|NoOp@NoOp|NoOp@NoOp|NoOp@NoOp|NoOp@NoOp|NoOp@NoOp
1025646042:NoOp@NoOp|Push(W,W)@Push(W,W)|NoOp@NoOp|NoOp@NoOp|NoOp@NoOp|NoOp@NoOp|NoOp@NoOp|NoOp@NoOp|NoOp@NoOp|NoOp@NoOp
1025664083:NoOp@NoOp|Push(W,W)@Push(W,W)|NoOp@NoOp|NoOp@NoOp|NoOp@NoOp|NoOp@NoOp|NoOp@NoOp|NoOp@NoOp|NoOp@NoOp|NoOp@NoOp
1025681250:NoOp@NoOp|Push(W,W)@Push(W,W)|NoOp@NoOp|NoOp@NoOp|NoOp@NoOp|NoOp@NoOp|NoOp@NoOp|NoOp@NoOp|NoOp@NoOp|NoOp@NoOp
1025694000:NoOp@NoOp|Push(W,W)@Push(W,W)|NoOp@NoOp|NoOp@NoOp|NoOp@NoOp|NoOp@NoOp|NoOp@NoOp|NoOp@NoOp|NoOp@NoOp|NoOp@NoOp
1025704833:NoOp@NoOp|Push(W,W)@Push(W,W)|NoOp@NoOp|NoOp@NoOp|NoOp@NoOp|NoOp@NoOp|NoOp@NoOp|NoOp@NoOp|NoOp@NoOp|NoOp@NoOp
1025717750:NoOp@NoOp|Push(W,W)@Push(W,W)|NoOp@NoOp|NoOp@NoOp|NoOp@NoOp|NoOp@NoOp|NoOp@NoOp|NoOp@NoOp|NoOp@NoOp|NoOp@NoOp
1025733667:NoOp@NoOp|Push(W,W)@Push(W,W)|NoOp@NoOp|NoOp@NoOp|NoOp@NoOp|NoOp@NoOp|NoOp@NoOp|NoOp@NoOp|NoOp@NoOp|NoOp@NoOp
1025745833:NoOp@NoOp|Push(W,W)@Push(W,W)|NoOp@NoOp|NoOp@NoOp|NoOp@NoOp|NoOp@NoOp|NoOp@NoOp|NoOp@NoOp|NoOp@NoOp|NoOp@NoOp
1025756708:NoOp@NoOp|Push(W,W)@Push(W,W)|NoOp@NoOp|NoOp@NoOp|NoOp@NoOp|NoOp@NoOp|NoOp@NoOp|NoOp@NoOp|NoOp@NoOp|NoOp@NoOp
1025767667:NoOp@NoOp|Push(W,W)@Push(W,W)|NoOp@NoOp|NoOp@NoOp|NoOp@NoOp|NoOp@NoOp|NoOp@NoOp|NoOp@NoOp|NoOp@NoOp|NoOp@NoOp
1025782667:NoOp@NoOp|Push(W,W)@Push(W,W)|NoOp@NoOp|NoOp@NoOp|NoOp@NoOp|NoOp@NoOp|NoOp@NoOp|NoOp@NoOp|NoOp@NoOp|NoOp@NoOp
1025795542:NoOp@NoOp|Push(W,W)@Push(W,W)|NoOp@NoOp|NoOp@NoOp|NoOp@NoOp|NoOp@NoOp|NoOp@NoOp|NoOp@NoOp|NoOp@NoOp|NoOp@NoOp
1025814875:NoOp@NoOp|Push(W,W)@Push(W,W)|NoOp@NoOp|NoOp@NoOp|NoOp@NoOp|NoOp@NoOp|NoOp@NoOp|NoOp@NoOp|NoOp@NoOp|NoOp@NoOp
1025829500:NoOp@NoOp|Push(W,N)@Push(W,N)|NoOp@NoOp|NoOp@NoOp|NoOp@NoOp|NoOp@NoOp|NoOp@NoOp|NoOp@NoOp|NoOp@NoOp|NoOp@NoOp
1025846792:NoOp@NoOp|Push(N,N)@Push(N,N)|NoOp@NoOp|NoOp@NoOp|NoOp@NoOp|NoOp@NoOp|NoOp@NoOp|NoOp@NoOp|NoOp@NoOp|NoOp@NoOp
1025903333:NoOp@NoOp|Push(N,N)@Push(N,N)|NoOp@NoOp|NoOp@NoOp|NoOp@NoOp|NoOp@NoOp|NoOp@NoOp|NoOp@NoOp|NoOp@NoOp|NoOp@NoOp
1025945583:NoOp@NoOp|Push(N,N)@Push(N,N)|NoOp@NoOp|NoOp@NoOp|NoOp@NoOp|NoOp@NoOp|NoOp@NoOp|NoOp@NoOp|NoOp@NoOp|NoOp@NoOp
1025962583:NoOp@NoOp|Push(N,W)@Push(N,W)|NoOp@NoOp|NoOp@NoOp|NoOp@NoOp|NoOp@NoOp|NoOp@NoOp|NoOp@NoOp|NoOp@NoOp|NoOp@NoOp
1025976833:NoOp@NoOp|Push(W,W)@Push(W,W)|NoOp@NoOp|NoOp@NoOp|NoOp@NoOp|NoOp@NoOp|NoOp@NoOp|NoOp@NoOp|NoOp@NoOp|NoOp@NoOp
1025996125:NoOp@NoOp|Push(W,W)@Push(W,W)|NoOp@NoOp|NoOp@NoOp|NoOp@NoOp|NoOp@NoOp|NoOp@NoOp|NoOp@NoOp|NoOp@NoOp|NoOp@NoOp
1026017958:NoOp@NoOp|Push(W,W)@Push(W,W)|NoOp@NoOp|NoOp@NoOp|NoOp@NoOp|NoOp@NoOp|NoOp@NoOp|NoOp@NoOp|NoOp@NoOp|NoOp@NoOp
1026033000:NoOp@NoOp|Push(W,W)@Push(W,W)|NoOp@NoOp|NoOp@NoOp|NoOp@NoOp|NoOp@NoOp|NoOp@NoOp|NoOp@NoOp|NoOp@NoOp|NoOp@NoOp
1026051917:NoOp@NoOp|Push(W,W)@Push(W,W)|NoOp@NoOp|NoOp@NoOp|NoOp@NoOp|NoOp@NoOp|NoOp@NoOp|NoOp@NoOp|NoOp@NoOp|NoOp@NoOp
1026066708:NoOp@NoOp|Push(W,W)@Push(W,W)|NoOp@NoOp|NoOp@NoOp|NoOp@NoOp|NoOp@NoOp|NoOp@NoOp|NoOp@NoOp|NoOp@NoOp|NoOp@NoOp
1026084792:NoOp@NoOp|Push(W,W)@Push(W,W)|NoOp@NoOp|NoOp@NoOp|NoOp@NoOp|NoOp@NoOp|NoOp@NoOp|NoOp@NoOp|NoOp@NoOp|NoOp@NoOp
1026098958:NoOp@NoOp|Push(W,S)@Push(W,S)|NoOp@NoOp|NoOp@NoOp|NoOp@NoOp|NoOp@NoOp|NoOp@NoOp|NoOp@NoOp|NoOp@NoOp|NoOp@NoOp
1026111542:NoOp@NoOp|Push(S,W)@Push(S,W)|NoOp@NoOp|NoOp@NoOp|NoOp@NoOp|NoOp@NoOp|NoOp@NoOp|NoOp@NoOp|NoOp@NoOp|NoOp@NoOp
1026121833:NoOp@NoOp|Push(W,W)@Push(W,W)|NoOp@NoOp|NoOp@NoOp|NoOp@NoOp|NoOp@NoOp|NoOp@NoOp|NoOp@NoOp|NoOp@NoOp|NoOp@NoOp
1026131958:NoOp@NoOp|Push(W,S)@Push(W,S)|NoOp@NoOp|NoOp@NoOp|NoOp@NoOp|NoOp@NoOp|NoOp@NoOp|NoOp@NoOp|NoOp@NoOp|NoOp@NoOp
1026143042:NoOp@NoOp|Push(S,S)@Push(S,S)|NoOp@NoOp|NoOp@NoOp|NoOp@NoOp|NoOp@NoOp|NoOp@NoOp|NoOp@NoOp|NoOp@NoOp|NoOp@NoOp
1026156083:NoOp@NoOp|Push(S,S)@Push(S,S)|NoOp@NoOp|NoOp@NoOp|NoOp@NoOp|NoOp@NoOp|NoOp@NoOp|NoOp@NoOp|NoOp@NoOp|NoOp@NoOp
1026166708:NoOp@NoOp|Push(S,S)@Push(S,S)|NoOp@NoOp|NoOp@NoOp|NoOp@NoOp|NoOp@NoOp|NoOp@NoOp|NoOp@NoOp|NoOp@NoOp|NoOp@NoOp
1026178542:NoOp@NoOp|Push(S,S)@Push(S,S)|NoOp@NoOp|NoOp@NoOp|NoOp@NoOp|NoOp@NoOp|NoOp@NoOp|NoOp@NoOp|NoOp@NoOp|NoOp@NoOp
1026190333:NoOp@NoOp|Push(S,W)@Push(S,W)|NoOp@NoOp|NoOp@NoOp|NoOp@NoOp|NoOp@NoOp|NoOp@NoOp|NoOp@NoOp|NoOp@NoOp|NoOp@NoOp
1026200042:NoOp@NoOp|Push(W,S)@Push(W,S)|NoOp@NoOp|NoOp@NoOp|NoOp@NoOp|NoOp@NoOp|NoOp@NoOp|NoOp@NoOp|NoOp@NoOp|NoOp@NoOp
1026210667:NoOp@NoOp|Push(S,S)@Push(S,S)|NoOp@NoOp|NoOp@NoOp|NoOp@NoOp|NoOp@NoOp|NoOp@NoOp|NoOp@NoOp|NoOp@NoOp|NoOp@NoOp
1026228292:NoOp@NoOp|Push(S,W)@Push(S,W)|NoOp@NoOp|NoOp@NoOp|NoOp@NoOp|NoOp@NoOp|NoOp@NoOp|NoOp@NoOp|NoOp@NoOp|NoOp@NoOp
1026238958:NoOp@NoOp|Push(W,W)@Push(W,W)|NoOp@NoOp|NoOp@NoOp|NoOp@NoOp|NoOp@NoOp|NoOp@NoOp|NoOp@NoOp|NoOp@NoOp|NoOp@NoOp
1026253125:NoOp@NoOp|Push(W,W)@Push(W,W)|NoOp@NoOp|NoOp@NoOp|NoOp@NoOp|NoOp@NoOp|NoOp@NoOp|NoOp@NoOp|NoOp@NoOp|NoOp@NoOp
1026268708:NoOp@NoOp|Push(W,W)@Push(W,W)|NoOp@NoOp|NoOp@NoOp|NoOp@NoOp|NoOp@NoOp|NoOp@NoOp|NoOp@NoOp|NoOp@NoOp|NoOp@NoOp
1026280875:NoOp@NoOp|Push(W,W)@Push(W,W)|NoOp@NoOp|NoOp@NoOp|NoOp@NoOp|NoOp@NoOp|NoOp@NoOp|NoOp@NoOp|NoOp@NoOp|NoOp@NoOp
1026292125:NoOp@NoOp|Push(W,W)@Push(W,W)|NoOp@NoOp|NoOp@NoOp|NoOp@NoOp|NoOp@NoOp|NoOp@NoOp|NoOp@NoOp|NoOp@NoOp|NoOp@NoOp
1026317375:NoOp@NoOp|Push(W,W)@Push(W,W)|NoOp@NoOp|NoOp@NoOp|NoOp@NoOp|NoOp@NoOp|NoOp@NoOp|NoOp@NoOp|NoOp@NoOp|NoOp@NoOp
1026335250:NoOp@NoOp|Push(W,W)@Push(W,W)|NoOp@NoOp|NoOp@NoOp|NoOp@NoOp|NoOp@NoOp|NoOp@NoOp|NoOp@NoOp|NoOp@NoOp|NoOp@NoOp
1026344792:NoOp@NoOp|Push(W,W)@Push(W,W)|NoOp@NoOp|NoOp@NoOp|NoOp@NoOp|NoOp@NoOp|NoOp@NoOp|NoOp@NoOp|NoOp@NoOp|NoOp@NoOp
1026356500:NoOp@NoOp|Push(W,W)@Push(W,W)|NoOp@NoOp|NoOp@NoOp|NoOp@NoOp|NoOp@NoOp|NoOp@NoOp|NoOp@NoOp|NoOp@NoOp|NoOp@NoOp
1026377458:NoOp@NoOp|Push(W,W)@Push(W,W)|NoOp@NoOp|NoOp@NoOp|NoOp@NoOp|NoOp@NoOp|NoOp@NoOp|NoOp@NoOp|NoOp@NoOp|NoOp@NoOp
1026393333:NoOp@NoOp|Push(W,W)@Push(W,W)|NoOp@NoOp|NoOp@NoOp|NoOp@NoOp|NoOp@NoOp|NoOp@NoOp|NoOp@NoOp|NoOp@NoOp|NoOp@NoOp
1026414375:NoOp@NoOp|Push(W,W)@Push(W,W)|NoOp@NoOp|NoOp@NoOp|NoOp@NoOp|NoOp@NoOp|NoOp@NoOp|NoOp@NoOp|NoOp@NoOp|NoOp@NoOp
1026435417:NoOp@NoOp|Push(W,W)@Push(W,W)|NoOp@NoOp|NoOp@NoOp|NoOp@NoOp|NoOp@NoOp|NoOp@NoOp|NoOp@NoOp|NoOp@NoOp|NoOp@NoOp
1026447292:NoOp@NoOp|Push(W,W)@Push(W,W)|NoOp@NoOp|NoOp@NoOp|NoOp@NoOp|NoOp@NoOp|NoOp@NoOp|NoOp@NoOp|NoOp@NoOp|NoOp@NoOp
1026457875:NoOp@NoOp|Push(W,W)@Push(W,W)|NoOp@NoOp|NoOp@NoOp|NoOp@NoOp|NoOp@NoOp|NoOp@NoOp|NoOp@NoOp|NoOp@NoOp|NoOp@NoOp
1026468292:NoOp@NoOp|Push(W,W)@Push(W,W)|NoOp@NoOp|NoOp@NoOp|NoOp@NoOp|NoOp@NoOp|NoOp@NoOp|NoOp@NoOp|NoOp@NoOp|NoOp@NoOp
1026478667:NoOp@NoOp|Push(W,W)@Push(W,W)|NoOp@NoOp|NoOp@NoOp|NoOp@NoOp|NoOp@NoOp|NoOp@NoOp|NoOp@NoOp|NoOp@NoOp|NoOp@NoOp
1026489625:NoOp@NoOp|NoOp@NoOp|NoOp@NoOp|NoOp@NoOp|Move(S)@Move(S)|NoOp@NoOp|NoOp@NoOp|NoOp@NoOp|NoOp@NoOp|NoOp@NoOp
1026506625:NoOp@NoOp|NoOp@NoOp|NoOp@NoOp|NoOp@NoOp|Move(E)@Move(E)|NoOp@NoOp|NoOp@NoOp|NoOp@NoOp|NoOp@NoOp|NoOp@NoOp
1026518208:NoOp@NoOp|NoOp@NoOp|NoOp@NoOp|NoOp@NoOp|Move(E)@Move(E)|NoOp@NoOp|NoOp@NoOp|NoOp@NoOp|NoOp@NoOp|NoOp@NoOp
1026528625:NoOp@NoOp|NoOp@NoOp|NoOp@NoOp|NoOp@NoOp|Move(E)@Move(E)|NoOp@NoOp|NoOp@NoOp|NoOp@NoOp|NoOp@NoOp|NoOp@NoOp
1026539958:NoOp@NoOp|NoOp@NoOp|NoOp@NoOp|NoOp@NoOp|Move(E)@Move(E)|NoOp@NoOp|NoOp@NoOp|NoOp@NoOp|NoOp@NoOp|NoOp@NoOp
1026549958:NoOp@NoOp|NoOp@NoOp|NoOp@NoOp|NoOp@NoOp|Move(E)@Move(E)|NoOp@NoOp|NoOp@NoOp|NoOp@NoOp|NoOp@NoOp|NoOp@NoOp
1026562042:NoOp@NoOp|NoOp@NoOp|NoOp@NoOp|NoOp@NoOp|Move(E)@Move(E)|NoOp@NoOp|NoOp@NoOp|NoOp@NoOp|NoOp@NoOp|NoOp@NoOp
1026585792:NoOp@NoOp|NoOp@NoOp|NoOp@NoOp|NoOp@NoOp|Move(E)@Move(E)|NoOp@NoOp|NoOp@NoOp|NoOp@NoOp|NoOp@NoOp|NoOp@NoOp
1026603125:NoOp@NoOp|NoOp@NoOp|NoOp@NoOp|NoOp@NoOp|Move(E)@Move(E)|NoOp@NoOp|NoOp@NoOp|NoOp@NoOp|NoOp@NoOp|NoOp@NoOp
1026618500:NoOp@NoOp|NoOp@NoOp|NoOp@NoOp|NoOp@NoOp|Move(E)@Move(E)|NoOp@NoOp|NoOp@NoOp|NoOp@NoOp|NoOp@NoOp|NoOp@NoOp
1026639125:NoOp@NoOp|NoOp@NoOp|NoOp@NoOp|NoOp@NoOp|Move(E)@Move(E)|NoOp@NoOp|NoOp@NoOp|NoOp@NoOp|NoOp@NoOp|NoOp@NoOp
1026655667:NoOp@NoOp|NoOp@NoOp|NoOp@NoOp|NoOp@NoOp|Move(E)@Move(E)|NoOp@NoOp|NoOp@NoOp|NoOp@NoOp|NoOp@NoOp|NoOp@NoOp
1026664625:NoOp@NoOp|NoOp@NoOp|NoOp@NoOp|NoOp@NoOp|Move(S)@Move(S)|NoOp@NoOp|NoOp@NoOp|NoOp@NoOp|NoOp@NoOp|NoOp@NoOp
1026678875:NoOp@NoOp|NoOp@NoOp|NoOp@NoOp|NoOp@NoOp|Move(S)@Move(S)|NoOp@NoOp|NoOp@NoOp|NoOp@NoOp|NoOp@NoOp|NoOp@NoOp
1026690375:NoOp@NoOp|NoOp@NoOp|NoOp@NoOp|NoOp@NoOp|Move(S)@Move(S)|NoOp@NoOp|NoOp@NoOp|NoOp@NoOp|NoOp@NoOp|NoOp@NoOp
1026701083:NoOp@NoOp|NoOp@NoOp|NoOp@NoOp|NoOp@NoOp|Move(E)@Move(E)|NoOp@NoOp|NoOp@NoOp|NoOp@NoOp|NoOp@NoOp|NoOp@NoOp
1026712833:NoOp@NoOp|NoOp@NoOp|NoOp@NoOp|NoOp@NoOp|Move(E)@Move(E)|NoOp@NoOp|NoOp@NoOp|NoOp@NoOp|NoOp@NoOp|NoOp@NoOp
1026723167:NoOp@NoOp|NoOp@NoOp|NoOp@NoOp|NoOp@NoOp|Move(S)@Move(S)|NoOp@NoOp|NoOp@NoOp|NoOp@NoOp|NoOp@NoOp|NoOp@NoOp
1026740250:NoOp@NoOp|NoOp@NoOp|NoOp@NoOp|NoOp@NoOp|Move(S)@Move(S)|NoOp@NoOp|NoOp@NoOp|NoOp@NoOp|NoOp@NoOp|NoOp@NoOp
1026758750:NoOp@NoOp|NoOp@NoOp|NoOp@NoOp|NoOp@NoOp|Move(E)@Move(E)|NoOp@NoOp|NoOp@NoOp|NoOp@NoOp|NoOp@NoOp|NoOp@NoOp
1026769917:NoOp@NoOp|NoOp@NoOp|NoOp@NoOp|NoOp@NoOp|Move(E)@Move(E)|NoOp@NoOp|NoOp@NoOp|NoOp@NoOp|NoOp@NoOp|NoOp@NoOp
1026779750:NoOp@NoOp|NoOp@NoOp|NoOp@NoOp|NoOp@NoOp|Move(S)@Move(S)|NoOp@NoOp|NoOp@NoOp|NoOp@NoOp|NoOp@NoOp|NoOp@NoOp
1026788958:NoOp@NoOp|NoOp@NoOp|NoOp@NoOp|NoOp@NoOp|Move(S)@Move(S)|NoOp@NoOp|NoOp@NoOp|NoOp@NoOp|NoOp@NoOp|NoOp@NoOp
1026797667:NoOp@NoOp|NoOp@NoOp|NoOp@NoOp|NoOp@NoOp|Move(E)@Move(E)|NoOp@NoOp|NoOp@NoOp|NoOp@NoOp|NoOp@NoOp|NoOp@NoOp
1026812792:NoOp@NoOp|NoOp@NoOp|Move(N)@Move(N)|NoOp@NoOp|NoOp@NoOp|NoOp@NoOp|NoOp@NoOp|NoOp@NoOp|NoOp@NoOp|NoOp@NoOp
1026834208:NoOp@NoOp|NoOp@NoOp|Move(E)@Move(E)|NoOp@NoOp|NoOp@NoOp|NoOp@NoOp|NoOp@NoOp|NoOp@NoOp|NoOp@NoOp|NoOp@NoOp
1026845417:NoOp@NoOp|NoOp@NoOp|Move(E)@Move(E)|NoOp@NoOp|NoOp@NoOp|NoOp@NoOp|NoOp@NoOp|NoOp@NoOp|NoOp@NoOp|NoOp@NoOp
1026855333:NoOp@NoOp|NoOp@NoOp|Move(E)@Move(E)|NoOp@NoOp|NoOp@NoOp|NoOp@NoOp|NoOp@NoOp|NoOp@NoOp|NoOp@NoOp|NoOp@NoOp
1026866083:NoOp@NoOp|NoOp@NoOp|Move(E)@Move(E)|NoOp@NoOp|NoOp@NoOp|NoOp@NoOp|NoOp@NoOp|NoOp@NoOp|NoOp@NoOp|NoOp@NoOp
1026877500:NoOp@NoOp|NoOp@NoOp|Move(N)@Move(N)|NoOp@NoOp|NoOp@NoOp|NoOp@NoOp|NoOp@NoOp|NoOp@NoOp|NoOp@NoOp|NoOp@NoOp
1026891667:NoOp@NoOp|NoOp@NoOp|Move(E)@Move(E)|NoOp@NoOp|NoOp@NoOp|NoOp@NoOp|NoOp@NoOp|NoOp@NoOp|NoOp@NoOp|NoOp@NoOp
1026908042:NoOp@NoOp|NoOp@NoOp|Move(E)@Move(E)|NoOp@NoOp|NoOp@NoOp|NoOp@NoOp|NoOp@NoOp|NoOp@NoOp|NoOp@NoOp|NoOp@NoOp
1026919375:NoOp@NoOp|NoOp@NoOp|Move(S)@Move(S)|NoOp@NoOp|NoOp@NoOp|NoOp@NoOp|NoOp@NoOp|NoOp@NoOp|NoOp@NoOp|NoOp@NoOp
1026928875:NoOp@NoOp|NoOp@NoOp|Move(S)@Move(S)|NoOp@NoOp|NoOp@NoOp|NoOp@NoOp|NoOp@NoOp|NoOp@NoOp|NoOp@NoOp|NoOp@NoOp
1026937208:NoOp@NoOp|NoOp@NoOp|Move(E)@Move(E)|NoOp@NoOp|NoOp@NoOp|NoOp@NoOp|NoOp@NoOp|NoOp@NoOp|NoOp@NoOp|NoOp@NoOp
1026947875:NoOp@NoOp|NoOp@NoOp|Move(E)@Move(E)|NoOp@NoOp|NoOp@NoOp|NoOp@NoOp|NoOp@NoOp|NoOp@NoOp|NoOp@NoOp|NoOp@NoOp
1026966833:NoOp@NoOp|NoOp@NoOp|Move(E)@Move(E)|NoOp@NoOp|NoOp@NoOp|NoOp@NoOp|NoOp@NoOp|NoOp@NoOp|NoOp@NoOp|NoOp@NoOp
1026987833:NoOp@NoOp|NoOp@NoOp|Move(E)@Move(E)|NoOp@NoOp|NoOp@NoOp|NoOp@NoOp|NoOp@NoOp|NoOp@NoOp|NoOp@NoOp|NoOp@NoOp
1027004042:NoOp@NoOp|NoOp@NoOp|Move(E)@Move(E)|NoOp@NoOp|NoOp@NoOp|NoOp@NoOp|NoOp@NoOp|NoOp@NoOp|NoOp@NoOp|NoOp@NoOp
1027015792:NoOp@NoOp|NoOp@NoOp|Move(E)@Move(E)|NoOp@NoOp|NoOp@NoOp|NoOp@NoOp|NoOp@NoOp|NoOp@NoOp|NoOp@NoOp|NoOp@NoOp
1027027250:NoOp@NoOp|NoOp@NoOp|Move(E)@Move(E)|NoOp@NoOp|NoOp@NoOp|NoOp@NoOp|NoOp@NoOp|NoOp@NoOp|NoOp@NoOp|NoOp@NoOp
1027040333:NoOp@NoOp|NoOp@NoOp|Move(E)@Move(E)|NoOp@NoOp|NoOp@NoOp|NoOp@NoOp|NoOp@NoOp|NoOp@NoOp|NoOp@NoOp|NoOp@NoOp
1027051167:NoOp@NoOp|NoOp@NoOp|Move(E)@Move(E)|NoOp@NoOp|NoOp@NoOp|NoOp@NoOp|NoOp@NoOp|NoOp@NoOp|NoOp@NoOp|NoOp@NoOp
1027067542:NoOp@NoOp|NoOp@NoOp|Move(E)@Move(E)|NoOp@NoOp|NoOp@NoOp|NoOp@NoOp|NoOp@NoOp|NoOp@NoOp|NoOp@NoOp|NoOp@NoOp
1027085667:NoOp@NoOp|NoOp@NoOp|Move(E)@Move(E)|NoOp@NoOp|NoOp@NoOp|NoOp@NoOp|NoOp@NoOp|NoOp@NoOp|NoOp@NoOp|NoOp@NoOp
1027098625:NoOp@NoOp|NoOp@NoOp|Move(E)@Move(E)|NoOp@NoOp|NoOp@NoOp|NoOp@NoOp|NoOp@NoOp|NoOp@NoOp|NoOp@NoOp|NoOp@NoOp
1027112042:NoOp@NoOp|NoOp@NoOp|Move(E)@Move(E)|NoOp@NoOp|NoOp@NoOp|NoOp@NoOp|NoOp@NoOp|NoOp@NoOp|NoOp@NoOp|NoOp@NoOp
1027126042:NoOp@NoOp|NoOp@NoOp|Move(E)@Move(E)|NoOp@NoOp|NoOp@NoOp|NoOp@NoOp|NoOp@NoOp|NoOp@NoOp|NoOp@NoOp|NoOp@NoOp
1027136458:NoOp@NoOp|NoOp@NoOp|Move(E)@Move(E)|NoOp@NoOp|NoOp@NoOp|NoOp@NoOp|NoOp@NoOp|NoOp@NoOp|NoOp@NoOp|NoOp@NoOp
1027157375:NoOp@NoOp|NoOp@NoOp|Move(E)@Move(E)|NoOp@NoOp|NoOp@NoOp|NoOp@NoOp|NoOp@NoOp|NoOp@NoOp|NoOp@NoOp|NoOp@NoOp
1027168625:NoOp@NoOp|NoOp@NoOp|Move(E)@Move(E)|NoOp@NoOp|NoOp@NoOp|NoOp@NoOp|NoOp@NoOp|NoOp@NoOp|NoOp@NoOp|NoOp@NoOp
1027179667:NoOp@NoOp|NoOp@NoOp|Move(E)@Move(E)|NoOp@NoOp|NoOp@NoOp|NoOp@NoOp|NoOp@NoOp|NoOp@NoOp|NoOp@NoOp|NoOp@NoOp
1027201500:NoOp@NoOp|NoOp@NoOp|Move(E)@Move(E)|NoOp@NoOp|NoOp@NoOp|NoOp@NoOp|NoOp@NoOp|NoOp@NoOp|NoOp@NoOp|NoOp@NoOp
1027213458:NoOp@NoOp|NoOp@NoOp|Move(E)@Move(E)|NoOp@NoOp|NoOp@NoOp|NoOp@NoOp|NoOp@NoOp|NoOp@NoOp|NoOp@NoOp|NoOp@NoOp
1027223875:NoOp@NoOp|NoOp@NoOp|Move(N)@Move(N)|NoOp@NoOp|NoOp@NoOp|NoOp@NoOp|NoOp@NoOp|NoOp@NoOp|NoOp@NoOp|NoOp@NoOp
1027235500:NoOp@NoOp|NoOp@NoOp|Move(N)@Move(N)|NoOp@NoOp|NoOp@NoOp|NoOp@NoOp|NoOp@NoOp|NoOp@NoOp|NoOp@NoOp|NoOp@NoOp
1027250375:NoOp@NoOp|NoOp@NoOp|Move(N)@Move(N)|NoOp@NoOp|NoOp@NoOp|NoOp@NoOp|NoOp@NoOp|NoOp@NoOp|NoOp@NoOp|NoOp@NoOp
1027261250:NoOp@NoOp|NoOp@NoOp|Move(N)@Move(N)|NoOp@NoOp|NoOp@NoOp|NoOp@NoOp|NoOp@NoOp|NoOp@NoOp|NoOp@NoOp|NoOp@NoOp
1027271708:Move(N)@Move(N)|NoOp@NoOp|NoOp@NoOp|NoOp@NoOp|NoOp@NoOp|NoOp@NoOp|NoOp@NoOp|NoOp@NoOp|NoOp@NoOp|NoOp@NoOp
1027282042:Move(N)@Move(N)|NoOp@NoOp|NoOp@NoOp|NoOp@NoOp|NoOp@NoOp|NoOp@NoOp|NoOp@NoOp|NoOp@NoOp|NoOp@NoOp|NoOp@NoOp
1027293500:Move(N)@Move(N)|NoOp@NoOp|NoOp@NoOp|NoOp@NoOp|NoOp@NoOp|NoOp@NoOp|NoOp@NoOp|NoOp@NoOp|NoOp@NoOp|NoOp@NoOp
1027305542:Move(N)@Move(N)|NoOp@NoOp|NoOp@NoOp|NoOp@NoOp|NoOp@NoOp|NoOp@NoOp|NoOp@NoOp|NoOp@NoOp|NoOp@NoOp|NoOp@NoOp
1027326250:Move(E)@Move(E)|NoOp@NoOp|NoOp@NoOp|NoOp@NoOp|NoOp@NoOp|NoOp@NoOp|NoOp@NoOp|NoOp@NoOp|NoOp@NoOp|NoOp@NoOp
1027345917:Move(E)@Move(E)|NoOp@NoOp|NoOp@NoOp|NoOp@NoOp|NoOp@NoOp|NoOp@NoOp|NoOp@NoOp|NoOp@NoOp|NoOp@NoOp|NoOp@NoOp
1027357333:Move(S)@Move(S)|NoOp@NoOp|NoOp@NoOp|NoOp@NoOp|NoOp@NoOp|NoOp@NoOp|NoOp@NoOp|NoOp@NoOp|NoOp@NoOp|NoOp@NoOp
1027372167:Move(S)@Move(S)|NoOp@NoOp|NoOp@NoOp|NoOp@NoOp|NoOp@NoOp|NoOp@NoOp|NoOp@NoOp|NoOp@NoOp|NoOp@NoOp|NoOp@NoOp
1027385333:Move(S)@Move(S)|NoOp@NoOp|NoOp@NoOp|NoOp@NoOp|NoOp@NoOp|NoOp@NoOp|NoOp@NoOp|NoOp@NoOp|NoOp@NoOp|NoOp@NoOp
1027399542:Move(S)@Move(S)|NoOp@NoOp|NoOp@NoOp|NoOp@NoOp|NoOp@NoOp|NoOp@NoOp|NoOp@NoOp|NoOp@NoOp|NoOp@NoOp|NoOp@NoOp
1027417208:Move(S)@Move(S)|NoOp@NoOp|NoOp@NoOp|NoOp@NoOp|NoOp@NoOp|NoOp@NoOp|NoOp@NoOp|NoOp@NoOp|NoOp@NoOp|NoOp@NoOp
1027433417:Move(S)@Move(S)|NoOp@NoOp|NoOp@NoOp|NoOp@NoOp|NoOp@NoOp|NoOp@NoOp|NoOp@NoOp|NoOp@NoOp|NoOp@NoOp|NoOp@NoOp
1027447375:Move(S)@Move(S)|NoOp@NoOp|NoOp@NoOp|NoOp@NoOp|NoOp@NoOp|NoOp@NoOp|NoOp@NoOp|NoOp@NoOp|NoOp@NoOp|NoOp@NoOp
1027464292:Move(S)@Move(S)|NoOp@NoOp|NoOp@NoOp|NoOp@NoOp|NoOp@NoOp|NoOp@NoOp|NoOp@NoOp|NoOp@NoOp|NoOp@NoOp|NoOp@NoOp
1027478000:Move(S)@Move(S)|NoOp@NoOp|NoOp@NoOp|NoOp@NoOp|NoOp@NoOp|NoOp@NoOp|NoOp@NoOp|NoOp@NoOp|NoOp@NoOp|NoOp@NoOp
1027490042:Move(S)@Move(S)|NoOp@NoOp|NoOp@NoOp|NoOp@NoOp|NoOp@NoOp|NoOp@NoOp|NoOp@NoOp|NoOp@NoOp|NoOp@NoOp|NoOp@NoOp
1027503125:Move(S)@Move(S)|NoOp@NoOp|NoOp@NoOp|NoOp@NoOp|NoOp@NoOp|NoOp@NoOp|NoOp@NoOp|NoOp@NoOp|NoOp@NoOp|NoOp@NoOp
1027514500:Move(S)@Move(S)|NoOp@NoOp|NoOp@NoOp|NoOp@NoOp|NoOp@NoOp|NoOp@NoOp|NoOp@NoOp|NoOp@NoOp|NoOp@NoOp|NoOp@NoOp
1027525042:Move(S)@Move(S)|NoOp@NoOp|NoOp@NoOp|NoOp@NoOp|NoOp@NoOp|NoOp@NoOp|NoOp@NoOp|NoOp@NoOp|NoOp@NoOp|NoOp@NoOp
1027542542:Move(E)@Move(E)|NoOp@NoOp|NoOp@NoOp|NoOp@NoOp|NoOp@NoOp|NoOp@NoOp|NoOp@NoOp|NoOp@NoOp|NoOp@NoOp|NoOp@NoOp
1027553333:Move(E)@Move(E)|NoOp@NoOp|NoOp@NoOp|NoOp@NoOp|NoOp@NoOp|NoOp@NoOp|NoOp@NoOp|NoOp@NoOp|NoOp@NoOp|NoOp@NoOp
1027565042:Move(E)@Move(E)|NoOp@NoOp|NoOp@NoOp|NoOp@NoOp|NoOp@NoOp|NoOp@NoOp|NoOp@NoOp|NoOp@NoOp|NoOp@NoOp|NoOp@NoOp
1027582042:Move(E)@Move(E)|NoOp@NoOp|NoOp@NoOp|NoOp@NoOp|NoOp@NoOp|NoOp@NoOp|NoOp@NoOp|NoOp@NoOp|NoOp@NoOp|NoOp@NoOp
1027593708:Move(E)@Move(E)|NoOp@NoOp|NoOp@NoOp|NoOp@NoOp|NoOp@NoOp|NoOp@NoOp|NoOp@NoOp|NoOp@NoOp|NoOp@NoOp|NoOp@NoOp
1027606958:Move(E)@Move(E)|NoOp@NoOp|NoOp@NoOp|NoOp@NoOp|NoOp@NoOp|NoOp@NoOp|NoOp@NoOp|NoOp@NoOp|NoOp@NoOp|NoOp@NoOp
1027617500:Move(E)@Move(E)|NoOp@NoOp|NoOp@NoOp|NoOp@NoOp|NoOp@NoOp|NoOp@NoOp|NoOp@NoOp|NoOp@NoOp|NoOp@NoOp|NoOp@NoOp
1027631167:Move(E)@Move(E)|NoOp@NoOp|NoOp@NoOp|NoOp@NoOp|NoOp@NoOp|NoOp@NoOp|NoOp@NoOp|NoOp@NoOp|NoOp@NoOp|NoOp@NoOp
1027646000:Move(E)@Move(E)|NoOp@NoOp|NoOp@NoOp|NoOp@NoOp|NoOp@NoOp|NoOp@NoOp|NoOp@NoOp|NoOp@NoOp|NoOp@NoOp|NoOp@NoOp
1027661000:Move(E)@Move(E)|NoOp@NoOp|NoOp@NoOp|NoOp@NoOp|NoOp@NoOp|NoOp@NoOp|NoOp@NoOp|NoOp@NoOp|NoOp@NoOp|NoOp@NoOp
1027673625:Move(E)@Move(E)|NoOp@NoOp|NoOp@NoOp|NoOp@NoOp|NoOp@NoOp|NoOp@NoOp|NoOp@NoOp|NoOp@NoOp|NoOp@NoOp|NoOp@NoOp
1027685125:Move(E)@Move(E)|NoOp@NoOp|NoOp@NoOp|NoOp@NoOp|NoOp@NoOp|NoOp@NoOp|NoOp@NoOp|NoOp@NoOp|NoOp@NoOp|NoOp@NoOp
1027695583:Move(E)@Move(E)|NoOp@NoOp|NoOp@NoOp|NoOp@NoOp|NoOp@NoOp|NoOp@NoOp|NoOp@NoOp|NoOp@NoOp|NoOp@NoOp|NoOp@NoOp
1027709792:Move(E)@Move(E)|NoOp@NoOp|NoOp@NoOp|NoOp@NoOp|NoOp@NoOp|NoOp@NoOp|NoOp@NoOp|NoOp@NoOp|NoOp@NoOp|NoOp@NoOp
1027721792:Move(E)@Move(E)|NoOp@NoOp|NoOp@NoOp|NoOp@NoOp|NoOp@NoOp|NoOp@NoOp|NoOp@NoOp|NoOp@NoOp|NoOp@NoOp|NoOp@NoOp
1027739000:Move(E)@Move(E)|NoOp@NoOp|NoOp@NoOp|NoOp@NoOp|NoOp@NoOp|NoOp@NoOp|NoOp@NoOp|NoOp@NoOp|NoOp@NoOp|NoOp@NoOp
1027751208:Move(E)@Move(E)|NoOp@NoOp|NoOp@NoOp|NoOp@NoOp|NoOp@NoOp|NoOp@NoOp|NoOp@NoOp|NoOp@NoOp|NoOp@NoOp|NoOp@NoOp
1027764083:Move(E)@Move(E)|NoOp@NoOp|NoOp@NoOp|NoOp@NoOp|NoOp@NoOp|NoOp@NoOp|NoOp@NoOp|NoOp@NoOp|NoOp@NoOp|NoOp@NoOp
1027775167:Move(E)@Move(E)|NoOp@NoOp|NoOp@NoOp|NoOp@NoOp|NoOp@NoOp|NoOp@NoOp|NoOp@NoOp|NoOp@NoOp|NoOp@NoOp|NoOp@NoOp
1027794500:Move(E)@Move(E)|NoOp@NoOp|NoOp@NoOp|NoOp@NoOp|NoOp@NoOp|NoOp@NoOp|NoOp@NoOp|NoOp@NoOp|NoOp@NoOp|NoOp@NoOp
1027807625:NoOp@NoOp|NoOp@NoOp|NoOp@NoOp|NoOp@NoOp|NoOp@NoOp|NoOp@NoOp|Move(S)@Move(S)|NoOp@NoOp|NoOp@NoOp|NoOp@NoOp
1027822917:NoOp@NoOp|NoOp@NoOp|NoOp@NoOp|NoOp@NoOp|NoOp@NoOp|NoOp@NoOp|Move(E)@Move(E)|NoOp@NoOp|NoOp@NoOp|NoOp@NoOp
1027834125:NoOp@NoOp|NoOp@NoOp|NoOp@NoOp|NoOp@NoOp|NoOp@NoOp|NoOp@NoOp|Move(E)@Move(E)|NoOp@NoOp|NoOp@NoOp|NoOp@NoOp
1027849667:NoOp@NoOp|NoOp@NoOp|NoOp@NoOp|NoOp@NoOp|NoOp@NoOp|NoOp@NoOp|Move(E)@Move(E)|NoOp@NoOp|NoOp@NoOp|NoOp@NoOp
1027861792:NoOp@NoOp|NoOp@NoOp|NoOp@NoOp|NoOp@NoOp|NoOp@NoOp|NoOp@NoOp|Move(E)@Move(E)|NoOp@NoOp|NoOp@NoOp|NoOp@NoOp
1027877750:NoOp@NoOp|NoOp@NoOp|NoOp@NoOp|NoOp@NoOp|NoOp@NoOp|NoOp@NoOp|Move(E)@Move(E)|NoOp@NoOp|NoOp@NoOp|NoOp@NoOp
1027892083:NoOp@NoOp|NoOp@NoOp|NoOp@NoOp|NoOp@NoOp|NoOp@NoOp|NoOp@NoOp|Move(N)@Move(N)|NoOp@NoOp|NoOp@NoOp|NoOp@NoOp
1027909833:NoOp@NoOp|NoOp@NoOp|NoOp@NoOp|NoOp@NoOp|NoOp@NoOp|NoOp@NoOp|Move(N)@Move(N)|NoOp@NoOp|NoOp@NoOp|NoOp@NoOp
1027918708:NoOp@NoOp|NoOp@NoOp|NoOp@NoOp|NoOp@NoOp|NoOp@NoOp|NoOp@NoOp|Move(N)@Move(N)|NoOp@NoOp|NoOp@NoOp|NoOp@NoOp
1027930958:NoOp@NoOp|NoOp@NoOp|NoOp@NoOp|NoOp@NoOp|NoOp@NoOp|NoOp@NoOp|Move(E)@Move(E)|NoOp@NoOp|NoOp@NoOp|NoOp@NoOp
1027944542:NoOp@NoOp|NoOp@NoOp|NoOp@NoOp|NoOp@NoOp|NoOp@NoOp|NoOp@NoOp|Move(E)@Move(E)|NoOp@NoOp|NoOp@NoOp|NoOp@NoOp
1027957417:NoOp@NoOp|NoOp@NoOp|NoOp@NoOp|NoOp@NoOp|NoOp@NoOp|NoOp@NoOp|Move(E)@Move(E)|NoOp@NoOp|NoOp@NoOp|NoOp@NoOp
1027969583:NoOp@NoOp|NoOp@NoOp|NoOp@NoOp|NoOp@NoOp|NoOp@NoOp|NoOp@NoOp|Move(E)@Move(E)|NoOp@NoOp|NoOp@NoOp|NoOp@NoOp
1027982417:NoOp@NoOp|NoOp@NoOp|NoOp@NoOp|NoOp@NoOp|NoOp@NoOp|NoOp@NoOp|Move(E)@Move(E)|NoOp@NoOp|NoOp@NoOp|NoOp@NoOp
1027993208:NoOp@NoOp|NoOp@NoOp|NoOp@NoOp|NoOp@NoOp|NoOp@NoOp|NoOp@NoOp|Move(E)@Move(E)|NoOp@NoOp|NoOp@NoOp|NoOp@NoOp
1028002958:NoOp@NoOp|NoOp@NoOp|NoOp@NoOp|NoOp@NoOp|NoOp@NoOp|NoOp@NoOp|Move(E)@Move(E)|NoOp@NoOp|NoOp@NoOp|NoOp@NoOp
1028014958:NoOp@NoOp|NoOp@NoOp|NoOp@NoOp|NoOp@NoOp|NoOp@NoOp|NoOp@NoOp|Move(E)@Move(E)|NoOp@NoOp|NoOp@NoOp|NoOp@NoOp
1028025750:NoOp@NoOp|NoOp@NoOp|NoOp@NoOp|NoOp@NoOp|NoOp@NoOp|NoOp@NoOp|Move(E)@Move(E)|NoOp@NoOp|NoOp@NoOp|NoOp@NoOp
1028035500:NoOp@NoOp|NoOp@NoOp|NoOp@NoOp|NoOp@NoOp|NoOp@NoOp|NoOp@NoOp|Move(E)@Move(E)|NoOp@NoOp|NoOp@NoOp|NoOp@NoOp
1028054375:NoOp@NoOp|NoOp@NoOp|NoOp@NoOp|NoOp@NoOp|NoOp@NoOp|NoOp@NoOp|Move(E)@Move(E)|NoOp@NoOp|NoOp@NoOp|NoOp@NoOp
1028065750:NoOp@NoOp|NoOp@NoOp|NoOp@NoOp|NoOp@NoOp|NoOp@NoOp|NoOp@NoOp|Move(E)@Move(E)|NoOp@NoOp|NoOp@NoOp|NoOp@NoOp
1028075500:NoOp@NoOp|NoOp@NoOp|NoOp@NoOp|NoOp@NoOp|NoOp@NoOp|NoOp@NoOp|Move(E)@Move(E)|NoOp@NoOp|NoOp@NoOp|NoOp@NoOp
1028088083:NoOp@NoOp|NoOp@NoOp|NoOp@NoOp|NoOp@NoOp|NoOp@NoOp|NoOp@NoOp|Move(E)@Move(E)|NoOp@NoOp|NoOp@NoOp|NoOp@NoOp
1028098708:NoOp@NoOp|NoOp@NoOp|NoOp@NoOp|NoOp@NoOp|NoOp@NoOp|NoOp@NoOp|Move(E)@Move(E)|NoOp@NoOp|NoOp@NoOp|NoOp@NoOp
1028108125:NoOp@NoOp|NoOp@NoOp|NoOp@NoOp|NoOp@NoOp|NoOp@NoOp|NoOp@NoOp|Move(E)@Move(E)|NoOp@NoOp|NoOp@NoOp|NoOp@NoOp
1028120667:NoOp@NoOp|NoOp@NoOp|NoOp@NoOp|NoOp@NoOp|NoOp@NoOp|NoOp@NoOp|Move(E)@Move(E)|NoOp@NoOp|NoOp@NoOp|NoOp@NoOp
1028134333:NoOp@NoOp|NoOp@NoOp|NoOp@NoOp|NoOp@NoOp|NoOp@NoOp|NoOp@NoOp|Move(E)@Move(E)|NoOp@NoOp|NoOp@NoOp|NoOp@NoOp
1028146458:NoOp@NoOp|NoOp@NoOp|NoOp@NoOp|NoOp@NoOp|NoOp@NoOp|NoOp@NoOp|Move(E)@Move(E)|NoOp@NoOp|NoOp@NoOp|NoOp@NoOp
1028156917:NoOp@NoOp|NoOp@NoOp|NoOp@NoOp|NoOp@NoOp|NoOp@NoOp|NoOp@NoOp|Move(E)@Move(E)|NoOp@NoOp|NoOp@NoOp|NoOp@NoOp
1028167958:NoOp@NoOp|NoOp@NoOp|NoOp@NoOp|NoOp@NoOp|NoOp@NoOp|NoOp@NoOp|NoOp@NoOp|NoOp@NoOp|NoOp@NoOp|Move(E)@Move(E)
1028178000:NoOp@NoOp|NoOp@NoOp|NoOp@NoOp|NoOp@NoOp|NoOp@NoOp|NoOp@NoOp|NoOp@NoOp|NoOp@NoOp|NoOp@NoOp|Move(E)@Move(E)
1028193542:NoOp@NoOp|NoOp@NoOp|NoOp@NoOp|NoOp@NoOp|NoOp@NoOp|NoOp@NoOp|NoOp@NoOp|NoOp@NoOp|NoOp@NoOp|Move(E)@Move(E)
1028207000:NoOp@NoOp|NoOp@NoOp|NoOp@NoOp|NoOp@NoOp|NoOp@NoOp|NoOp@NoOp|NoOp@NoOp|NoOp@NoOp|NoOp@NoOp|Move(E)@Move(E)
1028221917:NoOp@NoOp|NoOp@NoOp|NoOp@NoOp|NoOp@NoOp|NoOp@NoOp|NoOp@NoOp|NoOp@NoOp|NoOp@NoOp|NoOp@NoOp|Move(E)@Move(E)
1028235708:NoOp@NoOp|NoOp@NoOp|NoOp@NoOp|NoOp@NoOp|NoOp@NoOp|NoOp@NoOp|NoOp@NoOp|NoOp@NoOp|NoOp@NoOp|Move(E)@Move(E)
1028258583:NoOp@NoOp|NoOp@NoOp|NoOp@NoOp|NoOp@NoOp|NoOp@NoOp|NoOp@NoOp|NoOp@NoOp|NoOp@NoOp|NoOp@NoOp|Move(E)@Move(E)
1028276417:NoOp@NoOp|NoOp@NoOp|NoOp@NoOp|NoOp@NoOp|NoOp@NoOp|NoOp@NoOp|NoOp@NoOp|NoOp@NoOp|NoOp@NoOp|Move(E)@Move(E)
1028293083:NoOp@NoOp|NoOp@NoOp|NoOp@NoOp|NoOp@NoOp|NoOp@NoOp|NoOp@NoOp|NoOp@NoOp|NoOp@NoOp|NoOp@NoOp|Move(E)@Move(E)
1028304583:NoOp@NoOp|NoOp@NoOp|NoOp@NoOp|NoOp@NoOp|NoOp@NoOp|NoOp@NoOp|NoOp@NoOp|NoOp@NoOp|NoOp@NoOp|Move(E)@Move(E)
1028314250:NoOp@NoOp|NoOp@NoOp|NoOp@NoOp|NoOp@NoOp|NoOp@NoOp|NoOp@NoOp|NoOp@NoOp|NoOp@NoOp|NoOp@NoOp|Move(S)@Move(S)
1028325250:NoOp@NoOp|NoOp@NoOp|NoOp@NoOp|NoOp@NoOp|NoOp@NoOp|NoOp@NoOp|NoOp@NoOp|NoOp@NoOp|NoOp@NoOp|Move(S)@Move(S)
1028338542:NoOp@NoOp|NoOp@NoOp|NoOp@NoOp|NoOp@NoOp|NoOp@NoOp|NoOp@NoOp|NoOp@NoOp|NoOp@NoOp|NoOp@NoOp|Move(S)@Move(S)
1028362500:NoOp@NoOp|NoOp@NoOp|NoOp@NoOp|NoOp@NoOp|NoOp@NoOp|NoOp@NoOp|NoOp@NoOp|NoOp@NoOp|NoOp@NoOp|Move(S)@Move(S)
1028383583:NoOp@NoOp|NoOp@NoOp|NoOp@NoOp|NoOp@NoOp|NoOp@NoOp|NoOp@NoOp|NoOp@NoOp|NoOp@NoOp|NoOp@NoOp|Move(S)@Move(S)
1028408333:NoOp@NoOp|NoOp@NoOp|NoOp@NoOp|NoOp@NoOp|NoOp@NoOp|NoOp@NoOp|NoOp@NoOp|NoOp@NoOp|NoOp@NoOp|Move(W)@Move(W)
1028425500:NoOp@NoOp|NoOp@NoOp|NoOp@NoOp|NoOp@NoOp|NoOp@NoOp|NoOp@NoOp|NoOp@NoOp|NoOp@NoOp|NoOp@NoOp|Move(W)@Move(W)
1028435333:NoOp@NoOp|NoOp@NoOp|NoOp@NoOp|NoOp@NoOp|NoOp@NoOp|NoOp@NoOp|NoOp@NoOp|NoOp@NoOp|NoOp@NoOp|Move(W)@Move(W)
1028445708:NoOp@NoOp|NoOp@NoOp|NoOp@NoOp|NoOp@NoOp|NoOp@NoOp|NoOp@NoOp|NoOp@NoOp|NoOp@NoOp|NoOp@NoOp|Move(W)@Move(W)
1028460083:NoOp@NoOp|NoOp@NoOp|NoOp@NoOp|NoOp@NoOp|NoOp@NoOp|NoOp@NoOp|NoOp@NoOp|NoOp@NoOp|NoOp@NoOp|Move(W)@Move(W)
1028470167:NoOp@NoOp|NoOp@NoOp|NoOp@NoOp|NoOp@NoOp|NoOp@NoOp|NoOp@NoOp|NoOp@NoOp|NoOp@NoOp|NoOp@NoOp|Move(W)@Move(W)
1028484000:NoOp@NoOp|NoOp@NoOp|NoOp@NoOp|NoOp@NoOp|NoOp@NoOp|NoOp@NoOp|NoOp@NoOp|NoOp@NoOp|NoOp@NoOp|Move(W)@Move(W)
1028493875:NoOp@NoOp|NoOp@NoOp|NoOp@NoOp|NoOp@NoOp|NoOp@NoOp|NoOp@NoOp|NoOp@NoOp|NoOp@NoOp|NoOp@NoOp|Move(W)@Move(W)
1028503458:NoOp@NoOp|NoOp@NoOp|NoOp@NoOp|NoOp@NoOp|NoOp@NoOp|NoOp@NoOp|NoOp@NoOp|NoOp@NoOp|NoOp@NoOp|Move(W)@Move(W)
1028514000:NoOp@NoOp|NoOp@NoOp|NoOp@NoOp|NoOp@NoOp|NoOp@NoOp|NoOp@NoOp|NoOp@NoOp|NoOp@NoOp|NoOp@NoOp|Move(W)@Move(W)
1028525833:NoOp@NoOp|NoOp@NoOp|NoOp@NoOp|NoOp@NoOp|NoOp@NoOp|NoOp@NoOp|NoOp@NoOp|NoOp@NoOp|NoOp@NoOp|Move(W)@Move(W)
1028534958:NoOp@NoOp|NoOp@NoOp|NoOp@NoOp|NoOp@NoOp|NoOp@NoOp|NoOp@NoOp|NoOp@NoOp|NoOp@NoOp|NoOp@NoOp|Move(W)@Move(W)
1028548500:NoOp@NoOp|NoOp@NoOp|NoOp@NoOp|NoOp@NoOp|NoOp@NoOp|NoOp@NoOp|NoOp@NoOp|NoOp@NoOp|NoOp@NoOp|Move(W)@Move(W)
1028558958:NoOp@NoOp|NoOp@NoOp|NoOp@NoOp|NoOp@NoOp|NoOp@NoOp|NoOp@NoOp|NoOp@NoOp|NoOp@NoOp|NoOp@NoOp|Move(N)@Move(N)
1028567708:NoOp@NoOp|NoOp@NoOp|NoOp@NoOp|NoOp@NoOp|NoOp@NoOp|NoOp@NoOp|NoOp@NoOp|NoOp@NoOp|NoOp@NoOp|Move(N)@Move(N)
1028578625:NoOp@NoOp|NoOp@NoOp|NoOp@NoOp|NoOp@NoOp|NoOp@NoOp|NoOp@NoOp|NoOp@NoOp|NoOp@NoOp|NoOp@NoOp|Move(N)@Move(N)
1028588917:NoOp@NoOp|NoOp@NoOp|NoOp@NoOp|NoOp@NoOp|NoOp@NoOp|NoOp@NoOp|NoOp@NoOp|NoOp@NoOp|NoOp@NoOp|Move(W)@Move(W)
1028601458:NoOp@NoOp|NoOp@NoOp|NoOp@NoOp|NoOp@NoOp|NoOp@NoOp|NoOp@NoOp|NoOp@NoOp|NoOp@NoOp|NoOp@NoOp|Move(W)@Move(W)
1028615958:NoOp@NoOp|NoOp@NoOp|NoOp@NoOp|NoOp@NoOp|NoOp@NoOp|NoOp@NoOp|NoOp@NoOp|NoOp@NoOp|NoOp@NoOp|Move(W)@Move(W)
1028624833:NoOp@NoOp|NoOp@NoOp|NoOp@NoOp|NoOp@NoOp|NoOp@NoOp|NoOp@NoOp|NoOp@NoOp|NoOp@NoOp|NoOp@NoOp|Move(W)@Move(W)
1028634875:NoOp@NoOp|NoOp@NoOp|NoOp@NoOp|NoOp@NoOp|NoOp@NoOp|NoOp@NoOp|NoOp@NoOp|NoOp@NoOp|NoOp@NoOp|Move(S)@Move(S)
1028644208:NoOp@NoOp|NoOp@NoOp|NoOp@NoOp|NoOp@NoOp|NoOp@NoOp|NoOp@NoOp|NoOp@NoOp|NoOp@NoOp|NoOp@NoOp|Move(S)@Move(S)
1028655250:NoOp@NoOp|NoOp@NoOp|NoOp@NoOp|NoOp@NoOp|NoOp@NoOp|Move(N)@Move(N)|NoOp@NoOp|NoOp@NoOp|NoOp@NoOp|NoOp@NoOp
1028665542:NoOp@NoOp|NoOp@NoOp|NoOp@NoOp|NoOp@NoOp|NoOp@NoOp|Move(N)@Move(N)|NoOp@NoOp|NoOp@NoOp|NoOp@NoOp|NoOp@NoOp
1028680083:NoOp@NoOp|NoOp@NoOp|NoOp@NoOp|NoOp@NoOp|NoOp@NoOp|Move(N)@Move(N)|NoOp@NoOp|NoOp@NoOp|NoOp@NoOp|NoOp@NoOp
1028691250:NoOp@NoOp|NoOp@NoOp|NoOp@NoOp|NoOp@NoOp|NoOp@NoOp|Move(E)@Move(E)|NoOp@NoOp|NoOp@NoOp|NoOp@NoOp|NoOp@NoOp
1028701875:NoOp@NoOp|NoOp@NoOp|NoOp@NoOp|NoOp@NoOp|NoOp@NoOp|Move(E)@Move(E)|NoOp@NoOp|NoOp@NoOp|NoOp@NoOp|NoOp@NoOp
1028712958:NoOp@NoOp|NoOp@NoOp|NoOp@NoOp|NoOp@NoOp|NoOp@NoOp|Move(E)@Move(E)|NoOp@NoOp|NoOp@NoOp|NoOp@NoOp|NoOp@NoOp
1028725208:NoOp@NoOp|NoOp@NoOp|NoOp@NoOp|NoOp@NoOp|NoOp@NoOp|Move(E)@Move(E)|NoOp@NoOp|NoOp@NoOp|NoOp@NoOp|NoOp@NoOp
1028736167:NoOp@NoOp|NoOp@NoOp|NoOp@NoOp|NoOp@NoOp|NoOp@NoOp|Move(S)@Move(S)|NoOp@NoOp|NoOp@NoOp|NoOp@NoOp|NoOp@NoOp
1028747542:NoOp@NoOp|NoOp@NoOp|NoOp@NoOp|NoOp@NoOp|NoOp@NoOp|Move(S)@Move(S)|NoOp@NoOp|NoOp@NoOp|NoOp@NoOp|NoOp@NoOp
1028756625:NoOp@NoOp|NoOp@NoOp|NoOp@NoOp|NoOp@NoOp|NoOp@NoOp|Move(S)@Move(S)|NoOp@NoOp|NoOp@NoOp|NoOp@NoOp|NoOp@NoOp
1028766417:NoOp@NoOp|NoOp@NoOp|NoOp@NoOp|NoOp@NoOp|NoOp@NoOp|Move(S)@Move(S)|NoOp@NoOp|NoOp@NoOp|NoOp@NoOp|NoOp@NoOp
1028777458:NoOp@NoOp|NoOp@NoOp|NoOp@NoOp|NoOp@NoOp|NoOp@NoOp|Move(S)@Move(S)|NoOp@NoOp|NoOp@NoOp|NoOp@NoOp|NoOp@NoOp
1028787625:NoOp@NoOp|NoOp@NoOp|NoOp@NoOp|NoOp@NoOp|NoOp@NoOp|Move(S)@Move(S)|NoOp@NoOp|NoOp@NoOp|NoOp@NoOp|NoOp@NoOp
1028796875:NoOp@NoOp|NoOp@NoOp|NoOp@NoOp|NoOp@NoOp|NoOp@NoOp|Move(E)@Move(E)|NoOp@NoOp|NoOp@NoOp|NoOp@NoOp|NoOp@NoOp
1028813583:NoOp@NoOp|NoOp@NoOp|NoOp@NoOp|NoOp@NoOp|NoOp@NoOp|Move(S)@Move(S)|NoOp@NoOp|NoOp@NoOp|NoOp@NoOp|NoOp@NoOp
1028823833:NoOp@NoOp|NoOp@NoOp|NoOp@NoOp|NoOp@NoOp|NoOp@NoOp|Move(S)@Move(S)|NoOp@NoOp|NoOp@NoOp|NoOp@NoOp|NoOp@NoOp
1028834667:NoOp@NoOp|NoOp@NoOp|NoOp@NoOp|NoOp@NoOp|NoOp@NoOp|Move(E)@Move(E)|NoOp@NoOp|NoOp@NoOp|NoOp@NoOp|NoOp@NoOp
1028848000:NoOp@NoOp|NoOp@NoOp|NoOp@NoOp|NoOp@NoOp|NoOp@NoOp|Move(E)@Move(E)|NoOp@NoOp|NoOp@NoOp|NoOp@NoOp|NoOp@NoOp
1028858125:NoOp@NoOp|NoOp@NoOp|NoOp@NoOp|NoOp@NoOp|NoOp@NoOp|Move(E)@Move(E)|NoOp@NoOp|NoOp@NoOp|NoOp@NoOp|NoOp@NoOp
1028872292:NoOp@NoOp|NoOp@NoOp|NoOp@NoOp|NoOp@NoOp|NoOp@NoOp|Move(S)@Move(S)|NoOp@NoOp|NoOp@NoOp|NoOp@NoOp|NoOp@NoOp
1028883375:NoOp@NoOp|NoOp@NoOp|NoOp@NoOp|NoOp@NoOp|NoOp@NoOp|Move(S)@Move(S)|NoOp@NoOp|NoOp@NoOp|NoOp@NoOp|NoOp@NoOp
1028893917:NoOp@NoOp|NoOp@NoOp|NoOp@NoOp|NoOp@NoOp|NoOp@NoOp|Move(S)@Move(S)|NoOp@NoOp|NoOp@NoOp|NoOp@NoOp|NoOp@NoOp
1028902875:NoOp@NoOp|NoOp@NoOp|NoOp@NoOp|NoOp@NoOp|NoOp@NoOp|Move(S)@Move(S)|NoOp@NoOp|NoOp@NoOp|NoOp@NoOp|NoOp@NoOp
1028912833:NoOp@NoOp|NoOp@NoOp|NoOp@NoOp|NoOp@NoOp|NoOp@NoOp|Move(S)@Move(S)|NoOp@NoOp|NoOp@NoOp|NoOp@NoOp|NoOp@NoOp
1028922917:NoOp@NoOp|NoOp@NoOp|NoOp@NoOp|NoOp@NoOp|NoOp@NoOp|Move(S)@Move(S)|NoOp@NoOp|NoOp@NoOp|NoOp@NoOp|NoOp@NoOp
1028933542:NoOp@NoOp|NoOp@NoOp|NoOp@NoOp|NoOp@NoOp|NoOp@NoOp|Move(S)@Move(S)|NoOp@NoOp|NoOp@NoOp|NoOp@NoOp|NoOp@NoOp
1028947583:NoOp@NoOp|NoOp@NoOp|NoOp@NoOp|NoOp@NoOp|NoOp@NoOp|Move(W)@Move(W)|NoOp@NoOp|NoOp@NoOp|NoOp@NoOp|NoOp@NoOp
1028957083:NoOp@NoOp|NoOp@NoOp|NoOp@NoOp|NoOp@NoOp|NoOp@NoOp|Move(W)@Move(W)|NoOp@NoOp|NoOp@NoOp|NoOp@NoOp|NoOp@NoOp
1028968083:NoOp@NoOp|NoOp@NoOp|NoOp@NoOp|NoOp@NoOp|NoOp@NoOp|Move(W)@Move(W)|NoOp@NoOp|NoOp@NoOp|NoOp@NoOp|NoOp@NoOp
1028979958:NoOp@NoOp|NoOp@NoOp|NoOp@NoOp|NoOp@NoOp|NoOp@NoOp|Move(W)@Move(W)|NoOp@NoOp|NoOp@NoOp|NoOp@NoOp|NoOp@NoOp
1028989000:NoOp@NoOp|NoOp@NoOp|NoOp@NoOp|NoOp@NoOp|NoOp@NoOp|Move(W)@Move(W)|NoOp@NoOp|NoOp@NoOp|NoOp@NoOp|NoOp@NoOp
1029000125:NoOp@NoOp|NoOp@NoOp|NoOp@NoOp|NoOp@NoOp|NoOp@NoOp|Move(W)@Move(W)|NoOp@NoOp|NoOp@NoOp|NoOp@NoOp|NoOp@NoOp
1029014792:NoOp@NoOp|NoOp@NoOp|NoOp@NoOp|NoOp@NoOp|NoOp@NoOp|Move(W)@Move(W)|NoOp@NoOp|NoOp@NoOp|NoOp@NoOp|NoOp@NoOp
1029024792:NoOp@NoOp|NoOp@NoOp|NoOp@NoOp|NoOp@NoOp|NoOp@NoOp|Move(N)@Move(N)|NoOp@NoOp|NoOp@NoOp|NoOp@NoOp|NoOp@NoOp
1029033667:NoOp@NoOp|NoOp@NoOp|NoOp@NoOp|NoOp@NoOp|NoOp@NoOp|Move(N)@Move(N)|NoOp@NoOp|NoOp@NoOp|NoOp@NoOp|NoOp@NoOp
1029043292:NoOp@NoOp|NoOp@NoOp|NoOp@NoOp|NoOp@NoOp|NoOp@NoOp|Move(N)@Move(N)|NoOp@NoOp|NoOp@NoOp|NoOp@NoOp|NoOp@NoOp
1029052667:NoOp@NoOp|NoOp@NoOp|NoOp@NoOp|NoOp@NoOp|NoOp@NoOp|Move(W)@Move(W)|NoOp@NoOp|NoOp@NoOp|NoOp@NoOp|NoOp@NoOp
1029061542:NoOp@NoOp|NoOp@NoOp|NoOp@NoOp|NoOp@NoOp|NoOp@NoOp|Move(W)@Move(W)|NoOp@NoOp|NoOp@NoOp|NoOp@NoOp|NoOp@NoOp
1029072875:NoOp@NoOp|NoOp@NoOp|NoOp@NoOp|NoOp@NoOp|NoOp@NoOp|Move(W)@Move(W)|NoOp@NoOp|NoOp@NoOp|NoOp@NoOp|NoOp@NoOp
1029085417:NoOp@NoOp|NoOp@NoOp|NoOp@NoOp|NoOp@NoOp|NoOp@NoOp|Move(W)@Move(W)|NoOp@NoOp|NoOp@NoOp|NoOp@NoOp|NoOp@NoOp
1029094542:NoOp@NoOp|NoOp@NoOp|NoOp@NoOp|NoOp@NoOp|NoOp@NoOp|Move(W)@Move(W)|NoOp@NoOp|NoOp@NoOp|NoOp@NoOp|NoOp@NoOp
1029105000:NoOp@NoOp|NoOp@NoOp|NoOp@NoOp|NoOp@NoOp|NoOp@NoOp|Move(W)@Move(W)|NoOp@NoOp|NoOp@NoOp|NoOp@NoOp|NoOp@NoOp
1029114333:NoOp@NoOp|NoOp@NoOp|NoOp@NoOp|NoOp@NoOp|NoOp@NoOp|Move(W)@Move(W)|NoOp@NoOp|NoOp@NoOp|NoOp@NoOp|NoOp@NoOp
1029123333:NoOp@NoOp|NoOp@NoOp|NoOp@NoOp|NoOp@NoOp|NoOp@NoOp|Move(W)@Move(W)|NoOp@NoOp|NoOp@NoOp|NoOp@NoOp|NoOp@NoOp
1029134042:NoOp@NoOp|NoOp@NoOp|NoOp@NoOp|NoOp@NoOp|NoOp@NoOp|Move(W)@Move(W)|NoOp@NoOp|NoOp@NoOp|NoOp@NoOp|NoOp@NoOp
1029148042:NoOp@NoOp|NoOp@NoOp|NoOp@NoOp|NoOp@NoOp|NoOp@NoOp|Move(W)@Move(W)|NoOp@NoOp|NoOp@NoOp|NoOp@NoOp|NoOp@NoOp
1029157750:NoOp@NoOp|NoOp@NoOp|NoOp@NoOp|NoOp@NoOp|NoOp@NoOp|Move(W)@Move(W)|NoOp@NoOp|NoOp@NoOp|NoOp@NoOp|NoOp@NoOp
1029166708:NoOp@NoOp|NoOp@NoOp|NoOp@NoOp|NoOp@NoOp|NoOp@NoOp|Move(W)@Move(W)|NoOp@NoOp|NoOp@NoOp|NoOp@NoOp|NoOp@NoOp
1029177458:NoOp@NoOp|NoOp@NoOp|NoOp@NoOp|NoOp@NoOp|NoOp@NoOp|Move(W)@Move(W)|NoOp@NoOp|NoOp@NoOp|NoOp@NoOp|NoOp@NoOp
1029188833:NoOp@NoOp|NoOp@NoOp|NoOp@NoOp|NoOp@NoOp|NoOp@NoOp|Move(W)@Move(W)|NoOp@NoOp|NoOp@NoOp|NoOp@NoOp|NoOp@NoOp
1029198500:NoOp@NoOp|NoOp@NoOp|NoOp@NoOp|NoOp@NoOp|NoOp@NoOp|Move(W)@Move(W)|NoOp@NoOp|NoOp@NoOp|NoOp@NoOp|NoOp@NoOp
1029209625:NoOp@NoOp|NoOp@NoOp|NoOp@NoOp|NoOp@NoOp|NoOp@NoOp|Move(W)@Move(W)|NoOp@NoOp|NoOp@NoOp|NoOp@NoOp|NoOp@NoOp
1029219750:NoOp@NoOp|NoOp@NoOp|NoOp@NoOp|NoOp@NoOp|NoOp@NoOp|Move(W)@Move(W)|NoOp@NoOp|NoOp@NoOp|NoOp@NoOp|NoOp@NoOp
1029233667:NoOp@NoOp|NoOp@NoOp|NoOp@NoOp|NoOp@NoOp|NoOp@NoOp|Move(W)@Move(W)|NoOp@NoOp|NoOp@NoOp|NoOp@NoOp|NoOp@NoOp
1029245417:NoOp@NoOp|NoOp@NoOp|NoOp@NoOp|NoOp@NoOp|NoOp@NoOp|Move(N)@Move(N)|NoOp@NoOp|NoOp@NoOp|NoOp@NoOp|NoOp@NoOp
1029259208:NoOp@NoOp|NoOp@NoOp|NoOp@NoOp|NoOp@NoOp|NoOp@NoOp|Move(N)@Move(N)|NoOp@NoOp|NoOp@NoOp|NoOp@NoOp|NoOp@NoOp
1029271000:NoOp@NoOp|NoOp@NoOp|NoOp@NoOp|NoOp@NoOp|NoOp@NoOp|Move(E)@Move(E)|NoOp@NoOp|NoOp@NoOp|NoOp@NoOp|NoOp@NoOp
1029286750:NoOp@NoOp|NoOp@NoOp|NoOp@NoOp|Move(N)@Move(N)|NoOp@NoOp|NoOp@NoOp|NoOp@NoOp|NoOp@NoOp|NoOp@NoOp|NoOp@NoOp
1029297417:NoOp@NoOp|NoOp@NoOp|NoOp@NoOp|Move(N)@Move(N)|NoOp@NoOp|NoOp@NoOp|NoOp@NoOp|NoOp@NoOp|NoOp@NoOp|NoOp@NoOp
1029306250:NoOp@NoOp|NoOp@NoOp|NoOp@NoOp|Move(N)@Move(N)|NoOp@NoOp|NoOp@NoOp|NoOp@NoOp|NoOp@NoOp|NoOp@NoOp|NoOp@NoOp
1029317292:NoOp@NoOp|NoOp@NoOp|NoOp@NoOp|Move(N)@Move(N)|NoOp@NoOp|NoOp@NoOp|NoOp@NoOp|NoOp@NoOp|NoOp@NoOp|NoOp@NoOp
1029327625:NoOp@NoOp|NoOp@NoOp|NoOp@NoOp|Move(N)@Move(N)|NoOp@NoOp|NoOp@NoOp|NoOp@NoOp|NoOp@NoOp|NoOp@NoOp|NoOp@NoOp
1029336875:NoOp@NoOp|NoOp@NoOp|NoOp@NoOp|Move(E)@Move(E)|NoOp@NoOp|NoOp@NoOp|NoOp@NoOp|NoOp@NoOp|NoOp@NoOp|NoOp@NoOp
1029349875:NoOp@NoOp|NoOp@NoOp|NoOp@NoOp|Move(E)@Move(E)|NoOp@NoOp|NoOp@NoOp|NoOp@NoOp|NoOp@NoOp|NoOp@NoOp|NoOp@NoOp
1029360292:NoOp@NoOp|NoOp@NoOp|NoOp@NoOp|Move(E)@Move(E)|NoOp@NoOp|NoOp@NoOp|NoOp@NoOp|NoOp@NoOp|NoOp@NoOp|NoOp@NoOp
1029369250:NoOp@NoOp|NoOp@NoOp|NoOp@NoOp|Move(E)@Move(E)|NoOp@NoOp|NoOp@NoOp|NoOp@NoOp|NoOp@NoOp|NoOp@NoOp|NoOp@NoOp
1029380208:NoOp@NoOp|NoOp@NoOp|NoOp@NoOp|Move(E)@Move(E)|NoOp@NoOp|NoOp@NoOp|NoOp@NoOp|NoOp@NoOp|NoOp@NoOp|NoOp@NoOp
1029391042:NoOp@NoOp|NoOp@NoOp|NoOp@NoOp|Move(E)@Move(E)|NoOp@NoOp|NoOp@NoOp|NoOp@NoOp|NoOp@NoOp|NoOp@NoOp|NoOp@NoOp
1029399250:NoOp@NoOp|NoOp@NoOp|NoOp@NoOp|Move(E)@Move(E)|NoOp@NoOp|NoOp@NoOp|NoOp@NoOp|NoOp@NoOp|NoOp@NoOp|NoOp@NoOp
1029413125:NoOp@NoOp|NoOp@NoOp|NoOp@NoOp|Move(E)@Move(E)|NoOp@NoOp|NoOp@NoOp|NoOp@NoOp|NoOp@NoOp|NoOp@NoOp|NoOp@NoOp
1029424750:NoOp@NoOp|NoOp@NoOp|NoOp@NoOp|Move(E)@Move(E)|NoOp@NoOp|NoOp@NoOp|NoOp@NoOp|NoOp@NoOp|NoOp@NoOp|NoOp@NoOp
1029436625:NoOp@NoOp|NoOp@NoOp|NoOp@NoOp|Move(E)@Move(E)|NoOp@NoOp|NoOp@NoOp|NoOp@NoOp|NoOp@NoOp|NoOp@NoOp|NoOp@NoOp
1029449083:NoOp@NoOp|NoOp@NoOp|NoOp@NoOp|Move(E)@Move(E)|NoOp@NoOp|NoOp@NoOp|NoOp@NoOp|NoOp@NoOp|NoOp@NoOp|NoOp@NoOp
1029458958:NoOp@NoOp|NoOp@NoOp|NoOp@NoOp|Move(E)@Move(E)|NoOp@NoOp|NoOp@NoOp|NoOp@NoOp|NoOp@NoOp|NoOp@NoOp|NoOp@NoOp
1029467875:NoOp@NoOp|NoOp@NoOp|NoOp@NoOp|Move(E)@Move(E)|NoOp@NoOp|NoOp@NoOp|NoOp@NoOp|NoOp@NoOp|NoOp@NoOp|NoOp@NoOp
1029480958:NoOp@NoOp|NoOp@NoOp|NoOp@NoOp|Move(S)@Move(S)|NoOp@NoOp|NoOp@NoOp|NoOp@NoOp|NoOp@NoOp|NoOp@NoOp|NoOp@NoOp
1029491167:NoOp@NoOp|NoOp@NoOp|NoOp@NoOp|Move(S)@Move(S)|NoOp@NoOp|NoOp@NoOp|NoOp@NoOp|NoOp@NoOp|NoOp@NoOp|NoOp@NoOp
1029502208:NoOp@NoOp|NoOp@NoOp|NoOp@NoOp|Move(S)@Move(S)|NoOp@NoOp|NoOp@NoOp|NoOp@NoOp|NoOp@NoOp|NoOp@NoOp|NoOp@NoOp
1029513375:NoOp@NoOp|NoOp@NoOp|NoOp@NoOp|Move(S)@Move(S)|NoOp@NoOp|NoOp@NoOp|NoOp@NoOp|NoOp@NoOp|NoOp@NoOp|NoOp@NoOp
1029522542:NoOp@NoOp|NoOp@NoOp|NoOp@NoOp|Move(S)@Move(S)|NoOp@NoOp|NoOp@NoOp|NoOp@NoOp|NoOp@NoOp|NoOp@NoOp|NoOp@NoOp
1029534167:NoOp@NoOp|NoOp@NoOp|NoOp@NoOp|Move(S)@Move(S)|NoOp@NoOp|NoOp@NoOp|NoOp@NoOp|NoOp@NoOp|NoOp@NoOp|NoOp@NoOp
1029547333:NoOp@NoOp|NoOp@NoOp|NoOp@NoOp|Move(E)@Move(E)|NoOp@NoOp|NoOp@NoOp|NoOp@NoOp|NoOp@NoOp|NoOp@NoOp|NoOp@NoOp
1029558792:NoOp@NoOp|NoOp@NoOp|NoOp@NoOp|Move(S)@Move(S)|NoOp@NoOp|NoOp@NoOp|NoOp@NoOp|NoOp@NoOp|NoOp@NoOp|NoOp@NoOp
1029569750:NoOp@NoOp|NoOp@NoOp|NoOp@NoOp|Move(S)@Move(S)|NoOp@NoOp|NoOp@NoOp|NoOp@NoOp|NoOp@NoOp|NoOp@NoOp|NoOp@NoOp
1029578708:NoOp@NoOp|NoOp@NoOp|NoOp@NoOp|Move(E)@Move(E)|NoOp@NoOp|NoOp@NoOp|NoOp@NoOp|NoOp@NoOp|NoOp@NoOp|NoOp@NoOp
1029589833:NoOp@NoOp|NoOp@NoOp|NoOp@NoOp|Move(E)@Move(E)|NoOp@NoOp|NoOp@NoOp|NoOp@NoOp|NoOp@NoOp|NoOp@NoOp|NoOp@NoOp
1029599750:NoOp@NoOp|NoOp@NoOp|NoOp@NoOp|Move(E)@Move(E)|NoOp@NoOp|NoOp@NoOp|NoOp@NoOp|NoOp@NoOp|NoOp@NoOp|NoOp@NoOp
1029611125:NoOp@NoOp|NoOp@NoOp|NoOp@NoOp|Move(S)@Move(S)|NoOp@NoOp|NoOp@NoOp|NoOp@NoOp|NoOp@NoOp|NoOp@NoOp|NoOp@NoOp
1029620708:NoOp@NoOp|NoOp@NoOp|NoOp@NoOp|Move(S)@Move(S)|NoOp@NoOp|NoOp@NoOp|NoOp@NoOp|NoOp@NoOp|NoOp@NoOp|NoOp@NoOp
1029635208:NoOp@NoOp|NoOp@NoOp|NoOp@NoOp|Move(S)@Move(S)|NoOp@NoOp|NoOp@NoOp|NoOp@NoOp|NoOp@NoOp|NoOp@NoOp|NoOp@NoOp
1029646958:NoOp@NoOp|NoOp@NoOp|NoOp@NoOp|Move(S)@Move(S)|NoOp@NoOp|NoOp@NoOp|NoOp@NoOp|NoOp@NoOp|NoOp@NoOp|NoOp@NoOp
1029659042:NoOp@NoOp|NoOp@NoOp|NoOp@NoOp|Move(S)@Move(S)|NoOp@NoOp|NoOp@NoOp|NoOp@NoOp|NoOp@NoOp|NoOp@NoOp|NoOp@NoOp
1029671917:NoOp@NoOp|NoOp@NoOp|NoOp@NoOp|Move(S)@Move(S)|NoOp@NoOp|NoOp@NoOp|NoOp@NoOp|NoOp@NoOp|NoOp@NoOp|NoOp@NoOp
1029691125:NoOp@NoOp|NoOp@NoOp|NoOp@NoOp|Move(S)@Move(S)|NoOp@NoOp|NoOp@NoOp|NoOp@NoOp|NoOp@NoOp|NoOp@NoOp|NoOp@NoOp
1029702875:NoOp@NoOp|NoOp@NoOp|NoOp@NoOp|Move(W)@Move(W)|NoOp@NoOp|NoOp@NoOp|NoOp@NoOp|NoOp@NoOp|NoOp@NoOp|NoOp@NoOp
1029713667:NoOp@NoOp|NoOp@NoOp|NoOp@NoOp|Move(W)@Move(W)|NoOp@NoOp|NoOp@NoOp|NoOp@NoOp|NoOp@NoOp|NoOp@NoOp|NoOp@NoOp
1029729292:NoOp@NoOp|NoOp@NoOp|NoOp@NoOp|Move(W)@Move(W)|NoOp@NoOp|NoOp@NoOp|NoOp@NoOp|NoOp@NoOp|NoOp@NoOp|NoOp@NoOp
1029744042:NoOp@NoOp|NoOp@NoOp|NoOp@NoOp|Move(W)@Move(W)|NoOp@NoOp|NoOp@NoOp|NoOp@NoOp|NoOp@NoOp|NoOp@NoOp|NoOp@NoOp
1029757583:NoOp@NoOp|NoOp@NoOp|NoOp@NoOp|Move(W)@Move(W)|NoOp@NoOp|NoOp@NoOp|NoOp@NoOp|NoOp@NoOp|NoOp@NoOp|NoOp@NoOp
1029777458:NoOp@NoOp|NoOp@NoOp|NoOp@NoOp|Move(W)@Move(W)|NoOp@NoOp|NoOp@NoOp|NoOp@NoOp|NoOp@NoOp|NoOp@NoOp|NoOp@NoOp
1029792125:NoOp@NoOp|NoOp@NoOp|NoOp@NoOp|Move(W)@Move(W)|NoOp@NoOp|NoOp@NoOp|NoOp@NoOp|NoOp@NoOp|NoOp@NoOp|NoOp@NoOp
1029802750:NoOp@NoOp|NoOp@NoOp|NoOp@NoOp|Move(N)@Move(N)|NoOp@NoOp|NoOp@NoOp|NoOp@NoOp|NoOp@NoOp|NoOp@NoOp|NoOp@NoOp
1029813125:NoOp@NoOp|NoOp@NoOp|NoOp@NoOp|Move(N)@Move(N)|NoOp@NoOp|NoOp@NoOp|NoOp@NoOp|NoOp@NoOp|NoOp@NoOp|NoOp@NoOp
1029823500:NoOp@NoOp|NoOp@NoOp|NoOp@NoOp|Move(N)@Move(N)|NoOp@NoOp|NoOp@NoOp|NoOp@NoOp|NoOp@NoOp|NoOp@NoOp|NoOp@NoOp
1029836542:NoOp@NoOp|NoOp@NoOp|NoOp@NoOp|Move(W)@Move(W)|NoOp@NoOp|NoOp@NoOp|NoOp@NoOp|NoOp@NoOp|NoOp@NoOp|NoOp@NoOp
1029847792:NoOp@NoOp|NoOp@NoOp|NoOp@NoOp|Move(W)@Move(W)|NoOp@NoOp|NoOp@NoOp|NoOp@NoOp|NoOp@NoOp|NoOp@NoOp|NoOp@NoOp
1029862875:NoOp@NoOp|NoOp@NoOp|NoOp@NoOp|Move(W)@Move(W)|NoOp@NoOp|NoOp@NoOp|NoOp@NoOp|NoOp@NoOp|NoOp@NoOp|NoOp@NoOp
1029874958:NoOp@NoOp|NoOp@NoOp|NoOp@NoOp|Move(W)@Move(W)|NoOp@NoOp|NoOp@NoOp|NoOp@NoOp|NoOp@NoOp|NoOp@NoOp|NoOp@NoOp
1029886417:NoOp@NoOp|NoOp@NoOp|NoOp@NoOp|Move(W)@Move(W)|NoOp@NoOp|NoOp@NoOp|NoOp@NoOp|NoOp@NoOp|NoOp@NoOp|NoOp@NoOp
1029895917:NoOp@NoOp|NoOp@NoOp|NoOp@NoOp|Move(W)@Move(W)|NoOp@NoOp|NoOp@NoOp|NoOp@NoOp|NoOp@NoOp|NoOp@NoOp|NoOp@NoOp
1029907083:NoOp@NoOp|NoOp@NoOp|NoOp@NoOp|Move(W)@Move(W)|NoOp@NoOp|NoOp@NoOp|NoOp@NoOp|NoOp@NoOp|NoOp@NoOp|NoOp@NoOp
1029917583:NoOp@NoOp|NoOp@NoOp|NoOp@NoOp|Move(W)@Move(W)|NoOp@NoOp|NoOp@NoOp|NoOp@NoOp|NoOp@NoOp|NoOp@NoOp|NoOp@NoOp
1029932500:NoOp@NoOp|NoOp@NoOp|NoOp@NoOp|Move(W)@Move(W)|NoOp@NoOp|NoOp@NoOp|NoOp@NoOp|NoOp@NoOp|NoOp@NoOp|NoOp@NoOp
1029945083:NoOp@NoOp|NoOp@NoOp|NoOp@NoOp|Move(W)@Move(W)|NoOp@NoOp|NoOp@NoOp|NoOp@NoOp|NoOp@NoOp|NoOp@NoOp|NoOp@NoOp
1029958083:NoOp@NoOp|NoOp@NoOp|NoOp@NoOp|Move(W)@Move(W)|NoOp@NoOp|NoOp@NoOp|NoOp@NoOp|NoOp@NoOp|NoOp@NoOp|NoOp@NoOp
1029971417:NoOp@NoOp|NoOp@NoOp|NoOp@NoOp|Move(W)@Move(W)|NoOp@NoOp|NoOp@NoOp|NoOp@NoOp|NoOp@NoOp|NoOp@NoOp|NoOp@NoOp
1029981375:NoOp@NoOp|NoOp@NoOp|NoOp@NoOp|Move(W)@Move(W)|NoOp@NoOp|NoOp@NoOp|NoOp@NoOp|NoOp@NoOp|NoOp@NoOp|NoOp@NoOp
1029990708:NoOp@NoOp|NoOp@NoOp|NoOp@NoOp|Move(W)@Move(W)|NoOp@NoOp|NoOp@NoOp|NoOp@NoOp|NoOp@NoOp|NoOp@NoOp|NoOp@NoOp
1030004083:NoOp@NoOp|NoOp@NoOp|NoOp@NoOp|Move(W)@Move(W)|NoOp@NoOp|NoOp@NoOp|NoOp@NoOp|NoOp@NoOp|NoOp@NoOp|NoOp@NoOp
1030015000:NoOp@NoOp|NoOp@NoOp|NoOp@NoOp|Move(W)@Move(W)|NoOp@NoOp|NoOp@NoOp|NoOp@NoOp|NoOp@NoOp|NoOp@NoOp|NoOp@NoOp
1030025500:NoOp@NoOp|NoOp@NoOp|NoOp@NoOp|Move(W)@Move(W)|NoOp@NoOp|NoOp@NoOp|NoOp@NoOp|NoOp@NoOp|NoOp@NoOp|NoOp@NoOp
1030035083:NoOp@NoOp|NoOp@NoOp|NoOp@NoOp|NoOp@NoOp|NoOp@NoOp|NoOp@NoOp|NoOp@NoOp|NoOp@NoOp|Move(S)@Move(S)|NoOp@NoOp
1030046583:NoOp@NoOp|NoOp@NoOp|NoOp@NoOp|NoOp@NoOp|NoOp@NoOp|NoOp@NoOp|NoOp@NoOp|NoOp@NoOp|Move(S)@Move(S)|NoOp@NoOp
1030057167:NoOp@NoOp|NoOp@NoOp|NoOp@NoOp|NoOp@NoOp|NoOp@NoOp|NoOp@NoOp|NoOp@NoOp|NoOp@NoOp|Move(S)@Move(S)|NoOp@NoOp
1030068292:NoOp@NoOp|NoOp@NoOp|NoOp@NoOp|NoOp@NoOp|NoOp@NoOp|NoOp@NoOp|NoOp@NoOp|NoOp@NoOp|Move(S)@Move(S)|NoOp@NoOp
1030079500:NoOp@NoOp|NoOp@NoOp|NoOp@NoOp|NoOp@NoOp|NoOp@NoOp|NoOp@NoOp|NoOp@NoOp|NoOp@NoOp|Move(S)@Move(S)|NoOp@NoOp
1030089167:NoOp@NoOp|NoOp@NoOp|NoOp@NoOp|NoOp@NoOp|NoOp@NoOp|NoOp@NoOp|NoOp@NoOp|NoOp@NoOp|Move(W)@Move(W)|NoOp@NoOp
1030099250:NoOp@NoOp|NoOp@NoOp|NoOp@NoOp|NoOp@NoOp|NoOp@NoOp|NoOp@NoOp|NoOp@NoOp|NoOp@NoOp|Move(W)@Move(W)|NoOp@NoOp
1030108250:NoOp@NoOp|NoOp@NoOp|NoOp@NoOp|NoOp@NoOp|NoOp@NoOp|NoOp@NoOp|NoOp@NoOp|NoOp@NoOp|Move(W)@Move(W)|NoOp@NoOp
1030119958:NoOp@NoOp|NoOp@NoOp|NoOp@NoOp|NoOp@NoOp|NoOp@NoOp|NoOp@NoOp|NoOp@NoOp|NoOp@NoOp|Move(W)@Move(W)|NoOp@NoOp
1030138792:NoOp@NoOp|NoOp@NoOp|NoOp@NoOp|NoOp@NoOp|NoOp@NoOp|NoOp@NoOp|NoOp@NoOp|NoOp@NoOp|Move(W)@Move(W)|NoOp@NoOp
1030148750:NoOp@NoOp|NoOp@NoOp|NoOp@NoOp|NoOp@NoOp|NoOp@NoOp|NoOp@NoOp|NoOp@NoOp|NoOp@NoOp|Move(W)@Move(W)|NoOp@NoOp
1030158333:NoOp@NoOp|NoOp@NoOp|NoOp@NoOp|NoOp@NoOp|NoOp@NoOp|NoOp@NoOp|NoOp@NoOp|NoOp@NoOp|Move(W)@Move(W)|NoOp@NoOp
1030169542:NoOp@NoOp|NoOp@NoOp|NoOp@NoOp|NoOp@NoOp|NoOp@NoOp|NoOp@NoOp|NoOp@NoOp|NoOp@NoOp|Move(W)@Move(W)|NoOp@NoOp
1030179625:NoOp@NoOp|NoOp@NoOp|NoOp@NoOp|NoOp@NoOp|NoOp@NoOp|NoOp@NoOp|NoOp@NoOp|NoOp@NoOp|Move(W)@Move(W)|NoOp@NoOp
1030188917:NoOp@NoOp|NoOp@NoOp|NoOp@NoOp|NoOp@NoOp|NoOp@NoOp|NoOp@NoOp|NoOp@NoOp|NoOp@NoOp|Move(W)@Move(W)|NoOp@NoOp
1030202125:NoOp@NoOp|NoOp@NoOp|NoOp@NoOp|NoOp@NoOp|NoOp@NoOp|NoOp@NoOp|NoOp@NoOp|NoOp@NoOp|Move(W)@Move(W)|NoOp@NoOp
1030213208:NoOp@NoOp|NoOp@NoOp|NoOp@NoOp|NoOp@NoOp|NoOp@NoOp|NoOp@NoOp|NoOp@NoOp|NoOp@NoOp|Move(W)@Move(W)|NoOp@NoOp
1030222375:NoOp@NoOp|NoOp@NoOp|NoOp@NoOp|NoOp@NoOp|NoOp@NoOp|NoOp@NoOp|NoOp@NoOp|NoOp@NoOp|Move(W)@Move(W)|NoOp@NoOp
1030233458:NoOp@NoOp|NoOp@NoOp|NoOp@NoOp|NoOp@NoOp|NoOp@NoOp|NoOp@NoOp|NoOp@NoOp|NoOp@NoOp|Move(W)@Move(W)|NoOp@NoOp
1030243292:NoOp@NoOp|NoOp@NoOp|NoOp@NoOp|NoOp@NoOp|NoOp@NoOp|NoOp@NoOp|NoOp@NoOp|NoOp@NoOp|Move(N)@Move(N)|NoOp@NoOp
1030252792:NoOp@NoOp|NoOp@NoOp|NoOp@NoOp|NoOp@NoOp|NoOp@NoOp|NoOp@NoOp|NoOp@NoOp|NoOp@NoOp|Move(N)@Move(N)|NoOp@NoOp
1030269375:NoOp@NoOp|NoOp@NoOp|NoOp@NoOp|NoOp@NoOp|NoOp@NoOp|NoOp@NoOp|NoOp@NoOp|NoOp@NoOp|Move(N)@Move(N)|NoOp@NoOp
1030280625:NoOp@NoOp|NoOp@NoOp|NoOp@NoOp|NoOp@NoOp|NoOp@NoOp|NoOp@NoOp|NoOp@NoOp|NoOp@NoOp|Move(W)@Move(W)|NoOp@NoOp
1030291625:NoOp@NoOp|NoOp@NoOp|NoOp@NoOp|NoOp@NoOp|NoOp@NoOp|NoOp@NoOp|NoOp@NoOp|NoOp@NoOp|Move(W)@Move(W)|NoOp@NoOp
1030303208:NoOp@NoOp|NoOp@NoOp|NoOp@NoOp|NoOp@NoOp|NoOp@NoOp|NoOp@NoOp|NoOp@NoOp|NoOp@NoOp|Move(W)@Move(W)|NoOp@NoOp
1030312667:NoOp@NoOp|NoOp@NoOp|NoOp@NoOp|NoOp@NoOp|NoOp@NoOp|NoOp@NoOp|NoOp@NoOp|NoOp@NoOp|Move(W)@Move(W)|NoOp@NoOp
1030323417:NoOp@NoOp|NoOp@NoOp|NoOp@NoOp|NoOp@NoOp|NoOp@NoOp|NoOp@NoOp|NoOp@NoOp|NoOp@NoOp|Move(S)@Move(S)|NoOp@NoOp
1030338542:NoOp@NoOp|NoOp@NoOp|NoOp@NoOp|NoOp@NoOp|NoOp@NoOp|NoOp@NoOp|NoOp@NoOp|NoOp@NoOp|Move(W)@Move(W)|NoOp@NoOp
1030348083:NoOp@NoOp|NoOp@NoOp|NoOp@NoOp|NoOp@NoOp|NoOp@NoOp|NoOp@NoOp|NoOp@NoOp|NoOp@NoOp|Move(S)@Move(S)|NoOp@NoOp
1030357667:NoOp@NoOp|NoOp@NoOp|NoOp@NoOp|NoOp@NoOp|NoOp@NoOp|NoOp@NoOp|NoOp@NoOp|NoOp@NoOp|Move(S)@Move(S)|NoOp@NoOp
1030367708:NoOp@NoOp|NoOp@NoOp|NoOp@NoOp|NoOp@NoOp|NoOp@NoOp|NoOp@NoOp|NoOp@NoOp|NoOp@NoOp|Move(S)@Move(S)|NoOp@NoOp
1030377542:NoOp@NoOp|NoOp@NoOp|NoOp@NoOp|NoOp@NoOp|NoOp@NoOp|NoOp@NoOp|NoOp@NoOp|NoOp@NoOp|Move(S)@Move(S)|NoOp@NoOp
1030386458:NoOp@NoOp|NoOp@NoOp|NoOp@NoOp|NoOp@NoOp|NoOp@NoOp|NoOp@NoOp|NoOp@NoOp|NoOp@NoOp|Move(S)@Move(S)|NoOp@NoOp
1030400417:NoOp@NoOp|NoOp@NoOp|NoOp@NoOp|NoOp@NoOp|NoOp@NoOp|NoOp@NoOp|NoOp@NoOp|NoOp@NoOp|Move(S)@Move(S)|NoOp@NoOp
1030411750:NoOp@NoOp|NoOp@NoOp|NoOp@NoOp|NoOp@NoOp|NoOp@NoOp|NoOp@NoOp|NoOp@NoOp|NoOp@NoOp|Move(S)@Move(S)|NoOp@NoOp
1030420917:NoOp@NoOp|NoOp@NoOp|NoOp@NoOp|NoOp@NoOp|NoOp@NoOp|NoOp@NoOp|NoOp@NoOp|NoOp@NoOp|Move(E)@Move(E)|NoOp@NoOp
1030432250:NoOp@NoOp|NoOp@NoOp|NoOp@NoOp|NoOp@NoOp|NoOp@NoOp|NoOp@NoOp|NoOp@NoOp|NoOp@NoOp|Move(S)@Move(S)|NoOp@NoOp
1030441833:NoOp@NoOp|NoOp@NoOp|NoOp@NoOp|NoOp@NoOp|NoOp@NoOp|NoOp@NoOp|NoOp@NoOp|NoOp@NoOp|Move(S)@Move(S)|NoOp@NoOp
1030451417:NoOp@NoOp|NoOp@NoOp|NoOp@NoOp|NoOp@NoOp|NoOp@NoOp|NoOp@NoOp|NoOp@NoOp|NoOp@NoOp|Move(S)@Move(S)|NoOp@NoOp
1030465083:NoOp@NoOp|NoOp@NoOp|NoOp@NoOp|NoOp@NoOp|NoOp@NoOp|NoOp@NoOp|NoOp@NoOp|NoOp@NoOp|Move(S)@Move(S)|NoOp@NoOp
1030475125:NoOp@NoOp|NoOp@NoOp|NoOp@NoOp|NoOp@NoOp|NoOp@NoOp|NoOp@NoOp|NoOp@NoOp|NoOp@NoOp|Move(S)@Move(S)|NoOp@NoOp
1030486250:NoOp@NoOp|NoOp@NoOp|NoOp@NoOp|NoOp@NoOp|NoOp@NoOp|NoOp@NoOp|NoOp@NoOp|NoOp@NoOp|Move(S)@Move(S)|NoOp@NoOp
1030496917:NoOp@NoOp|NoOp@NoOp|NoOp@NoOp|NoOp@NoOp|NoOp@NoOp|NoOp@NoOp|NoOp@NoOp|NoOp@NoOp|Move(E)@Move(E)|NoOp@NoOp
1030507750:NoOp@NoOp|NoOp@NoOp|NoOp@NoOp|NoOp@NoOp|NoOp@NoOp|NoOp@NoOp|NoOp@NoOp|NoOp@NoOp|Move(E)@Move(E)|NoOp@NoOp
1030518708:NoOp@NoOp|NoOp@NoOp|NoOp@NoOp|NoOp@NoOp|NoOp@NoOp|NoOp@NoOp|NoOp@NoOp|NoOp@NoOp|Move(S)@Move(S)|NoOp@NoOp
1030528667:NoOp@NoOp|NoOp@NoOp|NoOp@NoOp|NoOp@NoOp|NoOp@NoOp|NoOp@NoOp|NoOp@NoOp|NoOp@NoOp|Move(S)@Move(S)|NoOp@NoOp
1030540167:NoOp@NoOp|NoOp@NoOp|NoOp@NoOp|NoOp@NoOp|NoOp@NoOp|NoOp@NoOp|NoOp@NoOp|NoOp@NoOp|Move(S)@Move(S)|NoOp@NoOp
1030551667:NoOp@NoOp|NoOp@NoOp|NoOp@NoOp|NoOp@NoOp|NoOp@NoOp|NoOp@NoOp|NoOp@NoOp|NoOp@NoOp|Move(S)@Move(S)|NoOp@NoOp
1030562875:NoOp@NoOp|NoOp@NoOp|NoOp@NoOp|NoOp@NoOp|NoOp@NoOp|NoOp@NoOp|NoOp@NoOp|NoOp@NoOp|Move(S)@Move(S)|NoOp@NoOp
1030572125:NoOp@NoOp|NoOp@NoOp|NoOp@NoOp|NoOp@NoOp|NoOp@NoOp|NoOp@NoOp|NoOp@NoOp|NoOp@NoOp|Move(S)@Move(S)|NoOp@NoOp
1030585958:NoOp@NoOp|NoOp@NoOp|NoOp@NoOp|NoOp@NoOp|NoOp@NoOp|NoOp@NoOp|NoOp@NoOp|NoOp@NoOp|Move(S)@Move(S)|NoOp@NoOp
1030595917:NoOp@NoOp|NoOp@NoOp|NoOp@NoOp|NoOp@NoOp|NoOp@NoOp|NoOp@NoOp|NoOp@NoOp|NoOp@NoOp|Move(S)@Move(S)|NoOp@NoOp
1030610583:NoOp@NoOp|NoOp@NoOp|NoOp@NoOp|NoOp@NoOp|NoOp@NoOp|NoOp@NoOp|NoOp@NoOp|NoOp@NoOp|Move(S)@Move(S)|NoOp@NoOp
1030621000:NoOp@NoOp|NoOp@NoOp|NoOp@NoOp|NoOp@NoOp|NoOp@NoOp|NoOp@NoOp|NoOp@NoOp|NoOp@NoOp|Move(S)@Move(S)|NoOp@NoOp
1030631417:NoOp@NoOp|NoOp@NoOp|NoOp@NoOp|NoOp@NoOp|NoOp@NoOp|NoOp@NoOp|NoOp@NoOp|NoOp@NoOp|Move(W)@Move(W)|NoOp@NoOp
1030640792:NoOp@NoOp|Move(S)@Move(S)|NoOp@NoOp|NoOp@NoOp|NoOp@NoOp|NoOp@NoOp|NoOp@NoOp|NoOp@NoOp|NoOp@NoOp|NoOp@NoOp
1030651000:NoOp@NoOp|Move(S)@Move(S)|NoOp@NoOp|NoOp@NoOp|NoOp@NoOp|NoOp@NoOp|NoOp@NoOp|NoOp@NoOp|NoOp@NoOp|NoOp@NoOp
1030660583:NoOp@NoOp|Move(W)@Move(W)|NoOp@NoOp|NoOp@NoOp|NoOp@NoOp|NoOp@NoOp|NoOp@NoOp|NoOp@NoOp|NoOp@NoOp|NoOp@NoOp
1030673833:NoOp@NoOp|Move(S)@Move(S)|NoOp@NoOp|NoOp@NoOp|NoOp@NoOp|NoOp@NoOp|NoOp@NoOp|NoOp@NoOp|NoOp@NoOp|NoOp@NoOp
1030688375:NoOp@NoOp|Move(S)@Move(S)|NoOp@NoOp|NoOp@NoOp|NoOp@NoOp|NoOp@NoOp|NoOp@NoOp|NoOp@NoOp|NoOp@NoOp|NoOp@NoOp
1030699333:NoOp@NoOp|Move(S)@Move(S)|NoOp@NoOp|NoOp@NoOp|NoOp@NoOp|NoOp@NoOp|NoOp@NoOp|NoOp@NoOp|NoOp@NoOp|NoOp@NoOp
1030709375:NoOp@NoOp|Move(S)@Move(S)|NoOp@NoOp|NoOp@NoOp|NoOp@NoOp|NoOp@NoOp|NoOp@NoOp|NoOp@NoOp|NoOp@NoOp|NoOp@NoOp
1030719000:NoOp@NoOp|Move(S)@Move(S)|NoOp@NoOp|NoOp@NoOp|NoOp@NoOp|NoOp@NoOp|NoOp@NoOp|NoOp@NoOp|NoOp@NoOp|NoOp@NoOp
1030730583:NoOp@NoOp|Move(S)@Move(S)|NoOp@NoOp|NoOp@NoOp|NoOp@NoOp|NoOp@NoOp|NoOp@NoOp|NoOp@NoOp|NoOp@NoOp|NoOp@NoOp
1030745667:NoOp@NoOp|Move(S)@Move(S)|NoOp@NoOp|NoOp@NoOp|NoOp@NoOp|NoOp@NoOp|NoOp@NoOp|NoOp@NoOp|NoOp@NoOp|NoOp@NoOp
1030755292:NoOp@NoOp|Move(S)@Move(S)|NoOp@NoOp|NoOp@NoOp|NoOp@NoOp|NoOp@NoOp|NoOp@NoOp|NoOp@NoOp|NoOp@NoOp|NoOp@NoOp
1030766833:NoOp@NoOp|Move(S)@Move(S)|NoOp@NoOp|NoOp@NoOp|NoOp@NoOp|NoOp@NoOp|NoOp@NoOp|NoOp@NoOp|NoOp@NoOp|NoOp@NoOp
1030777583:NoOp@NoOp|Move(S)@Move(S)|NoOp@NoOp|NoOp@NoOp|NoOp@NoOp|NoOp@NoOp|NoOp@NoOp|NoOp@NoOp|NoOp@NoOp|NoOp@NoOp
1030787083:NoOp@NoOp|Move(S)@Move(S)|NoOp@NoOp|NoOp@NoOp|NoOp@NoOp|NoOp@NoOp|NoOp@NoOp|NoOp@NoOp|NoOp@NoOp|NoOp@NoOp
1030798042:NoOp@NoOp|Move(S)@Move(S)|NoOp@NoOp|NoOp@NoOp|NoOp@NoOp|NoOp@NoOp|NoOp@NoOp|NoOp@NoOp|NoOp@NoOp|NoOp@NoOp
1030826667:NoOp@NoOp|Move(S)@Move(S)|NoOp@NoOp|NoOp@NoOp|NoOp@NoOp|NoOp@NoOp|NoOp@NoOp|NoOp@NoOp|NoOp@NoOp|NoOp@NoOp
1030837583:NoOp@NoOp|Move(S)@Move(S)|NoOp@NoOp|NoOp@NoOp|NoOp@NoOp|NoOp@NoOp|NoOp@NoOp|NoOp@NoOp|NoOp@NoOp|NoOp@NoOp
1030847083:NoOp@NoOp|Move(S)@Move(S)|NoOp@NoOp|NoOp@NoOp|NoOp@NoOp|NoOp@NoOp|NoOp@NoOp|NoOp@NoOp|NoOp@NoOp|NoOp@NoOp
1030859833:NoOp@NoOp|Move(S)@Move(S)|NoOp@NoOp|NoOp@NoOp|NoOp@NoOp|NoOp@NoOp|NoOp@NoOp|NoOp@NoOp|NoOp@NoOp|NoOp@NoOp
1030871208:NoOp@NoOp|Move(S)@Move(S)|NoOp@NoOp|NoOp@NoOp|NoOp@NoOp|NoOp@NoOp|NoOp@NoOp|NoOp@NoOp|NoOp@NoOp|NoOp@NoOp
1030881333:NoOp@NoOp|Move(S)@Move(S)|NoOp@NoOp|NoOp@NoOp|NoOp@NoOp|NoOp@NoOp|NoOp@NoOp|NoOp@NoOp|NoOp@NoOp|NoOp@NoOp
1030896500:NoOp@NoOp|Move(E)@Move(E)|NoOp@NoOp|NoOp@NoOp|NoOp@NoOp|NoOp@NoOp|NoOp@NoOp|NoOp@NoOp|NoOp@NoOp|NoOp@NoOp
1030908917:NoOp@NoOp|NoOp@NoOp|NoOp@NoOp|NoOp@NoOp|NoOp@NoOp|NoOp@NoOp|NoOp@NoOp|Move(S)@Move(S)|NoOp@NoOp|NoOp@NoOp
1030925042:NoOp@NoOp|NoOp@NoOp|NoOp@NoOp|NoOp@NoOp|NoOp@NoOp|NoOp@NoOp|NoOp@NoOp|Move(E)@Move(E)|NoOp@NoOp|NoOp@NoOp
1030936917:NoOp@NoOp|NoOp@NoOp|NoOp@NoOp|NoOp@NoOp|NoOp@NoOp|NoOp@NoOp|NoOp@NoOp|Move(E)@Move(E)|NoOp@NoOp|NoOp@NoOp
1030948792:NoOp@NoOp|NoOp@NoOp|NoOp@NoOp|NoOp@NoOp|NoOp@NoOp|NoOp@NoOp|NoOp@NoOp|Move(N)@Move(N)|NoOp@NoOp|NoOp@NoOp
1030964958:NoOp@NoOp|NoOp@NoOp|NoOp@NoOp|NoOp@NoOp|NoOp@NoOp|NoOp@NoOp|NoOp@NoOp|Move(E)@Move(E)|NoOp@NoOp|NoOp@NoOp
1030983917:NoOp@NoOp|NoOp@NoOp|NoOp@NoOp|NoOp@NoOp|NoOp@NoOp|NoOp@NoOp|NoOp@NoOp|Move(E)@Move(E)|NoOp@NoOp|NoOp@NoOp
1030995667:NoOp@NoOp|NoOp@NoOp|NoOp@NoOp|NoOp@NoOp|NoOp@NoOp|NoOp@NoOp|NoOp@NoOp|Move(E)@Move(E)|NoOp@NoOp|NoOp@NoOp
1031006625:NoOp@NoOp|NoOp@NoOp|NoOp@NoOp|NoOp@NoOp|NoOp@NoOp|NoOp@NoOp|NoOp@NoOp|Move(E)@Move(E)|NoOp@NoOp|NoOp@NoOp
1031016208:NoOp@NoOp|NoOp@NoOp|NoOp@NoOp|NoOp@NoOp|NoOp@NoOp|NoOp@NoOp|NoOp@NoOp|Move(E)@Move(E)|NoOp@NoOp|NoOp@NoOp
1031030208:NoOp@NoOp|NoOp@NoOp|NoOp@NoOp|NoOp@NoOp|NoOp@NoOp|NoOp@NoOp|NoOp@NoOp|Move(E)@Move(E)|NoOp@NoOp|NoOp@NoOp
1031046958:NoOp@NoOp|NoOp@NoOp|NoOp@NoOp|NoOp@NoOp|NoOp@NoOp|NoOp@NoOp|NoOp@NoOp|Move(E)@Move(E)|NoOp@NoOp|NoOp@NoOp
1031142083:NoOp@NoOp|NoOp@NoOp|NoOp@NoOp|NoOp@NoOp|NoOp@NoOp|NoOp@NoOp|NoOp@NoOp|Move(E)@Move(E)|NoOp@NoOp|NoOp@NoOp
1031162333:NoOp@NoOp|NoOp@NoOp|NoOp@NoOp|NoOp@NoOp|NoOp@NoOp|NoOp@NoOp|NoOp@NoOp|Move(E)@Move(E)|NoOp@NoOp|NoOp@NoOp
1031172875:NoOp@NoOp|NoOp@NoOp|NoOp@NoOp|NoOp@NoOp|NoOp@NoOp|NoOp@NoOp|NoOp@NoOp|Move(E)@Move(E)|NoOp@NoOp|NoOp@NoOp
1031184292:NoOp@NoOp|NoOp@NoOp|NoOp@NoOp|NoOp@NoOp|NoOp@NoOp|NoOp@NoOp|NoOp@NoOp|Move(E)@Move(E)|NoOp@NoOp|NoOp@NoOp
1031199375:NoOp@NoOp|NoOp@NoOp|NoOp@NoOp|NoOp@NoOp|NoOp@NoOp|NoOp@NoOp|NoOp@NoOp|Move(E)@Move(E)|NoOp@NoOp|NoOp@NoOp
1031211917:NoOp@NoOp|NoOp@NoOp|NoOp@NoOp|NoOp@NoOp|NoOp@NoOp|NoOp@NoOp|NoOp@NoOp|Move(E)@Move(E)|NoOp@NoOp|NoOp@NoOp
1031229375:NoOp@NoOp|NoOp@NoOp|NoOp@NoOp|NoOp@NoOp|NoOp@NoOp|NoOp@NoOp|NoOp@NoOp|Move(N)@Move(N)|NoOp@NoOp|NoOp@NoOp
1031240958:NoOp@NoOp|NoOp@NoOp|NoOp@NoOp|NoOp@NoOp|NoOp@NoOp|NoOp@NoOp|NoOp@NoOp|Move(E)@Move(E)|NoOp@NoOp|NoOp@NoOp
1031250667:NoOp@NoOp|NoOp@NoOp|NoOp@NoOp|NoOp@NoOp|NoOp@NoOp|NoOp@NoOp|NoOp@NoOp|Move(N)@Move(N)|NoOp@NoOp|NoOp@NoOp
1031260208:NoOp@NoOp|NoOp@NoOp|NoOp@NoOp|NoOp@NoOp|NoOp@NoOp|NoOp@NoOp|NoOp@NoOp|Move(N)@Move(N)|NoOp@NoOp|NoOp@NoOp
1031271708:NoOp@NoOp|NoOp@NoOp|NoOp@NoOp|NoOp@NoOp|NoOp@NoOp|NoOp@NoOp|NoOp@NoOp|Move(N)@Move(N)|NoOp@NoOp|NoOp@NoOp
1031281542:NoOp@NoOp|NoOp@NoOp|NoOp@NoOp|NoOp@NoOp|NoOp@NoOp|NoOp@NoOp|NoOp@NoOp|Move(W)@Move(W)|NoOp@NoOp|NoOp@NoOp
1031293583:NoOp@NoOp|NoOp@NoOp|NoOp@NoOp|NoOp@NoOp|NoOp@NoOp|NoOp@NoOp|NoOp@NoOp|Move(W)@Move(W)|NoOp@NoOp|NoOp@NoOp
1031304125:NoOp@NoOp|NoOp@NoOp|NoOp@NoOp|NoOp@NoOp|NoOp@NoOp|NoOp@NoOp|NoOp@NoOp|Move(W)@Move(W)|NoOp@NoOp|NoOp@NoOp
1031313792:NoOp@NoOp|NoOp@NoOp|NoOp@NoOp|NoOp@NoOp|NoOp@NoOp|NoOp@NoOp|NoOp@NoOp|Move(W)@Move(W)|NoOp@NoOp|NoOp@NoOp
1031324750:NoOp@NoOp|NoOp@NoOp|NoOp@NoOp|NoOp@NoOp|NoOp@NoOp|NoOp@NoOp|NoOp@NoOp|Move(W)@Move(W)|NoOp@NoOp|NoOp@NoOp
1031334792:NoOp@NoOp|NoOp@NoOp|NoOp@NoOp|NoOp@NoOp|NoOp@NoOp|NoOp@NoOp|NoOp@NoOp|Move(W)@Move(W)|NoOp@NoOp|NoOp@NoOp
1031344083:NoOp@NoOp|NoOp@NoOp|NoOp@NoOp|NoOp@NoOp|NoOp@NoOp|NoOp@NoOp|NoOp@NoOp|Move(W)@Move(W)|NoOp@NoOp|NoOp@NoOp
1031356458:NoOp@NoOp|NoOp@NoOp|NoOp@NoOp|NoOp@NoOp|NoOp@NoOp|NoOp@NoOp|NoOp@NoOp|Move(W)@Move(W)|NoOp@NoOp|NoOp@NoOp
1031370000:NoOp@NoOp|NoOp@NoOp|NoOp@NoOp|NoOp@NoOp|NoOp@NoOp|NoOp@NoOp|NoOp@NoOp|Move(W)@Move(W)|NoOp@NoOp|NoOp@NoOp
1031379917:NoOp@NoOp|NoOp@NoOp|NoOp@NoOp|NoOp@NoOp|NoOp@NoOp|NoOp@NoOp|NoOp@NoOp|Move(W)@Move(W)|NoOp@NoOp|NoOp@NoOp
1031389792:NoOp@NoOp|NoOp@NoOp|NoOp@NoOp|NoOp@NoOp|NoOp@NoOp|NoOp@NoOp|NoOp@NoOp|Move(W)@Move(W)|NoOp@NoOp|NoOp@NoOp
1031399458:NoOp@NoOp|NoOp@NoOp|NoOp@NoOp|NoOp@NoOp|NoOp@NoOp|NoOp@NoOp|NoOp@NoOp|Move(W)@Move(W)|NoOp@NoOp|NoOp@NoOp
1031415042:NoOp@NoOp|NoOp@NoOp|NoOp@NoOp|NoOp@NoOp|NoOp@NoOp|NoOp@NoOp|NoOp@NoOp|Move(W)@Move(W)|NoOp@NoOp|NoOp@NoOp
1031425042:NoOp@NoOp|NoOp@NoOp|NoOp@NoOp|NoOp@NoOp|NoOp@NoOp|NoOp@NoOp|NoOp@NoOp|Move(W)@Move(W)|NoOp@NoOp|NoOp@NoOp
1031443250:NoOp@NoOp|NoOp@NoOp|NoOp@NoOp|NoOp@NoOp|NoOp@NoOp|NoOp@NoOp|NoOp@NoOp|Move(W)@Move(W)|NoOp@NoOp|NoOp@NoOp
1031458833:NoOp@NoOp|NoOp@NoOp|NoOp@NoOp|NoOp@NoOp|NoOp@NoOp|NoOp@NoOp|NoOp@NoOp|Move(W)@Move(W)|NoOp@NoOp|NoOp@NoOp
1031470542:NoOp@NoOp|NoOp@NoOp|NoOp@NoOp|NoOp@NoOp|NoOp@NoOp|NoOp@NoOp|NoOp@NoOp|Move(W)@Move(W)|NoOp@NoOp|NoOp@NoOp
1031481667:NoOp@NoOp|NoOp@NoOp|NoOp@NoOp|NoOp@NoOp|NoOp@NoOp|NoOp@NoOp|NoOp@NoOp|Move(W)@Move(W)|NoOp@NoOp|NoOp@NoOp
1031491750:NoOp@NoOp|NoOp@NoOp|NoOp@NoOp|NoOp@NoOp|NoOp@NoOp|NoOp@NoOp|NoOp@NoOp|Move(W)@Move(W)|NoOp@NoOp|NoOp@NoOp
1031504417:NoOp@NoOp|NoOp@NoOp|NoOp@NoOp|NoOp@NoOp|NoOp@NoOp|NoOp@NoOp|NoOp@NoOp|Move(W)@Move(W)|NoOp@NoOp|NoOp@NoOp
1031519708:NoOp@NoOp|NoOp@NoOp|NoOp@NoOp|NoOp@NoOp|NoOp@NoOp|NoOp@NoOp|NoOp@NoOp|Move(W)@Move(W)|NoOp@NoOp|NoOp@NoOp
#end
#solved
true
#numactions
2370
#time
1031519708
#end
